{"input": {"molecule": {"charge": 1, "spin_multiplicity": 1, "sites": [{"name": "Mg", "species": [{"element": "Mg", "occu": 1}], "xyz": [14.455235, 5.948557, 17.478156], "properties": {}}, {"name": "O", "species": [{"element": "O", "occu": 1}], "xyz": [13.905808, 7.958234, 17.46778], "properties": {}}, {"name": "C", "species": [{"element": "C", "occu": 1}], "xyz": [12.67581, 8.554695, 17.904798], "properties": {}}, {"name": "C", "species": [{"element": "C", "occu": 1}], "xyz": [14.695584, 8.812373, 16.628658], "properties": {}}, {"name": "C", "species": [{"element": "C", "occu": 1}], "xyz": [16.101779, 8.25685, 16.599651], "properties": {}}, {"name": "O", "species": [{"element": "O", "occu": 1}], "xyz": [16.001368, 6.842453, 16.382752], "properties": {}}, {"name": "C", "species": [{"element": "C", "occu": 1}], "xyz": [17.268727, 6.235167, 16.080804], "properties": {}}, {"name": "H", "species": [{"element": "H", "occu": 1}], "xyz": [12.893927, 9.355378, 18.61736], "properties": {}}, {"name": "H", "species": [{"element": "H", "occu": 1}], "xyz": [12.090673, 7.770276, 18.38633], "properties": {}}, {"name": "H", "species": [{"element": "H", "occu": 1}], "xyz": [14.703359, 9.827329, 17.039746], "properties": {}}, {"name": "H", "species": [{"element": "H", "occu": 1}], "xyz": [14.249182, 8.830667, 15.626628], "properties": {}}, {"name": "H", "species": [{"element": "H", "occu": 1}], "xyz": [16.628976, 8.433946, 17.544356], "properties": {}}, {"name": "H", "species": [{"element": "H", "occu": 1}], "xyz": [16.66526, 8.715379, 15.780091], "properties": {}}, {"name": "H", "species": [{"element": "H", "occu": 1}], "xyz": [17.686023, 6.705346, 15.185631], "properties": {}}, {"name": "H", "species": [{"element": "H", "occu": 1}], "xyz": [17.076263, 5.179497, 15.890217], "properties": {}}, {"name": "H", "species": [{"element": "H", "occu": 1}], "xyz": [17.948089, 6.352604, 16.930941], "properties": {}}, {"name": "H", "species": [{"element": "H", "occu": 1}], "xyz": [12.127168, 8.955271, 17.045788], "properties": {}}, {"name": "O", "species": [{"element": "O", "occu": 1}], "xyz": [13.235817, 5.342917, 15.875095], "properties": {}}, {"name": "C", "species": [{"element": "C", "occu": 1}], "xyz": [12.608988, 6.222648, 14.93534], "properties": {}}, {"name": "C", "species": [{"element": "C", "occu": 1}], "xyz": [13.629629, 4.096964, 15.286252], "properties": {}}, {"name": "C", "species": [{"element": "C", "occu": 1}], "xyz": [14.189621, 3.231117, 16.388281], "properties": {}}, {"name": "O", "species": [{"element": "O", "occu": 1}], "xyz": [15.181505, 4.01335, 17.068537], "properties": {}}, {"name": "C", "species": [{"element": "C", "occu": 1}], "xyz": [16.098141, 3.229099, 17.848897], "properties": {}}, {"name": "H", "species": [{"element": "H", "occu": 1}], "xyz": [11.736284, 5.727602, 14.499276], "properties": {}}, {"name": "H", "species": [{"element": "H", "occu": 1}], "xyz": [13.319092, 6.500389, 14.148259], "properties": {}}, {"name": "H", "species": [{"element": "H", "occu": 1}], "xyz": [14.386326, 4.293263, 14.516099], "properties": {}}, {"name": "H", "species": [{"element": "H", "occu": 1}], "xyz": [12.757901, 3.614919, 14.830284], "properties": {}}, {"name": "H", "species": [{"element": "H", "occu": 1}], "xyz": [14.655903, 2.338281, 15.958783], "properties": {}}, {"name": "H", "species": [{"element": "H", "occu": 1}], "xyz": [13.415987, 2.931369, 17.105364], "properties": {}}, {"name": "H", "species": [{"element": "H", "occu": 1}], "xyz": [16.601929, 2.511376, 17.194801], "properties": {}}, {"name": "H", "species": [{"element": "H", "occu": 1}], "xyz": [15.563179, 2.704484, 18.647626], "properties": {}}, {"name": "H", "species": [{"element": "H", "occu": 1}], "xyz": [16.829715, 3.919366, 18.271878], "properties": {}}, {"name": "H", "species": [{"element": "H", "occu": 1}], "xyz": [12.286461, 7.107784, 15.483736], "properties": {}}, {"name": "N", "species": [{"element": "N", "occu": 1}], "xyz": [15.072653, 5.947975, 19.657632], "properties": {}}, {"name": "S", "species": [{"element": "S", "occu": 1}], "xyz": [13.80907, 5.068879, 20.126793], "properties": {}}, {"name": "O", "species": [{"element": "O", "occu": 1}], "xyz": [12.981619, 5.13436, 18.897499], "properties": {}}, {"name": "O", "species": [{"element": "O", "occu": 1}], "xyz": [14.074241, 3.788221, 20.741], "properties": {}}, {"name": "C", "species": [{"element": "C", "occu": 1}], "xyz": [12.844726, 6.039232, 21.384571], "properties": {}}, {"name": "F", "species": [{"element": "F", "occu": 1}], "xyz": [13.508111, 6.05528, 22.533505], "properties": {}}, {"name": "F", "species": [{"element": "F", "occu": 1}], "xyz": [11.668345, 5.44582, 21.550647], "properties": {}}, {"name": "F", "species": [{"element": "F", "occu": 1}], "xyz": [12.658417, 7.285271, 20.956205], "properties": {}}, {"name": "S", "species": [{"element": "S", "occu": 1}], "xyz": [16.498584, 6.082052, 20.440193], "properties": {}}, {"name": "O", "species": [{"element": "O", "occu": 1}], "xyz": [17.542776, 6.088904, 19.430444], "properties": {}}, {"name": "O", "species": [{"element": "O", "occu": 1}], "xyz": [16.591896, 5.250151, 21.622645], "properties": {}}, {"name": "C", "species": [{"element": "C", "occu": 1}], "xyz": [16.417705, 7.833497, 21.050532], "properties": {}}, {"name": "F", "species": [{"element": "F", "occu": 1}], "xyz": [17.564335, 8.125919, 21.655989], "properties": {}}, {"name": "F", "species": [{"element": "F", "occu": 1}], "xyz": [16.232242, 8.672099, 20.029452], "properties": {}}, {"name": "F", "species": [{"element": "F", "occu": 1}], "xyz": [15.412076, 7.971058, 21.912497], "properties": {}}]}, "functional": "wB97X", "basis_set": "6-31+G*", "route_parameters": {"NMR": "GIAO", "iop(7/33=1)": null, "int": "ultrafine", "NoSymmetry": null, "test": null, "SCRF": "(Solvent=TetraHydroFuran)"}, "title": "Mg1 H20 C10 S2 N1 O8 F6", "charge": 1, "spin_multiplicity": 1, "input_parameters": {}, "link0_parameters": {"%chk": "checkpoint.chk", "%mem": "100GB", "%NProcShared": "28"}, "dieze_tag": "#P", "nbasisfunctions": 584, "pcm_parameters": {}}, "output": {"has_gaussian_completed": true, "is_pcm": true, "errors": [], "Mulliken_charges": {"1": ["Mg", -0.876045], "2": ["O", -0.274767], "3": ["C", -0.296774], "4": ["C", -0.256885], "5": ["C", -0.028137], "6": ["O", -0.245665], "7": ["C", -0.291347], "8": ["H", 0.25489], "9": ["H", 0.260608], "10": ["H", 0.257531], "11": ["H", 0.263714], "12": ["H", 0.257882], "13": ["H", 0.250724], "14": ["H", 0.237467], "15": ["H", 0.257461], "16": ["H", 0.255764], "17": ["H", 0.24419], "18": ["O", -0.280834], "19": ["C", -0.328605], "20": ["C", -0.151805], "21": ["C", -0.14304], "22": ["O", -0.332135], "23": ["C", -0.310045], "24": ["H", 0.243897], "25": ["H", 0.24467], "26": ["H", 0.251031], "27": ["H", 0.252143], "28": ["H", 0.250173], "29": ["H", 0.265595], "30": ["H", 0.246094], "31": ["H", 0.258404], "32": ["H", 0.258275], "33": ["H", 0.243257], "34": ["N", -0.922164], "35": ["S", 0.887218], "36": ["O", -0.458348], "37": ["O", -0.39361], "38": ["C", 0.976667], "39": ["F", -0.226256], "40": ["F", -0.248223], "41": ["F", -0.237763], "42": ["S", 1.209667], "43": ["O", -0.524356], "44": ["O", -0.474232], "45": ["C", 0.961489], "46": ["F", -0.270826], "47": ["F", -0.26709], "48": ["F", -0.249859]}, "tensor": {"1": {"type": "Mg", "Isotropic": 613.9229, "Anisotropy": 26.8357, "tensor": [[622.9072, 7.3303, 6.5087]], "eigenvalues": [592.673, 617.2822, 631.8133]}, "2": {"type": "O", "Isotropic": 334.4665, "Anisotropy": 28.7701, "tensor": [], "eigenvalues": [303.7417, 346.0113, 353.6466]}, "3": {"type": "C", "Isotropic": 136.6368, "Anisotropy": 84.7796, "tensor": [], "eigenvalues": [107.5145, 109.2394, 193.1565]}, "4": {"type": "C", "Isotropic": 129.0821, "Anisotropy": 66.3479, "tensor": [], "eigenvalues": [99.268, 114.6642, 173.314]}, "5": {"type": "C", "Isotropic": 128.0636, "Anisotropy": 66.678, "tensor": [], "eigenvalues": [99.5415, 112.1339, 172.5156]}, "6": {"type": "O", "Isotropic": 329.2876, "Anisotropy": 28.5398, "tensor": [[0.5554, 345.1961, 6.2559]], "eigenvalues": [303.5778, 335.9709, 348.3142]}, "7": {"type": "C", "Isotropic": 137.3222, "Anisotropy": 88.1279, "tensor": [], "eigenvalues": [104.448, 111.4446, 196.0742]}, "8": {"type": "H", "Isotropic": 28.273, "Anisotropy": 8.8262, "tensor": [], "eigenvalues": [24.1133, 26.5486, 34.1571]}, "9": {"type": "H", "Isotropic": 28.0838, "Anisotropy": 7.5056, "tensor": [], "eigenvalues": [23.4828, 27.681, 33.0875]}, "10": {"type": "H", "Isotropic": 28.4428, "Anisotropy": 7.4397, "tensor": [], "eigenvalues": [25.0977, 26.8282, 33.4027]}, "11": {"type": "H", "Isotropic": 27.9107, "Anisotropy": 8.4062, "tensor": [], "eigenvalues": [24.4927, 25.7246, 33.5149]}, "12": {"type": "H", "Isotropic": 28.358, "Anisotropy": 6.0109, "tensor": [[26.0222, 0.5522, 1.3512], [2.7564, 29.6171, 2.8267], [1.0487, 1.5527, 29.4346]], "eigenvalues": [25.3404, 27.3683, 32.3652]}, "13": {"type": "H", "Isotropic": 28.6089, "Anisotropy": 8.6076, "tensor": [], "eigenvalues": [24.618, 26.8614, 34.3473]}, "14": {"type": "H", "Isotropic": 28.6113, "Anisotropy": 10.3732, "tensor": [], "eigenvalues": [24.573, 25.7341, 35.5267]}, "15": {"type": "H", "Isotropic": 28.1195, "Anisotropy": 6.0666, "tensor": [[0.0633, 30.4572, 0.3048]], "eigenvalues": [23.2464, 28.9483, 32.1639]}, "16": {"type": "H", "Isotropic": 28.1216, "Anisotropy": 6.5028, "tensor": [], "eigenvalues": [23.6001, 28.308, 32.4568]}, "17": {"type": "H", "Isotropic": 28.2698, "Anisotropy": 10.1972, "tensor": [[0.442, 0.1681, 25.8502]], "eigenvalues": [24.0565, 25.685, 35.0679]}, "18": {"type": "O", "Isotropic": 324.1653, "Anisotropy": 33.2384, "tensor": [[5.1068, 9.4946, 343.5249]], "eigenvalues": [298.8899, 327.2817, 346.3242]}, "19": {"type": "C", "Isotropic": 137.3013, "Anisotropy": 86.7634, "tensor": [], "eigenvalues": [105.1344, 111.6259, 195.1436]}, "20": {"type": "C", "Isotropic": 127.045, "Anisotropy": 64.8085, "tensor": [], "eigenvalues": [97.6298, 113.2546, 170.2507]}, "21": {"type": "C", "Isotropic": 128.4603, "Anisotropy": 69.0636, "tensor": [[136.9821, 13.4526, 30.2063], [23.0975, 125.9255, 16.8955], [33.1284, 15.6247, 122.4734]], "eigenvalues": [97.1501, 113.7281, 174.5028]}, "22": {"type": "O", "Isotropic": 327.4897, "Anisotropy": 32.064, "tensor": [[323.0909, 9.3645, 21.6457], [13.1339, 339.3703, 1.0802], [13.9913, 0.7844, 320.008]], "eigenvalues": [302.2949, 331.3086, 348.8657]}, "23": {"type": "C", "Isotropic": 135.9245, "Anisotropy": 81.2592, "tensor": [], "eigenvalues": [103.1797, 114.4964, 190.0972]}, "24": {"type": "H", "Isotropic": 28.3191, "Anisotropy": 10.4908, "tensor": [[30.9288, 0.411, 4.9205]], "eigenvalues": [24.2896, 25.3548, 35.313]}, "25": {"type": "H", "Isotropic": 28.3985, "Anisotropy": 8.8391, "tensor": [], "eigenvalues": [24.5533, 26.351, 34.2913]}, "26": {"type": "H", "Isotropic": 27.9549, "Anisotropy": 7.5822, "tensor": [], "eigenvalues": [24.437, 26.418, 33.0097]}, "27": {"type": "H", "Isotropic": 28.2512, "Anisotropy": 8.9557, "tensor": [[27.0831, 0.8983, 3.3086], [3.1381, 29.7219, 4.1171], [3.6296, 2.4123, 27.9486]], "eigenvalues": [23.9093, 26.6226, 34.2217]}, "28": {"type": "H", "Isotropic": 28.3737, "Anisotropy": 8.7399, "tensor": [[25.4576, 0.6823, 2.3025], [0.9496, 4.5144, 27.3841]], "eigenvalues": [23.8698, 27.051, 34.2003]}, "29": {"type": "H", "Isotropic": 27.5941, "Anisotropy": 7.6613, "tensor": [[1.1674, 1.1139, 26.4584]], "eigenvalues": [23.6734, 26.4072, 32.7016]}, "30": {"type": "H", "Isotropic": 28.4392, "Anisotropy": 9.8514, "tensor": [], "eigenvalues": [24.3529, 25.9579, 35.0068]}, "31": {"type": "H", "Isotropic": 28.0969, "Anisotropy": 7.1281, "tensor": [], "eigenvalues": [23.3798, 28.062, 32.849]}, "32": {"type": "H", "Isotropic": 27.7043, "Anisotropy": 6.1198, "tensor": [[4.1318, 2.8423, 27.034]], "eigenvalues": [23.1197, 28.2091, 31.7842]}, "33": {"type": "H", "Isotropic": 28.1193, "Anisotropy": 6.7897, "tensor": [], "eigenvalues": [22.52, 29.1922, 32.6458]}, "34": {"type": "N", "Isotropic": 116.287, "Anisotropy": 84.9038, "tensor": [[166.8415, 21.7001, 6.7073], [23.388, 81.7728, 0.8386], [3.7997, 3.9186, 100.2468]], "eigenvalues": [76.1222, 99.8493, 172.8896]}, "35": {"type": "S", "Isotropic": 249.1977, "Anisotropy": 207.7145, "tensor": [], "eigenvalues": [121.5906, 238.3285, 387.6741]}, "36": {"type": "O", "Isotropic": 153.5844, "Anisotropy": 90.9309, "tensor": [[164.2126, 14.4354, 47.9368]], "eigenvalues": [93.5213, 153.027, 214.205]}, "37": {"type": "O", "Isotropic": 140.0169, "Anisotropy": 18.5781, "tensor": [[130.7507, 26.7531, 3.6119]], "eigenvalues": [121.7297, 145.9187, 152.4023]}, "38": {"type": "C", "Isotropic": 73.4649, "Anisotropy": 8.621, "tensor": [[74.4059, 4.7801, 4.394]], "eigenvalues": [63.3263, 77.8562, 79.2122]}, "39": {"type": "F", "Isotropic": 269.306, "Anisotropy": 114.6803, "tensor": [[254.3863, 19.3532, 51.795]], "eigenvalues": [210.5193, 251.6392, 345.7596]}, "40": {"type": "F", "Isotropic": 273.3903, "Anisotropy": 124.5907, "tensor": [], "eigenvalues": [209.4764, 254.2436, 356.4508]}, "41": {"type": "F", "Isotropic": 271.5015, "Anisotropy": 111.1759, "tensor": [], "eigenvalues": [213.8301, 255.0556, 345.6187]}, "42": {"type": "S", "Isotropic": 254.9224, "Anisotropy": 250.2771, "tensor": [], "eigenvalues": [102.7453, 240.2482, 421.7739]}, "43": {"type": "O", "Isotropic": 142.1188, "Anisotropy": 45.2406, "tensor": [], "eigenvalues": [109.5815, 144.4958, 172.2792]}, "44": {"type": "O", "Isotropic": 153.6773, "Anisotropy": 69.2532, "tensor": [[0.2653, 118.5405, 20.1637]], "eigenvalues": [118.2688, 142.9171, 199.8461]}, "45": {"type": "C", "Isotropic": 73.6607, "Anisotropy": 9.3944, "tensor": [], "eigenvalues": [63.3095, 77.7489, 79.9236]}, "46": {"type": "F", "Isotropic": 280.4573, "Anisotropy": 118.8341, "tensor": [[329.6066, 36.208, 38.3897], [36.8573, 226.9163, 0.5325], [38.7166, 0.5755, 284.8489]], "eigenvalues": [213.1892, 268.5027, 359.68]}, "47": {"type": "F", "Isotropic": 274.8628, "Anisotropy": 120.1442, "tensor": [], "eigenvalues": [210.7156, 258.9138, 354.9589]}, "48": {"type": "F", "Isotropic": 276.3929, "Anisotropy": 115.6889, "tensor": [], "eigenvalues": [214.5202, 261.1397, 353.5188]}}, "output": {"energies": [-2644.63995584], "final_energy": -2644.63995584, "final_energy_per_atom": -55.096665746666666, "molecule": {"charge": 0.0, "spin_multiplicity": 2, "sites": [{"name": "Mg", "species": [{"element": "Mg", "occu": 1}], "xyz": [14.455235, 5.948557, 17.478156], "properties": {}}, {"name": "O", "species": [{"element": "O", "occu": 1}], "xyz": [13.905808, 7.958234, 17.46778], "properties": {}}, {"name": "C", "species": [{"element": "C", "occu": 1}], "xyz": [12.67581, 8.554695, 17.904798], "properties": {}}, {"name": "C", "species": [{"element": "C", "occu": 1}], "xyz": [14.695584, 8.812373, 16.628658], "properties": {}}, {"name": "C", "species": [{"element": "C", "occu": 1}], "xyz": [16.101779, 8.25685, 16.599651], "properties": {}}, {"name": "O", "species": [{"element": "O", "occu": 1}], "xyz": [16.001368, 6.842453, 16.382752], "properties": {}}, {"name": "C", "species": [{"element": "C", "occu": 1}], "xyz": [17.268727, 6.235167, 16.080804], "properties": {}}, {"name": "H", "species": [{"element": "H", "occu": 1}], "xyz": [12.893927, 9.355378, 18.61736], "properties": {}}, {"name": "H", "species": [{"element": "H", "occu": 1}], "xyz": [12.090673, 7.770276, 18.38633], "properties": {}}, {"name": "H", "species": [{"element": "H", "occu": 1}], "xyz": [14.703359, 9.827329, 17.039746], "properties": {}}, {"name": "H", "species": [{"element": "H", "occu": 1}], "xyz": [14.249182, 8.830667, 15.626628], "properties": {}}, {"name": "H", "species": [{"element": "H", "occu": 1}], "xyz": [16.628976, 8.433946, 17.544356], "properties": {}}, {"name": "H", "species": [{"element": "H", "occu": 1}], "xyz": [16.66526, 8.715379, 15.780091], "properties": {}}, {"name": "H", "species": [{"element": "H", "occu": 1}], "xyz": [17.686023, 6.705346, 15.185631], "properties": {}}, {"name": "H", "species": [{"element": "H", "occu": 1}], "xyz": [17.076263, 5.179497, 15.890217], "properties": {}}, {"name": "H", "species": [{"element": "H", "occu": 1}], "xyz": [17.948089, 6.352604, 16.930941], "properties": {}}, {"name": "H", "species": [{"element": "H", "occu": 1}], "xyz": [12.127168, 8.955271, 17.045788], "properties": {}}, {"name": "O", "species": [{"element": "O", "occu": 1}], "xyz": [13.235817, 5.342917, 15.875095], "properties": {}}, {"name": "C", "species": [{"element": "C", "occu": 1}], "xyz": [12.608988, 6.222648, 14.93534], "properties": {}}, {"name": "C", "species": [{"element": "C", "occu": 1}], "xyz": [13.629629, 4.096964, 15.286252], "properties": {}}, {"name": "C", "species": [{"element": "C", "occu": 1}], "xyz": [14.189621, 3.231117, 16.388281], "properties": {}}, {"name": "O", "species": [{"element": "O", "occu": 1}], "xyz": [15.181505, 4.01335, 17.068537], "properties": {}}, {"name": "C", "species": [{"element": "C", "occu": 1}], "xyz": [16.098141, 3.229099, 17.848897], "properties": {}}, {"name": "H", "species": [{"element": "H", "occu": 1}], "xyz": [11.736284, 5.727602, 14.499276], "properties": {}}, {"name": "H", "species": [{"element": "H", "occu": 1}], "xyz": [13.319092, 6.500389, 14.148259], "properties": {}}, {"name": "H", "species": [{"element": "H", "occu": 1}], "xyz": [14.386326, 4.293263, 14.516099], "properties": {}}, {"name": "H", "species": [{"element": "H", "occu": 1}], "xyz": [12.757901, 3.614919, 14.830284], "properties": {}}, {"name": "H", "species": [{"element": "H", "occu": 1}], "xyz": [14.655903, 2.338281, 15.958783], "properties": {}}, {"name": "H", "species": [{"element": "H", "occu": 1}], "xyz": [13.415987, 2.931369, 17.105364], "properties": {}}, {"name": "H", "species": [{"element": "H", "occu": 1}], "xyz": [16.601929, 2.511376, 17.194801], "properties": {}}, {"name": "H", "species": [{"element": "H", "occu": 1}], "xyz": [15.563179, 2.704484, 18.647626], "properties": {}}, {"name": "H", "species": [{"element": "H", "occu": 1}], "xyz": [16.829715, 3.919366, 18.271878], "properties": {}}, {"name": "H", "species": [{"element": "H", "occu": 1}], "xyz": [12.286461, 7.107784, 15.483736], "properties": {}}, {"name": "N", "species": [{"element": "N", "occu": 1}], "xyz": [15.072653, 5.947975, 19.657632], "properties": {}}, {"name": "S", "species": [{"element": "S", "occu": 1}], "xyz": [13.80907, 5.068879, 20.126793], "properties": {}}, {"name": "O", "species": [{"element": "O", "occu": 1}], "xyz": [12.981619, 5.13436, 18.897499], "properties": {}}, {"name": "O", "species": [{"element": "O", "occu": 1}], "xyz": [14.074241, 3.788221, 20.741], "properties": {}}, {"name": "C", "species": [{"element": "C", "occu": 1}], "xyz": [12.844726, 6.039232, 21.384571], "properties": {}}, {"name": "F", "species": [{"element": "F", "occu": 1}], "xyz": [13.508111, 6.05528, 22.533505], "properties": {}}, {"name": "F", "species": [{"element": "F", "occu": 1}], "xyz": [11.668345, 5.44582, 21.550647], "properties": {}}, {"name": "F", "species": [{"element": "F", "occu": 1}], "xyz": [12.658417, 7.285271, 20.956205], "properties": {}}, {"name": "S", "species": [{"element": "S", "occu": 1}], "xyz": [16.498584, 6.082052, 20.440193], "properties": {}}, {"name": "O", "species": [{"element": "O", "occu": 1}], "xyz": [17.542776, 6.088904, 19.430444], "properties": {}}, {"name": "O", "species": [{"element": "O", "occu": 1}], "xyz": [16.591896, 5.250151, 21.622645], "properties": {}}, {"name": "C", "species": [{"element": "C", "occu": 1}], "xyz": [16.417705, 7.833497, 21.050532], "properties": {}}, {"name": "F", "species": [{"element": "F", "occu": 1}], "xyz": [17.564335, 8.125919, 21.655989], "properties": {}}, {"name": "F", "species": [{"element": "F", "occu": 1}], "xyz": [16.232242, 8.672099, 20.029452], "properties": {}}, {"name": "F", "species": [{"element": "F", "occu": 1}], "xyz": [15.412076, 7.971058, 21.912497], "properties": {}}]}, "stationary_type": "Minimum", "corrections": {}, "tensor": {"1": {"type": "Mg", "Isotropic": 613.9229, "Anisotropy": 26.8357, "tensor": [[622.9072, 7.3303, 6.5087]], "eigenvalues": [592.673, 617.2822, 631.8133]}, "2": {"type": "O", "Isotropic": 334.4665, "Anisotropy": 28.7701, "tensor": [], "eigenvalues": [303.7417, 346.0113, 353.6466]}, "3": {"type": "C", "Isotropic": 136.6368, "Anisotropy": 84.7796, "tensor": [], "eigenvalues": [107.5145, 109.2394, 193.1565]}, "4": {"type": "C", "Isotropic": 129.0821, "Anisotropy": 66.3479, "tensor": [], "eigenvalues": [99.268, 114.6642, 173.314]}, "5": {"type": "C", "Isotropic": 128.0636, "Anisotropy": 66.678, "tensor": [], "eigenvalues": [99.5415, 112.1339, 172.5156]}, "6": {"type": "O", "Isotropic": 329.2876, "Anisotropy": 28.5398, "tensor": [[0.5554, 345.1961, 6.2559]], "eigenvalues": [303.5778, 335.9709, 348.3142]}, "7": {"type": "C", "Isotropic": 137.3222, "Anisotropy": 88.1279, "tensor": [], "eigenvalues": [104.448, 111.4446, 196.0742]}, "8": {"type": "H", "Isotropic": 28.273, "Anisotropy": 8.8262, "tensor": [], "eigenvalues": [24.1133, 26.5486, 34.1571]}, "9": {"type": "H", "Isotropic": 28.0838, "Anisotropy": 7.5056, "tensor": [], "eigenvalues": [23.4828, 27.681, 33.0875]}, "10": {"type": "H", "Isotropic": 28.4428, "Anisotropy": 7.4397, "tensor": [], "eigenvalues": [25.0977, 26.8282, 33.4027]}, "11": {"type": "H", "Isotropic": 27.9107, "Anisotropy": 8.4062, "tensor": [], "eigenvalues": [24.4927, 25.7246, 33.5149]}, "12": {"type": "H", "Isotropic": 28.358, "Anisotropy": 6.0109, "tensor": [[26.0222, 0.5522, 1.3512], [2.7564, 29.6171, 2.8267], [1.0487, 1.5527, 29.4346]], "eigenvalues": [25.3404, 27.3683, 32.3652]}, "13": {"type": "H", "Isotropic": 28.6089, "Anisotropy": 8.6076, "tensor": [], "eigenvalues": [24.618, 26.8614, 34.3473]}, "14": {"type": "H", "Isotropic": 28.6113, "Anisotropy": 10.3732, "tensor": [], "eigenvalues": [24.573, 25.7341, 35.5267]}, "15": {"type": "H", "Isotropic": 28.1195, "Anisotropy": 6.0666, "tensor": [[0.0633, 30.4572, 0.3048]], "eigenvalues": [23.2464, 28.9483, 32.1639]}, "16": {"type": "H", "Isotropic": 28.1216, "Anisotropy": 6.5028, "tensor": [], "eigenvalues": [23.6001, 28.308, 32.4568]}, "17": {"type": "H", "Isotropic": 28.2698, "Anisotropy": 10.1972, "tensor": [[0.442, 0.1681, 25.8502]], "eigenvalues": [24.0565, 25.685, 35.0679]}, "18": {"type": "O", "Isotropic": 324.1653, "Anisotropy": 33.2384, "tensor": [[5.1068, 9.4946, 343.5249]], "eigenvalues": [298.8899, 327.2817, 346.3242]}, "19": {"type": "C", "Isotropic": 137.3013, "Anisotropy": 86.7634, "tensor": [], "eigenvalues": [105.1344, 111.6259, 195.1436]}, "20": {"type": "C", "Isotropic": 127.045, "Anisotropy": 64.8085, "tensor": [], "eigenvalues": [97.6298, 113.2546, 170.2507]}, "21": {"type": "C", "Isotropic": 128.4603, "Anisotropy": 69.0636, "tensor": [[136.9821, 13.4526, 30.2063], [23.0975, 125.9255, 16.8955], [33.1284, 15.6247, 122.4734]], "eigenvalues": [97.1501, 113.7281, 174.5028]}, "22": {"type": "O", "Isotropic": 327.4897, "Anisotropy": 32.064, "tensor": [[323.0909, 9.3645, 21.6457], [13.1339, 339.3703, 1.0802], [13.9913, 0.7844, 320.008]], "eigenvalues": [302.2949, 331.3086, 348.8657]}, "23": {"type": "C", "Isotropic": 135.9245, "Anisotropy": 81.2592, "tensor": [], "eigenvalues": [103.1797, 114.4964, 190.0972]}, "24": {"type": "H", "Isotropic": 28.3191, "Anisotropy": 10.4908, "tensor": [[30.9288, 0.411, 4.9205]], "eigenvalues": [24.2896, 25.3548, 35.313]}, "25": {"type": "H", "Isotropic": 28.3985, "Anisotropy": 8.8391, "tensor": [], "eigenvalues": [24.5533, 26.351, 34.2913]}, "26": {"type": "H", "Isotropic": 27.9549, "Anisotropy": 7.5822, "tensor": [], "eigenvalues": [24.437, 26.418, 33.0097]}, "27": {"type": "H", "Isotropic": 28.2512, "Anisotropy": 8.9557, "tensor": [[27.0831, 0.8983, 3.3086], [3.1381, 29.7219, 4.1171], [3.6296, 2.4123, 27.9486]], "eigenvalues": [23.9093, 26.6226, 34.2217]}, "28": {"type": "H", "Isotropic": 28.3737, "Anisotropy": 8.7399, "tensor": [[25.4576, 0.6823, 2.3025], [0.9496, 4.5144, 27.3841]], "eigenvalues": [23.8698, 27.051, 34.2003]}, "29": {"type": "H", "Isotropic": 27.5941, "Anisotropy": 7.6613, "tensor": [[1.1674, 1.1139, 26.4584]], "eigenvalues": [23.6734, 26.4072, 32.7016]}, "30": {"type": "H", "Isotropic": 28.4392, "Anisotropy": 9.8514, "tensor": [], "eigenvalues": [24.3529, 25.9579, 35.0068]}, "31": {"type": "H", "Isotropic": 28.0969, "Anisotropy": 7.1281, "tensor": [], "eigenvalues": [23.3798, 28.062, 32.849]}, "32": {"type": "H", "Isotropic": 27.7043, "Anisotropy": 6.1198, "tensor": [[4.1318, 2.8423, 27.034]], "eigenvalues": [23.1197, 28.2091, 31.7842]}, "33": {"type": "H", "Isotropic": 28.1193, "Anisotropy": 6.7897, "tensor": [], "eigenvalues": [22.52, 29.1922, 32.6458]}, "34": {"type": "N", "Isotropic": 116.287, "Anisotropy": 84.9038, "tensor": [[166.8415, 21.7001, 6.7073], [23.388, 81.7728, 0.8386], [3.7997, 3.9186, 100.2468]], "eigenvalues": [76.1222, 99.8493, 172.8896]}, "35": {"type": "S", "Isotropic": 249.1977, "Anisotropy": 207.7145, "tensor": [], "eigenvalues": [121.5906, 238.3285, 387.6741]}, "36": {"type": "O", "Isotropic": 153.5844, "Anisotropy": 90.9309, "tensor": [[164.2126, 14.4354, 47.9368]], "eigenvalues": [93.5213, 153.027, 214.205]}, "37": {"type": "O", "Isotropic": 140.0169, "Anisotropy": 18.5781, "tensor": [[130.7507, 26.7531, 3.6119]], "eigenvalues": [121.7297, 145.9187, 152.4023]}, "38": {"type": "C", "Isotropic": 73.4649, "Anisotropy": 8.621, "tensor": [[74.4059, 4.7801, 4.394]], "eigenvalues": [63.3263, 77.8562, 79.2122]}, "39": {"type": "F", "Isotropic": 269.306, "Anisotropy": 114.6803, "tensor": [[254.3863, 19.3532, 51.795]], "eigenvalues": [210.5193, 251.6392, 345.7596]}, "40": {"type": "F", "Isotropic": 273.3903, "Anisotropy": 124.5907, "tensor": [], "eigenvalues": [209.4764, 254.2436, 356.4508]}, "41": {"type": "F", "Isotropic": 271.5015, "Anisotropy": 111.1759, "tensor": [], "eigenvalues": [213.8301, 255.0556, 345.6187]}, "42": {"type": "S", "Isotropic": 254.9224, "Anisotropy": 250.2771, "tensor": [], "eigenvalues": [102.7453, 240.2482, 421.7739]}, "43": {"type": "O", "Isotropic": 142.1188, "Anisotropy": 45.2406, "tensor": [], "eigenvalues": [109.5815, 144.4958, 172.2792]}, "44": {"type": "O", "Isotropic": 153.6773, "Anisotropy": 69.2532, "tensor": [[0.2653, 118.5405, 20.1637]], "eigenvalues": [118.2688, 142.9171, 199.8461]}, "45": {"type": "C", "Isotropic": 73.6607, "Anisotropy": 9.3944, "tensor": [], "eigenvalues": [63.3095, 77.7489, 79.9236]}, "46": {"type": "F", "Isotropic": 280.4573, "Anisotropy": 118.8341, "tensor": [[329.6066, 36.208, 38.3897], [36.8573, 226.9163, 0.5325], [38.7166, 0.5755, 284.8489]], "eigenvalues": [213.1892, 268.5027, 359.68]}, "47": {"type": "F", "Isotropic": 274.8628, "Anisotropy": 120.1442, "tensor": [], "eigenvalues": [210.7156, 258.9138, 354.9589]}, "48": {"type": "F", "Isotropic": 276.3929, "Anisotropy": 115.6889, "tensor": [], "eigenvalues": [214.5202, 261.1397, 353.5188]}}}}, "functional": "wB97X", "basis": "6-31+G*", "phase": "solution", "type": "nmr;scrf", "smiles": "[Mg].O(C)CCOC.O(C)CCOC.[N](S(=O)(=O)C(F)(F)F)S(=O)(=O)C(F)(F)F", "formula": "Mg1 H20 C10 S2 N1 O8 F6", "formula_pretty": "MgH20C10S2N(O4F3)2", "formula_anonymous": "ABC2D6E8F10G20", "formula_alphabetical": "C10 F6 H20 Mg1 N1 O8 S2", "chemsys": "C-F-H-Mg-N-O-S", "nsites": 48, "nelements": 7, "is_ordered": true, "is_valid": true, "tag": "oplsd_2", "wall_time (s)": 386.9592604842037, "last_updated": "2020-12-25T23:31:44.400971", "_id": null}