{"input": {"molecule": {"charge": 1, "spin_multiplicity": 1, "sites": [{"name": "Mg", "species": [{"element": "Mg", "occu": 1}], "xyz": [10.944324, 43.425779, 25.146869], "properties": {}}, {"name": "O", "species": [{"element": "O", "occu": 1}], "xyz": [9.813617, 42.105967, 26.355229], "properties": {}}, {"name": "C", "species": [{"element": "C", "occu": 1}], "xyz": [8.474478, 41.634104, 26.133452], "properties": {}}, {"name": "C", "species": [{"element": "C", "occu": 1}], "xyz": [10.115289, 42.319107, 27.742443], "properties": {}}, {"name": "C", "species": [{"element": "C", "occu": 1}], "xyz": [11.617171, 42.395167, 27.861657], "properties": {}}, {"name": "O", "species": [{"element": "O", "occu": 1}], "xyz": [12.076015, 43.365254, 26.911249], "properties": {}}, {"name": "C", "species": [{"element": "C", "occu": 1}], "xyz": [13.491056, 43.574405, 26.980266], "properties": {}}, {"name": "H", "species": [{"element": "H", "occu": 1}], "xyz": [8.323586, 40.709131, 26.697681], "properties": {}}, {"name": "H", "species": [{"element": "H", "occu": 1}], "xyz": [8.376435, 41.434338, 25.065996], "properties": {}}, {"name": "H", "species": [{"element": "H", "occu": 1}], "xyz": [9.738238, 41.478065, 28.333206], "properties": {}}, {"name": "H", "species": [{"element": "H", "occu": 1}], "xyz": [9.632738, 43.245632, 28.076533], "properties": {}}, {"name": "H", "species": [{"element": "H", "occu": 1}], "xyz": [12.081957, 41.427618, 27.632944], "properties": {}}, {"name": "H", "species": [{"element": "H", "occu": 1}], "xyz": [11.901894, 42.70871, 28.87195], "properties": {}}, {"name": "H", "species": [{"element": "H", "occu": 1}], "xyz": [14.020455, 42.653082, 26.712998], "properties": {}}, {"name": "H", "species": [{"element": "H", "occu": 1}], "xyz": [13.764269, 43.887229, 27.992228], "properties": {}}, {"name": "H", "species": [{"element": "H", "occu": 1}], "xyz": [13.736496, 44.370341, 26.277066], "properties": {}}, {"name": "H", "species": [{"element": "H", "occu": 1}], "xyz": [7.749116, 42.392115, 26.448478], "properties": {}}, {"name": "O", "species": [{"element": "O", "occu": 1}], "xyz": [11.912411, 41.90288, 24.108746], "properties": {}}, {"name": "C", "species": [{"element": "C", "occu": 1}], "xyz": [11.423547, 40.555992, 23.992161], "properties": {}}, {"name": "C", "species": [{"element": "C", "occu": 1}], "xyz": [12.572068, 42.362267, 22.920727], "properties": {}}, {"name": "C", "species": [{"element": "C", "occu": 1}], "xyz": [13.25856, 43.667068, 23.258195], "properties": {}}, {"name": "O", "species": [{"element": "O", "occu": 1}], "xyz": [12.329515, 44.4763, 23.993278], "properties": {}}, {"name": "C", "species": [{"element": "C", "occu": 1}], "xyz": [12.732838, 45.849309, 24.097728], "properties": {}}, {"name": "H", "species": [{"element": "H", "occu": 1}], "xyz": [10.682189, 40.498255, 23.189123], "properties": {}}, {"name": "H", "species": [{"element": "H", "occu": 1}], "xyz": [10.965628, 40.302074, 24.948317], "properties": {}}, {"name": "H", "species": [{"element": "H", "occu": 1}], "xyz": [11.827259, 42.487399, 22.126458], "properties": {}}, {"name": "H", "species": [{"element": "H", "occu": 1}], "xyz": [13.314967, 41.622326, 22.604668], "properties": {}}, {"name": "H", "species": [{"element": "H", "occu": 1}], "xyz": [13.549012, 44.184828, 22.337834], "properties": {}}, {"name": "H", "species": [{"element": "H", "occu": 1}], "xyz": [14.149225, 43.503954, 23.877446], "properties": {}}, {"name": "H", "species": [{"element": "H", "occu": 1}], "xyz": [12.677926, 46.319463, 23.111705], "properties": {}}, {"name": "H", "species": [{"element": "H", "occu": 1}], "xyz": [13.756166, 45.909695, 24.48412], "properties": {}}, {"name": "H", "species": [{"element": "H", "occu": 1}], "xyz": [12.044664, 46.337565, 24.788077], "properties": {}}, {"name": "H", "species": [{"element": "H", "occu": 1}], "xyz": [12.265225, 39.887029, 23.79075], "properties": {}}, {"name": "N", "species": [{"element": "N", "occu": 1}], "xyz": [9.162811, 44.036541, 23.871929], "properties": {}}, {"name": "S", "species": [{"element": "S", "occu": 1}], "xyz": [8.232252, 43.315987, 22.740575], "properties": {}}, {"name": "O", "species": [{"element": "O", "occu": 1}], "xyz": [8.673876, 41.935744, 22.641788], "properties": {}}, {"name": "O", "species": [{"element": "O", "occu": 1}], "xyz": [6.827996, 43.657655, 22.843621], "properties": {}}, {"name": "C", "species": [{"element": "C", "occu": 1}], "xyz": [8.839225, 44.116791, 21.179827], "properties": {}}, {"name": "F", "species": [{"element": "F", "occu": 1}], "xyz": [8.225793, 43.54816, 20.147022], "properties": {}}, {"name": "F", "species": [{"element": "F", "occu": 1}], "xyz": [10.157247, 43.951039, 21.055302], "properties": {}}, {"name": "F", "species": [{"element": "F", "occu": 1}], "xyz": [8.565812, 45.419615, 21.19744], "properties": {}}, {"name": "S", "species": [{"element": "S", "occu": 1}], "xyz": [8.676882, 45.139593, 24.938282], "properties": {}}, {"name": "O", "species": [{"element": "O", "occu": 1}], "xyz": [9.863262, 45.172633, 25.83073], "properties": {}}, {"name": "O", "species": [{"element": "O", "occu": 1}], "xyz": [7.360468, 44.989428, 25.513241], "properties": {}}, {"name": "C", "species": [{"element": "C", "occu": 1}], "xyz": [8.683555, 46.804627, 24.112517], "properties": {}}, {"name": "F", "species": [{"element": "F", "occu": 1}], "xyz": [7.632314, 46.904348, 23.30988], "properties": {}}, {"name": "F", "species": [{"element": "F", "occu": 1}], "xyz": [8.62129, 47.736103, 25.056653], "properties": {}}, {"name": "F", "species": [{"element": "F", "occu": 1}], "xyz": [9.803073, 46.95669, 23.409014], "properties": {}}]}, "functional": "wB97X", "basis_set": "6-31+G*", "route_parameters": {"NMR": "GIAO", "iop(7/33=1)": null, "int": "ultrafine", "NoSymmetry": null, "test": null, "SCRF": "(Solvent=TetraHydroFuran)"}, "title": "Mg1 H20 C10 S2 N1 O8 F6", "charge": 1, "spin_multiplicity": 1, "input_parameters": {}, "link0_parameters": {"%chk": "checkpoint.chk", "%mem": "100GB", "%NProcShared": "28"}, "dieze_tag": "#P", "nbasisfunctions": 584, "pcm_parameters": {}}, "output": {"has_gaussian_completed": true, "is_pcm": true, "errors": [], "Mulliken_charges": {"1": ["Mg", -0.808032], "2": ["O", -0.334714], "3": ["C", -0.30708], "4": ["C", -0.147604], "5": ["C", -0.149202], "6": ["O", -0.282851], "7": ["C", -0.32526], "8": ["H", 0.244199], "9": ["H", 0.254875], "10": ["H", 0.250458], "11": ["H", 0.26526], "12": ["H", 0.251886], "13": ["H", 0.253284], "14": ["H", 0.24603], "15": ["H", 0.243899], "16": ["H", 0.241928], "17": ["H", 0.257078], "18": ["O", -0.25413], "19": ["C", -0.286276], "20": ["C", -0.054075], "21": ["C", -0.23106], "22": ["O", -0.284922], "23": ["C", -0.297789], "24": ["H", 0.256131], "25": ["H", 0.257136], "26": ["H", 0.256351], "27": ["H", 0.252589], "28": ["H", 0.25746], "29": ["H", 0.263078], "30": ["H", 0.253281], "31": ["H", 0.241153], "32": ["H", 0.265412], "33": ["H", 0.238035], "34": ["N", -0.975625], "35": ["S", 1.226973], "36": ["O", -0.518688], "37": ["O", -0.469063], "38": ["C", 0.952696], "39": ["F", -0.269963], "40": ["F", -0.266197], "41": ["F", -0.250813], "42": ["S", 0.856344], "43": ["O", -0.45908], "44": ["O", -0.383993], "45": ["C", 0.974994], "46": ["F", -0.224731], "47": ["F", -0.244964], "48": ["F", -0.234415]}, "tensor": {"1": {"type": "Mg", "Isotropic": 601.2189, "Anisotropy": 44.6984, "tensor": [[606.9027, 16.7987, 17.4104], [5.4892, 24.1003, 625.5681]], "eigenvalues": [570.7896, 601.8493, 631.0178]}, "2": {"type": "O", "Isotropic": 328.4002, "Anisotropy": 20.3472, "tensor": [[338.6476, 2.696, 2.8726], [4.6748, 304.9008, 7.6338]], "eigenvalues": [304.398, 338.8376, 341.965]}, "3": {"type": "C", "Isotropic": 138.9912, "Anisotropy": 90.0968, "tensor": [[185.8487, 28.5775, 22.3438], [9.7736, 3.5828, 114.9386]], "eigenvalues": [104.0016, 113.9162, 199.0557]}, "4": {"type": "C", "Isotropic": 128.1608, "Anisotropy": 68.4086, "tensor": [[115.1573, 7.1961, 17.6321], [11.8688, 102.8881, 1.8505], [20.3096, 10.1364, 166.4371]], "eigenvalues": [97.4077, 113.3082, 173.7666]}, "5": {"type": "C", "Isotropic": 127.2926, "Anisotropy": 64.6182, "tensor": [], "eigenvalues": [98.3804, 113.126, 170.3714]}, "6": {"type": "O", "Isotropic": 326.7049, "Anisotropy": 35.1366, "tensor": [], "eigenvalues": [299.0066, 330.9787, 350.1293]}, "7": {"type": "C", "Isotropic": 137.2457, "Anisotropy": 85.9667, "tensor": [[191.2358, 16.6046, 1.1254], [16.6389, 109.5471, 1.3555], [2.9287, 2.8344, 110.9543]], "eigenvalues": [105.7536, 111.4267, 194.5569]}, "8": {"type": "H", "Isotropic": 28.4242, "Anisotropy": 9.9585, "tensor": [], "eigenvalues": [23.9688, 26.2406, 35.0633]}, "9": {"type": "H", "Isotropic": 27.4219, "Anisotropy": 6.5339, "tensor": [[27.4171, 3.4489, 4.7337]], "eigenvalues": [22.5471, 27.9408, 31.7778]}, "10": {"type": "H", "Isotropic": 28.5395, "Anisotropy": 8.3065, "tensor": [[27.0581, 1.1223, 0.5034]], "eigenvalues": [24.2113, 27.3301, 34.0772]}, "11": {"type": "H", "Isotropic": 27.9887, "Anisotropy": 6.9547, "tensor": [], "eigenvalues": [24.8217, 26.5194, 32.6252]}, "12": {"type": "H", "Isotropic": 27.9137, "Anisotropy": 7.4722, "tensor": [[26.7889, 0.0326, 0.2084]], "eigenvalues": [24.2046, 26.6415, 32.8952]}, "13": {"type": "H", "Isotropic": 28.323, "Anisotropy": 8.6986, "tensor": [[26.3665, 1.2229, 0.6586]], "eigenvalues": [24.0489, 26.7979, 34.1221]}, "14": {"type": "H", "Isotropic": 28.4816, "Anisotropy": 8.8321, "tensor": [[0.306, 0.1023, 26.2334]], "eigenvalues": [24.7266, 26.3486, 34.3697]}, "15": {"type": "H", "Isotropic": 28.4744, "Anisotropy": 10.3036, "tensor": [[31.0157, 2.631, 5.6691], [2.3138, 25.3814, 2.0456], [2.9476, 1.3602, 29.0261]], "eigenvalues": [24.447, 25.6327, 35.3434]}, "16": {"type": "H", "Isotropic": 28.674, "Anisotropy": 6.0984, "tensor": [], "eigenvalues": [23.2355, 30.0469, 32.7396]}, "17": {"type": "H", "Isotropic": 27.9258, "Anisotropy": 7.1547, "tensor": [], "eigenvalues": [22.8132, 28.2687, 32.6956]}, "18": {"type": "O", "Isotropic": 331.2059, "Anisotropy": 37.0448, "tensor": [[16.2582, 334.3857, 2.997]], "eigenvalues": [300.5397, 337.1757, 355.9024]}, "19": {"type": "C", "Isotropic": 135.9903, "Anisotropy": 87.7412, "tensor": [[27.0397, 185.8283, 1.4297], [2.3921, 4.0608, 105.093]], "eigenvalues": [104.2528, 109.2336, 194.4844]}, "20": {"type": "C", "Isotropic": 128.4348, "Anisotropy": 66.5595, "tensor": [], "eigenvalues": [99.4404, 113.0562, 172.8078]}, "21": {"type": "C", "Isotropic": 127.3003, "Anisotropy": 71.4821, "tensor": [], "eigenvalues": [98.4923, 108.4536, 174.9551]}, "22": {"type": "O", "Isotropic": 333.4459, "Anisotropy": 45.5003, "tensor": [[1.2735, 335.2485, 10.1407]], "eigenvalues": [304.4642, 332.0941, 363.7795]}, "23": {"type": "C", "Isotropic": 138.2658, "Anisotropy": 83.1403, "tensor": [[114.1154, 19.0419, 2.1661], [16.9689, 188.6381, 8.0329], [2.2057, 8.8677, 112.044]], "eigenvalues": [109.9424, 111.1624, 193.6927]}, "24": {"type": "H", "Isotropic": 27.6426, "Anisotropy": 6.9839, "tensor": [[27.624, 0.0522, 3.2353], [1.7121, 30.3088, 3.3997], [2.8983, 1.6549, 24.9949]], "eigenvalues": [22.5994, 28.0298, 32.2985]}, "25": {"type": "H", "Isotropic": 27.6712, "Anisotropy": 6.894, "tensor": [], "eigenvalues": [22.6273, 28.1191, 32.2673]}, "26": {"type": "H", "Isotropic": 27.5975, "Anisotropy": 6.8245, "tensor": [], "eigenvalues": [24.0996, 26.5457, 32.1471]}, "27": {"type": "H", "Isotropic": 28.2491, "Anisotropy": 8.6163, "tensor": [], "eigenvalues": [24.4025, 26.3515, 33.9933]}, "28": {"type": "H", "Isotropic": 28.4625, "Anisotropy": 7.7782, "tensor": [], "eigenvalues": [25.2563, 26.4833, 33.648]}, "29": {"type": "H", "Isotropic": 27.9249, "Anisotropy": 8.63, "tensor": [], "eigenvalues": [24.0911, 26.0053, 33.6782]}, "30": {"type": "H", "Isotropic": 28.599, "Anisotropy": 7.8649, "tensor": [], "eigenvalues": [24.957, 26.9977, 33.8422]}, "31": {"type": "H", "Isotropic": 28.823, "Anisotropy": 9.0475, "tensor": [[29.8316, 2.8254, 1.9482], [6.3547, 30.0172, 0.4362], [1.4712, 0.8759, 26.6201]], "eigenvalues": [24.9216, 26.6927, 34.8547]}, "32": {"type": "H", "Isotropic": 28.7445, "Anisotropy": 5.6402, "tensor": [], "eigenvalues": [24.5966, 29.1322, 32.5046]}, "33": {"type": "H", "Isotropic": 28.2796, "Anisotropy": 10.6212, "tensor": [], "eigenvalues": [24.1817, 25.2968, 35.3604]}, "34": {"type": "N", "Isotropic": 113.292, "Anisotropy": 85.6048, "tensor": [[97.5767, 22.4808, 41.6414], [3.4209, 122.8494, 34.2395], [18.5156, 38.4758, 119.45]], "eigenvalues": [72.937, 96.5773, 170.3619]}, "35": {"type": "S", "Isotropic": 250.6869, "Anisotropy": 232.2681, "tensor": [], "eigenvalues": [102.8304, 243.6979, 405.5323]}, "36": {"type": "O", "Isotropic": 140.8467, "Anisotropy": 47.1909, "tensor": [[10.6167, 25.5255, 124.0494]], "eigenvalues": [104.1774, 146.0555, 172.3073]}, "37": {"type": "O", "Isotropic": 148.8316, "Anisotropy": 66.7775, "tensor": [], "eigenvalues": [112.0825, 141.0625, 193.35]}, "38": {"type": "C", "Isotropic": 72.9751, "Anisotropy": 8.9711, "tensor": [[5.0847, 6.1135, 68.6529]], "eigenvalues": [62.3996, 77.57, 78.9559]}, "39": {"type": "F", "Isotropic": 279.1382, "Anisotropy": 120.211, "tensor": [[268.9628, 2.4698, 51.2584], [2.2992, 264.1694, 49.1802], [48.8439, 49.9786, 304.2824]], "eigenvalues": [213.9293, 264.2063, 359.2789]}, "40": {"type": "F", "Isotropic": 276.153, "Anisotropy": 120.432, "tensor": [], "eigenvalues": [215.3802, 256.6377, 356.441]}, "41": {"type": "F", "Isotropic": 273.7114, "Anisotropy": 118.656, "tensor": [[17.8041, 9.6706, 220.6439]], "eigenvalues": [209.955, 258.3638, 352.8154]}, "42": {"type": "S", "Isotropic": 241.875, "Anisotropy": 219.5982, "tensor": [], "eigenvalues": [105.4979, 231.8534, 388.2739]}, "43": {"type": "O", "Isotropic": 156.2783, "Anisotropy": 112.5826, "tensor": [[3.0556, 103.9862, 22.2414], [24.7174, 52.3098, 155.4611]], "eigenvalues": [77.2035, 160.298, 231.3333]}, "44": {"type": "O", "Isotropic": 137.2037, "Anisotropy": 19.4482, "tensor": [], "eigenvalues": [118.0619, 143.38, 150.1691]}, "45": {"type": "C", "Isotropic": 73.9789, "Anisotropy": 8.9287, "tensor": [], "eigenvalues": [63.5261, 78.4791, 79.9314]}, "46": {"type": "F", "Isotropic": 272.0858, "Anisotropy": 102.0453, "tensor": [[53.046, 2.976, 296.0992]], "eigenvalues": [213.3415, 262.7999, 340.116]}, "47": {"type": "F", "Isotropic": 274.1992, "Anisotropy": 120.8261, "tensor": [], "eigenvalues": [208.8843, 258.9633, 354.7499]}, "48": {"type": "F", "Isotropic": 273.9464, "Anisotropy": 116.3562, "tensor": [[22.3246, 222.1861, 2.5747]], "eigenvalues": [214.1422, 256.1799, 351.5172]}}, "output": {"energies": [-2644.63980531], "final_energy": -2644.63980531, "final_energy_per_atom": -55.096662610625, "molecule": {"charge": 0.0, "spin_multiplicity": 2, "sites": [{"name": "Mg", "species": [{"element": "Mg", "occu": 1}], "xyz": [10.944324, 43.425779, 25.146869], "properties": {}}, {"name": "O", "species": [{"element": "O", "occu": 1}], "xyz": [9.813617, 42.105967, 26.355229], "properties": {}}, {"name": "C", "species": [{"element": "C", "occu": 1}], "xyz": [8.474478, 41.634104, 26.133452], "properties": {}}, {"name": "C", "species": [{"element": "C", "occu": 1}], "xyz": [10.115289, 42.319107, 27.742443], "properties": {}}, {"name": "C", "species": [{"element": "C", "occu": 1}], "xyz": [11.617171, 42.395167, 27.861657], "properties": {}}, {"name": "O", "species": [{"element": "O", "occu": 1}], "xyz": [12.076015, 43.365254, 26.911249], "properties": {}}, {"name": "C", "species": [{"element": "C", "occu": 1}], "xyz": [13.491056, 43.574405, 26.980266], "properties": {}}, {"name": "H", "species": [{"element": "H", "occu": 1}], "xyz": [8.323586, 40.709131, 26.697681], "properties": {}}, {"name": "H", "species": [{"element": "H", "occu": 1}], "xyz": [8.376435, 41.434338, 25.065996], "properties": {}}, {"name": "H", "species": [{"element": "H", "occu": 1}], "xyz": [9.738238, 41.478065, 28.333206], "properties": {}}, {"name": "H", "species": [{"element": "H", "occu": 1}], "xyz": [9.632738, 43.245632, 28.076533], "properties": {}}, {"name": "H", "species": [{"element": "H", "occu": 1}], "xyz": [12.081957, 41.427618, 27.632944], "properties": {}}, {"name": "H", "species": [{"element": "H", "occu": 1}], "xyz": [11.901894, 42.70871, 28.87195], "properties": {}}, {"name": "H", "species": [{"element": "H", "occu": 1}], "xyz": [14.020455, 42.653082, 26.712998], "properties": {}}, {"name": "H", "species": [{"element": "H", "occu": 1}], "xyz": [13.764269, 43.887229, 27.992228], "properties": {}}, {"name": "H", "species": [{"element": "H", "occu": 1}], "xyz": [13.736496, 44.370341, 26.277066], "properties": {}}, {"name": "H", "species": [{"element": "H", "occu": 1}], "xyz": [7.749116, 42.392115, 26.448478], "properties": {}}, {"name": "O", "species": [{"element": "O", "occu": 1}], "xyz": [11.912411, 41.90288, 24.108746], "properties": {}}, {"name": "C", "species": [{"element": "C", "occu": 1}], "xyz": [11.423547, 40.555992, 23.992161], "properties": {}}, {"name": "C", "species": [{"element": "C", "occu": 1}], "xyz": [12.572068, 42.362267, 22.920727], "properties": {}}, {"name": "C", "species": [{"element": "C", "occu": 1}], "xyz": [13.25856, 43.667068, 23.258195], "properties": {}}, {"name": "O", "species": [{"element": "O", "occu": 1}], "xyz": [12.329515, 44.4763, 23.993278], "properties": {}}, {"name": "C", "species": [{"element": "C", "occu": 1}], "xyz": [12.732838, 45.849309, 24.097728], "properties": {}}, {"name": "H", "species": [{"element": "H", "occu": 1}], "xyz": [10.682189, 40.498255, 23.189123], "properties": {}}, {"name": "H", "species": [{"element": "H", "occu": 1}], "xyz": [10.965628, 40.302074, 24.948317], "properties": {}}, {"name": "H", "species": [{"element": "H", "occu": 1}], "xyz": [11.827259, 42.487399, 22.126458], "properties": {}}, {"name": "H", "species": [{"element": "H", "occu": 1}], "xyz": [13.314967, 41.622326, 22.604668], "properties": {}}, {"name": "H", "species": [{"element": "H", "occu": 1}], "xyz": [13.549012, 44.184828, 22.337834], "properties": {}}, {"name": "H", "species": [{"element": "H", "occu": 1}], "xyz": [14.149225, 43.503954, 23.877446], "properties": {}}, {"name": "H", "species": [{"element": "H", "occu": 1}], "xyz": [12.677926, 46.319463, 23.111705], "properties": {}}, {"name": "H", "species": [{"element": "H", "occu": 1}], "xyz": [13.756166, 45.909695, 24.48412], "properties": {}}, {"name": "H", "species": [{"element": "H", "occu": 1}], "xyz": [12.044664, 46.337565, 24.788077], "properties": {}}, {"name": "H", "species": [{"element": "H", "occu": 1}], "xyz": [12.265225, 39.887029, 23.79075], "properties": {}}, {"name": "N", "species": [{"element": "N", "occu": 1}], "xyz": [9.162811, 44.036541, 23.871929], "properties": {}}, {"name": "S", "species": [{"element": "S", "occu": 1}], "xyz": [8.232252, 43.315987, 22.740575], "properties": {}}, {"name": "O", "species": [{"element": "O", "occu": 1}], "xyz": [8.673876, 41.935744, 22.641788], "properties": {}}, {"name": "O", "species": [{"element": "O", "occu": 1}], "xyz": [6.827996, 43.657655, 22.843621], "properties": {}}, {"name": "C", "species": [{"element": "C", "occu": 1}], "xyz": [8.839225, 44.116791, 21.179827], "properties": {}}, {"name": "F", "species": [{"element": "F", "occu": 1}], "xyz": [8.225793, 43.54816, 20.147022], "properties": {}}, {"name": "F", "species": [{"element": "F", "occu": 1}], "xyz": [10.157247, 43.951039, 21.055302], "properties": {}}, {"name": "F", "species": [{"element": "F", "occu": 1}], "xyz": [8.565812, 45.419615, 21.19744], "properties": {}}, {"name": "S", "species": [{"element": "S", "occu": 1}], "xyz": [8.676882, 45.139593, 24.938282], "properties": {}}, {"name": "O", "species": [{"element": "O", "occu": 1}], "xyz": [9.863262, 45.172633, 25.83073], "properties": {}}, {"name": "O", "species": [{"element": "O", "occu": 1}], "xyz": [7.360468, 44.989428, 25.513241], "properties": {}}, {"name": "C", "species": [{"element": "C", "occu": 1}], "xyz": [8.683555, 46.804627, 24.112517], "properties": {}}, {"name": "F", "species": [{"element": "F", "occu": 1}], "xyz": [7.632314, 46.904348, 23.30988], "properties": {}}, {"name": "F", "species": [{"element": "F", "occu": 1}], "xyz": [8.62129, 47.736103, 25.056653], "properties": {}}, {"name": "F", "species": [{"element": "F", "occu": 1}], "xyz": [9.803073, 46.95669, 23.409014], "properties": {}}]}, "stationary_type": "Minimum", "corrections": {}, "tensor": {"1": {"type": "Mg", "Isotropic": 601.2189, "Anisotropy": 44.6984, "tensor": [[606.9027, 16.7987, 17.4104], [5.4892, 24.1003, 625.5681]], "eigenvalues": [570.7896, 601.8493, 631.0178]}, "2": {"type": "O", "Isotropic": 328.4002, "Anisotropy": 20.3472, "tensor": [[338.6476, 2.696, 2.8726], [4.6748, 304.9008, 7.6338]], "eigenvalues": [304.398, 338.8376, 341.965]}, "3": {"type": "C", "Isotropic": 138.9912, "Anisotropy": 90.0968, "tensor": [[185.8487, 28.5775, 22.3438], [9.7736, 3.5828, 114.9386]], "eigenvalues": [104.0016, 113.9162, 199.0557]}, "4": {"type": "C", "Isotropic": 128.1608, "Anisotropy": 68.4086, "tensor": [[115.1573, 7.1961, 17.6321], [11.8688, 102.8881, 1.8505], [20.3096, 10.1364, 166.4371]], "eigenvalues": [97.4077, 113.3082, 173.7666]}, "5": {"type": "C", "Isotropic": 127.2926, "Anisotropy": 64.6182, "tensor": [], "eigenvalues": [98.3804, 113.126, 170.3714]}, "6": {"type": "O", "Isotropic": 326.7049, "Anisotropy": 35.1366, "tensor": [], "eigenvalues": [299.0066, 330.9787, 350.1293]}, "7": {"type": "C", "Isotropic": 137.2457, "Anisotropy": 85.9667, "tensor": [[191.2358, 16.6046, 1.1254], [16.6389, 109.5471, 1.3555], [2.9287, 2.8344, 110.9543]], "eigenvalues": [105.7536, 111.4267, 194.5569]}, "8": {"type": "H", "Isotropic": 28.4242, "Anisotropy": 9.9585, "tensor": [], "eigenvalues": [23.9688, 26.2406, 35.0633]}, "9": {"type": "H", "Isotropic": 27.4219, "Anisotropy": 6.5339, "tensor": [[27.4171, 3.4489, 4.7337]], "eigenvalues": [22.5471, 27.9408, 31.7778]}, "10": {"type": "H", "Isotropic": 28.5395, "Anisotropy": 8.3065, "tensor": [[27.0581, 1.1223, 0.5034]], "eigenvalues": [24.2113, 27.3301, 34.0772]}, "11": {"type": "H", "Isotropic": 27.9887, "Anisotropy": 6.9547, "tensor": [], "eigenvalues": [24.8217, 26.5194, 32.6252]}, "12": {"type": "H", "Isotropic": 27.9137, "Anisotropy": 7.4722, "tensor": [[26.7889, 0.0326, 0.2084]], "eigenvalues": [24.2046, 26.6415, 32.8952]}, "13": {"type": "H", "Isotropic": 28.323, "Anisotropy": 8.6986, "tensor": [[26.3665, 1.2229, 0.6586]], "eigenvalues": [24.0489, 26.7979, 34.1221]}, "14": {"type": "H", "Isotropic": 28.4816, "Anisotropy": 8.8321, "tensor": [[0.306, 0.1023, 26.2334]], "eigenvalues": [24.7266, 26.3486, 34.3697]}, "15": {"type": "H", "Isotropic": 28.4744, "Anisotropy": 10.3036, "tensor": [[31.0157, 2.631, 5.6691], [2.3138, 25.3814, 2.0456], [2.9476, 1.3602, 29.0261]], "eigenvalues": [24.447, 25.6327, 35.3434]}, "16": {"type": "H", "Isotropic": 28.674, "Anisotropy": 6.0984, "tensor": [], "eigenvalues": [23.2355, 30.0469, 32.7396]}, "17": {"type": "H", "Isotropic": 27.9258, "Anisotropy": 7.1547, "tensor": [], "eigenvalues": [22.8132, 28.2687, 32.6956]}, "18": {"type": "O", "Isotropic": 331.2059, "Anisotropy": 37.0448, "tensor": [[16.2582, 334.3857, 2.997]], "eigenvalues": [300.5397, 337.1757, 355.9024]}, "19": {"type": "C", "Isotropic": 135.9903, "Anisotropy": 87.7412, "tensor": [[27.0397, 185.8283, 1.4297], [2.3921, 4.0608, 105.093]], "eigenvalues": [104.2528, 109.2336, 194.4844]}, "20": {"type": "C", "Isotropic": 128.4348, "Anisotropy": 66.5595, "tensor": [], "eigenvalues": [99.4404, 113.0562, 172.8078]}, "21": {"type": "C", "Isotropic": 127.3003, "Anisotropy": 71.4821, "tensor": [], "eigenvalues": [98.4923, 108.4536, 174.9551]}, "22": {"type": "O", "Isotropic": 333.4459, "Anisotropy": 45.5003, "tensor": [[1.2735, 335.2485, 10.1407]], "eigenvalues": [304.4642, 332.0941, 363.7795]}, "23": {"type": "C", "Isotropic": 138.2658, "Anisotropy": 83.1403, "tensor": [[114.1154, 19.0419, 2.1661], [16.9689, 188.6381, 8.0329], [2.2057, 8.8677, 112.044]], "eigenvalues": [109.9424, 111.1624, 193.6927]}, "24": {"type": "H", "Isotropic": 27.6426, "Anisotropy": 6.9839, "tensor": [[27.624, 0.0522, 3.2353], [1.7121, 30.3088, 3.3997], [2.8983, 1.6549, 24.9949]], "eigenvalues": [22.5994, 28.0298, 32.2985]}, "25": {"type": "H", "Isotropic": 27.6712, "Anisotropy": 6.894, "tensor": [], "eigenvalues": [22.6273, 28.1191, 32.2673]}, "26": {"type": "H", "Isotropic": 27.5975, "Anisotropy": 6.8245, "tensor": [], "eigenvalues": [24.0996, 26.5457, 32.1471]}, "27": {"type": "H", "Isotropic": 28.2491, "Anisotropy": 8.6163, "tensor": [], "eigenvalues": [24.4025, 26.3515, 33.9933]}, "28": {"type": "H", "Isotropic": 28.4625, "Anisotropy": 7.7782, "tensor": [], "eigenvalues": [25.2563, 26.4833, 33.648]}, "29": {"type": "H", "Isotropic": 27.9249, "Anisotropy": 8.63, "tensor": [], "eigenvalues": [24.0911, 26.0053, 33.6782]}, "30": {"type": "H", "Isotropic": 28.599, "Anisotropy": 7.8649, "tensor": [], "eigenvalues": [24.957, 26.9977, 33.8422]}, "31": {"type": "H", "Isotropic": 28.823, "Anisotropy": 9.0475, "tensor": [[29.8316, 2.8254, 1.9482], [6.3547, 30.0172, 0.4362], [1.4712, 0.8759, 26.6201]], "eigenvalues": [24.9216, 26.6927, 34.8547]}, "32": {"type": "H", "Isotropic": 28.7445, "Anisotropy": 5.6402, "tensor": [], "eigenvalues": [24.5966, 29.1322, 32.5046]}, "33": {"type": "H", "Isotropic": 28.2796, "Anisotropy": 10.6212, "tensor": [], "eigenvalues": [24.1817, 25.2968, 35.3604]}, "34": {"type": "N", "Isotropic": 113.292, "Anisotropy": 85.6048, "tensor": [[97.5767, 22.4808, 41.6414], [3.4209, 122.8494, 34.2395], [18.5156, 38.4758, 119.45]], "eigenvalues": [72.937, 96.5773, 170.3619]}, "35": {"type": "S", "Isotropic": 250.6869, "Anisotropy": 232.2681, "tensor": [], "eigenvalues": [102.8304, 243.6979, 405.5323]}, "36": {"type": "O", "Isotropic": 140.8467, "Anisotropy": 47.1909, "tensor": [[10.6167, 25.5255, 124.0494]], "eigenvalues": [104.1774, 146.0555, 172.3073]}, "37": {"type": "O", "Isotropic": 148.8316, "Anisotropy": 66.7775, "tensor": [], "eigenvalues": [112.0825, 141.0625, 193.35]}, "38": {"type": "C", "Isotropic": 72.9751, "Anisotropy": 8.9711, "tensor": [[5.0847, 6.1135, 68.6529]], "eigenvalues": [62.3996, 77.57, 78.9559]}, "39": {"type": "F", "Isotropic": 279.1382, "Anisotropy": 120.211, "tensor": [[268.9628, 2.4698, 51.2584], [2.2992, 264.1694, 49.1802], [48.8439, 49.9786, 304.2824]], "eigenvalues": [213.9293, 264.2063, 359.2789]}, "40": {"type": "F", "Isotropic": 276.153, "Anisotropy": 120.432, "tensor": [], "eigenvalues": [215.3802, 256.6377, 356.441]}, "41": {"type": "F", "Isotropic": 273.7114, "Anisotropy": 118.656, "tensor": [[17.8041, 9.6706, 220.6439]], "eigenvalues": [209.955, 258.3638, 352.8154]}, "42": {"type": "S", "Isotropic": 241.875, "Anisotropy": 219.5982, "tensor": [], "eigenvalues": [105.4979, 231.8534, 388.2739]}, "43": {"type": "O", "Isotropic": 156.2783, "Anisotropy": 112.5826, "tensor": [[3.0556, 103.9862, 22.2414], [24.7174, 52.3098, 155.4611]], "eigenvalues": [77.2035, 160.298, 231.3333]}, "44": {"type": "O", "Isotropic": 137.2037, "Anisotropy": 19.4482, "tensor": [], "eigenvalues": [118.0619, 143.38, 150.1691]}, "45": {"type": "C", "Isotropic": 73.9789, "Anisotropy": 8.9287, "tensor": [], "eigenvalues": [63.5261, 78.4791, 79.9314]}, "46": {"type": "F", "Isotropic": 272.0858, "Anisotropy": 102.0453, "tensor": [[53.046, 2.976, 296.0992]], "eigenvalues": [213.3415, 262.7999, 340.116]}, "47": {"type": "F", "Isotropic": 274.1992, "Anisotropy": 120.8261, "tensor": [], "eigenvalues": [208.8843, 258.9633, 354.7499]}, "48": {"type": "F", "Isotropic": 273.9464, "Anisotropy": 116.3562, "tensor": [[22.3246, 222.1861, 2.5747]], "eigenvalues": [214.1422, 256.1799, 351.5172]}}}}, "functional": "wB97X", "basis": "6-31+G*", "phase": "solution", "type": "scrf;nmr", "smiles": "[Mg].O(C)CCOC.O(C)CCOC.[N](S(=O)(=O)C(F)(F)F)S(=O)(=O)C(F)(F)F", "formula": "Mg1 H20 C10 S2 N1 O8 F6", "formula_pretty": "MgH20C10S2N(O4F3)2", "formula_anonymous": "ABC2D6E8F10G20", "formula_alphabetical": "C10 F6 H20 Mg1 N1 O8 S2", "chemsys": "C-F-H-Mg-N-O-S", "nsites": 48, "nelements": 7, "is_ordered": true, "is_valid": true, "tag": "oplsd_6", "wall_time (s)": 393.93576135486364, "last_updated": "2020-12-25T22:55:17.903678", "_id": null}