{"input": {"molecule": {"charge": 0, "spin_multiplicity": 1, "sites": [{"name": "O", "species": [{"element": "O", "occu": 1}], "xyz": [1.409104, -0.791793, 0.347019], "properties": {}}, {"name": "C", "species": [{"element": "C", "occu": 1}], "xyz": [2.688619, -0.274968, 0.051547], "properties": {}}, {"name": "C", "species": [{"element": "C", "occu": 1}], "xyz": [0.442299, 0.226866, 0.501012], "properties": {}}, {"name": "C", "species": [{"element": "C", "occu": 1}], "xyz": [-0.863374, -0.437798, 0.893895], "properties": {}}, {"name": "O", "species": [{"element": "O", "occu": 1}], "xyz": [-1.858263, 0.561486, 0.973318], "properties": {}}, {"name": "C", "species": [{"element": "C", "occu": 1}], "xyz": [-3.11415, 0.033179, 1.34896], "properties": {}}, {"name": "H", "species": [{"element": "H", "occu": 1}], "xyz": [3.051553, 0.371579, 0.864939], "properties": {}}, {"name": "H", "species": [{"element": "H", "occu": 1}], "xyz": [2.675238, 0.304635, -0.884495], "properties": {}}, {"name": "H", "species": [{"element": "H", "occu": 1}], "xyz": [0.311737, 0.778498, -0.444363], "properties": {}}, {"name": "H", "species": [{"element": "H", "occu": 1}], "xyz": [0.761176, 0.943112, 1.273925], "properties": {}}, {"name": "H", "species": [{"element": "H", "occu": 1}], "xyz": [-0.751137, -0.946604, 1.86399], "properties": {}}, {"name": "H", "species": [{"element": "H", "occu": 1}], "xyz": [-1.138528, -1.193387, 0.141287], "properties": {}}, {"name": "H", "species": [{"element": "H", "occu": 1}], "xyz": [-3.071261, -0.406385, 2.356116], "properties": {}}, {"name": "H", "species": [{"element": "H", "occu": 1}], "xyz": [-3.442615, -0.739888, 0.638301], "properties": {}}, {"name": "H", "species": [{"element": "H", "occu": 1}], "xyz": [-3.837951, 0.853273, 1.342339], "properties": {}}, {"name": "H", "species": [{"element": "H", "occu": 1}], "xyz": [3.363279, -1.126996, -0.061865], "properties": {}}, {"name": "H", "species": [{"element": "H", "occu": 1}], "xyz": [3.251398, 2.866021, 0.211047], "properties": {}}, {"name": "H", "species": [{"element": "H", "occu": 1}], "xyz": [-2.971412, 3.114208, 0.98573], "properties": {}}, {"name": "H", "species": [{"element": "H", "occu": 1}], "xyz": [0.92457, 3.329204, -0.222009], "properties": {}}, {"name": "H", "species": [{"element": "H", "occu": 1}], "xyz": [-0.723627, 2.77975, 1.573627], "properties": {}}, {"name": "C", "species": [{"element": "C", "occu": 1}], "xyz": [0.900808, 3.911386, 0.71371], "properties": {}}, {"name": "C", "species": [{"element": "C", "occu": 1}], "xyz": [-2.738069, 4.181437, 0.851437], "properties": {}}, {"name": "C", "species": [{"element": "C", "occu": 1}], "xyz": [3.155455, 3.43946, 1.145081], "properties": {}}, {"name": "C", "species": [{"element": "C", "occu": 1}], "xyz": [-0.477207, 3.82603, 1.339909], "properties": {}}, {"name": "O", "species": [{"element": "O", "occu": 1}], "xyz": [-1.406579, 4.346717, 0.411149], "properties": {}}, {"name": "O", "species": [{"element": "O", "occu": 1}], "xyz": [1.831604, 3.392247, 1.638884], "properties": {}}, {"name": "H", "species": [{"element": "H", "occu": 1}], "xyz": [-3.396306, 4.606666, 0.089303], "properties": {}}, {"name": "H", "species": [{"element": "H", "occu": 1}], "xyz": [3.807585, 3.00202, 1.903862], "properties": {}}, {"name": "H", "species": [{"element": "H", "occu": 1}], "xyz": [1.143257, 4.957623, 0.4689], "properties": {}}, {"name": "H", "species": [{"element": "H", "occu": 1}], "xyz": [-0.503595, 4.40744, 2.275352], "properties": {}}, {"name": "H", "species": [{"element": "H", "occu": 1}], "xyz": [3.471084, 4.474613, 0.951618], "properties": {}}, {"name": "H", "species": [{"element": "H", "occu": 1}], "xyz": [-2.904289, 4.703753, 1.806765], "properties": {}}, {"name": "H", "species": [{"element": "H", "occu": 1}], "xyz": [7.138533, -1.595936, -1.237432], "properties": {}}, {"name": "O", "species": [{"element": "O", "occu": 1}], "xyz": [7.009268, 0.380341, -0.809547], "properties": {}}, {"name": "H", "species": [{"element": "H", "occu": 1}], "xyz": [7.756703, 2.598988, 0.362535], "properties": {}}, {"name": "C", "species": [{"element": "C", "occu": 1}], "xyz": [6.388328, -0.885673, -0.883956], "properties": {}}, {"name": "H", "species": [{"element": "H", "occu": 1}], "xyz": [6.024206, -1.204617, 0.103982], "properties": {}}, {"name": "C", "species": [{"element": "C", "occu": 1}], "xyz": [6.897598, 2.691565, -0.320129], "properties": {}}, {"name": "H", "species": [{"element": "H", "occu": 1}], "xyz": [7.281728, 2.933599, -1.323391], "properties": {}}, {"name": "H", "species": [{"element": "H", "occu": 1}], "xyz": [7.481591, 4.945807, 0.909114], "properties": {}}, {"name": "C", "species": [{"element": "C", "occu": 1}], "xyz": [6.12715, 1.385885, -0.361915], "properties": {}}, {"name": "H", "species": [{"element": "H", "occu": 1}], "xyz": [5.543925, -0.869742, -1.589118], "properties": {}}, {"name": "C", "species": [{"element": "C", "occu": 1}], "xyz": [6.637309, 4.962913, 0.204781], "properties": {}}, {"name": "H", "species": [{"element": "H", "occu": 1}], "xyz": [7.002228, 5.283663, -0.781716], "properties": {}}, {"name": "H", "species": [{"element": "H", "occu": 1}], "xyz": [5.742005, 1.143549, 0.642004], "properties": {}}, {"name": "O", "species": [{"element": "O", "occu": 1}], "xyz": [6.015393, 3.697145, 0.128198], "properties": {}}, {"name": "H", "species": [{"element": "H", "occu": 1}], "xyz": [5.267633, 1.478197, -1.045932], "properties": {}}, {"name": "H", "species": [{"element": "H", "occu": 1}], "xyz": [5.886062, 5.672352, 0.559704], "properties": {}}, {"name": "H", "species": [{"element": "H", "occu": 1}], "xyz": [-7.002295, 6.16781, 1.412693], "properties": {}}, {"name": "H", "species": [{"element": "H", "occu": 1}], "xyz": [-5.874976, 6.945465, 0.262947], "properties": {}}, {"name": "C", "species": [{"element": "C", "occu": 1}], "xyz": [-6.030692, 6.077001, 0.906155], "properties": {}}, {"name": "H", "species": [{"element": "H", "occu": 1}], "xyz": [-7.17212, 3.750086, 1.310667], "properties": {}}, {"name": "O", "species": [{"element": "O", "occu": 1}], "xyz": [-5.994769, 4.931029, 0.080644], "properties": {}}, {"name": "H", "species": [{"element": "H", "occu": 1}], "xyz": [-5.235523, 6.04051, 1.665707], "properties": {}}, {"name": "C", "species": [{"element": "C", "occu": 1}], "xyz": [-6.192239, 3.738715, 0.808656], "properties": {}}, {"name": "H", "species": [{"element": "H", "occu": 1}], "xyz": [-6.908659, 2.689504, -0.93348], "properties": {}}, {"name": "C", "species": [{"element": "C", "occu": 1}], "xyz": [-6.121955, 2.583139, -0.170491], "properties": {}}, {"name": "H", "species": [{"element": "H", "occu": 1}], "xyz": [-5.416019, 3.624938, 1.583409], "properties": {}}, {"name": "O", "species": [{"element": "O", "occu": 1}], "xyz": [-6.298122, 1.387519, 0.558864], "properties": {}}, {"name": "H", "species": [{"element": "H", "occu": 1}], "xyz": [-7.156193, 0.29256, -0.984129], "properties": {}}, {"name": "H", "species": [{"element": "H", "occu": 1}], "xyz": [-5.146632, 2.580759, -0.683722], "properties": {}}, {"name": "C", "species": [{"element": "C", "occu": 1}], "xyz": [-6.314504, 0.249303, -0.27809], "properties": {}}, {"name": "H", "species": [{"element": "H", "occu": 1}], "xyz": [-6.426469, -0.625979, 0.365721], "properties": {}}, {"name": "H", "species": [{"element": "H", "occu": 1}], "xyz": [-5.377067, 0.164622, -0.847485], "properties": {}}]}, "functional": "wB97X", "basis_set": "6-31+G*", "route_parameters": {"NMR": "GIAO", "iop(7/33=1)": null, "int": "ultrafine", "NoSymmetry": null, "test": null, "SCRF": "(Solvent=TetraHydroFuran)"}, "title": "H40 C16 O8", "charge": 0, "spin_multiplicity": 1, "input_parameters": {}, "link0_parameters": {"%chk": "checkpoint.chk", "%mem": "100GB", "%NProcShared": "28"}, "dieze_tag": "#P", "nbasisfunctions": 536, "pcm_parameters": {}}, "output": {"has_gaussian_completed": true, "is_pcm": true, "errors": [], "Mulliken_charges": {"1": ["O", -0.449512], "2": ["C", -0.370153], "3": ["C", -0.088568], "4": ["C", -0.34531], "5": ["O", -0.416881], "6": ["C", -0.390179], "7": ["H", 0.206671], "8": ["H", 0.205166], "9": ["H", 0.205915], "10": ["H", 0.219409], "11": ["H", 0.202282], "12": ["H", 0.200357], "13": ["H", 0.200681], "14": ["H", 0.190719], "15": ["H", 0.228315], "16": ["H", 0.210764], "17": ["H", 0.204693], "18": ["H", 0.199809], "19": ["H", 0.213379], "20": ["H", 0.219899], "21": ["C", -0.258495], "22": ["C", -0.364231], "23": ["C", -0.475316], "24": ["C", -0.274221], "25": ["O", -0.381338], "26": ["O", -0.38521], "27": ["H", 0.234903], "28": ["H", 0.224152], "29": ["H", 0.202475], "30": ["H", 0.198096], "31": ["H", 0.200143], "32": ["H", 0.19415], "33": ["H", 0.216053], "34": ["O", -0.440886], "35": ["H", 0.201436], "36": ["C", -0.296948], "37": ["H", 0.20071], "38": ["C", -0.291204], "39": ["H", 0.201828], "40": ["H", 0.197592], "41": ["C", -0.183364], "42": ["H", 0.198484], "43": ["C", -0.33779], "44": ["H", 0.19644], "45": ["H", 0.207839], "46": ["O", -0.427846], "47": ["H", 0.203078], "48": ["H", 0.210894], "49": ["H", 0.198526], "50": ["H", 0.21648], "51": ["C", -0.340872], "52": ["H", 0.207747], "53": ["O", -0.391076], "54": ["H", 0.195015], "55": ["C", -0.346512], "56": ["H", 0.205665], "57": ["C", -0.249906], "58": ["H", 0.20691], "59": ["O", -0.398271], "60": ["H", 0.199542], "61": ["H", 0.21782], "62": ["C", -0.360332], "63": ["H", 0.216987], "64": ["H", 0.203403]}, "tensor": {"1": {"type": "O", "Isotropic": 330.2973, "Anisotropy": 30.9441, "tensor": [], "eigenvalues": [303.8103, 336.1549, 350.9267]}, "2": {"type": "C", "Isotropic": 137.8984, "Anisotropy": 83.9269, "tensor": [], "eigenvalues": [108.7764, 111.0691, 193.8497]}, "3": {"type": "C", "Isotropic": 128.3854, "Anisotropy": 78.0543, "tensor": [], "eigenvalues": [96.4237, 108.311, 180.4216]}, "4": {"type": "C", "Isotropic": 127.0328, "Anisotropy": 77.915, "tensor": [], "eigenvalues": [94.2447, 107.8777, 178.9761]}, "5": {"type": "O", "Isotropic": 326.9475, "Anisotropy": 32.603, "tensor": [], "eigenvalues": [303.6014, 328.5582, 348.6828]}, "6": {"type": "C", "Isotropic": 139.5901, "Anisotropy": 84.3385, "tensor": [], "eigenvalues": [111.0553, 111.8991, 195.8158]}, "7": {"type": "H", "Isotropic": 28.6482, "Anisotropy": 8.4585, "tensor": [[32.5721, 4.0397, 1.7444], [1.9818, 28.1805, 1.8737]], "eigenvalues": [24.7678, 26.8896, 34.2871]}, "8": {"type": "H", "Isotropic": 28.6604, "Anisotropy": 7.8862, "tensor": [], "eigenvalues": [25.6818, 26.3816, 33.9178]}, "9": {"type": "H", "Isotropic": 28.4751, "Anisotropy": 4.2773, "tensor": [], "eigenvalues": [26.2327, 27.8659, 31.3266]}, "10": {"type": "H", "Isotropic": 28.2406, "Anisotropy": 6.2048, "tensor": [[0.8294, 31.4175, 3.235]], "eigenvalues": [23.2444, 29.1003, 32.3772]}, "11": {"type": "H", "Isotropic": 28.5036, "Anisotropy": 4.9689, "tensor": [], "eigenvalues": [25.0016, 28.6929, 31.8162]}, "12": {"type": "H", "Isotropic": 28.593, "Anisotropy": 5.0697, "tensor": [[0.0165, 29.8263, 3.4208]], "eigenvalues": [24.575, 29.2312, 31.9729]}, "13": {"type": "H", "Isotropic": 28.7791, "Anisotropy": 8.0336, "tensor": [], "eigenvalues": [25.0397, 27.1627, 34.1348]}, "14": {"type": "H", "Isotropic": 28.7733, "Anisotropy": 8.796, "tensor": [[32.8376, 3.9034, 2.6706], [1.8774, 28.0133, 1.5083]], "eigenvalues": [25.0139, 26.6687, 34.6373]}, "15": {"type": "H", "Isotropic": 28.1313, "Anisotropy": 11.3645, "tensor": [], "eigenvalues": [22.6116, 26.0745, 35.7076]}, "16": {"type": "H", "Isotropic": 28.318, "Anisotropy": 10.7642, "tensor": [[0.0443, 26.8102, 0.1098]], "eigenvalues": [22.896, 26.564, 35.4941]}, "17": {"type": "H", "Isotropic": 28.9698, "Anisotropy": 9.852, "tensor": [], "eigenvalues": [23.0212, 28.3504, 35.5377]}, "18": {"type": "H", "Isotropic": 28.7149, "Anisotropy": 8.5172, "tensor": [[0.5927, 30.6013, 0.265]], "eigenvalues": [22.3329, 29.4188, 34.3931]}, "19": {"type": "H", "Isotropic": 28.6159, "Anisotropy": 2.9186, "tensor": [[0.4906, 1.6807, 28.4588]], "eigenvalues": [26.7284, 28.5576, 30.5616]}, "20": {"type": "H", "Isotropic": 28.3192, "Anisotropy": 6.1677, "tensor": [[0.7622, 32.3441, 0.1252]], "eigenvalues": [23.0416, 29.485, 32.4309]}, "21": {"type": "C", "Isotropic": 127.3784, "Anisotropy": 76.8161, "tensor": [], "eigenvalues": [97.165, 106.381, 178.5891]}, "22": {"type": "C", "Isotropic": 139.4936, "Anisotropy": 85.2146, "tensor": [], "eigenvalues": [107.9049, 114.2727, 196.3034]}, "23": {"type": "C", "Isotropic": 136.1551, "Anisotropy": 88.987, "tensor": [[2.0115, 107.8015, 0.6159]], "eigenvalues": [104.6216, 108.3638, 195.4797]}, "24": {"type": "C", "Isotropic": 128.4592, "Anisotropy": 76.5943, "tensor": [], "eigenvalues": [98.3111, 107.5443, 179.522]}, "25": {"type": "O", "Isotropic": 331.2568, "Anisotropy": 26.2861, "tensor": [], "eigenvalues": [306.8759, 338.1137, 348.7809]}, "26": {"type": "O", "Isotropic": 326.0394, "Anisotropy": 18.2519, "tensor": [], "eigenvalues": [305.1745, 334.7363, 338.2073]}, "27": {"type": "H", "Isotropic": 28.2087, "Anisotropy": 12.9545, "tensor": [], "eigenvalues": [22.8715, 24.9095, 36.845]}, "28": {"type": "H", "Isotropic": 28.4708, "Anisotropy": 9.743, "tensor": [], "eigenvalues": [24.6888, 25.7575, 34.9662]}, "29": {"type": "H", "Isotropic": 28.5945, "Anisotropy": 4.7219, "tensor": [], "eigenvalues": [24.5374, 29.5036, 31.7424]}, "30": {"type": "H", "Isotropic": 28.6322, "Anisotropy": 4.3396, "tensor": [[0.8393, 2.9385, 29.5313]], "eigenvalues": [25.0939, 29.2776, 31.5253]}, "31": {"type": "H", "Isotropic": 28.8594, "Anisotropy": 10.6716, "tensor": [[1.8261, 28.3016, 0.6606]], "eigenvalues": [23.205, 27.3995, 35.9739]}, "32": {"type": "H", "Isotropic": 28.772, "Anisotropy": 8.822, "tensor": [], "eigenvalues": [24.362, 27.3007, 34.6533]}, "33": {"type": "H", "Isotropic": 28.4157, "Anisotropy": 9.0346, "tensor": [], "eigenvalues": [24.11, 26.6983, 34.4387]}, "34": {"type": "O", "Isotropic": 330.0461, "Anisotropy": 32.0369, "tensor": [[0.7601, 334.7441, 5.6034]], "eigenvalues": [305.1153, 333.619, 351.404]}, "35": {"type": "H", "Isotropic": 28.6903, "Anisotropy": 5.1316, "tensor": [[0.862, 1.0262, 25.9941]], "eigenvalues": [25.2106, 28.749, 32.1114]}, "36": {"type": "C", "Isotropic": 139.1884, "Anisotropy": 81.719, "tensor": [[123.4442, 29.2736, 2.6543], [26.6297, 181.9765, 6.3245], [1.9159, 5.4281, 112.1445]], "eigenvalues": [111.6498, 112.2477, 193.6677]}, "37": {"type": "H", "Isotropic": 28.8841, "Anisotropy": 6.7673, "tensor": [], "eigenvalues": [25.8195, 27.4372, 33.3957]}, "38": {"type": "C", "Isotropic": 127.6263, "Anisotropy": 76.3909, "tensor": [], "eigenvalues": [95.9272, 108.3981, 178.5535]}, "39": {"type": "H", "Isotropic": 28.674, "Anisotropy": 5.0153, "tensor": [], "eigenvalues": [25.2946, 28.7099, 32.0176]}, "40": {"type": "H", "Isotropic": 28.8926, "Anisotropy": 9.1604, "tensor": [[29.6382, 2.7628, 3.0431], [5.0743, 29.5186, 2.762], [2.3096, 1.3444, 27.5211]], "eigenvalues": [25.4186, 26.2598, 34.9996]}, "41": {"type": "C", "Isotropic": 127.3426, "Anisotropy": 76.5915, "tensor": [], "eigenvalues": [95.877, 107.7472, 178.4036]}, "42": {"type": "H", "Isotropic": 28.9323, "Anisotropy": 6.7934, "tensor": [[30.0182, 1.2324, 1.5548], [4.1037, 29.1544, 2.9585], [1.1906, 1.7976, 27.6242]], "eigenvalues": [25.8053, 27.5303, 33.4612]}, "43": {"type": "C", "Isotropic": 139.9823, "Anisotropy": 84.772, "tensor": [[123.7795, 31.3353, 3.0066], [27.6872, 183.9203, 6.5787], [2.3499, 5.458, 112.247]], "eigenvalues": [111.5233, 111.9266, 196.4969]}, "44": {"type": "H", "Isotropic": 28.9038, "Anisotropy": 9.0685, "tensor": [], "eigenvalues": [25.4416, 26.3204, 34.9495]}, "45": {"type": "H", "Isotropic": 28.7965, "Anisotropy": 4.8784, "tensor": [], "eigenvalues": [26.1101, 28.2305, 32.0487]}, "46": {"type": "O", "Isotropic": 328.9729, "Anisotropy": 34.4049, "tensor": [[1.6923, 328.8052, 4.0315]], "eigenvalues": [306.0259, 328.9834, 351.9095]}, "47": {"type": "H", "Isotropic": 28.8361, "Anisotropy": 5.0504, "tensor": [], "eigenvalues": [25.7844, 28.5209, 32.2031]}, "48": {"type": "H", "Isotropic": 28.5031, "Anisotropy": 8.2341, "tensor": [], "eigenvalues": [23.7598, 27.7569, 33.9924]}, "49": {"type": "H", "Isotropic": 28.8718, "Anisotropy": 9.1956, "tensor": [], "eigenvalues": [24.8951, 26.7181, 35.0022]}, "50": {"type": "H", "Isotropic": 28.4534, "Anisotropy": 9.2162, "tensor": [[0.0027, 0.992, 25.5981]], "eigenvalues": [25.1701, 25.5926, 34.5975]}, "51": {"type": "C", "Isotropic": 139.7484, "Anisotropy": 83.009, "tensor": [], "eigenvalues": [110.6009, 113.5565, 195.0877]}, "52": {"type": "H", "Isotropic": 28.6339, "Anisotropy": 4.8504, "tensor": [], "eigenvalues": [25.0485, 28.9856, 31.8675]}, "53": {"type": "O", "Isotropic": 329.1906, "Anisotropy": 26.0971, "tensor": [], "eigenvalues": [309.1457, 331.8375, 346.5887]}, "54": {"type": "H", "Isotropic": 28.9743, "Anisotropy": 6.6723, "tensor": [[1.1052, 29.192, 5.072], [2.6691, 3.0763, 28.4487]], "eigenvalues": [24.2995, 29.201, 33.4226]}, "55": {"type": "C", "Isotropic": 127.939, "Anisotropy": 75.5326, "tensor": [], "eigenvalues": [98.9674, 106.5555, 178.294]}, "56": {"type": "H", "Isotropic": 28.6005, "Anisotropy": 4.8975, "tensor": [[27.9381, 0.0597, 2.4719]], "eigenvalues": [25.0239, 28.9121, 31.8654]}, "57": {"type": "C", "Isotropic": 127.8199, "Anisotropy": 76.293, "tensor": [], "eigenvalues": [98.4784, 106.2995, 178.6819]}, "58": {"type": "H", "Isotropic": 29.0683, "Anisotropy": 3.5234, "tensor": [[30.1527, 0.0347, 0.7363]], "eigenvalues": [26.5903, 29.1975, 31.4173]}, "59": {"type": "O", "Isotropic": 329.2451, "Anisotropy": 24.293, "tensor": [], "eigenvalues": [308.3012, 333.9937, 345.4404]}, "60": {"type": "H", "Isotropic": 28.772, "Anisotropy": 8.9805, "tensor": [[29.2298, 1.31, 2.7017], [2.8102, 28.6061, 4.7158], [3.7686, 2.5936, 28.4803]], "eigenvalues": [24.6188, 26.9382, 34.7591]}, "61": {"type": "H", "Isotropic": 28.5296, "Anisotropy": 4.0201, "tensor": [], "eigenvalues": [25.9996, 28.3794, 31.2096]}, "62": {"type": "C", "Isotropic": 139.1327, "Anisotropy": 81.2432, "tensor": [[113.7869, 1.5401, 2.6849], [1.3102, 171.0676, 34.8628], [1.8702, 38.4677, 132.5436]], "eigenvalues": [109.994, 114.1093, 193.2949]}, "63": {"type": "H", "Isotropic": 28.5926, "Anisotropy": 8.5817, "tensor": [[26.4793, 1.315, 0.4744], [0.1868, 1.2157, 25.2775]], "eigenvalues": [25.1748, 26.2893, 34.3137]}, "64": {"type": "H", "Isotropic": 28.7922, "Anisotropy": 6.6621, "tensor": [], "eigenvalues": [24.3191, 28.8239, 33.2336]}}, "output": {"energies": [-1235.17803948], "final_energy": -1235.17803948, "final_energy_per_atom": -19.299656866875, "molecule": {"charge": 0.0, "spin_multiplicity": 1, "sites": [{"name": "O", "species": [{"element": "O", "occu": 1}], "xyz": [1.409104, -0.791793, 0.347019], "properties": {}}, {"name": "C", "species": [{"element": "C", "occu": 1}], "xyz": [2.688619, -0.274968, 0.051547], "properties": {}}, {"name": "C", "species": [{"element": "C", "occu": 1}], "xyz": [0.442299, 0.226866, 0.501012], "properties": {}}, {"name": "C", "species": [{"element": "C", "occu": 1}], "xyz": [-0.863374, -0.437798, 0.893895], "properties": {}}, {"name": "O", "species": [{"element": "O", "occu": 1}], "xyz": [-1.858263, 0.561486, 0.973318], "properties": {}}, {"name": "C", "species": [{"element": "C", "occu": 1}], "xyz": [-3.11415, 0.033179, 1.34896], "properties": {}}, {"name": "H", "species": [{"element": "H", "occu": 1}], "xyz": [3.051553, 0.371579, 0.864939], "properties": {}}, {"name": "H", "species": [{"element": "H", "occu": 1}], "xyz": [2.675238, 0.304635, -0.884495], "properties": {}}, {"name": "H", "species": [{"element": "H", "occu": 1}], "xyz": [0.311737, 0.778498, -0.444363], "properties": {}}, {"name": "H", "species": [{"element": "H", "occu": 1}], "xyz": [0.761176, 0.943112, 1.273925], "properties": {}}, {"name": "H", "species": [{"element": "H", "occu": 1}], "xyz": [-0.751137, -0.946604, 1.86399], "properties": {}}, {"name": "H", "species": [{"element": "H", "occu": 1}], "xyz": [-1.138528, -1.193387, 0.141287], "properties": {}}, {"name": "H", "species": [{"element": "H", "occu": 1}], "xyz": [-3.071261, -0.406385, 2.356116], "properties": {}}, {"name": "H", "species": [{"element": "H", "occu": 1}], "xyz": [-3.442615, -0.739888, 0.638301], "properties": {}}, {"name": "H", "species": [{"element": "H", "occu": 1}], "xyz": [-3.837951, 0.853273, 1.342339], "properties": {}}, {"name": "H", "species": [{"element": "H", "occu": 1}], "xyz": [3.363279, -1.126996, -0.061865], "properties": {}}, {"name": "H", "species": [{"element": "H", "occu": 1}], "xyz": [3.251398, 2.866021, 0.211047], "properties": {}}, {"name": "H", "species": [{"element": "H", "occu": 1}], "xyz": [-2.971412, 3.114208, 0.98573], "properties": {}}, {"name": "H", "species": [{"element": "H", "occu": 1}], "xyz": [0.92457, 3.329204, -0.222009], "properties": {}}, {"name": "H", "species": [{"element": "H", "occu": 1}], "xyz": [-0.723627, 2.77975, 1.573627], "properties": {}}, {"name": "C", "species": [{"element": "C", "occu": 1}], "xyz": [0.900808, 3.911386, 0.71371], "properties": {}}, {"name": "C", "species": [{"element": "C", "occu": 1}], "xyz": [-2.738069, 4.181437, 0.851437], "properties": {}}, {"name": "C", "species": [{"element": "C", "occu": 1}], "xyz": [3.155455, 3.43946, 1.145081], "properties": {}}, {"name": "C", "species": [{"element": "C", "occu": 1}], "xyz": [-0.477207, 3.82603, 1.339909], "properties": {}}, {"name": "O", "species": [{"element": "O", "occu": 1}], "xyz": [-1.406579, 4.346717, 0.411149], "properties": {}}, {"name": "O", "species": [{"element": "O", "occu": 1}], "xyz": [1.831604, 3.392247, 1.638884], "properties": {}}, {"name": "H", "species": [{"element": "H", "occu": 1}], "xyz": [-3.396306, 4.606666, 0.089303], "properties": {}}, {"name": "H", "species": [{"element": "H", "occu": 1}], "xyz": [3.807585, 3.00202, 1.903862], "properties": {}}, {"name": "H", "species": [{"element": "H", "occu": 1}], "xyz": [1.143257, 4.957623, 0.4689], "properties": {}}, {"name": "H", "species": [{"element": "H", "occu": 1}], "xyz": [-0.503595, 4.40744, 2.275352], "properties": {}}, {"name": "H", "species": [{"element": "H", "occu": 1}], "xyz": [3.471084, 4.474613, 0.951618], "properties": {}}, {"name": "H", "species": [{"element": "H", "occu": 1}], "xyz": [-2.904289, 4.703753, 1.806765], "properties": {}}, {"name": "H", "species": [{"element": "H", "occu": 1}], "xyz": [7.138533, -1.595936, -1.237432], "properties": {}}, {"name": "O", "species": [{"element": "O", "occu": 1}], "xyz": [7.009268, 0.380341, -0.809547], "properties": {}}, {"name": "H", "species": [{"element": "H", "occu": 1}], "xyz": [7.756703, 2.598988, 0.362535], "properties": {}}, {"name": "C", "species": [{"element": "C", "occu": 1}], "xyz": [6.388328, -0.885673, -0.883956], "properties": {}}, {"name": "H", "species": [{"element": "H", "occu": 1}], "xyz": [6.024206, -1.204617, 0.103982], "properties": {}}, {"name": "C", "species": [{"element": "C", "occu": 1}], "xyz": [6.897598, 2.691565, -0.320129], "properties": {}}, {"name": "H", "species": [{"element": "H", "occu": 1}], "xyz": [7.281728, 2.933599, -1.323391], "properties": {}}, {"name": "H", "species": [{"element": "H", "occu": 1}], "xyz": [7.481591, 4.945807, 0.909114], "properties": {}}, {"name": "C", "species": [{"element": "C", "occu": 1}], "xyz": [6.12715, 1.385885, -0.361915], "properties": {}}, {"name": "H", "species": [{"element": "H", "occu": 1}], "xyz": [5.543925, -0.869742, -1.589118], "properties": {}}, {"name": "C", "species": [{"element": "C", "occu": 1}], "xyz": [6.637309, 4.962913, 0.204781], "properties": {}}, {"name": "H", "species": [{"element": "H", "occu": 1}], "xyz": [7.002228, 5.283663, -0.781716], "properties": {}}, {"name": "H", "species": [{"element": "H", "occu": 1}], "xyz": [5.742005, 1.143549, 0.642004], "properties": {}}, {"name": "O", "species": [{"element": "O", "occu": 1}], "xyz": [6.015393, 3.697145, 0.128198], "properties": {}}, {"name": "H", "species": [{"element": "H", "occu": 1}], "xyz": [5.267633, 1.478197, -1.045932], "properties": {}}, {"name": "H", "species": [{"element": "H", "occu": 1}], "xyz": [5.886062, 5.672352, 0.559704], "properties": {}}, {"name": "H", "species": [{"element": "H", "occu": 1}], "xyz": [-7.002295, 6.16781, 1.412693], "properties": {}}, {"name": "H", "species": [{"element": "H", "occu": 1}], "xyz": [-5.874976, 6.945465, 0.262947], "properties": {}}, {"name": "C", "species": [{"element": "C", "occu": 1}], "xyz": [-6.030692, 6.077001, 0.906155], "properties": {}}, {"name": "H", "species": [{"element": "H", "occu": 1}], "xyz": [-7.17212, 3.750086, 1.310667], "properties": {}}, {"name": "O", "species": [{"element": "O", "occu": 1}], "xyz": [-5.994769, 4.931029, 0.080644], "properties": {}}, {"name": "H", "species": [{"element": "H", "occu": 1}], "xyz": [-5.235523, 6.04051, 1.665707], "properties": {}}, {"name": "C", "species": [{"element": "C", "occu": 1}], "xyz": [-6.192239, 3.738715, 0.808656], "properties": {}}, {"name": "H", "species": [{"element": "H", "occu": 1}], "xyz": [-6.908659, 2.689504, -0.93348], "properties": {}}, {"name": "C", "species": [{"element": "C", "occu": 1}], "xyz": [-6.121955, 2.583139, -0.170491], "properties": {}}, {"name": "H", "species": [{"element": "H", "occu": 1}], "xyz": [-5.416019, 3.624938, 1.583409], "properties": {}}, {"name": "O", "species": [{"element": "O", "occu": 1}], "xyz": [-6.298122, 1.387519, 0.558864], "properties": {}}, {"name": "H", "species": [{"element": "H", "occu": 1}], "xyz": [-7.156193, 0.29256, -0.984129], "properties": {}}, {"name": "H", "species": [{"element": "H", "occu": 1}], "xyz": [-5.146632, 2.580759, -0.683722], "properties": {}}, {"name": "C", "species": [{"element": "C", "occu": 1}], "xyz": [-6.314504, 0.249303, -0.27809], "properties": {}}, {"name": "H", "species": [{"element": "H", "occu": 1}], "xyz": [-6.426469, -0.625979, 0.365721], "properties": {}}, {"name": "H", "species": [{"element": "H", "occu": 1}], "xyz": [-5.377067, 0.164622, -0.847485], "properties": {}}]}, "stationary_type": "Minimum", "corrections": {}, "tensor": {"1": {"type": "O", "Isotropic": 330.2973, "Anisotropy": 30.9441, "tensor": [], "eigenvalues": [303.8103, 336.1549, 350.9267]}, "2": {"type": "C", "Isotropic": 137.8984, "Anisotropy": 83.9269, "tensor": [], "eigenvalues": [108.7764, 111.0691, 193.8497]}, "3": {"type": "C", "Isotropic": 128.3854, "Anisotropy": 78.0543, "tensor": [], "eigenvalues": [96.4237, 108.311, 180.4216]}, "4": {"type": "C", "Isotropic": 127.0328, "Anisotropy": 77.915, "tensor": [], "eigenvalues": [94.2447, 107.8777, 178.9761]}, "5": {"type": "O", "Isotropic": 326.9475, "Anisotropy": 32.603, "tensor": [], "eigenvalues": [303.6014, 328.5582, 348.6828]}, "6": {"type": "C", "Isotropic": 139.5901, "Anisotropy": 84.3385, "tensor": [], "eigenvalues": [111.0553, 111.8991, 195.8158]}, "7": {"type": "H", "Isotropic": 28.6482, "Anisotropy": 8.4585, "tensor": [[32.5721, 4.0397, 1.7444], [1.9818, 28.1805, 1.8737]], "eigenvalues": [24.7678, 26.8896, 34.2871]}, "8": {"type": "H", "Isotropic": 28.6604, "Anisotropy": 7.8862, "tensor": [], "eigenvalues": [25.6818, 26.3816, 33.9178]}, "9": {"type": "H", "Isotropic": 28.4751, "Anisotropy": 4.2773, "tensor": [], "eigenvalues": [26.2327, 27.8659, 31.3266]}, "10": {"type": "H", "Isotropic": 28.2406, "Anisotropy": 6.2048, "tensor": [[0.8294, 31.4175, 3.235]], "eigenvalues": [23.2444, 29.1003, 32.3772]}, "11": {"type": "H", "Isotropic": 28.5036, "Anisotropy": 4.9689, "tensor": [], "eigenvalues": [25.0016, 28.6929, 31.8162]}, "12": {"type": "H", "Isotropic": 28.593, "Anisotropy": 5.0697, "tensor": [[0.0165, 29.8263, 3.4208]], "eigenvalues": [24.575, 29.2312, 31.9729]}, "13": {"type": "H", "Isotropic": 28.7791, "Anisotropy": 8.0336, "tensor": [], "eigenvalues": [25.0397, 27.1627, 34.1348]}, "14": {"type": "H", "Isotropic": 28.7733, "Anisotropy": 8.796, "tensor": [[32.8376, 3.9034, 2.6706], [1.8774, 28.0133, 1.5083]], "eigenvalues": [25.0139, 26.6687, 34.6373]}, "15": {"type": "H", "Isotropic": 28.1313, "Anisotropy": 11.3645, "tensor": [], "eigenvalues": [22.6116, 26.0745, 35.7076]}, "16": {"type": "H", "Isotropic": 28.318, "Anisotropy": 10.7642, "tensor": [[0.0443, 26.8102, 0.1098]], "eigenvalues": [22.896, 26.564, 35.4941]}, "17": {"type": "H", "Isotropic": 28.9698, "Anisotropy": 9.852, "tensor": [], "eigenvalues": [23.0212, 28.3504, 35.5377]}, "18": {"type": "H", "Isotropic": 28.7149, "Anisotropy": 8.5172, "tensor": [[0.5927, 30.6013, 0.265]], "eigenvalues": [22.3329, 29.4188, 34.3931]}, "19": {"type": "H", "Isotropic": 28.6159, "Anisotropy": 2.9186, "tensor": [[0.4906, 1.6807, 28.4588]], "eigenvalues": [26.7284, 28.5576, 30.5616]}, "20": {"type": "H", "Isotropic": 28.3192, "Anisotropy": 6.1677, "tensor": [[0.7622, 32.3441, 0.1252]], "eigenvalues": [23.0416, 29.485, 32.4309]}, "21": {"type": "C", "Isotropic": 127.3784, "Anisotropy": 76.8161, "tensor": [], "eigenvalues": [97.165, 106.381, 178.5891]}, "22": {"type": "C", "Isotropic": 139.4936, "Anisotropy": 85.2146, "tensor": [], "eigenvalues": [107.9049, 114.2727, 196.3034]}, "23": {"type": "C", "Isotropic": 136.1551, "Anisotropy": 88.987, "tensor": [[2.0115, 107.8015, 0.6159]], "eigenvalues": [104.6216, 108.3638, 195.4797]}, "24": {"type": "C", "Isotropic": 128.4592, "Anisotropy": 76.5943, "tensor": [], "eigenvalues": [98.3111, 107.5443, 179.522]}, "25": {"type": "O", "Isotropic": 331.2568, "Anisotropy": 26.2861, "tensor": [], "eigenvalues": [306.8759, 338.1137, 348.7809]}, "26": {"type": "O", "Isotropic": 326.0394, "Anisotropy": 18.2519, "tensor": [], "eigenvalues": [305.1745, 334.7363, 338.2073]}, "27": {"type": "H", "Isotropic": 28.2087, "Anisotropy": 12.9545, "tensor": [], "eigenvalues": [22.8715, 24.9095, 36.845]}, "28": {"type": "H", "Isotropic": 28.4708, "Anisotropy": 9.743, "tensor": [], "eigenvalues": [24.6888, 25.7575, 34.9662]}, "29": {"type": "H", "Isotropic": 28.5945, "Anisotropy": 4.7219, "tensor": [], "eigenvalues": [24.5374, 29.5036, 31.7424]}, "30": {"type": "H", "Isotropic": 28.6322, "Anisotropy": 4.3396, "tensor": [[0.8393, 2.9385, 29.5313]], "eigenvalues": [25.0939, 29.2776, 31.5253]}, "31": {"type": "H", "Isotropic": 28.8594, "Anisotropy": 10.6716, "tensor": [[1.8261, 28.3016, 0.6606]], "eigenvalues": [23.205, 27.3995, 35.9739]}, "32": {"type": "H", "Isotropic": 28.772, "Anisotropy": 8.822, "tensor": [], "eigenvalues": [24.362, 27.3007, 34.6533]}, "33": {"type": "H", "Isotropic": 28.4157, "Anisotropy": 9.0346, "tensor": [], "eigenvalues": [24.11, 26.6983, 34.4387]}, "34": {"type": "O", "Isotropic": 330.0461, "Anisotropy": 32.0369, "tensor": [[0.7601, 334.7441, 5.6034]], "eigenvalues": [305.1153, 333.619, 351.404]}, "35": {"type": "H", "Isotropic": 28.6903, "Anisotropy": 5.1316, "tensor": [[0.862, 1.0262, 25.9941]], "eigenvalues": [25.2106, 28.749, 32.1114]}, "36": {"type": "C", "Isotropic": 139.1884, "Anisotropy": 81.719, "tensor": [[123.4442, 29.2736, 2.6543], [26.6297, 181.9765, 6.3245], [1.9159, 5.4281, 112.1445]], "eigenvalues": [111.6498, 112.2477, 193.6677]}, "37": {"type": "H", "Isotropic": 28.8841, "Anisotropy": 6.7673, "tensor": [], "eigenvalues": [25.8195, 27.4372, 33.3957]}, "38": {"type": "C", "Isotropic": 127.6263, "Anisotropy": 76.3909, "tensor": [], "eigenvalues": [95.9272, 108.3981, 178.5535]}, "39": {"type": "H", "Isotropic": 28.674, "Anisotropy": 5.0153, "tensor": [], "eigenvalues": [25.2946, 28.7099, 32.0176]}, "40": {"type": "H", "Isotropic": 28.8926, "Anisotropy": 9.1604, "tensor": [[29.6382, 2.7628, 3.0431], [5.0743, 29.5186, 2.762], [2.3096, 1.3444, 27.5211]], "eigenvalues": [25.4186, 26.2598, 34.9996]}, "41": {"type": "C", "Isotropic": 127.3426, "Anisotropy": 76.5915, "tensor": [], "eigenvalues": [95.877, 107.7472, 178.4036]}, "42": {"type": "H", "Isotropic": 28.9323, "Anisotropy": 6.7934, "tensor": [[30.0182, 1.2324, 1.5548], [4.1037, 29.1544, 2.9585], [1.1906, 1.7976, 27.6242]], "eigenvalues": [25.8053, 27.5303, 33.4612]}, "43": {"type": "C", "Isotropic": 139.9823, "Anisotropy": 84.772, "tensor": [[123.7795, 31.3353, 3.0066], [27.6872, 183.9203, 6.5787], [2.3499, 5.458, 112.247]], "eigenvalues": [111.5233, 111.9266, 196.4969]}, "44": {"type": "H", "Isotropic": 28.9038, "Anisotropy": 9.0685, "tensor": [], "eigenvalues": [25.4416, 26.3204, 34.9495]}, "45": {"type": "H", "Isotropic": 28.7965, "Anisotropy": 4.8784, "tensor": [], "eigenvalues": [26.1101, 28.2305, 32.0487]}, "46": {"type": "O", "Isotropic": 328.9729, "Anisotropy": 34.4049, "tensor": [[1.6923, 328.8052, 4.0315]], "eigenvalues": [306.0259, 328.9834, 351.9095]}, "47": {"type": "H", "Isotropic": 28.8361, "Anisotropy": 5.0504, "tensor": [], "eigenvalues": [25.7844, 28.5209, 32.2031]}, "48": {"type": "H", "Isotropic": 28.5031, "Anisotropy": 8.2341, "tensor": [], "eigenvalues": [23.7598, 27.7569, 33.9924]}, "49": {"type": "H", "Isotropic": 28.8718, "Anisotropy": 9.1956, "tensor": [], "eigenvalues": [24.8951, 26.7181, 35.0022]}, "50": {"type": "H", "Isotropic": 28.4534, "Anisotropy": 9.2162, "tensor": [[0.0027, 0.992, 25.5981]], "eigenvalues": [25.1701, 25.5926, 34.5975]}, "51": {"type": "C", "Isotropic": 139.7484, "Anisotropy": 83.009, "tensor": [], "eigenvalues": [110.6009, 113.5565, 195.0877]}, "52": {"type": "H", "Isotropic": 28.6339, "Anisotropy": 4.8504, "tensor": [], "eigenvalues": [25.0485, 28.9856, 31.8675]}, "53": {"type": "O", "Isotropic": 329.1906, "Anisotropy": 26.0971, "tensor": [], "eigenvalues": [309.1457, 331.8375, 346.5887]}, "54": {"type": "H", "Isotropic": 28.9743, "Anisotropy": 6.6723, "tensor": [[1.1052, 29.192, 5.072], [2.6691, 3.0763, 28.4487]], "eigenvalues": [24.2995, 29.201, 33.4226]}, "55": {"type": "C", "Isotropic": 127.939, "Anisotropy": 75.5326, "tensor": [], "eigenvalues": [98.9674, 106.5555, 178.294]}, "56": {"type": "H", "Isotropic": 28.6005, "Anisotropy": 4.8975, "tensor": [[27.9381, 0.0597, 2.4719]], "eigenvalues": [25.0239, 28.9121, 31.8654]}, "57": {"type": "C", "Isotropic": 127.8199, "Anisotropy": 76.293, "tensor": [], "eigenvalues": [98.4784, 106.2995, 178.6819]}, "58": {"type": "H", "Isotropic": 29.0683, "Anisotropy": 3.5234, "tensor": [[30.1527, 0.0347, 0.7363]], "eigenvalues": [26.5903, 29.1975, 31.4173]}, "59": {"type": "O", "Isotropic": 329.2451, "Anisotropy": 24.293, "tensor": [], "eigenvalues": [308.3012, 333.9937, 345.4404]}, "60": {"type": "H", "Isotropic": 28.772, "Anisotropy": 8.9805, "tensor": [[29.2298, 1.31, 2.7017], [2.8102, 28.6061, 4.7158], [3.7686, 2.5936, 28.4803]], "eigenvalues": [24.6188, 26.9382, 34.7591]}, "61": {"type": "H", "Isotropic": 28.5296, "Anisotropy": 4.0201, "tensor": [], "eigenvalues": [25.9996, 28.3794, 31.2096]}, "62": {"type": "C", "Isotropic": 139.1327, "Anisotropy": 81.2432, "tensor": [[113.7869, 1.5401, 2.6849], [1.3102, 171.0676, 34.8628], [1.8702, 38.4677, 132.5436]], "eigenvalues": [109.994, 114.1093, 193.2949]}, "63": {"type": "H", "Isotropic": 28.5926, "Anisotropy": 8.5817, "tensor": [[26.4793, 1.315, 0.4744], [0.1868, 1.2157, 25.2775]], "eigenvalues": [25.1748, 26.2893, 34.3137]}, "64": {"type": "H", "Isotropic": 28.7922, "Anisotropy": 6.6621, "tensor": [], "eigenvalues": [24.3191, 28.8239, 33.2336]}}}}, "functional": "wB97X", "basis": "6-31+G*", "phase": "solution", "type": "scrf;nmr", "smiles": "O(C)CCOC.C(COC)OC.O(C)CCOC.COCCOC", "formula": "H40 C16 O8", "formula_pretty": "H5C2O", "formula_anonymous": "AB2C5", "formula_alphabetical": "C16 H40 O8", "chemsys": "C-H-O", "nsites": 64, "nelements": 3, "is_ordered": true, "is_valid": true, "tag": "oplsd_ref", "wall_time (s)": 221.55311037506908, "last_updated": "2021-01-26T09:06:59.332725", "_id": null}