{"input": {"molecule": {"charge": 0, "spin_multiplicity": 1, "sites": [{"name": "O", "species": [{"element": "O", "occu": 1}], "xyz": [1.254428, -0.418549, -0.794339], "properties": {}}, {"name": "C", "species": [{"element": "C", "occu": 1}], "xyz": [2.563785, 0.107796, -0.819709], "properties": {}}, {"name": "C", "species": [{"element": "C", "occu": 1}], "xyz": [0.312967, 0.517634, -0.313373], "properties": {}}, {"name": "C", "species": [{"element": "C", "occu": 1}], "xyz": [-1.037792, -0.169545, -0.259443], "properties": {}}, {"name": "O", "species": [{"element": "O", "occu": 1}], "xyz": [-1.985173, 0.776212, 0.190227], "properties": {}}, {"name": "C", "species": [{"element": "C", "occu": 1}], "xyz": [-3.285655, 0.232023, 0.278998], "properties": {}}, {"name": "H", "species": [{"element": "H", "occu": 1}], "xyz": [2.898868, 0.380572, 0.192753], "properties": {}}, {"name": "H", "species": [{"element": "H", "occu": 1}], "xyz": [2.620807, 0.997908, -1.464887], "properties": {}}, {"name": "H", "species": [{"element": "H", "occu": 1}], "xyz": [0.26158, 1.389817, -0.985276], "properties": {}}, {"name": "H", "species": [{"element": "H", "occu": 1}], "xyz": [0.602564, 0.874418, 0.687453], "properties": {}}, {"name": "H", "species": [{"element": "H", "occu": 1}], "xyz": [-0.99703, -1.029298, 0.427289], "properties": {}}, {"name": "H", "species": [{"element": "H", "occu": 1}], "xyz": [-1.310543, -0.541768, -1.259315], "properties": {}}, {"name": "H", "species": [{"element": "H", "occu": 1}], "xyz": [-3.315088, -0.605741, 0.990542], "properties": {}}, {"name": "H", "species": [{"element": "H", "occu": 1}], "xyz": [-3.633334, -0.12079, -0.702692], "properties": {}}, {"name": "H", "species": [{"element": "H", "occu": 1}], "xyz": [-3.947501, 1.026812, 0.631528], "properties": {}}, {"name": "H", "species": [{"element": "H", "occu": 1}], "xyz": [3.218219, -0.670028, -1.220383], "properties": {}}, {"name": "H", "species": [{"element": "H", "occu": 1}], "xyz": [3.336556, 2.930578, 0.395873], "properties": {}}, {"name": "H", "species": [{"element": "H", "occu": 1}], "xyz": [-2.940047, 3.369721, 0.266204], "properties": {}}, {"name": "H", "species": [{"element": "H", "occu": 1}], "xyz": [1.131428, 3.580018, -0.315541], "properties": {}}, {"name": "H", "species": [{"element": "H", "occu": 1}], "xyz": [-0.796462, 2.833124, 1.119644], "properties": {}}, {"name": "C", "species": [{"element": "C", "occu": 1}], "xyz": [0.96653, 4.003142, 0.688913], "properties": {}}, {"name": "C", "species": [{"element": "C", "occu": 1}], "xyz": [-2.639097, 4.427235, 0.271705], "properties": {}}, {"name": "C", "species": [{"element": "C", "occu": 1}], "xyz": [3.104151, 3.345873, 1.387755], "properties": {}}, {"name": "C", "species": [{"element": "C", "occu": 1}], "xyz": [-0.499204, 3.890724, 1.060637], "properties": {}}, {"name": "O", "species": [{"element": "O", "occu": 1}], "xyz": [-1.247563, 4.551714, 0.060398], "properties": {}}, {"name": "O", "species": [{"element": "O", "occu": 1}], "xyz": [1.716039, 3.291938, 1.649951], "properties": {}}, {"name": "H", "species": [{"element": "H", "occu": 1}], "xyz": [-3.140196, 4.953324, -0.54389], "properties": {}}, {"name": "H", "species": [{"element": "H", "occu": 1}], "xyz": [3.607627, 2.752146, 2.153585], "properties": {}}, {"name": "H", "species": [{"element": "H", "occu": 1}], "xyz": [1.27436, 5.060534, 0.665138], "properties": {}}, {"name": "H", "species": [{"element": "H", "occu": 1}], "xyz": [-0.677043, 4.356242, 2.04324], "properties": {}}, {"name": "H", "species": [{"element": "H", "occu": 1}], "xyz": [3.477413, 4.379214, 1.428246], "properties": {}}, {"name": "H", "species": [{"element": "H", "occu": 1}], "xyz": [-2.934221, 4.879711, 1.230052], "properties": {}}, {"name": "H", "species": [{"element": "H", "occu": 1}], "xyz": [7.110984, -1.564239, -1.070227], "properties": {}}, {"name": "O", "species": [{"element": "O", "occu": 1}], "xyz": [7.03807, 0.343905, -0.392783], "properties": {}}, {"name": "H", "species": [{"element": "H", "occu": 1}], "xyz": [7.628055, 2.289671, 1.253938], "properties": {}}, {"name": "C", "species": [{"element": "C", "occu": 1}], "xyz": [6.356376, -0.810552, -0.836184], "properties": {}}, {"name": "H", "species": [{"element": "H", "occu": 1}], "xyz": [5.686256, -1.198207, -0.054564], "properties": {}}, {"name": "C", "species": [{"element": "C", "occu": 1}], "xyz": [6.993802, 2.571999, 0.399128], "properties": {}}, {"name": "H", "species": [{"element": "H", "occu": 1}], "xyz": [7.651264, 2.89095, -0.424672], "properties": {}}, {"name": "H", "species": [{"element": "H", "occu": 1}], "xyz": [7.414221, 4.562459, 2.070746], "properties": {}}, {"name": "C", "species": [{"element": "C", "occu": 1}], "xyz": [6.15595, 1.385406, -0.03695], "properties": {}}, {"name": "H", "species": [{"element": "H", "occu": 1}], "xyz": [5.766509, -0.596287, -1.739847], "properties": {}}, {"name": "C", "species": [{"element": "C", "occu": 1}], "xyz": [6.793921, 4.772467, 1.187378], "properties": {}}, {"name": "H", "species": [{"element": "H", "occu": 1}], "xyz": [7.435335, 5.170369, 0.38767], "properties": {}}, {"name": "H", "species": [{"element": "H", "occu": 1}], "xyz": [5.495733, 1.067684, 0.786321], "properties": {}}, {"name": "O", "species": [{"element": "O", "occu": 1}], "xyz": [6.111456, 3.612102, 0.759951], "properties": {}}, {"name": "H", "species": [{"element": "H", "occu": 1}], "xyz": [5.523329, 1.666754, -0.894904], "properties": {}}, {"name": "H", "species": [{"element": "H", "occu": 1}], "xyz": [6.037181, 5.516521, 1.446664], "properties": {}}]}, "functional": "wB97X", "basis_set": "6-31+G*", "route_parameters": {"NMR": "GIAO", "iop(7/33=1)": null, "int": "ultrafine", "NoSymmetry": null, "test": null, "SCRF": "(Solvent=TetraHydroFuran)"}, "title": "H30 C12 O6", "charge": 0, "spin_multiplicity": 1, "input_parameters": {}, "link0_parameters": {"%chk": "checkpoint.chk", "%mem": "100GB", "%NProcShared": "24"}, "dieze_tag": "#P", "nbasisfunctions": 402, "pcm_parameters": {}}, "output": {"has_gaussian_completed": true, "is_pcm": true, "errors": [], "Mulliken_charges": {"1": ["O", -0.441889], "2": ["C", -0.334433], "3": ["C", -0.116921], "4": ["C", -0.366684], "5": ["O", -0.433894], "6": ["C", -0.346049], "7": ["H", 0.20331], "8": ["H", 0.207013], "9": ["H", 0.205647], "10": ["H", 0.218609], "11": ["H", 0.201694], "12": ["H", 0.201608], "13": ["H", 0.198177], "14": ["H", 0.198163], "15": ["H", 0.208964], "16": ["H", 0.210219], "17": ["H", 0.201978], "18": ["H", 0.202566], "19": ["H", 0.208122], "20": ["H", 0.223274], "21": ["C", -0.287326], "22": ["C", -0.336788], "23": ["C", -0.467713], "24": ["C", -0.270571], "25": ["O", -0.373621], "26": ["O", -0.375114], "27": ["H", 0.208867], "28": ["H", 0.22251], "29": ["H", 0.202573], "30": ["H", 0.197599], "31": ["H", 0.200966], "32": ["H", 0.192745], "33": ["H", 0.215936], "34": ["O", -0.44113], "35": ["H", 0.202097], "36": ["C", -0.304591], "37": ["H", 0.202273], "38": ["C", -0.353001], "39": ["H", 0.201559], "40": ["H", 0.198161], "41": ["C", -0.135892], "42": ["H", 0.198196], "43": ["C", -0.342659], "44": ["H", 0.195733], "45": ["H", 0.206643], "46": ["O", -0.423361], "47": ["H", 0.204875], "48": ["H", 0.211561]}, "tensor": {"1": {"type": "O", "Isotropic": 329.1938, "Anisotropy": 30.3722, "tensor": [], "eigenvalues": [304.2787, 333.8608, 349.4419]}, "2": {"type": "C", "Isotropic": 137.8449, "Anisotropy": 83.3632, "tensor": [], "eigenvalues": [109.2224, 110.8919, 193.4204]}, "3": {"type": "C", "Isotropic": 127.9574, "Anisotropy": 76.692, "tensor": [], "eigenvalues": [96.2615, 108.5254, 179.0854]}, "4": {"type": "C", "Isotropic": 127.2786, "Anisotropy": 76.8137, "tensor": [], "eigenvalues": [95.2632, 108.0848, 178.4878]}, "5": {"type": "O", "Isotropic": 326.573, "Anisotropy": 34.2102, "tensor": [], "eigenvalues": [303.8092, 326.53, 349.3798]}, "6": {"type": "C", "Isotropic": 140.1258, "Anisotropy": 84.178, "tensor": [], "eigenvalues": [111.2248, 112.9082, 196.2445]}, "7": {"type": "H", "Isotropic": 28.6595, "Anisotropy": 8.882, "tensor": [[32.8939, 2.5468, 3.8965], [1.3647, 26.8478, 2.1381], [1.5183, 0.9339, 26.2368]], "eigenvalues": [24.8276, 26.57, 34.5808]}, "8": {"type": "H", "Isotropic": 28.6414, "Anisotropy": 7.0003, "tensor": [], "eigenvalues": [26.1588, 26.4571, 33.3082]}, "9": {"type": "H", "Isotropic": 28.4456, "Anisotropy": 4.813, "tensor": [], "eigenvalues": [25.6661, 28.0165, 31.6543]}, "10": {"type": "H", "Isotropic": 28.3002, "Anisotropy": 4.8873, "tensor": [[0.6638, 29.1274, 3.9422], [0.2347, 2.6918, 26.8679]], "eigenvalues": [24.4466, 28.8955, 31.5584]}, "11": {"type": "H", "Isotropic": 28.5633, "Anisotropy": 4.5433, "tensor": [], "eigenvalues": [25.1203, 28.9774, 31.5922]}, "12": {"type": "H", "Isotropic": 28.5663, "Anisotropy": 4.7099, "tensor": [[0.2291, 27.4549, 3.7579], [0.3039, 2.6107, 29.028]], "eigenvalues": [24.9613, 29.0314, 31.7063]}, "13": {"type": "H", "Isotropic": 28.7882, "Anisotropy": 9.183, "tensor": [], "eigenvalues": [25.0976, 26.3567, 34.9102]}, "14": {"type": "H", "Isotropic": 28.8181, "Anisotropy": 9.1699, "tensor": [[32.0966, 3.5295, 4.33], [2.4455, 26.5978, 1.7101], [1.8956, 0.5519, 27.7599]], "eigenvalues": [25.2477, 26.2751, 34.9313]}, "15": {"type": "H", "Isotropic": 28.3819, "Anisotropy": 8.6279, "tensor": [[0.5721, 27.155, 0.5505]], "eigenvalues": [23.7996, 27.2123, 34.1338]}, "16": {"type": "H", "Isotropic": 28.3007, "Anisotropy": 10.5051, "tensor": [[0.1751, 25.9919, 1.5325]], "eigenvalues": [23.0212, 26.5769, 35.3041]}, "17": {"type": "H", "Isotropic": 28.9832, "Anisotropy": 9.7518, "tensor": [], "eigenvalues": [22.9402, 28.525, 35.4844]}, "18": {"type": "H", "Isotropic": 28.7072, "Anisotropy": 7.4415, "tensor": [[0.7033, 31.1351, 1.0604]], "eigenvalues": [23.4452, 29.0083, 33.6682]}, "19": {"type": "H", "Isotropic": 28.622, "Anisotropy": 2.6204, "tensor": [[0.5037, 1.5954, 29.2618]], "eigenvalues": [26.7072, 28.7899, 30.3689]}, "20": {"type": "H", "Isotropic": 28.3637, "Anisotropy": 6.3196, "tensor": [[1.0677, 32.5367, 1.3791]], "eigenvalues": [23.8057, 28.7087, 32.5768]}, "21": {"type": "C", "Isotropic": 127.2743, "Anisotropy": 76.2679, "tensor": [], "eigenvalues": [97.1952, 106.5081, 178.1195]}, "22": {"type": "C", "Isotropic": 139.8279, "Anisotropy": 82.7188, "tensor": [], "eigenvalues": [110.3028, 114.2072, 194.9738]}, "23": {"type": "C", "Isotropic": 136.3322, "Anisotropy": 88.9007, "tensor": [[1.0071, 107.2069, 1.7169]], "eigenvalues": [104.8368, 108.5604, 195.5993]}, "24": {"type": "C", "Isotropic": 128.8949, "Anisotropy": 75.9377, "tensor": [], "eigenvalues": [99.3431, 107.8215, 179.52]}, "25": {"type": "O", "Isotropic": 332.0579, "Anisotropy": 29.1798, "tensor": [], "eigenvalues": [306.4292, 338.2334, 351.5112]}, "26": {"type": "O", "Isotropic": 325.7642, "Anisotropy": 18.2274, "tensor": [], "eigenvalues": [305.0416, 334.3353, 337.9158]}, "27": {"type": "H", "Isotropic": 28.5204, "Anisotropy": 9.2998, "tensor": [], "eigenvalues": [24.6971, 26.1437, 34.7202]}, "28": {"type": "H", "Isotropic": 28.469, "Anisotropy": 9.4255, "tensor": [], "eigenvalues": [24.6746, 25.9798, 34.7527]}, "29": {"type": "H", "Isotropic": 28.5724, "Anisotropy": 4.9205, "tensor": [], "eigenvalues": [24.7471, 29.1173, 31.8527]}, "30": {"type": "H", "Isotropic": 28.6514, "Anisotropy": 4.1564, "tensor": [[0.2169, 2.3871, 30.7529]], "eigenvalues": [25.3933, 29.1385, 31.4223]}, "31": {"type": "H", "Isotropic": 28.8615, "Anisotropy": 10.2723, "tensor": [[1.5416, 27.8774, 1.7768]], "eigenvalues": [23.3401, 27.5346, 35.7097]}, "32": {"type": "H", "Isotropic": 28.8609, "Anisotropy": 8.7104, "tensor": [], "eigenvalues": [24.9779, 26.9371, 34.6679]}, "33": {"type": "H", "Isotropic": 28.4015, "Anisotropy": 9.0004, "tensor": [], "eigenvalues": [24.1254, 26.6774, 34.4018]}, "34": {"type": "O", "Isotropic": 329.2691, "Anisotropy": 32.2316, "tensor": [], "eigenvalues": [304.8226, 332.2279, 350.7569]}, "35": {"type": "H", "Isotropic": 28.6796, "Anisotropy": 4.9182, "tensor": [[1.3363, 0.9529, 27.1847]], "eigenvalues": [25.3647, 28.7156, 31.9584]}, "36": {"type": "C", "Isotropic": 139.0755, "Anisotropy": 81.584, "tensor": [[125.9336, 29.8823, 11.5364], [27.3282, 170.9075, 22.6811], [10.5685, 22.5122, 120.3854]], "eigenvalues": [111.7148, 112.0469, 193.4648]}, "37": {"type": "H", "Isotropic": 28.8515, "Anisotropy": 6.7671, "tensor": [], "eigenvalues": [25.8987, 27.2928, 33.3629]}, "38": {"type": "C", "Isotropic": 127.6764, "Anisotropy": 76.3826, "tensor": [], "eigenvalues": [96.1715, 108.2597, 178.5982]}, "39": {"type": "H", "Isotropic": 28.6741, "Anisotropy": 5.0558, "tensor": [], "eigenvalues": [25.1963, 28.7814, 32.0446]}, "40": {"type": "H", "Isotropic": 28.8963, "Anisotropy": 9.0509, "tensor": [[28.6464, 1.8952, 3.713], [3.8553, 28.166, 3.5913], [3.1308, 1.6157, 29.8766]], "eigenvalues": [25.403, 26.3558, 34.9303]}, "41": {"type": "C", "Isotropic": 127.1776, "Anisotropy": 76.1972, "tensor": [], "eigenvalues": [95.9976, 107.5595, 177.9757]}, "42": {"type": "H", "Isotropic": 28.9121, "Anisotropy": 6.977, "tensor": [[29.1837, 0.4555, 2.3609], [2.9602, 27.8075, 3.7861], [2.0788, 1.8877, 29.7452]], "eigenvalues": [25.774, 27.3989, 33.5635]}, "43": {"type": "C", "Isotropic": 139.8666, "Anisotropy": 84.9803, "tensor": [[126.2807, 32.1252, 11.6943], [28.6615, 173.3466, 22.6504], [10.2939, 22.6044, 119.9727]], "eigenvalues": [111.3526, 111.7271, 196.5202]}, "44": {"type": "H", "Isotropic": 28.9068, "Anisotropy": 9.1455, "tensor": [], "eigenvalues": [25.3709, 26.3457, 35.0038]}, "45": {"type": "H", "Isotropic": 28.7453, "Anisotropy": 5.5176, "tensor": [], "eigenvalues": [25.6767, 28.1354, 32.4237]}, "46": {"type": "O", "Isotropic": 329.2037, "Anisotropy": 33.8116, "tensor": [[0.4112, 8.02, 309.2631]], "eigenvalues": [306.3786, 329.4877, 351.7447]}, "47": {"type": "H", "Isotropic": 28.8631, "Anisotropy": 4.3313, "tensor": [[0.4611, 1.1761, 26.8333]], "eigenvalues": [26.1896, 28.649, 31.7507]}, "48": {"type": "H", "Isotropic": 28.5114, "Anisotropy": 8.3782, "tensor": [[27.5693, 1.47, 0.3135]], "eigenvalues": [23.8586, 27.5788, 34.0969]}}, "output": {"energies": [-926.382192655], "final_energy": -926.382192655, "final_energy_per_atom": -19.299629013645834, "molecule": {"charge": 0.0, "spin_multiplicity": 1, "sites": [{"name": "O", "species": [{"element": "O", "occu": 1}], "xyz": [1.254428, -0.418549, -0.794339], "properties": {}}, {"name": "C", "species": [{"element": "C", "occu": 1}], "xyz": [2.563785, 0.107796, -0.819709], "properties": {}}, {"name": "C", "species": [{"element": "C", "occu": 1}], "xyz": [0.312967, 0.517634, -0.313373], "properties": {}}, {"name": "C", "species": [{"element": "C", "occu": 1}], "xyz": [-1.037792, -0.169545, -0.259443], "properties": {}}, {"name": "O", "species": [{"element": "O", "occu": 1}], "xyz": [-1.985173, 0.776212, 0.190227], "properties": {}}, {"name": "C", "species": [{"element": "C", "occu": 1}], "xyz": [-3.285655, 0.232023, 0.278998], "properties": {}}, {"name": "H", "species": [{"element": "H", "occu": 1}], "xyz": [2.898868, 0.380572, 0.192753], "properties": {}}, {"name": "H", "species": [{"element": "H", "occu": 1}], "xyz": [2.620807, 0.997908, -1.464887], "properties": {}}, {"name": "H", "species": [{"element": "H", "occu": 1}], "xyz": [0.26158, 1.389817, -0.985276], "properties": {}}, {"name": "H", "species": [{"element": "H", "occu": 1}], "xyz": [0.602564, 0.874418, 0.687453], "properties": {}}, {"name": "H", "species": [{"element": "H", "occu": 1}], "xyz": [-0.99703, -1.029298, 0.427289], "properties": {}}, {"name": "H", "species": [{"element": "H", "occu": 1}], "xyz": [-1.310543, -0.541768, -1.259315], "properties": {}}, {"name": "H", "species": [{"element": "H", "occu": 1}], "xyz": [-3.315088, -0.605741, 0.990542], "properties": {}}, {"name": "H", "species": [{"element": "H", "occu": 1}], "xyz": [-3.633334, -0.12079, -0.702692], "properties": {}}, {"name": "H", "species": [{"element": "H", "occu": 1}], "xyz": [-3.947501, 1.026812, 0.631528], "properties": {}}, {"name": "H", "species": [{"element": "H", "occu": 1}], "xyz": [3.218219, -0.670028, -1.220383], "properties": {}}, {"name": "H", "species": [{"element": "H", "occu": 1}], "xyz": [3.336556, 2.930578, 0.395873], "properties": {}}, {"name": "H", "species": [{"element": "H", "occu": 1}], "xyz": [-2.940047, 3.369721, 0.266204], "properties": {}}, {"name": "H", "species": [{"element": "H", "occu": 1}], "xyz": [1.131428, 3.580018, -0.315541], "properties": {}}, {"name": "H", "species": [{"element": "H", "occu": 1}], "xyz": [-0.796462, 2.833124, 1.119644], "properties": {}}, {"name": "C", "species": [{"element": "C", "occu": 1}], "xyz": [0.96653, 4.003142, 0.688913], "properties": {}}, {"name": "C", "species": [{"element": "C", "occu": 1}], "xyz": [-2.639097, 4.427235, 0.271705], "properties": {}}, {"name": "C", "species": [{"element": "C", "occu": 1}], "xyz": [3.104151, 3.345873, 1.387755], "properties": {}}, {"name": "C", "species": [{"element": "C", "occu": 1}], "xyz": [-0.499204, 3.890724, 1.060637], "properties": {}}, {"name": "O", "species": [{"element": "O", "occu": 1}], "xyz": [-1.247563, 4.551714, 0.060398], "properties": {}}, {"name": "O", "species": [{"element": "O", "occu": 1}], "xyz": [1.716039, 3.291938, 1.649951], "properties": {}}, {"name": "H", "species": [{"element": "H", "occu": 1}], "xyz": [-3.140196, 4.953324, -0.54389], "properties": {}}, {"name": "H", "species": [{"element": "H", "occu": 1}], "xyz": [3.607627, 2.752146, 2.153585], "properties": {}}, {"name": "H", "species": [{"element": "H", "occu": 1}], "xyz": [1.27436, 5.060534, 0.665138], "properties": {}}, {"name": "H", "species": [{"element": "H", "occu": 1}], "xyz": [-0.677043, 4.356242, 2.04324], "properties": {}}, {"name": "H", "species": [{"element": "H", "occu": 1}], "xyz": [3.477413, 4.379214, 1.428246], "properties": {}}, {"name": "H", "species": [{"element": "H", "occu": 1}], "xyz": [-2.934221, 4.879711, 1.230052], "properties": {}}, {"name": "H", "species": [{"element": "H", "occu": 1}], "xyz": [7.110984, -1.564239, -1.070227], "properties": {}}, {"name": "O", "species": [{"element": "O", "occu": 1}], "xyz": [7.03807, 0.343905, -0.392783], "properties": {}}, {"name": "H", "species": [{"element": "H", "occu": 1}], "xyz": [7.628055, 2.289671, 1.253938], "properties": {}}, {"name": "C", "species": [{"element": "C", "occu": 1}], "xyz": [6.356376, -0.810552, -0.836184], "properties": {}}, {"name": "H", "species": [{"element": "H", "occu": 1}], "xyz": [5.686256, -1.198207, -0.054564], "properties": {}}, {"name": "C", "species": [{"element": "C", "occu": 1}], "xyz": [6.993802, 2.571999, 0.399128], "properties": {}}, {"name": "H", "species": [{"element": "H", "occu": 1}], "xyz": [7.651264, 2.89095, -0.424672], "properties": {}}, {"name": "H", "species": [{"element": "H", "occu": 1}], "xyz": [7.414221, 4.562459, 2.070746], "properties": {}}, {"name": "C", "species": [{"element": "C", "occu": 1}], "xyz": [6.15595, 1.385406, -0.03695], "properties": {}}, {"name": "H", "species": [{"element": "H", "occu": 1}], "xyz": [5.766509, -0.596287, -1.739847], "properties": {}}, {"name": "C", "species": [{"element": "C", "occu": 1}], "xyz": [6.793921, 4.772467, 1.187378], "properties": {}}, {"name": "H", "species": [{"element": "H", "occu": 1}], "xyz": [7.435335, 5.170369, 0.38767], "properties": {}}, {"name": "H", "species": [{"element": "H", "occu": 1}], "xyz": [5.495733, 1.067684, 0.786321], "properties": {}}, {"name": "O", "species": [{"element": "O", "occu": 1}], "xyz": [6.111456, 3.612102, 0.759951], "properties": {}}, {"name": "H", "species": [{"element": "H", "occu": 1}], "xyz": [5.523329, 1.666754, -0.894904], "properties": {}}, {"name": "H", "species": [{"element": "H", "occu": 1}], "xyz": [6.037181, 5.516521, 1.446664], "properties": {}}]}, "stationary_type": "Minimum", "corrections": {}, "tensor": {"1": {"type": "O", "Isotropic": 329.1938, "Anisotropy": 30.3722, "tensor": [], "eigenvalues": [304.2787, 333.8608, 349.4419]}, "2": {"type": "C", "Isotropic": 137.8449, "Anisotropy": 83.3632, "tensor": [], "eigenvalues": [109.2224, 110.8919, 193.4204]}, "3": {"type": "C", "Isotropic": 127.9574, "Anisotropy": 76.692, "tensor": [], "eigenvalues": [96.2615, 108.5254, 179.0854]}, "4": {"type": "C", "Isotropic": 127.2786, "Anisotropy": 76.8137, "tensor": [], "eigenvalues": [95.2632, 108.0848, 178.4878]}, "5": {"type": "O", "Isotropic": 326.573, "Anisotropy": 34.2102, "tensor": [], "eigenvalues": [303.8092, 326.53, 349.3798]}, "6": {"type": "C", "Isotropic": 140.1258, "Anisotropy": 84.178, "tensor": [], "eigenvalues": [111.2248, 112.9082, 196.2445]}, "7": {"type": "H", "Isotropic": 28.6595, "Anisotropy": 8.882, "tensor": [[32.8939, 2.5468, 3.8965], [1.3647, 26.8478, 2.1381], [1.5183, 0.9339, 26.2368]], "eigenvalues": [24.8276, 26.57, 34.5808]}, "8": {"type": "H", "Isotropic": 28.6414, "Anisotropy": 7.0003, "tensor": [], "eigenvalues": [26.1588, 26.4571, 33.3082]}, "9": {"type": "H", "Isotropic": 28.4456, "Anisotropy": 4.813, "tensor": [], "eigenvalues": [25.6661, 28.0165, 31.6543]}, "10": {"type": "H", "Isotropic": 28.3002, "Anisotropy": 4.8873, "tensor": [[0.6638, 29.1274, 3.9422], [0.2347, 2.6918, 26.8679]], "eigenvalues": [24.4466, 28.8955, 31.5584]}, "11": {"type": "H", "Isotropic": 28.5633, "Anisotropy": 4.5433, "tensor": [], "eigenvalues": [25.1203, 28.9774, 31.5922]}, "12": {"type": "H", "Isotropic": 28.5663, "Anisotropy": 4.7099, "tensor": [[0.2291, 27.4549, 3.7579], [0.3039, 2.6107, 29.028]], "eigenvalues": [24.9613, 29.0314, 31.7063]}, "13": {"type": "H", "Isotropic": 28.7882, "Anisotropy": 9.183, "tensor": [], "eigenvalues": [25.0976, 26.3567, 34.9102]}, "14": {"type": "H", "Isotropic": 28.8181, "Anisotropy": 9.1699, "tensor": [[32.0966, 3.5295, 4.33], [2.4455, 26.5978, 1.7101], [1.8956, 0.5519, 27.7599]], "eigenvalues": [25.2477, 26.2751, 34.9313]}, "15": {"type": "H", "Isotropic": 28.3819, "Anisotropy": 8.6279, "tensor": [[0.5721, 27.155, 0.5505]], "eigenvalues": [23.7996, 27.2123, 34.1338]}, "16": {"type": "H", "Isotropic": 28.3007, "Anisotropy": 10.5051, "tensor": [[0.1751, 25.9919, 1.5325]], "eigenvalues": [23.0212, 26.5769, 35.3041]}, "17": {"type": "H", "Isotropic": 28.9832, "Anisotropy": 9.7518, "tensor": [], "eigenvalues": [22.9402, 28.525, 35.4844]}, "18": {"type": "H", "Isotropic": 28.7072, "Anisotropy": 7.4415, "tensor": [[0.7033, 31.1351, 1.0604]], "eigenvalues": [23.4452, 29.0083, 33.6682]}, "19": {"type": "H", "Isotropic": 28.622, "Anisotropy": 2.6204, "tensor": [[0.5037, 1.5954, 29.2618]], "eigenvalues": [26.7072, 28.7899, 30.3689]}, "20": {"type": "H", "Isotropic": 28.3637, "Anisotropy": 6.3196, "tensor": [[1.0677, 32.5367, 1.3791]], "eigenvalues": [23.8057, 28.7087, 32.5768]}, "21": {"type": "C", "Isotropic": 127.2743, "Anisotropy": 76.2679, "tensor": [], "eigenvalues": [97.1952, 106.5081, 178.1195]}, "22": {"type": "C", "Isotropic": 139.8279, "Anisotropy": 82.7188, "tensor": [], "eigenvalues": [110.3028, 114.2072, 194.9738]}, "23": {"type": "C", "Isotropic": 136.3322, "Anisotropy": 88.9007, "tensor": [[1.0071, 107.2069, 1.7169]], "eigenvalues": [104.8368, 108.5604, 195.5993]}, "24": {"type": "C", "Isotropic": 128.8949, "Anisotropy": 75.9377, "tensor": [], "eigenvalues": [99.3431, 107.8215, 179.52]}, "25": {"type": "O", "Isotropic": 332.0579, "Anisotropy": 29.1798, "tensor": [], "eigenvalues": [306.4292, 338.2334, 351.5112]}, "26": {"type": "O", "Isotropic": 325.7642, "Anisotropy": 18.2274, "tensor": [], "eigenvalues": [305.0416, 334.3353, 337.9158]}, "27": {"type": "H", "Isotropic": 28.5204, "Anisotropy": 9.2998, "tensor": [], "eigenvalues": [24.6971, 26.1437, 34.7202]}, "28": {"type": "H", "Isotropic": 28.469, "Anisotropy": 9.4255, "tensor": [], "eigenvalues": [24.6746, 25.9798, 34.7527]}, "29": {"type": "H", "Isotropic": 28.5724, "Anisotropy": 4.9205, "tensor": [], "eigenvalues": [24.7471, 29.1173, 31.8527]}, "30": {"type": "H", "Isotropic": 28.6514, "Anisotropy": 4.1564, "tensor": [[0.2169, 2.3871, 30.7529]], "eigenvalues": [25.3933, 29.1385, 31.4223]}, "31": {"type": "H", "Isotropic": 28.8615, "Anisotropy": 10.2723, "tensor": [[1.5416, 27.8774, 1.7768]], "eigenvalues": [23.3401, 27.5346, 35.7097]}, "32": {"type": "H", "Isotropic": 28.8609, "Anisotropy": 8.7104, "tensor": [], "eigenvalues": [24.9779, 26.9371, 34.6679]}, "33": {"type": "H", "Isotropic": 28.4015, "Anisotropy": 9.0004, "tensor": [], "eigenvalues": [24.1254, 26.6774, 34.4018]}, "34": {"type": "O", "Isotropic": 329.2691, "Anisotropy": 32.2316, "tensor": [], "eigenvalues": [304.8226, 332.2279, 350.7569]}, "35": {"type": "H", "Isotropic": 28.6796, "Anisotropy": 4.9182, "tensor": [[1.3363, 0.9529, 27.1847]], "eigenvalues": [25.3647, 28.7156, 31.9584]}, "36": {"type": "C", "Isotropic": 139.0755, "Anisotropy": 81.584, "tensor": [[125.9336, 29.8823, 11.5364], [27.3282, 170.9075, 22.6811], [10.5685, 22.5122, 120.3854]], "eigenvalues": [111.7148, 112.0469, 193.4648]}, "37": {"type": "H", "Isotropic": 28.8515, "Anisotropy": 6.7671, "tensor": [], "eigenvalues": [25.8987, 27.2928, 33.3629]}, "38": {"type": "C", "Isotropic": 127.6764, "Anisotropy": 76.3826, "tensor": [], "eigenvalues": [96.1715, 108.2597, 178.5982]}, "39": {"type": "H", "Isotropic": 28.6741, "Anisotropy": 5.0558, "tensor": [], "eigenvalues": [25.1963, 28.7814, 32.0446]}, "40": {"type": "H", "Isotropic": 28.8963, "Anisotropy": 9.0509, "tensor": [[28.6464, 1.8952, 3.713], [3.8553, 28.166, 3.5913], [3.1308, 1.6157, 29.8766]], "eigenvalues": [25.403, 26.3558, 34.9303]}, "41": {"type": "C", "Isotropic": 127.1776, "Anisotropy": 76.1972, "tensor": [], "eigenvalues": [95.9976, 107.5595, 177.9757]}, "42": {"type": "H", "Isotropic": 28.9121, "Anisotropy": 6.977, "tensor": [[29.1837, 0.4555, 2.3609], [2.9602, 27.8075, 3.7861], [2.0788, 1.8877, 29.7452]], "eigenvalues": [25.774, 27.3989, 33.5635]}, "43": {"type": "C", "Isotropic": 139.8666, "Anisotropy": 84.9803, "tensor": [[126.2807, 32.1252, 11.6943], [28.6615, 173.3466, 22.6504], [10.2939, 22.6044, 119.9727]], "eigenvalues": [111.3526, 111.7271, 196.5202]}, "44": {"type": "H", "Isotropic": 28.9068, "Anisotropy": 9.1455, "tensor": [], "eigenvalues": [25.3709, 26.3457, 35.0038]}, "45": {"type": "H", "Isotropic": 28.7453, "Anisotropy": 5.5176, "tensor": [], "eigenvalues": [25.6767, 28.1354, 32.4237]}, "46": {"type": "O", "Isotropic": 329.2037, "Anisotropy": 33.8116, "tensor": [[0.4112, 8.02, 309.2631]], "eigenvalues": [306.3786, 329.4877, 351.7447]}, "47": {"type": "H", "Isotropic": 28.8631, "Anisotropy": 4.3313, "tensor": [[0.4611, 1.1761, 26.8333]], "eigenvalues": [26.1896, 28.649, 31.7507]}, "48": {"type": "H", "Isotropic": 28.5114, "Anisotropy": 8.3782, "tensor": [[27.5693, 1.47, 0.3135]], "eigenvalues": [23.8586, 27.5788, 34.0969]}}}}, "functional": "wB97X", "basis": "6-31+G*", "phase": "solution", "type": "scrf;nmr", "smiles": "O(C)CCOC.C(COC)OC.O(C)CCOC", "formula": "H30 C12 O6", "formula_pretty": "H5C2O", "formula_anonymous": "AB2C5", "formula_alphabetical": "C12 H30 O6", "chemsys": "C-H-O", "nsites": 48, "nelements": 3, "is_ordered": true, "is_valid": true, "tag": "oplsd_ref", "wall_time (s)": 111.82686808519065, "last_updated": "2021-01-23T09:40:32.976342", "_id": null}