{"input": {"molecule": {"charge": 2, "spin_multiplicity": 1, "sites": [{"name": "Mg", "species": [{"element": "Mg", "occu": 1}], "xyz": [0.76541, -1.373407, 0.373962], "properties": {}}, {"name": "H", "species": [{"element": "H", "occu": 1}], "xyz": [3.401397, -1.082247, 1.02718], "properties": {}}, {"name": "H", "species": [{"element": "H", "occu": 1}], "xyz": [1.262174, 1.292233, 0.067293], "properties": {}}, {"name": "H", "species": [{"element": "H", "occu": 1}], "xyz": [-1.870632, -1.664554, -0.27916], "properties": {}}, {"name": "H", "species": [{"element": "H", "occu": 1}], "xyz": [0.890339, -1.826184, 3.062182], "properties": {}}, {"name": "H", "species": [{"element": "H", "occu": 1}], "xyz": [1.817174, -3.918574, 0.555209], "properties": {}}, {"name": "H", "species": [{"element": "H", "occu": 1}], "xyz": [0.833373, -2.460271, -2.167676], "properties": {}}, {"name": "O", "species": [{"element": "O", "occu": 1}], "xyz": [0.613455, -1.652826, -1.681081], "properties": {}}, {"name": "H", "species": [{"element": "H", "occu": 1}], "xyz": [0.640474, -0.920611, -2.314242], "properties": {}}, {"name": "O", "species": [{"element": "O", "occu": 1}], "xyz": [1.006679, -3.412718, 0.711563], "properties": {}}, {"name": "H", "species": [{"element": "H", "occu": 1}], "xyz": [0.268643, -4.039041, 0.680627], "properties": {}}, {"name": "O", "species": [{"element": "O", "occu": 1}], "xyz": [0.917354, -1.093979, 2.429009], "properties": {}}, {"name": "H", "species": [{"element": "H", "occu": 1}], "xyz": [0.697456, -0.286526, 2.915599], "properties": {}}, {"name": "O", "species": [{"element": "O", "occu": 1}], "xyz": [-1.290866, -1.667593, 0.496695], "properties": {}}, {"name": "H", "species": [{"element": "H", "occu": 1}], "xyz": [-1.840554, -1.454171, 1.264678], "properties": {}}, {"name": "O", "species": [{"element": "O", "occu": 1}], "xyz": [0.524142, 0.665906, 0.036373], "properties": {}}, {"name": "H", "species": [{"element": "H", "occu": 1}], "xyz": [-0.286361, 1.171761, 0.192691], "properties": {}}, {"name": "O", "species": [{"element": "O", "occu": 1}], "xyz": [2.821687, -1.079201, 0.251283], "properties": {}}, {"name": "H", "species": [{"element": "H", "occu": 1}], "xyz": [3.371423, -1.292678, -0.516651], "properties": {}}]}, "functional": "wB97X", "basis_set": "6-31+G*", "route_parameters": {"NMR": "GIAO", "iop(7/33=1)": null, "int": "ultrafine", "NoSymmetry": null, "test": null, "SCRF": "(Solvent=Water)"}, "title": "Mg1 H12 O6", "charge": 2, "spin_multiplicity": 1, "input_parameters": {}, "link0_parameters": {"%chk": "checkpoint.chk", "%mem": "100GB", "%NProcShared": "28"}, "dieze_tag": "#P", "nbasisfunctions": 161, "pcm_parameters": {}}, "output": {"has_gaussian_completed": true, "is_pcm": true, "errors": [], "Mulliken_charges": {"1": ["Mg", 1.053185], "2": ["H", 0.564618], "3": ["H", 0.565087], "4": ["H", 0.564621], "5": ["H", 0.564777], "6": ["H", 0.565354], "7": ["H", 0.566344], "8": ["O", -0.973918], "9": ["H", 0.564776], "10": ["O", -0.97237], "11": ["H", 0.565087], "12": ["O", -0.973925], "13": ["H", 0.566345], "14": ["O", -0.971861], "15": ["H", 0.565376], "16": ["O", -0.972371], "17": ["H", 0.565354], "18": ["O", -0.971857], "19": ["H", 0.565376]}, "tensor": {"1": {"type": "Mg", "Isotropic": 604.934, "Anisotropy": 2.1149, "tensor": [[604.6263, 1.5459, 0.9845]], "eigenvalues": [602.3797, 606.0783, 606.3439]}, "2": {"type": "H", "Isotropic": 28.9931, "Anisotropy": 19.2653, "tensor": [[31.7706, 0.646, 9.0024], [0.4303, 20.8592, 0.4097], [8.3149, 0.4742, 34.3495]], "eigenvalues": [20.8326, 24.31, 41.8366]}, "3": {"type": "H", "Isotropic": 28.9982, "Anisotropy": 19.2396, "tensor": [[33.3129, 8.3896, 0.0942]], "eigenvalues": [20.826, 24.344, 41.8246]}, "4": {"type": "H", "Isotropic": 28.9993, "Anisotropy": 19.2308, "tensor": [[31.7711, 0.6737, 8.9904], [0.423, 20.8756, 0.4036], [8.2896, 0.4781, 34.3513]], "eigenvalues": [20.8481, 24.3301, 41.8199]}, "5": {"type": "H", "Isotropic": 28.99, "Anisotropy": 19.2412, "tensor": [], "eigenvalues": [20.7986, 24.354, 41.8175]}, "6": {"type": "H", "Isotropic": 29.0735, "Anisotropy": 19.839, "tensor": [], "eigenvalues": [21.0338, 23.8872, 42.2995]}, "7": {"type": "H", "Isotropic": 29.0705, "Anisotropy": 19.9272, "tensor": [], "eigenvalues": [21.0257, 23.8305, 42.3553]}, "8": {"type": "O", "Isotropic": 322.3805, "Anisotropy": 39.254, "tensor": [], "eigenvalues": [294.2588, 324.3327, 348.5498]}, "9": {"type": "H", "Isotropic": 28.9975, "Anisotropy": 19.2384, "tensor": [], "eigenvalues": [20.8099, 24.3595, 41.8231]}, "10": {"type": "O", "Isotropic": 322.3291, "Anisotropy": 39.0632, "tensor": [[0.547, 324.3483, 0.3648]], "eigenvalues": [294.2882, 324.3278, 348.3712]}, "11": {"type": "H", "Isotropic": 28.9872, "Anisotropy": 19.2386, "tensor": [[33.291, 8.3967, 0.0892]], "eigenvalues": [20.8104, 24.3384, 41.813]}, "12": {"type": "O", "Isotropic": 322.3809, "Anisotropy": 39.302, "tensor": [], "eigenvalues": [294.2237, 324.3367, 348.5822]}, "13": {"type": "H", "Isotropic": 29.073, "Anisotropy": 19.9164, "tensor": [], "eigenvalues": [21.0272, 23.8412, 42.3506]}, "14": {"type": "O", "Isotropic": 322.2973, "Anisotropy": 39.3546, "tensor": [], "eigenvalues": [294.1386, 324.2196, 348.5337]}, "15": {"type": "H", "Isotropic": 29.0847, "Anisotropy": 19.7642, "tensor": [], "eigenvalues": [21.0544, 23.9389, 42.2609]}, "16": {"type": "O", "Isotropic": 322.3786, "Anisotropy": 39.2459, "tensor": [[0.667, 324.3807, 0.3348]], "eigenvalues": [294.2383, 324.355, 348.5426]}, "17": {"type": "H", "Isotropic": 29.0926, "Anisotropy": 19.8203, "tensor": [], "eigenvalues": [21.0635, 23.9081, 42.3061]}, "18": {"type": "O", "Isotropic": 322.23, "Anisotropy": 39.0899, "tensor": [], "eigenvalues": [294.1599, 324.2402, 348.2899]}, "19": {"type": "H", "Isotropic": 29.0806, "Anisotropy": 19.7854, "tensor": [], "eigenvalues": [21.0451, 23.9258, 42.2708]}}, "output": {"energies": [-658.434318263], "final_energy": -658.434318263, "final_energy_per_atom": -34.654437803315794, "molecule": {"charge": 0.0, "spin_multiplicity": 1, "sites": [{"name": "Mg", "species": [{"element": "Mg", "occu": 1}], "xyz": [0.76541, -1.373407, 0.373962], "properties": {}}, {"name": "H", "species": [{"element": "H", "occu": 1}], "xyz": [3.401397, -1.082247, 1.02718], "properties": {}}, {"name": "H", "species": [{"element": "H", "occu": 1}], "xyz": [1.262174, 1.292233, 0.067293], "properties": {}}, {"name": "H", "species": [{"element": "H", "occu": 1}], "xyz": [-1.870632, -1.664554, -0.27916], "properties": {}}, {"name": "H", "species": [{"element": "H", "occu": 1}], "xyz": [0.890339, -1.826184, 3.062182], "properties": {}}, {"name": "H", "species": [{"element": "H", "occu": 1}], "xyz": [1.817174, -3.918574, 0.555209], "properties": {}}, {"name": "H", "species": [{"element": "H", "occu": 1}], "xyz": [0.833373, -2.460271, -2.167676], "properties": {}}, {"name": "O", "species": [{"element": "O", "occu": 1}], "xyz": [0.613455, -1.652826, -1.681081], "properties": {}}, {"name": "H", "species": [{"element": "H", "occu": 1}], "xyz": [0.640474, -0.920611, -2.314242], "properties": {}}, {"name": "O", "species": [{"element": "O", "occu": 1}], "xyz": [1.006679, -3.412718, 0.711563], "properties": {}}, {"name": "H", "species": [{"element": "H", "occu": 1}], "xyz": [0.268643, -4.039041, 0.680627], "properties": {}}, {"name": "O", "species": [{"element": "O", "occu": 1}], "xyz": [0.917354, -1.093979, 2.429009], "properties": {}}, {"name": "H", "species": [{"element": "H", "occu": 1}], "xyz": [0.697456, -0.286526, 2.915599], "properties": {}}, {"name": "O", "species": [{"element": "O", "occu": 1}], "xyz": [-1.290866, -1.667593, 0.496695], "properties": {}}, {"name": "H", "species": [{"element": "H", "occu": 1}], "xyz": [-1.840554, -1.454171, 1.264678], "properties": {}}, {"name": "O", "species": [{"element": "O", "occu": 1}], "xyz": [0.524142, 0.665906, 0.036373], "properties": {}}, {"name": "H", "species": [{"element": "H", "occu": 1}], "xyz": [-0.286361, 1.171761, 0.192691], "properties": {}}, {"name": "O", "species": [{"element": "O", "occu": 1}], "xyz": [2.821687, -1.079201, 0.251283], "properties": {}}, {"name": "H", "species": [{"element": "H", "occu": 1}], "xyz": [3.371423, -1.292678, -0.516651], "properties": {}}]}, "stationary_type": "Minimum", "corrections": {}, "tensor": {"1": {"type": "Mg", "Isotropic": 604.934, "Anisotropy": 2.1149, "tensor": [[604.6263, 1.5459, 0.9845]], "eigenvalues": [602.3797, 606.0783, 606.3439]}, "2": {"type": "H", "Isotropic": 28.9931, "Anisotropy": 19.2653, "tensor": [[31.7706, 0.646, 9.0024], [0.4303, 20.8592, 0.4097], [8.3149, 0.4742, 34.3495]], "eigenvalues": [20.8326, 24.31, 41.8366]}, "3": {"type": "H", "Isotropic": 28.9982, "Anisotropy": 19.2396, "tensor": [[33.3129, 8.3896, 0.0942]], "eigenvalues": [20.826, 24.344, 41.8246]}, "4": {"type": "H", "Isotropic": 28.9993, "Anisotropy": 19.2308, "tensor": [[31.7711, 0.6737, 8.9904], [0.423, 20.8756, 0.4036], [8.2896, 0.4781, 34.3513]], "eigenvalues": [20.8481, 24.3301, 41.8199]}, "5": {"type": "H", "Isotropic": 28.99, "Anisotropy": 19.2412, "tensor": [], "eigenvalues": [20.7986, 24.354, 41.8175]}, "6": {"type": "H", "Isotropic": 29.0735, "Anisotropy": 19.839, "tensor": [], "eigenvalues": [21.0338, 23.8872, 42.2995]}, "7": {"type": "H", "Isotropic": 29.0705, "Anisotropy": 19.9272, "tensor": [], "eigenvalues": [21.0257, 23.8305, 42.3553]}, "8": {"type": "O", "Isotropic": 322.3805, "Anisotropy": 39.254, "tensor": [], "eigenvalues": [294.2588, 324.3327, 348.5498]}, "9": {"type": "H", "Isotropic": 28.9975, "Anisotropy": 19.2384, "tensor": [], "eigenvalues": [20.8099, 24.3595, 41.8231]}, "10": {"type": "O", "Isotropic": 322.3291, "Anisotropy": 39.0632, "tensor": [[0.547, 324.3483, 0.3648]], "eigenvalues": [294.2882, 324.3278, 348.3712]}, "11": {"type": "H", "Isotropic": 28.9872, "Anisotropy": 19.2386, "tensor": [[33.291, 8.3967, 0.0892]], "eigenvalues": [20.8104, 24.3384, 41.813]}, "12": {"type": "O", "Isotropic": 322.3809, "Anisotropy": 39.302, "tensor": [], "eigenvalues": [294.2237, 324.3367, 348.5822]}, "13": {"type": "H", "Isotropic": 29.073, "Anisotropy": 19.9164, "tensor": [], "eigenvalues": [21.0272, 23.8412, 42.3506]}, "14": {"type": "O", "Isotropic": 322.2973, "Anisotropy": 39.3546, "tensor": [], "eigenvalues": [294.1386, 324.2196, 348.5337]}, "15": {"type": "H", "Isotropic": 29.0847, "Anisotropy": 19.7642, "tensor": [], "eigenvalues": [21.0544, 23.9389, 42.2609]}, "16": {"type": "O", "Isotropic": 322.3786, "Anisotropy": 39.2459, "tensor": [[0.667, 324.3807, 0.3348]], "eigenvalues": [294.2383, 324.355, 348.5426]}, "17": {"type": "H", "Isotropic": 29.0926, "Anisotropy": 19.8203, "tensor": [], "eigenvalues": [21.0635, 23.9081, 42.3061]}, "18": {"type": "O", "Isotropic": 322.23, "Anisotropy": 39.0899, "tensor": [], "eigenvalues": [294.1599, 324.2402, 348.2899]}, "19": {"type": "H", "Isotropic": 29.0806, "Anisotropy": 19.7854, "tensor": [], "eigenvalues": [21.0451, 23.9258, 42.2708]}}}}, "functional": "wB97X", "basis": "6-31+G*", "phase": "solution", "type": "scrf;nmr", "smiles": "[Mg].O.O.O.O.O.O", "formula": "Mg1 H12 O6", "formula_pretty": "Mg(H2O)6", "formula_anonymous": "AB6C12", "formula_alphabetical": "H12 Mg1 O6", "chemsys": "H-Mg-O", "nsites": 19, "nelements": 3, "is_ordered": true, "is_valid": true, "tag": "oplsd_ref", "wall_time (s)": 19.21368457796052, "last_updated": "2020-12-25T21:34:50.469562", "_id": null}