{"input": {"molecule": {"charge": 0, "spin_multiplicity": 1, "sites": [{"name": "O", "species": [{"element": "O", "occu": 1}], "xyz": [-1.164752, 0.3974, -0.81474], "properties": {}}, {"name": "H", "species": [{"element": "H", "occu": 1}], "xyz": [-1.272455, -0.453864, -0.36968], "properties": {}}, {"name": "H", "species": [{"element": "H", "occu": 1}], "xyz": [-1.886324, 0.979909, -0.460994], "properties": {}}, {"name": "O", "species": [{"element": "O", "occu": 1}], "xyz": [-3.088409, 2.055442, 0.132144], "properties": {}}, {"name": "H", "species": [{"element": "H", "occu": 1}], "xyz": [-3.732601, 1.566363, 0.690535], "properties": {}}, {"name": "H", "species": [{"element": "H", "occu": 1}], "xyz": [-2.642386, 2.696121, 0.735515], "properties": {}}, {"name": "O", "species": [{"element": "O", "occu": 1}], "xyz": [-1.783378, 3.789516, 1.839487], "properties": {}}, {"name": "H", "species": [{"element": "H", "occu": 1}], "xyz": [-0.823919, 3.774622, 1.617039], "properties": {}}, {"name": "H", "species": [{"element": "H", "occu": 1}], "xyz": [-1.816205, 3.351883, 2.715994], "properties": {}}, {"name": "H", "species": [{"element": "H", "occu": 1}], "xyz": [1.197756, 3.210127, 2.377123], "properties": {}}, {"name": "O", "species": [{"element": "O", "occu": 1}], "xyz": [0.959044, 3.550496, 1.494068], "properties": {}}, {"name": "H", "species": [{"element": "H", "occu": 1}], "xyz": [1.116625, 2.810146, 0.865545], "properties": {}}, {"name": "H", "species": [{"element": "H", "occu": 1}], "xyz": [-5.06208, -0.229573, 1.432956], "properties": {}}, {"name": "O", "species": [{"element": "O", "occu": 1}], "xyz": [-4.859283, 0.652963, 1.770953], "properties": {}}, {"name": "H", "species": [{"element": "H", "occu": 1}], "xyz": [-4.388561, 0.51097, 2.626817], "properties": {}}, {"name": "H", "species": [{"element": "H", "occu": 1}], "xyz": [-0.529919, 2.434679, 4.395658], "properties": {}}, {"name": "H", "species": [{"element": "H", "occu": 1}], "xyz": [-1.961799, 2.608194, 5.050441], "properties": {}}, {"name": "O", "species": [{"element": "O", "occu": 1}], "xyz": [-1.492246, 2.360221, 4.231122], "properties": {}}, {"name": "H", "species": [{"element": "H", "occu": 1}], "xyz": [-2.591949, 0.845634, 3.94939], "properties": {}}, {"name": "O", "species": [{"element": "O", "occu": 1}], "xyz": [-3.435619, 0.373076, 4.098906], "properties": {}}, {"name": "H", "species": [{"element": "H", "occu": 1}], "xyz": [-3.817959, 0.875287, 4.841553], "properties": {}}, {"name": "H", "species": [{"element": "H", "occu": 1}], "xyz": [0.41869, 1.080307, -0.513069], "properties": {}}, {"name": "O", "species": [{"element": "O", "occu": 1}], "xyz": [1.300353, 1.471139, -0.299885], "properties": {}}, {"name": "H", "species": [{"element": "H", "occu": 1}], "xyz": [1.674079, 1.755306, -1.144712], "properties": {}}, {"name": "O", "species": [{"element": "O", "occu": 1}], "xyz": [-3.550943, 2.394619, 6.13055], "properties": {}}, {"name": "H", "species": [{"element": "H", "occu": 1}], "xyz": [-4.188328, 3.122935, 6.119482], "properties": {}}, {"name": "H", "species": [{"element": "H", "occu": 1}], "xyz": [-3.445775, 2.160589, 7.063724], "properties": {}}, {"name": "O", "species": [{"element": "O", "occu": 1}], "xyz": [1.295033, 2.647648, 4.199453], "properties": {}}, {"name": "H", "species": [{"element": "H", "occu": 1}], "xyz": [1.689597, 3.315037, 4.779645], "properties": {}}, {"name": "H", "species": [{"element": "H", "occu": 1}], "xyz": [1.815881, 1.843691, 4.341149], "properties": {}}]}, "functional": "wB97X", "basis_set": "6-31+G*", "route_parameters": {"NMR": "GIAO", "iop(7/33=1)": null, "int": "ultrafine", "NoSymmetry": null, "test": null, "SCRF": "(Solvent=Water)"}, "title": "H20 O10", "charge": 0, "spin_multiplicity": 1, "input_parameters": {}, "link0_parameters": {"%chk": "checkpoint.chk", "%mem": "100GB", "%NProcShared": "24"}, "dieze_tag": "#P", "nbasisfunctions": 230, "pcm_parameters": {}}, "output": {"has_gaussian_completed": true, "is_pcm": true, "errors": [], "Mulliken_charges": {"1": ["O", -1.116449], "2": ["H", 0.512766], "3": ["H", 0.608481], "4": ["O", -1.201201], "5": ["H", 0.590938], "6": ["H", 0.60828], "7": ["O", -1.189327], "8": ["H", 0.594731], "9": ["H", 0.591067], "10": ["H", 0.584937], "11": ["O", -1.194065], "12": ["H", 0.601986], "13": ["H", 0.518757], "14": ["O", -1.117105], "15": ["H", 0.601799], "16": ["H", 0.5867], "17": ["H", 0.574591], "18": ["O", -1.160903], "19": ["H", 0.567069], "20": ["O", -1.111921], "21": ["H", 0.555964], "22": ["H", 0.592203], "23": ["O", -1.105532], "24": ["H", 0.514539], "25": ["O", -1.062332], "26": ["H", 0.525587], "27": ["H", 0.528675], "28": ["O", -1.076384], "29": ["H", 0.53915], "30": ["H", 0.536998]}, "tensor": {"1": {"type": "O", "Isotropic": 308.3011, "Anisotropy": 47.5302, "tensor": [], "eigenvalues": [280.8474, 304.0681, 339.988]}, "2": {"type": "H", "Isotropic": 30.7127, "Anisotropy": 16.3439, "tensor": [], "eigenvalues": [24.2922, 26.2373, 41.6087]}, "3": {"type": "H", "Isotropic": 25.2761, "Anisotropy": 33.229, "tensor": [], "eigenvalues": [13.7355, 14.664, 47.4287]}, "4": {"type": "O", "Isotropic": 298.5392, "Anisotropy": 41.818, "tensor": [[22.0456, 302.94, 9.8318]], "eigenvalues": [273.8098, 295.39, 326.4179]}, "5": {"type": "H", "Isotropic": 26.7902, "Anisotropy": 29.8553, "tensor": [], "eigenvalues": [15.5048, 18.172, 46.6937]}, "6": {"type": "H", "Isotropic": 26.1514, "Anisotropy": 30.8287, "tensor": [[23.4916, 10.0552, 8.1425], [10.3854, 28.1562, 11.4866], [8.8049, 11.7798, 26.8066]], "eigenvalues": [15.1339, 16.6165, 46.7039]}, "7": {"type": "O", "Isotropic": 298.9519, "Anisotropy": 33.7844, "tensor": [], "eigenvalues": [274.5959, 300.785, 321.4749]}, "8": {"type": "H", "Isotropic": 26.6532, "Anisotropy": 29.2474, "tensor": [], "eigenvalues": [15.8387, 17.9695, 46.1515]}, "9": {"type": "H", "Isotropic": 27.3926, "Anisotropy": 27.8502, "tensor": [], "eigenvalues": [16.5086, 19.7098, 45.9593]}, "10": {"type": "H", "Isotropic": 28.2409, "Anisotropy": 26.8793, "tensor": [], "eigenvalues": [18.2324, 20.3299, 46.1604]}, "11": {"type": "O", "Isotropic": 304.4224, "Anisotropy": 45.3988, "tensor": [[1.0886, 13.2057, 330.6141]], "eigenvalues": [282.7526, 295.8264, 334.6883]}, "12": {"type": "H", "Isotropic": 26.4604, "Anisotropy": 31.1519, "tensor": [], "eigenvalues": [15.5378, 16.6151, 47.2283]}, "13": {"type": "H", "Isotropic": 30.7131, "Anisotropy": 18.4416, "tensor": [[26.3111, 5.3862, 2.6309], [5.5874, 37.855, 6.5113], [2.4268, 5.837, 27.9733]], "eigenvalues": [24.1162, 25.0157, 43.0075]}, "14": {"type": "O", "Isotropic": 312.6405, "Anisotropy": 47.3712, "tensor": [[301.5621, 15.7429, 19.9138], [10.615, 304.4352, 2.983], [19.2154, 6.7212, 331.9241]], "eigenvalues": [286.2224, 307.4777, 344.2213]}, "15": {"type": "H", "Isotropic": 26.0741, "Anisotropy": 32.1375, "tensor": [[22.8551, 0.7556, 13.711]], "eigenvalues": [13.9858, 16.7374, 47.4991]}, "16": {"type": "H", "Isotropic": 27.2147, "Anisotropy": 29.7893, "tensor": [[46.7742, 2.577, 0.7417]], "eigenvalues": [15.1796, 19.3903, 47.0742]}, "17": {"type": "H", "Isotropic": 27.9459, "Anisotropy": 26.183, "tensor": [], "eigenvalues": [16.7391, 21.6975, 45.4013]}, "18": {"type": "O", "Isotropic": 299.6688, "Anisotropy": 55.6799, "tensor": [], "eigenvalues": [274.1579, 288.0598, 336.7887]}, "19": {"type": "H", "Isotropic": 27.8344, "Anisotropy": 25.2313, "tensor": [[12.3753, 26.725, 0.4428]], "eigenvalues": [17.0741, 21.7738, 44.6553]}, "20": {"type": "O", "Isotropic": 303.9045, "Anisotropy": 25.237, "tensor": [[13.4216, 291.983, 14.5126]], "eigenvalues": [276.1899, 314.7945, 320.7292]}, "21": {"type": "H", "Isotropic": 28.6711, "Anisotropy": 22.644, "tensor": [], "eigenvalues": [18.151, 24.0952, 43.7671]}, "22": {"type": "H", "Isotropic": 25.9129, "Anisotropy": 32.1335, "tensor": [[41.3083, 11.9903, 3.0101], [11.9939, 19.5478, 3.1055], [4.2618, 3.4908, 16.8826]], "eigenvalues": [13.3955, 17.008, 47.3352]}, "23": {"type": "O", "Isotropic": 312.229, "Anisotropy": 46.063, "tensor": [[21.9971, 300.4125, 5.0694]], "eigenvalues": [284.374, 309.3753, 342.9376]}, "24": {"type": "H", "Isotropic": 30.6108, "Anisotropy": 18.8857, "tensor": [], "eigenvalues": [23.4837, 25.1474, 43.2012]}, "25": {"type": "O", "Isotropic": 321.7798, "Anisotropy": 24.5461, "tensor": [], "eigenvalues": [301.2449, 325.9507, 338.1438]}, "26": {"type": "H", "Isotropic": 30.073, "Anisotropy": 18.4279, "tensor": [], "eigenvalues": [22.7751, 25.0856, 42.3582]}, "27": {"type": "H", "Isotropic": 30.0843, "Anisotropy": 19.576, "tensor": [], "eigenvalues": [22.8625, 24.2556, 43.135]}, "28": {"type": "O", "Isotropic": 318.2885, "Anisotropy": 21.9563, "tensor": [[7.4797, 7.2396, 310.7585]], "eigenvalues": [302.0956, 319.8439, 332.926]}, "29": {"type": "H", "Isotropic": 29.8729, "Anisotropy": 19.0123, "tensor": [[27.2123, 5.6947, 5.3219], [4.7359, 32.1124, 7.3089], [5.0587, 8.2316, 30.294]], "eigenvalues": [23.1332, 23.9378, 42.5478]}, "30": {"type": "H", "Isotropic": 29.8824, "Anisotropy": 18.0695, "tensor": [], "eigenvalues": [23.2061, 24.5124, 41.9287]}}, "output": {"energies": [-764.203503199], "final_energy": -764.203503199, "final_energy_per_atom": -25.473450106633333, "molecule": {"charge": 0.0, "spin_multiplicity": 1, "sites": [{"name": "O", "species": [{"element": "O", "occu": 1}], "xyz": [-1.164752, 0.3974, -0.81474], "properties": {}}, {"name": "H", "species": [{"element": "H", "occu": 1}], "xyz": [-1.272455, -0.453864, -0.36968], "properties": {}}, {"name": "H", "species": [{"element": "H", "occu": 1}], "xyz": [-1.886324, 0.979909, -0.460994], "properties": {}}, {"name": "O", "species": [{"element": "O", "occu": 1}], "xyz": [-3.088409, 2.055442, 0.132144], "properties": {}}, {"name": "H", "species": [{"element": "H", "occu": 1}], "xyz": [-3.732601, 1.566363, 0.690535], "properties": {}}, {"name": "H", "species": [{"element": "H", "occu": 1}], "xyz": [-2.642386, 2.696121, 0.735515], "properties": {}}, {"name": "O", "species": [{"element": "O", "occu": 1}], "xyz": [-1.783378, 3.789516, 1.839487], "properties": {}}, {"name": "H", "species": [{"element": "H", "occu": 1}], "xyz": [-0.823919, 3.774622, 1.617039], "properties": {}}, {"name": "H", "species": [{"element": "H", "occu": 1}], "xyz": [-1.816205, 3.351883, 2.715994], "properties": {}}, {"name": "H", "species": [{"element": "H", "occu": 1}], "xyz": [1.197756, 3.210127, 2.377123], "properties": {}}, {"name": "O", "species": [{"element": "O", "occu": 1}], "xyz": [0.959044, 3.550496, 1.494068], "properties": {}}, {"name": "H", "species": [{"element": "H", "occu": 1}], "xyz": [1.116625, 2.810146, 0.865545], "properties": {}}, {"name": "H", "species": [{"element": "H", "occu": 1}], "xyz": [-5.06208, -0.229573, 1.432956], "properties": {}}, {"name": "O", "species": [{"element": "O", "occu": 1}], "xyz": [-4.859283, 0.652963, 1.770953], "properties": {}}, {"name": "H", "species": [{"element": "H", "occu": 1}], "xyz": [-4.388561, 0.51097, 2.626817], "properties": {}}, {"name": "H", "species": [{"element": "H", "occu": 1}], "xyz": [-0.529919, 2.434679, 4.395658], "properties": {}}, {"name": "H", "species": [{"element": "H", "occu": 1}], "xyz": [-1.961799, 2.608194, 5.050441], "properties": {}}, {"name": "O", "species": [{"element": "O", "occu": 1}], "xyz": [-1.492246, 2.360221, 4.231122], "properties": {}}, {"name": "H", "species": [{"element": "H", "occu": 1}], "xyz": [-2.591949, 0.845634, 3.94939], "properties": {}}, {"name": "O", "species": [{"element": "O", "occu": 1}], "xyz": [-3.435619, 0.373076, 4.098906], "properties": {}}, {"name": "H", "species": [{"element": "H", "occu": 1}], "xyz": [-3.817959, 0.875287, 4.841553], "properties": {}}, {"name": "H", "species": [{"element": "H", "occu": 1}], "xyz": [0.41869, 1.080307, -0.513069], "properties": {}}, {"name": "O", "species": [{"element": "O", "occu": 1}], "xyz": [1.300353, 1.471139, -0.299885], "properties": {}}, {"name": "H", "species": [{"element": "H", "occu": 1}], "xyz": [1.674079, 1.755306, -1.144712], "properties": {}}, {"name": "O", "species": [{"element": "O", "occu": 1}], "xyz": [-3.550943, 2.394619, 6.13055], "properties": {}}, {"name": "H", "species": [{"element": "H", "occu": 1}], "xyz": [-4.188328, 3.122935, 6.119482], "properties": {}}, {"name": "H", "species": [{"element": "H", "occu": 1}], "xyz": [-3.445775, 2.160589, 7.063724], "properties": {}}, {"name": "O", "species": [{"element": "O", "occu": 1}], "xyz": [1.295033, 2.647648, 4.199453], "properties": {}}, {"name": "H", "species": [{"element": "H", "occu": 1}], "xyz": [1.689597, 3.315037, 4.779645], "properties": {}}, {"name": "H", "species": [{"element": "H", "occu": 1}], "xyz": [1.815881, 1.843691, 4.341149], "properties": {}}]}, "stationary_type": "Minimum", "corrections": {}, "tensor": {"1": {"type": "O", "Isotropic": 308.3011, "Anisotropy": 47.5302, "tensor": [], "eigenvalues": [280.8474, 304.0681, 339.988]}, "2": {"type": "H", "Isotropic": 30.7127, "Anisotropy": 16.3439, "tensor": [], "eigenvalues": [24.2922, 26.2373, 41.6087]}, "3": {"type": "H", "Isotropic": 25.2761, "Anisotropy": 33.229, "tensor": [], "eigenvalues": [13.7355, 14.664, 47.4287]}, "4": {"type": "O", "Isotropic": 298.5392, "Anisotropy": 41.818, "tensor": [[22.0456, 302.94, 9.8318]], "eigenvalues": [273.8098, 295.39, 326.4179]}, "5": {"type": "H", "Isotropic": 26.7902, "Anisotropy": 29.8553, "tensor": [], "eigenvalues": [15.5048, 18.172, 46.6937]}, "6": {"type": "H", "Isotropic": 26.1514, "Anisotropy": 30.8287, "tensor": [[23.4916, 10.0552, 8.1425], [10.3854, 28.1562, 11.4866], [8.8049, 11.7798, 26.8066]], "eigenvalues": [15.1339, 16.6165, 46.7039]}, "7": {"type": "O", "Isotropic": 298.9519, "Anisotropy": 33.7844, "tensor": [], "eigenvalues": [274.5959, 300.785, 321.4749]}, "8": {"type": "H", "Isotropic": 26.6532, "Anisotropy": 29.2474, "tensor": [], "eigenvalues": [15.8387, 17.9695, 46.1515]}, "9": {"type": "H", "Isotropic": 27.3926, "Anisotropy": 27.8502, "tensor": [], "eigenvalues": [16.5086, 19.7098, 45.9593]}, "10": {"type": "H", "Isotropic": 28.2409, "Anisotropy": 26.8793, "tensor": [], "eigenvalues": [18.2324, 20.3299, 46.1604]}, "11": {"type": "O", "Isotropic": 304.4224, "Anisotropy": 45.3988, "tensor": [[1.0886, 13.2057, 330.6141]], "eigenvalues": [282.7526, 295.8264, 334.6883]}, "12": {"type": "H", "Isotropic": 26.4604, "Anisotropy": 31.1519, "tensor": [], "eigenvalues": [15.5378, 16.6151, 47.2283]}, "13": {"type": "H", "Isotropic": 30.7131, "Anisotropy": 18.4416, "tensor": [[26.3111, 5.3862, 2.6309], [5.5874, 37.855, 6.5113], [2.4268, 5.837, 27.9733]], "eigenvalues": [24.1162, 25.0157, 43.0075]}, "14": {"type": "O", "Isotropic": 312.6405, "Anisotropy": 47.3712, "tensor": [[301.5621, 15.7429, 19.9138], [10.615, 304.4352, 2.983], [19.2154, 6.7212, 331.9241]], "eigenvalues": [286.2224, 307.4777, 344.2213]}, "15": {"type": "H", "Isotropic": 26.0741, "Anisotropy": 32.1375, "tensor": [[22.8551, 0.7556, 13.711]], "eigenvalues": [13.9858, 16.7374, 47.4991]}, "16": {"type": "H", "Isotropic": 27.2147, "Anisotropy": 29.7893, "tensor": [[46.7742, 2.577, 0.7417]], "eigenvalues": [15.1796, 19.3903, 47.0742]}, "17": {"type": "H", "Isotropic": 27.9459, "Anisotropy": 26.183, "tensor": [], "eigenvalues": [16.7391, 21.6975, 45.4013]}, "18": {"type": "O", "Isotropic": 299.6688, "Anisotropy": 55.6799, "tensor": [], "eigenvalues": [274.1579, 288.0598, 336.7887]}, "19": {"type": "H", "Isotropic": 27.8344, "Anisotropy": 25.2313, "tensor": [[12.3753, 26.725, 0.4428]], "eigenvalues": [17.0741, 21.7738, 44.6553]}, "20": {"type": "O", "Isotropic": 303.9045, "Anisotropy": 25.237, "tensor": [[13.4216, 291.983, 14.5126]], "eigenvalues": [276.1899, 314.7945, 320.7292]}, "21": {"type": "H", "Isotropic": 28.6711, "Anisotropy": 22.644, "tensor": [], "eigenvalues": [18.151, 24.0952, 43.7671]}, "22": {"type": "H", "Isotropic": 25.9129, "Anisotropy": 32.1335, "tensor": [[41.3083, 11.9903, 3.0101], [11.9939, 19.5478, 3.1055], [4.2618, 3.4908, 16.8826]], "eigenvalues": [13.3955, 17.008, 47.3352]}, "23": {"type": "O", "Isotropic": 312.229, "Anisotropy": 46.063, "tensor": [[21.9971, 300.4125, 5.0694]], "eigenvalues": [284.374, 309.3753, 342.9376]}, "24": {"type": "H", "Isotropic": 30.6108, "Anisotropy": 18.8857, "tensor": [], "eigenvalues": [23.4837, 25.1474, 43.2012]}, "25": {"type": "O", "Isotropic": 321.7798, "Anisotropy": 24.5461, "tensor": [], "eigenvalues": [301.2449, 325.9507, 338.1438]}, "26": {"type": "H", "Isotropic": 30.073, "Anisotropy": 18.4279, "tensor": [], "eigenvalues": [22.7751, 25.0856, 42.3582]}, "27": {"type": "H", "Isotropic": 30.0843, "Anisotropy": 19.576, "tensor": [], "eigenvalues": [22.8625, 24.2556, 43.135]}, "28": {"type": "O", "Isotropic": 318.2885, "Anisotropy": 21.9563, "tensor": [[7.4797, 7.2396, 310.7585]], "eigenvalues": [302.0956, 319.8439, 332.926]}, "29": {"type": "H", "Isotropic": 29.8729, "Anisotropy": 19.0123, "tensor": [[27.2123, 5.6947, 5.3219], [4.7359, 32.1124, 7.3089], [5.0587, 8.2316, 30.294]], "eigenvalues": [23.1332, 23.9378, 42.5478]}, "30": {"type": "H", "Isotropic": 29.8824, "Anisotropy": 18.0695, "tensor": [], "eigenvalues": [23.2061, 24.5124, 41.9287]}}}}, "functional": "wB97X", "basis": "6-31+G*", "phase": "solution", "type": "nmr;scrf", "smiles": "O.O.O.O.O.O.O.O.O.O", "formula": "H20 O10", "formula_pretty": "H2O", "formula_anonymous": "AB2", "formula_alphabetical": "H20 O10", "chemsys": "H-O", "nsites": 30, "nelements": 2, "is_ordered": true, "is_valid": true, "tag": "unknown", "wall_time (s)": 34.134866015054286, "last_updated": "2021-02-11T20:49:18.504483", "_id": null}