{"input": {"molecule": {"charge": 0, "spin_multiplicity": 1, "sites": [{"name": "O", "species": [{"element": "O", "occu": 1}], "xyz": [-0.608921, 0.808063, 0.423983], "properties": {}}, {"name": "H", "species": [{"element": "H", "occu": 1}], "xyz": [0.00336, 1.43277, 0.013001], "properties": {}}, {"name": "H", "species": [{"element": "H", "occu": 1}], "xyz": [-1.438253, 0.858669, -0.095846], "properties": {}}, {"name": "O", "species": [{"element": "O", "occu": 1}], "xyz": [-3.325808, 0.98287, -0.126681], "properties": {}}, {"name": "H", "species": [{"element": "H", "occu": 1}], "xyz": [-3.74843, 1.681377, -0.643819], "properties": {}}, {"name": "H", "species": [{"element": "H", "occu": 1}], "xyz": [-3.317696, 1.298064, 0.801425], "properties": {}}, {"name": "O", "species": [{"element": "O", "occu": 1}], "xyz": [-2.373555, 1.665501, 2.391731], "properties": {}}, {"name": "H", "species": [{"element": "H", "occu": 1}], "xyz": [-1.54118, 1.374258, 1.963764], "properties": {}}, {"name": "H", "species": [{"element": "H", "occu": 1}], "xyz": [-2.502187, 1.084099, 3.152952], "properties": {}}]}, "functional": "wB97X", "basis_set": "6-31+G*", "route_parameters": {"NMR": "GIAO", "iop(7/33=1)": null, "int": "ultrafine", "NoSymmetry": null, "test": null, "SCRF": "(Solvent=Water)"}, "title": "H6 O3", "charge": 0, "spin_multiplicity": 1, "input_parameters": {}, "link0_parameters": {"%chk": "checkpoint.chk", "%mem": "100GB", "%NProcShared": "28"}, "dieze_tag": "#P", "nbasisfunctions": 69, "pcm_parameters": {}}, "output": {"has_gaussian_completed": true, "is_pcm": true, "errors": [], "Mulliken_charges": {"1": ["O", -1.076172], "2": ["H", 0.516954], "3": ["H", 0.559043], "4": ["O", -1.07511], "5": ["H", 0.516389], "6": ["H", 0.55867], "7": ["O", -1.07534], "8": ["H", 0.55927], "9": ["H", 0.516295]}, "tensor": {"1": {"type": "O", "Isotropic": 316.4788, "Anisotropy": 54.5943, "tensor": [[350.6078, 16.423, 1.3681], [6.256, 292.8557, 0.3043]], "eigenvalues": [290.6257, 305.9356, 352.875]}, "2": {"type": "H", "Isotropic": 30.6153, "Anisotropy": 19.1994, "tensor": [], "eigenvalues": [23.8493, 24.5818, 43.4149]}, "3": {"type": "H", "Isotropic": 27.655, "Anisotropy": 26.1352, "tensor": [[8.6832, 0.0698, 23.9209]], "eigenvalues": [17.0165, 20.8701, 45.0785]}, "4": {"type": "O", "Isotropic": 316.7015, "Anisotropy": 54.8995, "tensor": [], "eigenvalues": [290.6059, 306.1975, 353.3012]}, "5": {"type": "H", "Isotropic": 30.6278, "Anisotropy": 19.2705, "tensor": [], "eigenvalues": [23.7744, 24.6341, 43.4748]}, "6": {"type": "H", "Isotropic": 27.6234, "Anisotropy": 26.2585, "tensor": [[0.4314, 18.7277, 6.8032], [4.9805, 5.9887, 42.7038]], "eigenvalues": [16.9222, 20.8189, 45.1291]}, "7": {"type": "O", "Isotropic": 316.5851, "Anisotropy": 54.6374, "tensor": [], "eigenvalues": [290.4332, 306.3121, 353.01]}, "8": {"type": "H", "Isotropic": 27.6232, "Anisotropy": 26.2299, "tensor": [], "eigenvalues": [16.9204, 20.8393, 45.1098]}, "9": {"type": "H", "Isotropic": 30.5911, "Anisotropy": 19.3405, "tensor": [], "eigenvalues": [23.7514, 24.5371, 43.4848]}}, "output": {"energies": [-229.248170392], "final_energy": -229.248170392, "final_energy_per_atom": -25.472018932444442, "molecule": {"charge": 0.0, "spin_multiplicity": 1, "sites": [{"name": "O", "species": [{"element": "O", "occu": 1}], "xyz": [-0.608921, 0.808063, 0.423983], "properties": {}}, {"name": "H", "species": [{"element": "H", "occu": 1}], "xyz": [0.00336, 1.43277, 0.013001], "properties": {}}, {"name": "H", "species": [{"element": "H", "occu": 1}], "xyz": [-1.438253, 0.858669, -0.095846], "properties": {}}, {"name": "O", "species": [{"element": "O", "occu": 1}], "xyz": [-3.325808, 0.98287, -0.126681], "properties": {}}, {"name": "H", "species": [{"element": "H", "occu": 1}], "xyz": [-3.74843, 1.681377, -0.643819], "properties": {}}, {"name": "H", "species": [{"element": "H", "occu": 1}], "xyz": [-3.317696, 1.298064, 0.801425], "properties": {}}, {"name": "O", "species": [{"element": "O", "occu": 1}], "xyz": [-2.373555, 1.665501, 2.391731], "properties": {}}, {"name": "H", "species": [{"element": "H", "occu": 1}], "xyz": [-1.54118, 1.374258, 1.963764], "properties": {}}, {"name": "H", "species": [{"element": "H", "occu": 1}], "xyz": [-2.502187, 1.084099, 3.152952], "properties": {}}]}, "stationary_type": "Minimum", "corrections": {}, "tensor": {"1": {"type": "O", "Isotropic": 316.4788, "Anisotropy": 54.5943, "tensor": [[350.6078, 16.423, 1.3681], [6.256, 292.8557, 0.3043]], "eigenvalues": [290.6257, 305.9356, 352.875]}, "2": {"type": "H", "Isotropic": 30.6153, "Anisotropy": 19.1994, "tensor": [], "eigenvalues": [23.8493, 24.5818, 43.4149]}, "3": {"type": "H", "Isotropic": 27.655, "Anisotropy": 26.1352, "tensor": [[8.6832, 0.0698, 23.9209]], "eigenvalues": [17.0165, 20.8701, 45.0785]}, "4": {"type": "O", "Isotropic": 316.7015, "Anisotropy": 54.8995, "tensor": [], "eigenvalues": [290.6059, 306.1975, 353.3012]}, "5": {"type": "H", "Isotropic": 30.6278, "Anisotropy": 19.2705, "tensor": [], "eigenvalues": [23.7744, 24.6341, 43.4748]}, "6": {"type": "H", "Isotropic": 27.6234, "Anisotropy": 26.2585, "tensor": [[0.4314, 18.7277, 6.8032], [4.9805, 5.9887, 42.7038]], "eigenvalues": [16.9222, 20.8189, 45.1291]}, "7": {"type": "O", "Isotropic": 316.5851, "Anisotropy": 54.6374, "tensor": [], "eigenvalues": [290.4332, 306.3121, 353.01]}, "8": {"type": "H", "Isotropic": 27.6232, "Anisotropy": 26.2299, "tensor": [], "eigenvalues": [16.9204, 20.8393, 45.1098]}, "9": {"type": "H", "Isotropic": 30.5911, "Anisotropy": 19.3405, "tensor": [], "eigenvalues": [23.7514, 24.5371, 43.4848]}}}}, "functional": "wB97X", "basis": "6-31+G*", "phase": "solution", "type": "scrf;nmr", "smiles": "O.O.O", "formula": "H6 O3", "formula_pretty": "H2O", "formula_anonymous": "AB2", "formula_alphabetical": "H6 O3", "chemsys": "H-O", "nsites": 9, "nelements": 2, "is_ordered": true, "is_valid": true, "tag": "unknown", "wall_time (s)": 10.240030169487, "last_updated": "2021-02-01T17:10:54.977576", "_id": null}