{"input": {"molecule": {"charge": 0, "spin_multiplicity": 1, "sites": [{"name": "O", "species": [{"element": "O", "occu": 1}], "xyz": [-0.575812, 1.838558, -0.443669], "properties": {}}, {"name": "H", "species": [{"element": "H", "occu": 1}], "xyz": [-0.973987, 2.326598, -1.177443], "properties": {}}, {"name": "H", "species": [{"element": "H", "occu": 1}], "xyz": [-1.31523, 1.40136, 0.041627], "properties": {}}, {"name": "O", "species": [{"element": "O", "occu": 1}], "xyz": [-2.437267, 0.581376, 1.126151], "properties": {}}, {"name": "H", "species": [{"element": "H", "occu": 1}], "xyz": [-2.95137, -0.123351, 0.707587], "properties": {}}, {"name": "H", "species": [{"element": "H", "occu": 1}], "xyz": [-1.95453, 0.159103, 1.878268], "properties": {}}, {"name": "O", "species": [{"element": "O", "occu": 1}], "xyz": [-0.970627, -0.535158, 3.154663], "properties": {}}, {"name": "H", "species": [{"element": "H", "occu": 1}], "xyz": [-1.09323, -1.489722, 3.255347], "properties": {}}, {"name": "H", "species": [{"element": "H", "occu": 1}], "xyz": [-1.10301, -0.142704, 4.061476], "properties": {}}, {"name": "H", "species": [{"element": "H", "occu": 1}], "xyz": [1.264481, 1.978295, 1.927653], "properties": {}}, {"name": "O", "species": [{"element": "O", "occu": 1}], "xyz": [0.990767, 2.888746, 1.668519], "properties": {}}, {"name": "H", "species": [{"element": "H", "occu": 1}], "xyz": [0.403496, 2.738961, 0.901628], "properties": {}}, {"name": "H", "species": [{"element": "H", "occu": 1}], "xyz": [-3.456117, 2.100332, 1.549942], "properties": {}}, {"name": "O", "species": [{"element": "O", "occu": 1}], "xyz": [-3.968231, 2.916699, 1.703818], "properties": {}}, {"name": "H", "species": [{"element": "H", "occu": 1}], "xyz": [-3.565256, 3.330847, 2.490861], "properties": {}}, {"name": "H", "species": [{"element": "H", "occu": 1}], "xyz": [-0.511054, 1.178135, 5.740697], "properties": {}}, {"name": "H", "species": [{"element": "H", "occu": 1}], "xyz": [-2.067598, 1.03952, 5.720101], "properties": {}}, {"name": "O", "species": [{"element": "O", "occu": 1}], "xyz": [-1.242099, 0.531256, 5.600129], "properties": {}}, {"name": "H", "species": [{"element": "H", "occu": 1}], "xyz": [-3.202052, 4.919045, 4.262902], "properties": {}}, {"name": "O", "species": [{"element": "O", "occu": 1}], "xyz": [-2.828563, 4.050783, 4.055778], "properties": {}}, {"name": "H", "species": [{"element": "H", "occu": 1}], "xyz": [-3.121942, 3.450689, 4.775795], "properties": {}}, {"name": "H", "species": [{"element": "H", "occu": 1}], "xyz": [0.656683, 0.539093, -0.736802], "properties": {}}, {"name": "O", "species": [{"element": "O", "occu": 1}], "xyz": [1.37094, -0.124013, -0.617432], "properties": {}}, {"name": "H", "species": [{"element": "H", "occu": 1}], "xyz": [1.031355, -0.950714, -0.985282], "properties": {}}, {"name": "O", "species": [{"element": "O", "occu": 1}], "xyz": [-3.576713, 2.133712, 5.927961], "properties": {}}, {"name": "H", "species": [{"element": "H", "occu": 1}], "xyz": [-4.404738, 1.695629, 5.681192], "properties": {}}, {"name": "H", "species": [{"element": "H", "occu": 1}], "xyz": [-3.700073, 2.422275, 6.844332], "properties": {}}, {"name": "O", "species": [{"element": "O", "occu": 1}], "xyz": [-0.015683, 4.113019, 3.910331], "properties": {}}, {"name": "H", "species": [{"element": "H", "occu": 1}], "xyz": [0.276482, 3.698997, 3.064038], "properties": {}}, {"name": "H", "species": [{"element": "H", "occu": 1}], "xyz": [-0.994662, 4.093294, 3.908335], "properties": {}}, {"name": "O", "species": [{"element": "O", "occu": 1}], "xyz": [0.779402, 2.377224, 5.836358], "properties": {}}, {"name": "H", "species": [{"element": "H", "occu": 1}], "xyz": [0.84695, 2.834193, 6.685185], "properties": {}}, {"name": "H", "species": [{"element": "H", "occu": 1}], "xyz": [0.524119, 3.066537, 5.171161], "properties": {}}, {"name": "O", "species": [{"element": "O", "occu": 1}], "xyz": [1.551847, 0.21515, 2.143497], "properties": {}}, {"name": "H", "species": [{"element": "H", "occu": 1}], "xyz": [0.707723, -0.11037, 2.519259], "properties": {}}, {"name": "H", "species": [{"element": "H", "occu": 1}], "xyz": [1.540408, -0.056923, 1.200335], "properties": {}}]}, "functional": "wB97X", "basis_set": "6-31+G*", "route_parameters": {"NMR": "GIAO", "iop(7/33=1)": null, "int": "ultrafine", "NoSymmetry": null, "test": null, "SCRF": "(Solvent=Water)"}, "title": "H24 O12", "charge": 0, "spin_multiplicity": 1, "input_parameters": {}, "link0_parameters": {"%chk": "checkpoint.chk", "%mem": "100GB", "%NProcShared": "28"}, "dieze_tag": "#P", "nbasisfunctions": 276, "pcm_parameters": {}}, "output": {"has_gaussian_completed": true, "is_pcm": true, "errors": [], "Mulliken_charges": {"1": ["O", -1.19078], "2": ["H", 0.53635], "3": ["H", 0.625029], "4": ["O", -1.170813], "5": ["H", 0.537017], "6": ["H", 0.619116], "7": ["O", -1.175846], "8": ["H", 0.537601], "9": ["H", 0.626493], "10": ["H", 0.600953], "11": ["O", -1.162631], "12": ["H", 0.587131], "13": ["H", 0.572449], "14": ["O", -1.113921], "15": ["H", 0.573883], "16": ["H", 0.60055], "17": ["H", 0.590864], "18": ["O", -1.18039], "19": ["H", 0.540971], "20": ["O", -1.173349], "21": ["H", 0.608315], "22": ["H", 0.598165], "23": ["O", -1.103586], "24": ["H", 0.522647], "25": ["O", -1.088418], "26": ["H", 0.544254], "27": ["H", 0.54493], "28": ["O", -1.205383], "29": ["H", 0.609826], "30": ["H", 0.60051], "31": ["O", -1.126788], "32": ["H", 0.519558], "33": ["H", 0.609163], "34": ["O", -1.227009], "35": ["H", 0.61627], "36": ["H", 0.596871]}, "tensor": {"1": {"type": "O", "Isotropic": 305.2571, "Anisotropy": 34.3192, "tensor": [], "eigenvalues": [285.7531, 301.8816, 328.1365]}, "2": {"type": "H", "Isotropic": 30.1459, "Anisotropy": 19.5962, "tensor": [], "eigenvalues": [22.78, 24.4478, 43.2101]}, "3": {"type": "H", "Isotropic": 26.0572, "Anisotropy": 29.9425, "tensor": [], "eigenvalues": [14.9917, 17.161, 46.0189]}, "4": {"type": "O", "Isotropic": 303.2623, "Anisotropy": 33.0551, "tensor": [[302.1631, 1.2263, 18.2349]], "eigenvalues": [286.5475, 297.9404, 325.299]}, "5": {"type": "H", "Isotropic": 30.2042, "Anisotropy": 18.5178, "tensor": [[29.9473, 6.7772, 5.229], [7.3324, 32.4955, 6.0734], [5.1277, 5.4251, 28.1698]], "eigenvalues": [23.7778, 24.2855, 42.5494]}, "6": {"type": "H", "Isotropic": 25.8585, "Anisotropy": 30.4676, "tensor": [], "eigenvalues": [15.4143, 15.9911, 46.1703]}, "7": {"type": "O", "Isotropic": 298.7504, "Anisotropy": 36.9771, "tensor": [], "eigenvalues": [280.7211, 292.1284, 323.4018]}, "8": {"type": "H", "Isotropic": 30.2161, "Anisotropy": 18.1781, "tensor": [], "eigenvalues": [23.1473, 25.1661, 42.3348]}, "9": {"type": "H", "Isotropic": 24.488, "Anisotropy": 34.2781, "tensor": [], "eigenvalues": [11.8461, 14.2779, 47.3401]}, "10": {"type": "H", "Isotropic": 26.6106, "Anisotropy": 27.3013, "tensor": [], "eigenvalues": [16.0641, 18.9561, 44.8114]}, "11": {"type": "O", "Isotropic": 299.9951, "Anisotropy": 28.1401, "tensor": [], "eigenvalues": [273.2716, 307.9585, 318.7552]}, "12": {"type": "H", "Isotropic": 27.9787, "Anisotropy": 25.2291, "tensor": [[26.7482, 2.6077, 11.6117], [3.232, 21.9085, 4.8545], [11.981, 4.0663, 35.2795]], "eigenvalues": [18.4571, 20.6809, 44.7981]}, "13": {"type": "H", "Isotropic": 28.4112, "Anisotropy": 29.0137, "tensor": [], "eigenvalues": [17.3623, 20.1176, 47.7537]}, "14": {"type": "O", "Isotropic": 321.3693, "Anisotropy": 63.4524, "tensor": [[6.6827, 32.0057, 324.8531]], "eigenvalues": [288.051, 312.3859, 363.6709]}, "15": {"type": "H", "Isotropic": 28.3583, "Anisotropy": 29.0151, "tensor": [[22.6987, 3.3554, 9.1094], [2.9922, 24.4874, 11.0492], [8.5339, 11.4376, 37.8887]], "eigenvalues": [17.073, 20.3002, 47.7017]}, "16": {"type": "H", "Isotropic": 26.1266, "Anisotropy": 29.6845, "tensor": [[33.379, 13.9747, 2.5867], [14.586, 28.4469, 2.4815], [3.1168, 2.7797, 16.5539]], "eigenvalues": [15.9747, 16.4888, 45.9163]}, "17": {"type": "H", "Isotropic": 27.8646, "Anisotropy": 27.4048, "tensor": [], "eigenvalues": [18.2486, 19.2108, 46.1345]}, "18": {"type": "O", "Isotropic": 301.6475, "Anisotropy": 35.261, "tensor": [[6.0764, 294.5102, 11.5558]], "eigenvalues": [277.2346, 302.5531, 325.1549]}, "19": {"type": "H", "Isotropic": 30.1888, "Anisotropy": 19.2078, "tensor": [], "eigenvalues": [23.3073, 24.2651, 42.994]}, "20": {"type": "O", "Isotropic": 306.7355, "Anisotropy": 30.7213, "tensor": [], "eigenvalues": [292.2483, 300.7417, 327.2163]}, "21": {"type": "H", "Isotropic": 26.78, "Anisotropy": 28.7853, "tensor": [], "eigenvalues": [15.9528, 18.417, 45.9702]}, "22": {"type": "H", "Isotropic": 27.0816, "Anisotropy": 28.5518, "tensor": [[0.3775, 0.3332, 19.1457]], "eigenvalues": [15.8752, 19.2535, 46.1162]}, "23": {"type": "O", "Isotropic": 313.7347, "Anisotropy": 47.4259, "tensor": [[4.5801, 12.4572, 304.3611]], "eigenvalues": [288.9666, 306.8856, 345.352]}, "24": {"type": "H", "Isotropic": 30.6121, "Anisotropy": 18.5817, "tensor": [[25.5269, 3.2636, 1.4717], [2.5831, 38.6215, 7.2626], [1.2436, 7.6641, 27.688]], "eigenvalues": [23.8919, 24.9446, 42.9999]}, "25": {"type": "O", "Isotropic": 316.3243, "Anisotropy": 21.1921, "tensor": [[317.1975, 8.2414, 3.0881], [7.2623, 307.4932, 7.6138], [3.0789, 8.8267, 324.2822]], "eigenvalues": [301.6111, 316.9095, 330.4524]}, "26": {"type": "H", "Isotropic": 29.7435, "Anisotropy": 17.7615, "tensor": [[37.1118, 7.4773, 3.6399], [6.9191, 26.4196, 2.3523], [2.4522, 1.9075, 25.6991]], "eigenvalues": [22.674, 24.972, 41.5845]}, "27": {"type": "H", "Isotropic": 29.7846, "Anisotropy": 19.326, "tensor": [], "eigenvalues": [22.701, 23.9843, 42.6686]}, "28": {"type": "O", "Isotropic": 300.6937, "Anisotropy": 45.6264, "tensor": [], "eigenvalues": [277.0633, 293.9064, 331.1113]}, "29": {"type": "H", "Isotropic": 26.0852, "Anisotropy": 31.7154, "tensor": [], "eigenvalues": [14.7235, 16.3034, 47.2288]}, "30": {"type": "H", "Isotropic": 27.5446, "Anisotropy": 28.3333, "tensor": [], "eigenvalues": [17.5053, 18.6951, 46.4335]}, "31": {"type": "O", "Isotropic": 309.052, "Anisotropy": 47.8163, "tensor": [[290.5425, 4.1312, 17.7844]], "eigenvalues": [282.6876, 303.5388, 340.9295]}, "32": {"type": "H", "Isotropic": 30.6719, "Anisotropy": 19.2596, "tensor": [[24.6309, 1.2026, 3.2225], [1.3978, 27.2252, 6.704], [3.4213, 6.229, 40.1596]], "eigenvalues": [23.9493, 24.5548, 43.5117]}, "33": {"type": "H", "Isotropic": 25.4756, "Anisotropy": 31.6368, "tensor": [], "eigenvalues": [13.8348, 16.0251, 46.5668]}, "34": {"type": "O", "Isotropic": 301.0461, "Anisotropy": 41.6431, "tensor": [], "eigenvalues": [284.218, 290.1122, 328.8082]}, "35": {"type": "H", "Isotropic": 27.4121, "Anisotropy": 27.9792, "tensor": [], "eigenvalues": [17.6402, 18.5311, 46.0649]}, "36": {"type": "H", "Isotropic": 27.1296, "Anisotropy": 28.4198, "tensor": [], "eigenvalues": [16.5075, 18.8052, 46.0762]}}, "output": {"energies": [-917.055381076], "final_energy": -917.055381076, "final_energy_per_atom": -25.473760585444445, "molecule": {"charge": 0.0, "spin_multiplicity": 1, "sites": [{"name": "O", "species": [{"element": "O", "occu": 1}], "xyz": [-0.575812, 1.838558, -0.443669], "properties": {}}, {"name": "H", "species": [{"element": "H", "occu": 1}], "xyz": [-0.973987, 2.326598, -1.177443], "properties": {}}, {"name": "H", "species": [{"element": "H", "occu": 1}], "xyz": [-1.31523, 1.40136, 0.041627], "properties": {}}, {"name": "O", "species": [{"element": "O", "occu": 1}], "xyz": [-2.437267, 0.581376, 1.126151], "properties": {}}, {"name": "H", "species": [{"element": "H", "occu": 1}], "xyz": [-2.95137, -0.123351, 0.707587], "properties": {}}, {"name": "H", "species": [{"element": "H", "occu": 1}], "xyz": [-1.95453, 0.159103, 1.878268], "properties": {}}, {"name": "O", "species": [{"element": "O", "occu": 1}], "xyz": [-0.970627, -0.535158, 3.154663], "properties": {}}, {"name": "H", "species": [{"element": "H", "occu": 1}], "xyz": [-1.09323, -1.489722, 3.255347], "properties": {}}, {"name": "H", "species": [{"element": "H", "occu": 1}], "xyz": [-1.10301, -0.142704, 4.061476], "properties": {}}, {"name": "H", "species": [{"element": "H", "occu": 1}], "xyz": [1.264481, 1.978295, 1.927653], "properties": {}}, {"name": "O", "species": [{"element": "O", "occu": 1}], "xyz": [0.990767, 2.888746, 1.668519], "properties": {}}, {"name": "H", "species": [{"element": "H", "occu": 1}], "xyz": [0.403496, 2.738961, 0.901628], "properties": {}}, {"name": "H", "species": [{"element": "H", "occu": 1}], "xyz": [-3.456117, 2.100332, 1.549942], "properties": {}}, {"name": "O", "species": [{"element": "O", "occu": 1}], "xyz": [-3.968231, 2.916699, 1.703818], "properties": {}}, {"name": "H", "species": [{"element": "H", "occu": 1}], "xyz": [-3.565256, 3.330847, 2.490861], "properties": {}}, {"name": "H", "species": [{"element": "H", "occu": 1}], "xyz": [-0.511054, 1.178135, 5.740697], "properties": {}}, {"name": "H", "species": [{"element": "H", "occu": 1}], "xyz": [-2.067598, 1.03952, 5.720101], "properties": {}}, {"name": "O", "species": [{"element": "O", "occu": 1}], "xyz": [-1.242099, 0.531256, 5.600129], "properties": {}}, {"name": "H", "species": [{"element": "H", "occu": 1}], "xyz": [-3.202052, 4.919045, 4.262902], "properties": {}}, {"name": "O", "species": [{"element": "O", "occu": 1}], "xyz": [-2.828563, 4.050783, 4.055778], "properties": {}}, {"name": "H", "species": [{"element": "H", "occu": 1}], "xyz": [-3.121942, 3.450689, 4.775795], "properties": {}}, {"name": "H", "species": [{"element": "H", "occu": 1}], "xyz": [0.656683, 0.539093, -0.736802], "properties": {}}, {"name": "O", "species": [{"element": "O", "occu": 1}], "xyz": [1.37094, -0.124013, -0.617432], "properties": {}}, {"name": "H", "species": [{"element": "H", "occu": 1}], "xyz": [1.031355, -0.950714, -0.985282], "properties": {}}, {"name": "O", "species": [{"element": "O", "occu": 1}], "xyz": [-3.576713, 2.133712, 5.927961], "properties": {}}, {"name": "H", "species": [{"element": "H", "occu": 1}], "xyz": [-4.404738, 1.695629, 5.681192], "properties": {}}, {"name": "H", "species": [{"element": "H", "occu": 1}], "xyz": [-3.700073, 2.422275, 6.844332], "properties": {}}, {"name": "O", "species": [{"element": "O", "occu": 1}], "xyz": [-0.015683, 4.113019, 3.910331], "properties": {}}, {"name": "H", "species": [{"element": "H", "occu": 1}], "xyz": [0.276482, 3.698997, 3.064038], "properties": {}}, {"name": "H", "species": [{"element": "H", "occu": 1}], "xyz": [-0.994662, 4.093294, 3.908335], "properties": {}}, {"name": "O", "species": [{"element": "O", "occu": 1}], "xyz": [0.779402, 2.377224, 5.836358], "properties": {}}, {"name": "H", "species": [{"element": "H", "occu": 1}], "xyz": [0.84695, 2.834193, 6.685185], "properties": {}}, {"name": "H", "species": [{"element": "H", "occu": 1}], "xyz": [0.524119, 3.066537, 5.171161], "properties": {}}, {"name": "O", "species": [{"element": "O", "occu": 1}], "xyz": [1.551847, 0.21515, 2.143497], "properties": {}}, {"name": "H", "species": [{"element": "H", "occu": 1}], "xyz": [0.707723, -0.11037, 2.519259], "properties": {}}, {"name": "H", "species": [{"element": "H", "occu": 1}], "xyz": [1.540408, -0.056923, 1.200335], "properties": {}}]}, "stationary_type": "Minimum", "corrections": {}, "tensor": {"1": {"type": "O", "Isotropic": 305.2571, "Anisotropy": 34.3192, "tensor": [], "eigenvalues": [285.7531, 301.8816, 328.1365]}, "2": {"type": "H", "Isotropic": 30.1459, "Anisotropy": 19.5962, "tensor": [], "eigenvalues": [22.78, 24.4478, 43.2101]}, "3": {"type": "H", "Isotropic": 26.0572, "Anisotropy": 29.9425, "tensor": [], "eigenvalues": [14.9917, 17.161, 46.0189]}, "4": {"type": "O", "Isotropic": 303.2623, "Anisotropy": 33.0551, "tensor": [[302.1631, 1.2263, 18.2349]], "eigenvalues": [286.5475, 297.9404, 325.299]}, "5": {"type": "H", "Isotropic": 30.2042, "Anisotropy": 18.5178, "tensor": [[29.9473, 6.7772, 5.229], [7.3324, 32.4955, 6.0734], [5.1277, 5.4251, 28.1698]], "eigenvalues": [23.7778, 24.2855, 42.5494]}, "6": {"type": "H", "Isotropic": 25.8585, "Anisotropy": 30.4676, "tensor": [], "eigenvalues": [15.4143, 15.9911, 46.1703]}, "7": {"type": "O", "Isotropic": 298.7504, "Anisotropy": 36.9771, "tensor": [], "eigenvalues": [280.7211, 292.1284, 323.4018]}, "8": {"type": "H", "Isotropic": 30.2161, "Anisotropy": 18.1781, "tensor": [], "eigenvalues": [23.1473, 25.1661, 42.3348]}, "9": {"type": "H", "Isotropic": 24.488, "Anisotropy": 34.2781, "tensor": [], "eigenvalues": [11.8461, 14.2779, 47.3401]}, "10": {"type": "H", "Isotropic": 26.6106, "Anisotropy": 27.3013, "tensor": [], "eigenvalues": [16.0641, 18.9561, 44.8114]}, "11": {"type": "O", "Isotropic": 299.9951, "Anisotropy": 28.1401, "tensor": [], "eigenvalues": [273.2716, 307.9585, 318.7552]}, "12": {"type": "H", "Isotropic": 27.9787, "Anisotropy": 25.2291, "tensor": [[26.7482, 2.6077, 11.6117], [3.232, 21.9085, 4.8545], [11.981, 4.0663, 35.2795]], "eigenvalues": [18.4571, 20.6809, 44.7981]}, "13": {"type": "H", "Isotropic": 28.4112, "Anisotropy": 29.0137, "tensor": [], "eigenvalues": [17.3623, 20.1176, 47.7537]}, "14": {"type": "O", "Isotropic": 321.3693, "Anisotropy": 63.4524, "tensor": [[6.6827, 32.0057, 324.8531]], "eigenvalues": [288.051, 312.3859, 363.6709]}, "15": {"type": "H", "Isotropic": 28.3583, "Anisotropy": 29.0151, "tensor": [[22.6987, 3.3554, 9.1094], [2.9922, 24.4874, 11.0492], [8.5339, 11.4376, 37.8887]], "eigenvalues": [17.073, 20.3002, 47.7017]}, "16": {"type": "H", "Isotropic": 26.1266, "Anisotropy": 29.6845, "tensor": [[33.379, 13.9747, 2.5867], [14.586, 28.4469, 2.4815], [3.1168, 2.7797, 16.5539]], "eigenvalues": [15.9747, 16.4888, 45.9163]}, "17": {"type": "H", "Isotropic": 27.8646, "Anisotropy": 27.4048, "tensor": [], "eigenvalues": [18.2486, 19.2108, 46.1345]}, "18": {"type": "O", "Isotropic": 301.6475, "Anisotropy": 35.261, "tensor": [[6.0764, 294.5102, 11.5558]], "eigenvalues": [277.2346, 302.5531, 325.1549]}, "19": {"type": "H", "Isotropic": 30.1888, "Anisotropy": 19.2078, "tensor": [], "eigenvalues": [23.3073, 24.2651, 42.994]}, "20": {"type": "O", "Isotropic": 306.7355, "Anisotropy": 30.7213, "tensor": [], "eigenvalues": [292.2483, 300.7417, 327.2163]}, "21": {"type": "H", "Isotropic": 26.78, "Anisotropy": 28.7853, "tensor": [], "eigenvalues": [15.9528, 18.417, 45.9702]}, "22": {"type": "H", "Isotropic": 27.0816, "Anisotropy": 28.5518, "tensor": [[0.3775, 0.3332, 19.1457]], "eigenvalues": [15.8752, 19.2535, 46.1162]}, "23": {"type": "O", "Isotropic": 313.7347, "Anisotropy": 47.4259, "tensor": [[4.5801, 12.4572, 304.3611]], "eigenvalues": [288.9666, 306.8856, 345.352]}, "24": {"type": "H", "Isotropic": 30.6121, "Anisotropy": 18.5817, "tensor": [[25.5269, 3.2636, 1.4717], [2.5831, 38.6215, 7.2626], [1.2436, 7.6641, 27.688]], "eigenvalues": [23.8919, 24.9446, 42.9999]}, "25": {"type": "O", "Isotropic": 316.3243, "Anisotropy": 21.1921, "tensor": [[317.1975, 8.2414, 3.0881], [7.2623, 307.4932, 7.6138], [3.0789, 8.8267, 324.2822]], "eigenvalues": [301.6111, 316.9095, 330.4524]}, "26": {"type": "H", "Isotropic": 29.7435, "Anisotropy": 17.7615, "tensor": [[37.1118, 7.4773, 3.6399], [6.9191, 26.4196, 2.3523], [2.4522, 1.9075, 25.6991]], "eigenvalues": [22.674, 24.972, 41.5845]}, "27": {"type": "H", "Isotropic": 29.7846, "Anisotropy": 19.326, "tensor": [], "eigenvalues": [22.701, 23.9843, 42.6686]}, "28": {"type": "O", "Isotropic": 300.6937, "Anisotropy": 45.6264, "tensor": [], "eigenvalues": [277.0633, 293.9064, 331.1113]}, "29": {"type": "H", "Isotropic": 26.0852, "Anisotropy": 31.7154, "tensor": [], "eigenvalues": [14.7235, 16.3034, 47.2288]}, "30": {"type": "H", "Isotropic": 27.5446, "Anisotropy": 28.3333, "tensor": [], "eigenvalues": [17.5053, 18.6951, 46.4335]}, "31": {"type": "O", "Isotropic": 309.052, "Anisotropy": 47.8163, "tensor": [[290.5425, 4.1312, 17.7844]], "eigenvalues": [282.6876, 303.5388, 340.9295]}, "32": {"type": "H", "Isotropic": 30.6719, "Anisotropy": 19.2596, "tensor": [[24.6309, 1.2026, 3.2225], [1.3978, 27.2252, 6.704], [3.4213, 6.229, 40.1596]], "eigenvalues": [23.9493, 24.5548, 43.5117]}, "33": {"type": "H", "Isotropic": 25.4756, "Anisotropy": 31.6368, "tensor": [], "eigenvalues": [13.8348, 16.0251, 46.5668]}, "34": {"type": "O", "Isotropic": 301.0461, "Anisotropy": 41.6431, "tensor": [], "eigenvalues": [284.218, 290.1122, 328.8082]}, "35": {"type": "H", "Isotropic": 27.4121, "Anisotropy": 27.9792, "tensor": [], "eigenvalues": [17.6402, 18.5311, 46.0649]}, "36": {"type": "H", "Isotropic": 27.1296, "Anisotropy": 28.4198, "tensor": [], "eigenvalues": [16.5075, 18.8052, 46.0762]}}}}, "functional": "wB97X", "basis": "6-31+G*", "phase": "solution", "type": "scrf;nmr", "smiles": "O.O.O.O.O.O.O.O.O.O.O.O", "formula": "H24 O12", "formula_pretty": "H2O", "formula_anonymous": "AB2", "formula_alphabetical": "H24 O12", "chemsys": "H-O", "nsites": 36, "nelements": 2, "is_ordered": true, "is_valid": true, "tag": "unknown", "wall_time (s)": 49.87602224107832, "last_updated": "2021-02-16T20:21:22.988629", "_id": null}