{"input": {"molecule": {"charge": 0, "spin_multiplicity": 1, "sites": [{"name": "O", "species": [{"element": "O", "occu": 1}], "xyz": [-0.486568, 1.68668, -0.549917], "properties": {}}, {"name": "H", "species": [{"element": "H", "occu": 1}], "xyz": [0.135197, 1.021635, -0.874592], "properties": {}}, {"name": "H", "species": [{"element": "H", "occu": 1}], "xyz": [-1.350472, 1.222938, -0.443891], "properties": {}}, {"name": "O", "species": [{"element": "O", "occu": 1}], "xyz": [-2.902073, 0.543229, 0.093387], "properties": {}}, {"name": "H", "species": [{"element": "H", "occu": 1}], "xyz": [-3.664961, 0.944369, -0.344221], "properties": {}}, {"name": "H", "species": [{"element": "H", "occu": 1}], "xyz": [-2.94485, 0.833686, 1.034812], "properties": {}}, {"name": "O", "species": [{"element": "O", "occu": 1}], "xyz": [-2.616793, 1.401535, 2.6911], "properties": {}}, {"name": "H", "species": [{"element": "H", "occu": 1}], "xyz": [-1.752887, 1.865276, 2.585074], "properties": {}}, {"name": "H", "species": [{"element": "H", "occu": 1}], "xyz": [-3.238557, 2.066581, 3.015774], "properties": {}}, {"name": "H", "species": [{"element": "H", "occu": 1}], "xyz": [0.561602, 2.143841, 2.485405], "properties": {}}, {"name": "O", "species": [{"element": "O", "occu": 1}], "xyz": [-0.201286, 2.544984, 2.047797], "properties": {}}, {"name": "H", "species": [{"element": "H", "occu": 1}], "xyz": [-0.15851, 2.254527, 1.106372], "properties": {}}]}, "functional": "wB97X", "basis_set": "6-31+G*", "route_parameters": {"NMR": "GIAO", "iop(7/33=1)": null, "int": "ultrafine", "NoSymmetry": null, "test": null, "SCRF": "(Solvent=Water)"}, "title": "H8 O4", "charge": 0, "spin_multiplicity": 1, "input_parameters": {}, "link0_parameters": {"%chk": "checkpoint.chk", "%mem": "100GB", "%NProcShared": "24"}, "dieze_tag": "#P", "nbasisfunctions": 92, "pcm_parameters": {}}, "output": {"has_gaussian_completed": true, "is_pcm": true, "errors": [], "Mulliken_charges": {"1": ["O", -1.105348], "2": ["H", 0.520591], "3": ["H", 0.585652], "4": ["O", -1.102702], "5": ["H", 0.519791], "6": ["H", 0.582016], "7": ["O", -1.105348], "8": ["H", 0.585652], "9": ["H", 0.520591], "10": ["H", 0.519791], "11": ["O", -1.102701], "12": ["H", 0.582016]}, "tensor": {"1": {"type": "O", "Isotropic": 312.9145, "Anisotropy": 46.9712, "tensor": [[8.6203, 296.2185, 6.3745]], "eigenvalues": [287.1316, 307.3832, 344.2286]}, "2": {"type": "H", "Isotropic": 30.6317, "Anisotropy": 18.6276, "tensor": [], "eigenvalues": [23.8963, 24.9488, 43.0501]}, "3": {"type": "H", "Isotropic": 26.3245, "Anisotropy": 30.6751, "tensor": [], "eigenvalues": [14.6568, 17.5421, 46.7745]}, "4": {"type": "O", "Isotropic": 312.7113, "Anisotropy": 46.7578, "tensor": [[3.4175, 287.8673, 7.8637], [13.8849, 2.9323, 338.6193]], "eigenvalues": [287.2873, 306.9635, 343.8832]}, "5": {"type": "H", "Isotropic": 30.628, "Anisotropy": 18.5427, "tensor": [], "eigenvalues": [23.9288, 24.9655, 42.9898]}, "6": {"type": "H", "Isotropic": 26.3612, "Anisotropy": 30.5416, "tensor": [[17.4975, 0.8833, 1.0249], [1.3447, 17.576, 8.7612], [2.0884, 8.6157, 44.01]], "eigenvalues": [14.8258, 17.5355, 46.7222]}, "7": {"type": "O", "Isotropic": 312.9153, "Anisotropy": 46.9727, "tensor": [[8.6395, 296.1699, 6.349]], "eigenvalues": [287.0766, 307.4388, 344.2304]}, "8": {"type": "H", "Isotropic": 26.3249, "Anisotropy": 30.6729, "tensor": [], "eigenvalues": [14.6606, 17.5406, 46.7735]}, "9": {"type": "H", "Isotropic": 30.6337, "Anisotropy": 18.6243, "tensor": [], "eigenvalues": [23.9015, 24.9497, 43.0499]}, "10": {"type": "H", "Isotropic": 30.6272, "Anisotropy": 18.5456, "tensor": [], "eigenvalues": [23.9266, 24.9641, 42.991]}, "11": {"type": "O", "Isotropic": 312.7001, "Anisotropy": 46.7643, "tensor": [[3.4567, 287.791, 7.8154], [13.8751, 2.9569, 338.6297]], "eigenvalues": [287.2144, 307.0094, 343.8763]}, "12": {"type": "H", "Isotropic": 26.3612, "Anisotropy": 30.5437, "tensor": [[17.496, 0.8832, 1.0237], [1.3443, 17.5752, 8.7583], [2.0869, 8.6167, 44.0124]], "eigenvalues": [14.8257, 17.5343, 46.7237]}}, "output": {"energies": [-305.674384416], "final_energy": -305.674384416, "final_energy_per_atom": -25.472865368, "molecule": {"charge": 0.0, "spin_multiplicity": 1, "sites": [{"name": "O", "species": [{"element": "O", "occu": 1}], "xyz": [-0.486568, 1.68668, -0.549917], "properties": {}}, {"name": "H", "species": [{"element": "H", "occu": 1}], "xyz": [0.135197, 1.021635, -0.874592], "properties": {}}, {"name": "H", "species": [{"element": "H", "occu": 1}], "xyz": [-1.350472, 1.222938, -0.443891], "properties": {}}, {"name": "O", "species": [{"element": "O", "occu": 1}], "xyz": [-2.902073, 0.543229, 0.093387], "properties": {}}, {"name": "H", "species": [{"element": "H", "occu": 1}], "xyz": [-3.664961, 0.944369, -0.344221], "properties": {}}, {"name": "H", "species": [{"element": "H", "occu": 1}], "xyz": [-2.94485, 0.833686, 1.034812], "properties": {}}, {"name": "O", "species": [{"element": "O", "occu": 1}], "xyz": [-2.616793, 1.401535, 2.6911], "properties": {}}, {"name": "H", "species": [{"element": "H", "occu": 1}], "xyz": [-1.752887, 1.865276, 2.585074], "properties": {}}, {"name": "H", "species": [{"element": "H", "occu": 1}], "xyz": [-3.238557, 2.066581, 3.015774], "properties": {}}, {"name": "H", "species": [{"element": "H", "occu": 1}], "xyz": [0.561602, 2.143841, 2.485405], "properties": {}}, {"name": "O", "species": [{"element": "O", "occu": 1}], "xyz": [-0.201286, 2.544984, 2.047797], "properties": {}}, {"name": "H", "species": [{"element": "H", "occu": 1}], "xyz": [-0.15851, 2.254527, 1.106372], "properties": {}}]}, "stationary_type": "Minimum", "corrections": {}, "tensor": {"1": {"type": "O", "Isotropic": 312.9145, "Anisotropy": 46.9712, "tensor": [[8.6203, 296.2185, 6.3745]], "eigenvalues": [287.1316, 307.3832, 344.2286]}, "2": {"type": "H", "Isotropic": 30.6317, "Anisotropy": 18.6276, "tensor": [], "eigenvalues": [23.8963, 24.9488, 43.0501]}, "3": {"type": "H", "Isotropic": 26.3245, "Anisotropy": 30.6751, "tensor": [], "eigenvalues": [14.6568, 17.5421, 46.7745]}, "4": {"type": "O", "Isotropic": 312.7113, "Anisotropy": 46.7578, "tensor": [[3.4175, 287.8673, 7.8637], [13.8849, 2.9323, 338.6193]], "eigenvalues": [287.2873, 306.9635, 343.8832]}, "5": {"type": "H", "Isotropic": 30.628, "Anisotropy": 18.5427, "tensor": [], "eigenvalues": [23.9288, 24.9655, 42.9898]}, "6": {"type": "H", "Isotropic": 26.3612, "Anisotropy": 30.5416, "tensor": [[17.4975, 0.8833, 1.0249], [1.3447, 17.576, 8.7612], [2.0884, 8.6157, 44.01]], "eigenvalues": [14.8258, 17.5355, 46.7222]}, "7": {"type": "O", "Isotropic": 312.9153, "Anisotropy": 46.9727, "tensor": [[8.6395, 296.1699, 6.349]], "eigenvalues": [287.0766, 307.4388, 344.2304]}, "8": {"type": "H", "Isotropic": 26.3249, "Anisotropy": 30.6729, "tensor": [], "eigenvalues": [14.6606, 17.5406, 46.7735]}, "9": {"type": "H", "Isotropic": 30.6337, "Anisotropy": 18.6243, "tensor": [], "eigenvalues": [23.9015, 24.9497, 43.0499]}, "10": {"type": "H", "Isotropic": 30.6272, "Anisotropy": 18.5456, "tensor": [], "eigenvalues": [23.9266, 24.9641, 42.991]}, "11": {"type": "O", "Isotropic": 312.7001, "Anisotropy": 46.7643, "tensor": [[3.4567, 287.791, 7.8154], [13.8751, 2.9569, 338.6297]], "eigenvalues": [287.2144, 307.0094, 343.8763]}, "12": {"type": "H", "Isotropic": 26.3612, "Anisotropy": 30.5437, "tensor": [[17.496, 0.8832, 1.0237], [1.3443, 17.5752, 8.7583], [2.0869, 8.6167, 44.0124]], "eigenvalues": [14.8257, 17.5343, 46.7237]}}}}, "functional": "wB97X", "basis": "6-31+G*", "phase": "solution", "type": "nmr;scrf", "smiles": "O.O.O.O", "formula": "H8 O4", "formula_pretty": "H2O", "formula_anonymous": "AB2", "formula_alphabetical": "H8 O4", "chemsys": "H-O", "nsites": 12, "nelements": 2, "is_ordered": true, "is_valid": true, "tag": "unknown", "wall_time (s)": 11.783327860757709, "last_updated": "2021-02-08T17:08:04.810082", "_id": null}