{"input": {"molecule": {"charge": 1, "spin_multiplicity": 1, "sites": [{"name": "Mg", "species": [{"element": "Mg", "occu": 1}], "xyz": [15.389699, 12.964629, 31.918133], "properties": {}}, {"name": "O", "species": [{"element": "O", "occu": 1}], "xyz": [15.202183, 12.855317, 29.868251], "properties": {}}, {"name": "C", "species": [{"element": "C", "occu": 1}], "xyz": [14.039263, 12.503103, 29.116857], "properties": {}}, {"name": "C", "species": [{"element": "C", "occu": 1}], "xyz": [16.074992, 13.739359, 29.160997], "properties": {}}, {"name": "C", "species": [{"element": "C", "occu": 1}], "xyz": [17.332563, 13.871677, 29.970612], "properties": {}}, {"name": "O", "species": [{"element": "O", "occu": 1}], "xyz": [16.936753, 14.177171, 31.307279], "properties": {}}, {"name": "C", "species": [{"element": "C", "occu": 1}], "xyz": [18.004025, 14.657495, 32.125462], "properties": {}}, {"name": "H", "species": [{"element": "H", "occu": 1}], "xyz": [13.429061, 11.862372, 29.748165], "properties": {}}, {"name": "H", "species": [{"element": "H", "occu": 1}], "xyz": [14.336642, 11.96247, 28.216402], "properties": {}}, {"name": "H", "species": [{"element": "H", "occu": 1}], "xyz": [15.578285, 14.706986, 29.039687], "properties": {}}, {"name": "H", "species": [{"element": "H", "occu": 1}], "xyz": [16.305096, 13.324504, 28.176379], "properties": {}}, {"name": "H", "species": [{"element": "H", "occu": 1}], "xyz": [17.949672, 14.678086, 29.567386], "properties": {}}, {"name": "H", "species": [{"element": "H", "occu": 1}], "xyz": [17.9088, 12.940593, 29.971162], "properties": {}}, {"name": "H", "species": [{"element": "H", "occu": 1}], "xyz": [18.823462, 13.934414, 32.144542], "properties": {}}, {"name": "H", "species": [{"element": "H", "occu": 1}], "xyz": [17.603596, 14.797168, 33.126435], "properties": {}}, {"name": "H", "species": [{"element": "H", "occu": 1}], "xyz": [18.361647, 15.611731, 31.734898], "properties": {}}, {"name": "H", "species": [{"element": "H", "occu": 1}], "xyz": [13.479849, 13.401118, 28.845129], "properties": {}}, {"name": "O", "species": [{"element": "O", "occu": 1}], "xyz": [16.600458, 11.254562, 32.098327], "properties": {}}, {"name": "C", "species": [{"element": "C", "occu": 1}], "xyz": [17.482223, 10.981862, 33.197826], "properties": {}}, {"name": "C", "species": [{"element": "C", "occu": 1}], "xyz": [15.799017, 10.129705, 31.721645], "properties": {}}, {"name": "C", "species": [{"element": "C", "occu": 1}], "xyz": [14.484713, 10.190415, 32.450994], "properties": {}}, {"name": "O", "species": [{"element": "O", "occu": 1}], "xyz": [13.950281, 11.495004, 32.199535], "properties": {}}, {"name": "C", "species": [{"element": "C", "occu": 1}], "xyz": [12.614531, 11.656234, 32.680512], "properties": {}}, {"name": "H", "species": [{"element": "H", "occu": 1}], "xyz": [18.220784, 10.241404, 32.88781], "properties": {}}, {"name": "H", "species": [{"element": "H", "occu": 1}], "xyz": [16.922122, 10.626557, 34.064713], "properties": {}}, {"name": "H", "species": [{"element": "H", "occu": 1}], "xyz": [16.32562, 9.198295, 31.936238], "properties": {}}, {"name": "H", "species": [{"element": "H", "occu": 1}], "xyz": [15.646235, 10.209169, 30.644088], "properties": {}}, {"name": "H", "species": [{"element": "H", "occu": 1}], "xyz": [14.604671, 10.057439, 33.531047], "properties": {}}, {"name": "H", "species": [{"element": "H", "occu": 1}], "xyz": [13.800154, 9.430257, 32.065176], "properties": {}}, {"name": "H", "species": [{"element": "H", "occu": 1}], "xyz": [12.572726, 11.463607, 33.754242], "properties": {}}, {"name": "H", "species": [{"element": "H", "occu": 1}], "xyz": [11.950897, 10.9695, 32.151331], "properties": {}}, {"name": "H", "species": [{"element": "H", "occu": 1}], "xyz": [12.315882, 12.682705, 32.482789], "properties": {}}, {"name": "H", "species": [{"element": "H", "occu": 1}], "xyz": [17.978619, 11.916141, 33.451303], "properties": {}}, {"name": "N", "species": [{"element": "N", "occu": 1}], "xyz": [15.445822, 12.828798, 35.364466], "properties": {}}, {"name": "S", "species": [{"element": "S", "occu": 1}], "xyz": [15.091251, 11.803463, 36.529398], "properties": {}}, {"name": "O", "species": [{"element": "O", "occu": 1}], "xyz": [14.01141, 12.191831, 37.382006], "properties": {}}, {"name": "O", "species": [{"element": "O", "occu": 1}], "xyz": [15.13642, 10.467605, 36.011488], "properties": {}}, {"name": "C", "species": [{"element": "C", "occu": 1}], "xyz": [16.633466, 11.977435, 37.53737], "properties": {}}, {"name": "F", "species": [{"element": "F", "occu": 1}], "xyz": [16.560361, 11.150419, 38.569288], "properties": {}}, {"name": "F", "species": [{"element": "F", "occu": 1}], "xyz": [16.757538, 13.218841, 37.982626], "properties": {}}, {"name": "F", "species": [{"element": "F", "occu": 1}], "xyz": [17.700418, 11.67076, 36.81122], "properties": {}}, {"name": "S", "species": [{"element": "S", "occu": 1}], "xyz": [14.584838, 13.996896, 34.831736], "properties": {}}, {"name": "O", "species": [{"element": "O", "occu": 1}], "xyz": [13.188047, 14.006343, 35.118811], "properties": {}}, {"name": "O", "species": [{"element": "O", "occu": 1}], "xyz": [14.954496, 14.19603, 33.422989], "properties": {}}, {"name": "C", "species": [{"element": "C", "occu": 1}], "xyz": [15.282317, 15.526391, 35.605357], "properties": {}}, {"name": "F", "species": [{"element": "F", "occu": 1}], "xyz": [16.589319, 15.591774, 35.391245], "properties": {}}, {"name": "F", "species": [{"element": "F", "occu": 1}], "xyz": [14.701684, 16.591791, 35.078424], "properties": {}}, {"name": "F", "species": [{"element": "F", "occu": 1}], "xyz": [15.053694, 15.496106, 36.905825], "properties": {}}]}, "functional": "PBE1PBE", "basis_set": "Def2TZVP", "route_parameters": {"NMR": "GIAO", "iop(7/33=1)": null, "int": "ultrafine", "SCRF": "(Solvent=TetraHydroFuran)", "EmpiricalDispersion": "GD3", "NoSymmetry": null, "test": null}, "title": "Mg1 H20 C10 S2 N1 O8 F6", "charge": 1, "spin_multiplicity": 1, "input_parameters": {}, "link0_parameters": {"%chk": "checkpoint.chk", "%mem": "100GB", "%NProcShared": "24"}, "dieze_tag": "#P", "nbasisfunctions": 1001, "pcm_parameters": {}}, "output": {"has_gaussian_completed": true, "is_pcm": true, "errors": [], "Mulliken_charges": {"1": ["Mg", 0.97261], "2": ["O", -0.308272], "3": ["C", -0.237982], "4": ["C", -0.067201], "5": ["C", -0.054175], "6": ["O", -0.296447], "7": ["C", -0.248031], "8": ["H", 0.167928], "9": ["H", 0.164135], "10": ["H", 0.153019], "11": ["H", 0.16468], "12": ["H", 0.169503], "13": ["H", 0.155399], "14": ["H", 0.16008], "15": ["H", 0.161745], "16": ["H", 0.167442], "17": ["H", 0.162127], "18": ["O", -0.331179], "19": ["C", -0.241541], "20": ["C", -0.031546], "21": ["C", -0.114709], "22": ["O", -0.34292], "23": ["C", -0.24716], "24": ["H", 0.168725], "25": ["H", 0.156088], "26": ["H", 0.171022], "27": ["H", 0.166173], "28": ["H", 0.161035], "29": ["H", 0.162759], "30": ["H", 0.168126], "31": ["H", 0.165869], "32": ["H", 0.165203], "33": ["H", 0.150298], "34": ["N", -0.424084], "35": ["S", 0.756707], "36": ["O", -0.431947], "37": ["O", -0.459404], "38": ["C", 0.389297], "39": ["F", -0.131862], "40": ["F", -0.134928], "41": ["F", -0.138421], "42": ["S", 0.782188], "43": ["O", -0.415667], "44": ["O", -0.526215], "45": ["C", 0.416055], "46": ["F", -0.139694], "47": ["F", -0.129149], "48": ["F", -0.125679]}, "tensor": {"1": {"type": "Mg", "Isotropic": 575.7392, "Anisotropy": 23.1972, "tensor": [[1.7767, 577.2875, 7.8667]], "eigenvalues": [560.6955, 575.3181, 591.204]}, "2": {"type": "O", "Isotropic": 314.2575, "Anisotropy": 44.1128, "tensor": [[308.0384, 6.1425, 7.3723]], "eigenvalues": [284.5308, 314.5757, 343.6661]}, "3": {"type": "C", "Isotropic": 125.9057, "Anisotropy": 92.4811, "tensor": [[157.7011, 23.0676, 34.9948], [19.75, 100.7166, 12.779], [39.1018, 13.9347, 119.2994]], "eigenvalues": [93.3627, 96.7946, 187.5598]}, "4": {"type": "C", "Isotropic": 114.0943, "Anisotropy": 70.0422, "tensor": [], "eigenvalues": [82.8569, 98.637, 160.7892]}, "5": {"type": "C", "Isotropic": 115.9215, "Anisotropy": 70.6587, "tensor": [[6.016, 90.2589, 12.1095]], "eigenvalues": [84.9325, 99.8046, 163.0273]}, "6": {"type": "O", "Isotropic": 317.4146, "Anisotropy": 38.7557, "tensor": [], "eigenvalues": [289.8175, 319.1745, 343.2517]}, "7": {"type": "C", "Isotropic": 125.812, "Anisotropy": 89.757, "tensor": [[139.0011, 24.5711, 41.3346], [25.1106, 107.0957, 16.9455], [36.0926, 17.9581, 131.3391]], "eigenvalues": [92.3796, 99.4063, 185.6499]}, "8": {"type": "H", "Isotropic": 27.6909, "Anisotropy": 6.5401, "tensor": [[29.6549, 4.4081, 0.4068]], "eigenvalues": [21.9869, 29.0349, 32.051]}, "9": {"type": "H", "Isotropic": 28.1703, "Anisotropy": 10.1466, "tensor": [[26.2191, 1.9629, 4.5014], [1.0122, 26.5013, 3.6538], [1.8129, 3.3587, 31.7906]], "eigenvalues": [24.7092, 24.8671, 34.9347]}, "10": {"type": "H", "Isotropic": 27.6677, "Anisotropy": 8.6721, "tensor": [[25.3571, 2.0728, 0.0705]], "eigenvalues": [23.4582, 26.0957, 33.4491]}, "11": {"type": "H", "Isotropic": 27.9829, "Anisotropy": 8.2966, "tensor": [], "eigenvalues": [23.8474, 26.5874, 33.514]}, "12": {"type": "H", "Isotropic": 28.0557, "Anisotropy": 8.3563, "tensor": [], "eigenvalues": [23.7351, 26.8055, 33.6266]}, "13": {"type": "H", "Isotropic": 27.6317, "Anisotropy": 7.3399, "tensor": [], "eigenvalues": [24.7585, 25.6116, 32.525]}, "14": {"type": "H", "Isotropic": 28.1761, "Anisotropy": 7.6715, "tensor": [], "eigenvalues": [24.6728, 26.5651, 33.2904]}, "15": {"type": "H", "Isotropic": 27.7142, "Anisotropy": 8.1266, "tensor": [[26.5202, 2.7679, 1.0927], [2.24, 24.4802, 3.1287]], "eigenvalues": [22.1075, 27.9031, 33.1319]}, "16": {"type": "H", "Isotropic": 28.16, "Anisotropy": 9.5567, "tensor": [[1.6175, 1.5806, 25.7155]], "eigenvalues": [24.3343, 25.6146, 34.5311]}, "17": {"type": "H", "Isotropic": 28.1491, "Anisotropy": 9.6938, "tensor": [], "eigenvalues": [24.6611, 25.1746, 34.6117]}, "18": {"type": "O", "Isotropic": 326.6564, "Anisotropy": 42.0316, "tensor": [[315.3745, 18.0426, 18.1304], [19.1722, 7.6042, 315.0956]], "eigenvalues": [294.956, 330.3356, 354.6774]}, "19": {"type": "C", "Isotropic": 125.4324, "Anisotropy": 87.6496, "tensor": [], "eigenvalues": [88.9976, 103.4341, 183.8655]}, "20": {"type": "C", "Isotropic": 114.9766, "Anisotropy": 69.8565, "tensor": [[119.9198, 24.12, 14.3542], [31.2231, 131.3179, 22.9916], [11.4953, 14.8014, 93.692]], "eigenvalues": [85.7366, 97.6455, 161.5476]}, "21": {"type": "C", "Isotropic": 115.7322, "Anisotropy": 75.6559, "tensor": [], "eigenvalues": [83.3403, 97.6868, 166.1694]}, "22": {"type": "O", "Isotropic": 318.6069, "Anisotropy": 34.384, "tensor": [], "eigenvalues": [283.0552, 331.2359, 341.5295]}, "23": {"type": "C", "Isotropic": 125.4545, "Anisotropy": 85.96, "tensor": [], "eigenvalues": [94.554, 99.0484, 182.7612]}, "24": {"type": "H", "Isotropic": 28.2317, "Anisotropy": 9.5243, "tensor": [], "eigenvalues": [23.9289, 26.185, 34.5812]}, "25": {"type": "H", "Isotropic": 27.5052, "Anisotropy": 9.2062, "tensor": [], "eigenvalues": [22.4492, 26.4237, 33.6427]}, "26": {"type": "H", "Isotropic": 27.9942, "Anisotropy": 8.2009, "tensor": [[0.1217, 2.67, 24.8011]], "eigenvalues": [24.1187, 26.4024, 33.4615]}, "27": {"type": "H", "Isotropic": 27.4581, "Anisotropy": 7.768, "tensor": [[24.9223, 1.135, 2.0102], [1.7268, 27.4498, 4.1917], [0.585, 2.2238, 30.0022]], "eigenvalues": [24.2699, 25.4677, 32.6368]}, "28": {"type": "H", "Isotropic": 26.9839, "Anisotropy": 6.5387, "tensor": [], "eigenvalues": [24.1468, 25.4619, 31.343]}, "29": {"type": "H", "Isotropic": 28.1004, "Anisotropy": 8.1369, "tensor": [[27.0514, 0.8625, 0.136], [4.0123, 32.384, 1.0516], [0.8756, 1.342, 24.8657]], "eigenvalues": [24.67, 26.1062, 33.525]}, "30": {"type": "H", "Isotropic": 27.7222, "Anisotropy": 6.8804, "tensor": [[0.7018, 24.1118, 1.8071]], "eigenvalues": [23.1405, 27.7169, 32.3091]}, "31": {"type": "H", "Isotropic": 28.0252, "Anisotropy": 10.0282, "tensor": [[33.8617, 3.8713, 1.6371], [1.4126, 24.5427, 1.1191], [0.3213, 0.6333, 25.6712]], "eigenvalues": [23.6568, 25.7081, 34.7106]}, "32": {"type": "H", "Isotropic": 27.8148, "Anisotropy": 7.9989, "tensor": [], "eigenvalues": [24.0673, 26.2296, 33.1474]}, "33": {"type": "H", "Isotropic": 28.0919, "Anisotropy": 6.2998, "tensor": [[28.7687, 1.9172, 2.6038], [3.6946, 1.9443, 28.8574]], "eigenvalues": [25.6088, 26.3752, 32.2918]}, "34": {"type": "N", "Isotropic": 108.3061, "Anisotropy": 59.9656, "tensor": [], "eigenvalues": [77.218, 99.417, 148.2832]}, "35": {"type": "S", "Isotropic": 179.2069, "Anisotropy": 274.5678, "tensor": [], "eigenvalues": [20.7494, 154.6193, 362.2521]}, "36": {"type": "O", "Isotropic": 133.9595, "Anisotropy": 96.8529, "tensor": [], "eigenvalues": [80.1777, 123.1727, 198.5281]}, "37": {"type": "O", "Isotropic": 114.232, "Anisotropy": 61.6488, "tensor": [], "eigenvalues": [74.2961, 113.0687, 155.3312]}, "38": {"type": "C", "Isotropic": 58.3702, "Anisotropy": 8.0686, "tensor": [], "eigenvalues": [48.8429, 62.5185, 63.7493]}, "39": {"type": "F", "Isotropic": 270.2415, "Anisotropy": 118.4203, "tensor": [], "eigenvalues": [200.8316, 260.7045, 349.1884]}, "40": {"type": "F", "Isotropic": 265.2868, "Anisotropy": 120.7644, "tensor": [[19.5024, 330.4087, 35.1294]], "eigenvalues": [199.833, 250.231, 345.7964]}, "41": {"type": "F", "Isotropic": 264.2516, "Anisotropy": 124.6076, "tensor": [], "eigenvalues": [198.4622, 246.9693, 347.3234]}, "42": {"type": "S", "Isotropic": 177.3769, "Anisotropy": 202.0478, "tensor": [], "eigenvalues": [41.8278, 178.2274, 312.0754]}, "43": {"type": "O", "Isotropic": 125.5775, "Anisotropy": 53.2781, "tensor": [], "eigenvalues": [92.5362, 123.0999, 161.0962]}, "44": {"type": "O", "Isotropic": 142.8054, "Anisotropy": 109.8738, "tensor": [], "eigenvalues": [81.1348, 131.2268, 216.0546]}, "45": {"type": "C", "Isotropic": 57.8774, "Anisotropy": 8.0466, "tensor": [], "eigenvalues": [48.427, 61.9634, 63.2418]}, "46": {"type": "F", "Isotropic": 261.953, "Anisotropy": 123.2836, "tensor": [], "eigenvalues": [198.3963, 243.3206, 344.142]}, "47": {"type": "F", "Isotropic": 263.6972, "Anisotropy": 122.5112, "tensor": [], "eigenvalues": [197.6805, 248.0397, 345.3713]}, "48": {"type": "F", "Isotropic": 264.4103, "Anisotropy": 115.7878, "tensor": [], "eigenvalues": [200.3711, 251.2577, 341.6022]}}, "output": {"energies": [-2643.75039087], "final_energy": -2643.75039087, "final_energy_per_atom": -55.078133143125, "molecule": {"charge": 0.0, "spin_multiplicity": 2, "sites": [{"name": "Mg", "species": [{"element": "Mg", "occu": 1}], "xyz": [15.389699, 12.964629, 31.918133], "properties": {}}, {"name": "O", "species": [{"element": "O", "occu": 1}], "xyz": [15.202183, 12.855317, 29.868251], "properties": {}}, {"name": "C", "species": [{"element": "C", "occu": 1}], "xyz": [14.039263, 12.503103, 29.116857], "properties": {}}, {"name": "C", "species": [{"element": "C", "occu": 1}], "xyz": [16.074992, 13.739359, 29.160997], "properties": {}}, {"name": "C", "species": [{"element": "C", "occu": 1}], "xyz": [17.332563, 13.871677, 29.970612], "properties": {}}, {"name": "O", "species": [{"element": "O", "occu": 1}], "xyz": [16.936753, 14.177171, 31.307279], "properties": {}}, {"name": "C", "species": [{"element": "C", "occu": 1}], "xyz": [18.004025, 14.657495, 32.125462], "properties": {}}, {"name": "H", "species": [{"element": "H", "occu": 1}], "xyz": [13.429061, 11.862372, 29.748165], "properties": {}}, {"name": "H", "species": [{"element": "H", "occu": 1}], "xyz": [14.336642, 11.96247, 28.216402], "properties": {}}, {"name": "H", "species": [{"element": "H", "occu": 1}], "xyz": [15.578285, 14.706986, 29.039687], "properties": {}}, {"name": "H", "species": [{"element": "H", "occu": 1}], "xyz": [16.305096, 13.324504, 28.176379], "properties": {}}, {"name": "H", "species": [{"element": "H", "occu": 1}], "xyz": [17.949672, 14.678086, 29.567386], "properties": {}}, {"name": "H", "species": [{"element": "H", "occu": 1}], "xyz": [17.9088, 12.940593, 29.971162], "properties": {}}, {"name": "H", "species": [{"element": "H", "occu": 1}], "xyz": [18.823462, 13.934414, 32.144542], "properties": {}}, {"name": "H", "species": [{"element": "H", "occu": 1}], "xyz": [17.603596, 14.797168, 33.126435], "properties": {}}, {"name": "H", "species": [{"element": "H", "occu": 1}], "xyz": [18.361647, 15.611731, 31.734898], "properties": {}}, {"name": "H", "species": [{"element": "H", "occu": 1}], "xyz": [13.479849, 13.401118, 28.845129], "properties": {}}, {"name": "O", "species": [{"element": "O", "occu": 1}], "xyz": [16.600458, 11.254562, 32.098327], "properties": {}}, {"name": "C", "species": [{"element": "C", "occu": 1}], "xyz": [17.482223, 10.981862, 33.197826], "properties": {}}, {"name": "C", "species": [{"element": "C", "occu": 1}], "xyz": [15.799017, 10.129705, 31.721645], "properties": {}}, {"name": "C", "species": [{"element": "C", "occu": 1}], "xyz": [14.484713, 10.190415, 32.450994], "properties": {}}, {"name": "O", "species": [{"element": "O", "occu": 1}], "xyz": [13.950281, 11.495004, 32.199535], "properties": {}}, {"name": "C", "species": [{"element": "C", "occu": 1}], "xyz": [12.614531, 11.656234, 32.680512], "properties": {}}, {"name": "H", "species": [{"element": "H", "occu": 1}], "xyz": [18.220784, 10.241404, 32.88781], "properties": {}}, {"name": "H", "species": [{"element": "H", "occu": 1}], "xyz": [16.922122, 10.626557, 34.064713], "properties": {}}, {"name": "H", "species": [{"element": "H", "occu": 1}], "xyz": [16.32562, 9.198295, 31.936238], "properties": {}}, {"name": "H", "species": [{"element": "H", "occu": 1}], "xyz": [15.646235, 10.209169, 30.644088], "properties": {}}, {"name": "H", "species": [{"element": "H", "occu": 1}], "xyz": [14.604671, 10.057439, 33.531047], "properties": {}}, {"name": "H", "species": [{"element": "H", "occu": 1}], "xyz": [13.800154, 9.430257, 32.065176], "properties": {}}, {"name": "H", "species": [{"element": "H", "occu": 1}], "xyz": [12.572726, 11.463607, 33.754242], "properties": {}}, {"name": "H", "species": [{"element": "H", "occu": 1}], "xyz": [11.950897, 10.9695, 32.151331], "properties": {}}, {"name": "H", "species": [{"element": "H", "occu": 1}], "xyz": [12.315882, 12.682705, 32.482789], "properties": {}}, {"name": "H", "species": [{"element": "H", "occu": 1}], "xyz": [17.978619, 11.916141, 33.451303], "properties": {}}, {"name": "N", "species": [{"element": "N", "occu": 1}], "xyz": [15.445822, 12.828798, 35.364466], "properties": {}}, {"name": "S", "species": [{"element": "S", "occu": 1}], "xyz": [15.091251, 11.803463, 36.529398], "properties": {}}, {"name": "O", "species": [{"element": "O", "occu": 1}], "xyz": [14.01141, 12.191831, 37.382006], "properties": {}}, {"name": "O", "species": [{"element": "O", "occu": 1}], "xyz": [15.13642, 10.467605, 36.011488], "properties": {}}, {"name": "C", "species": [{"element": "C", "occu": 1}], "xyz": [16.633466, 11.977435, 37.53737], "properties": {}}, {"name": "F", "species": [{"element": "F", "occu": 1}], "xyz": [16.560361, 11.150419, 38.569288], "properties": {}}, {"name": "F", "species": [{"element": "F", "occu": 1}], "xyz": [16.757538, 13.218841, 37.982626], "properties": {}}, {"name": "F", "species": [{"element": "F", "occu": 1}], "xyz": [17.700418, 11.67076, 36.81122], "properties": {}}, {"name": "S", "species": [{"element": "S", "occu": 1}], "xyz": [14.584838, 13.996896, 34.831736], "properties": {}}, {"name": "O", "species": [{"element": "O", "occu": 1}], "xyz": [13.188047, 14.006343, 35.118811], "properties": {}}, {"name": "O", "species": [{"element": "O", "occu": 1}], "xyz": [14.954496, 14.19603, 33.422989], "properties": {}}, {"name": "C", "species": [{"element": "C", "occu": 1}], "xyz": [15.282317, 15.526391, 35.605357], "properties": {}}, {"name": "F", "species": [{"element": "F", "occu": 1}], "xyz": [16.589319, 15.591774, 35.391245], "properties": {}}, {"name": "F", "species": [{"element": "F", "occu": 1}], "xyz": [14.701684, 16.591791, 35.078424], "properties": {}}, {"name": "F", "species": [{"element": "F", "occu": 1}], "xyz": [15.053694, 15.496106, 36.905825], "properties": {}}]}, "stationary_type": "Minimum", "corrections": {}, "tensor": {"1": {"type": "Mg", "Isotropic": 575.7392, "Anisotropy": 23.1972, "tensor": [[1.7767, 577.2875, 7.8667]], "eigenvalues": [560.6955, 575.3181, 591.204]}, "2": {"type": "O", "Isotropic": 314.2575, "Anisotropy": 44.1128, "tensor": [[308.0384, 6.1425, 7.3723]], "eigenvalues": [284.5308, 314.5757, 343.6661]}, "3": {"type": "C", "Isotropic": 125.9057, "Anisotropy": 92.4811, "tensor": [[157.7011, 23.0676, 34.9948], [19.75, 100.7166, 12.779], [39.1018, 13.9347, 119.2994]], "eigenvalues": [93.3627, 96.7946, 187.5598]}, "4": {"type": "C", "Isotropic": 114.0943, "Anisotropy": 70.0422, "tensor": [], "eigenvalues": [82.8569, 98.637, 160.7892]}, "5": {"type": "C", "Isotropic": 115.9215, "Anisotropy": 70.6587, "tensor": [[6.016, 90.2589, 12.1095]], "eigenvalues": [84.9325, 99.8046, 163.0273]}, "6": {"type": "O", "Isotropic": 317.4146, "Anisotropy": 38.7557, "tensor": [], "eigenvalues": [289.8175, 319.1745, 343.2517]}, "7": {"type": "C", "Isotropic": 125.812, "Anisotropy": 89.757, "tensor": [[139.0011, 24.5711, 41.3346], [25.1106, 107.0957, 16.9455], [36.0926, 17.9581, 131.3391]], "eigenvalues": [92.3796, 99.4063, 185.6499]}, "8": {"type": "H", "Isotropic": 27.6909, "Anisotropy": 6.5401, "tensor": [[29.6549, 4.4081, 0.4068]], "eigenvalues": [21.9869, 29.0349, 32.051]}, "9": {"type": "H", "Isotropic": 28.1703, "Anisotropy": 10.1466, "tensor": [[26.2191, 1.9629, 4.5014], [1.0122, 26.5013, 3.6538], [1.8129, 3.3587, 31.7906]], "eigenvalues": [24.7092, 24.8671, 34.9347]}, "10": {"type": "H", "Isotropic": 27.6677, "Anisotropy": 8.6721, "tensor": [[25.3571, 2.0728, 0.0705]], "eigenvalues": [23.4582, 26.0957, 33.4491]}, "11": {"type": "H", "Isotropic": 27.9829, "Anisotropy": 8.2966, "tensor": [], "eigenvalues": [23.8474, 26.5874, 33.514]}, "12": {"type": "H", "Isotropic": 28.0557, "Anisotropy": 8.3563, "tensor": [], "eigenvalues": [23.7351, 26.8055, 33.6266]}, "13": {"type": "H", "Isotropic": 27.6317, "Anisotropy": 7.3399, "tensor": [], "eigenvalues": [24.7585, 25.6116, 32.525]}, "14": {"type": "H", "Isotropic": 28.1761, "Anisotropy": 7.6715, "tensor": [], "eigenvalues": [24.6728, 26.5651, 33.2904]}, "15": {"type": "H", "Isotropic": 27.7142, "Anisotropy": 8.1266, "tensor": [[26.5202, 2.7679, 1.0927], [2.24, 24.4802, 3.1287]], "eigenvalues": [22.1075, 27.9031, 33.1319]}, "16": {"type": "H", "Isotropic": 28.16, "Anisotropy": 9.5567, "tensor": [[1.6175, 1.5806, 25.7155]], "eigenvalues": [24.3343, 25.6146, 34.5311]}, "17": {"type": "H", "Isotropic": 28.1491, "Anisotropy": 9.6938, "tensor": [], "eigenvalues": [24.6611, 25.1746, 34.6117]}, "18": {"type": "O", "Isotropic": 326.6564, "Anisotropy": 42.0316, "tensor": [[315.3745, 18.0426, 18.1304], [19.1722, 7.6042, 315.0956]], "eigenvalues": [294.956, 330.3356, 354.6774]}, "19": {"type": "C", "Isotropic": 125.4324, "Anisotropy": 87.6496, "tensor": [], "eigenvalues": [88.9976, 103.4341, 183.8655]}, "20": {"type": "C", "Isotropic": 114.9766, "Anisotropy": 69.8565, "tensor": [[119.9198, 24.12, 14.3542], [31.2231, 131.3179, 22.9916], [11.4953, 14.8014, 93.692]], "eigenvalues": [85.7366, 97.6455, 161.5476]}, "21": {"type": "C", "Isotropic": 115.7322, "Anisotropy": 75.6559, "tensor": [], "eigenvalues": [83.3403, 97.6868, 166.1694]}, "22": {"type": "O", "Isotropic": 318.6069, "Anisotropy": 34.384, "tensor": [], "eigenvalues": [283.0552, 331.2359, 341.5295]}, "23": {"type": "C", "Isotropic": 125.4545, "Anisotropy": 85.96, "tensor": [], "eigenvalues": [94.554, 99.0484, 182.7612]}, "24": {"type": "H", "Isotropic": 28.2317, "Anisotropy": 9.5243, "tensor": [], "eigenvalues": [23.9289, 26.185, 34.5812]}, "25": {"type": "H", "Isotropic": 27.5052, "Anisotropy": 9.2062, "tensor": [], "eigenvalues": [22.4492, 26.4237, 33.6427]}, "26": {"type": "H", "Isotropic": 27.9942, "Anisotropy": 8.2009, "tensor": [[0.1217, 2.67, 24.8011]], "eigenvalues": [24.1187, 26.4024, 33.4615]}, "27": {"type": "H", "Isotropic": 27.4581, "Anisotropy": 7.768, "tensor": [[24.9223, 1.135, 2.0102], [1.7268, 27.4498, 4.1917], [0.585, 2.2238, 30.0022]], "eigenvalues": [24.2699, 25.4677, 32.6368]}, "28": {"type": "H", "Isotropic": 26.9839, "Anisotropy": 6.5387, "tensor": [], "eigenvalues": [24.1468, 25.4619, 31.343]}, "29": {"type": "H", "Isotropic": 28.1004, "Anisotropy": 8.1369, "tensor": [[27.0514, 0.8625, 0.136], [4.0123, 32.384, 1.0516], [0.8756, 1.342, 24.8657]], "eigenvalues": [24.67, 26.1062, 33.525]}, "30": {"type": "H", "Isotropic": 27.7222, "Anisotropy": 6.8804, "tensor": [[0.7018, 24.1118, 1.8071]], "eigenvalues": [23.1405, 27.7169, 32.3091]}, "31": {"type": "H", "Isotropic": 28.0252, "Anisotropy": 10.0282, "tensor": [[33.8617, 3.8713, 1.6371], [1.4126, 24.5427, 1.1191], [0.3213, 0.6333, 25.6712]], "eigenvalues": [23.6568, 25.7081, 34.7106]}, "32": {"type": "H", "Isotropic": 27.8148, "Anisotropy": 7.9989, "tensor": [], "eigenvalues": [24.0673, 26.2296, 33.1474]}, "33": {"type": "H", "Isotropic": 28.0919, "Anisotropy": 6.2998, "tensor": [[28.7687, 1.9172, 2.6038], [3.6946, 1.9443, 28.8574]], "eigenvalues": [25.6088, 26.3752, 32.2918]}, "34": {"type": "N", "Isotropic": 108.3061, "Anisotropy": 59.9656, "tensor": [], "eigenvalues": [77.218, 99.417, 148.2832]}, "35": {"type": "S", "Isotropic": 179.2069, "Anisotropy": 274.5678, "tensor": [], "eigenvalues": [20.7494, 154.6193, 362.2521]}, "36": {"type": "O", "Isotropic": 133.9595, "Anisotropy": 96.8529, "tensor": [], "eigenvalues": [80.1777, 123.1727, 198.5281]}, "37": {"type": "O", "Isotropic": 114.232, "Anisotropy": 61.6488, "tensor": [], "eigenvalues": [74.2961, 113.0687, 155.3312]}, "38": {"type": "C", "Isotropic": 58.3702, "Anisotropy": 8.0686, "tensor": [], "eigenvalues": [48.8429, 62.5185, 63.7493]}, "39": {"type": "F", "Isotropic": 270.2415, "Anisotropy": 118.4203, "tensor": [], "eigenvalues": [200.8316, 260.7045, 349.1884]}, "40": {"type": "F", "Isotropic": 265.2868, "Anisotropy": 120.7644, "tensor": [[19.5024, 330.4087, 35.1294]], "eigenvalues": [199.833, 250.231, 345.7964]}, "41": {"type": "F", "Isotropic": 264.2516, "Anisotropy": 124.6076, "tensor": [], "eigenvalues": [198.4622, 246.9693, 347.3234]}, "42": {"type": "S", "Isotropic": 177.3769, "Anisotropy": 202.0478, "tensor": [], "eigenvalues": [41.8278, 178.2274, 312.0754]}, "43": {"type": "O", "Isotropic": 125.5775, "Anisotropy": 53.2781, "tensor": [], "eigenvalues": [92.5362, 123.0999, 161.0962]}, "44": {"type": "O", "Isotropic": 142.8054, "Anisotropy": 109.8738, "tensor": [], "eigenvalues": [81.1348, 131.2268, 216.0546]}, "45": {"type": "C", "Isotropic": 57.8774, "Anisotropy": 8.0466, "tensor": [], "eigenvalues": [48.427, 61.9634, 63.2418]}, "46": {"type": "F", "Isotropic": 261.953, "Anisotropy": 123.2836, "tensor": [], "eigenvalues": [198.3963, 243.3206, 344.142]}, "47": {"type": "F", "Isotropic": 263.6972, "Anisotropy": 122.5112, "tensor": [], "eigenvalues": [197.6805, 248.0397, 345.3713]}, "48": {"type": "F", "Isotropic": 264.4103, "Anisotropy": 115.7878, "tensor": [], "eigenvalues": [200.3711, 251.2577, 341.6022]}}}}, "functional": "PBE1PBE", "basis": "Def2TZVP", "phase": "solution", "type": "scrf;nmr", "smiles": "[Mg]O[S@]([N]S(=O)(=O)C(F)(F)F)([O])C(F)(F)F.O(C)CCOC.O(C)CCOC", "formula": "Mg1 H20 C10 S2 N1 O8 F6", "formula_pretty": "MgH20C10S2N(O4F3)2", "formula_anonymous": "ABC2D6E8F10G20", "formula_alphabetical": "C10 F6 H20 Mg1 N1 O8 S2", "chemsys": "C-F-H-Mg-N-O-S", "nsites": 48, "nelements": 7, "is_ordered": true, "is_valid": true, "tag": "oplsd_3", "wall_time (s)": 1329.6487492569722, "last_updated": "2020-10-03T22:35:46.108157", "_id": null}