{"input": {"molecule": {"charge": 2, "spin_multiplicity": 1, "sites": [{"name": "Mg", "species": [{"element": "Mg", "occu": 1}], "xyz": [15.336972, 13.733625, 31.310121], "properties": {}}, {"name": "O", "species": [{"element": "O", "occu": 1}], "xyz": [15.856126, 13.988807, 29.36528], "properties": {}}, {"name": "C", "species": [{"element": "C", "occu": 1}], "xyz": [15.117272, 13.585284, 28.206719], "properties": {}}, {"name": "C", "species": [{"element": "C", "occu": 1}], "xyz": [16.625491, 15.178035, 29.157883], "properties": {}}, {"name": "C", "species": [{"element": "C", "occu": 1}], "xyz": [17.554058, 15.321049, 30.329634], "properties": {}}, {"name": "O", "species": [{"element": "O", "occu": 1}], "xyz": [16.777038, 15.126266, 31.519495], "properties": {}}, {"name": "C", "species": [{"element": "C", "occu": 1}], "xyz": [17.41066, 15.603506, 32.711982], "properties": {}}, {"name": "H", "species": [{"element": "H", "occu": 1}], "xyz": [14.52489, 12.718247, 28.485579], "properties": {}}, {"name": "H", "species": [{"element": "H", "occu": 1}], "xyz": [15.812809, 13.322825, 27.408905], "properties": {}}, {"name": "H", "species": [{"element": "H", "occu": 1}], "xyz": [15.943042, 16.030373, 29.081076], "properties": {}}, {"name": "H", "species": [{"element": "H", "occu": 1}], "xyz": [17.202655, 15.092769, 28.234449], "properties": {}}, {"name": "H", "species": [{"element": "H", "occu": 1}], "xyz": [17.990177, 16.322204, 30.335154], "properties": {}}, {"name": "H", "species": [{"element": "H", "occu": 1}], "xyz": [18.35532, 14.577576, 30.302143], "properties": {}}, {"name": "H", "species": [{"element": "H", "occu": 1}], "xyz": [18.387276, 15.130492, 32.833749], "properties": {}}, {"name": "H", "species": [{"element": "H", "occu": 1}], "xyz": [16.763893, 15.342696, 33.547205], "properties": {}}, {"name": "H", "species": [{"element": "H", "occu": 1}], "xyz": [17.524166, 16.686638, 32.653939], "properties": {}}, {"name": "H", "species": [{"element": "H", "occu": 1}], "xyz": [14.462289, 14.395763, 27.880187], "properties": {}}, {"name": "O", "species": [{"element": "O", "occu": 1}], "xyz": [16.120584, 11.977201, 31.991429], "properties": {}}, {"name": "C", "species": [{"element": "C", "occu": 1}], "xyz": [17.513151, 11.703296, 32.177486], "properties": {}}, {"name": "C", "species": [{"element": "C", "occu": 1}], "xyz": [15.387018, 10.862291, 31.47062], "properties": {}}, {"name": "C", "species": [{"element": "C", "occu": 1}], "xyz": [13.927732, 11.211175, 31.552452], "properties": {}}, {"name": "O", "species": [{"element": "O", "occu": 1}], "xyz": [13.763057, 12.513981, 30.975679], "properties": {}}, {"name": "C", "species": [{"element": "C", "occu": 1}], "xyz": [12.395395, 12.93755, 30.909591], "properties": {}}, {"name": "H", "species": [{"element": "H", "occu": 1}], "xyz": [17.983465, 11.472111, 31.219431], "properties": {}}, {"name": "H", "species": [{"element": "H", "occu": 1}], "xyz": [17.629336, 10.865096, 32.86528], "properties": {}}, {"name": "H", "species": [{"element": "H", "occu": 1}], "xyz": [15.588883, 9.972433, 32.070894], "properties": {}}, {"name": "H", "species": [{"element": "H", "occu": 1}], "xyz": [15.702319, 10.679423, 30.438318], "properties": {}}, {"name": "H", "species": [{"element": "H", "occu": 1}], "xyz": [13.582951, 11.23631, 32.589832], "properties": {}}, {"name": "H", "species": [{"element": "H", "occu": 1}], "xyz": [13.336285, 10.48405, 30.991536], "properties": {}}, {"name": "H", "species": [{"element": "H", "occu": 1}], "xyz": [11.970933, 12.993505, 31.914313], "properties": {}}, {"name": "H", "species": [{"element": "H", "occu": 1}], "xyz": [11.827458, 12.234834, 30.29916], "properties": {}}, {"name": "H", "species": [{"element": "H", "occu": 1}], "xyz": [12.387116, 13.919855, 30.441484], "properties": {}}, {"name": "H", "species": [{"element": "H", "occu": 1}], "xyz": [17.96248, 12.593534, 32.610998], "properties": {}}]}, "functional": "PBE1PBE", "basis_set": "Def2TZVP", "route_parameters": {"NMR": "GIAO", "iop(7/33=1)": null, "int": "ultrafine", "SCRF": "(Solvent=TetraHydroFuran)", "EmpiricalDispersion": "GD3", "NoSymmetry": null, "test": null}, "title": "Mg1 H20 C8 O4", "charge": 2, "spin_multiplicity": 1, "input_parameters": {}, "link0_parameters": {"%chk": "checkpoint.chk", "%mem": "100GB", "%NProcShared": "24"}, "dieze_tag": "#P", "nbasisfunctions": 524, "pcm_parameters": {}}, "output": {"has_gaussian_completed": true, "is_pcm": true, "errors": [], "Mulliken_charges": {"1": ["Mg", 1.099136], "2": ["O", -0.309118], "3": ["C", -0.246519], "4": ["C", -0.079591], "5": ["C", -0.046253], "6": ["O", -0.320554], "7": ["C", -0.23588], "8": ["H", 0.170515], "9": ["H", 0.170295], "10": ["H", 0.158143], "11": ["H", 0.172188], "12": ["H", 0.176848], "13": ["H", 0.16218], "14": ["H", 0.169608], "15": ["H", 0.165398], "16": ["H", 0.176299], "17": ["H", 0.162903], "18": ["O", -0.32383], "19": ["C", -0.228747], "20": ["C", -0.051737], "21": ["C", -0.058596], "22": ["O", -0.332729], "23": ["C", -0.221993], "24": ["H", 0.162623], "25": ["H", 0.172701], "26": ["H", 0.177228], "27": ["H", 0.161706], "28": ["H", 0.161791], "29": ["H", 0.175091], "30": ["H", 0.167737], "31": ["H", 0.171852], "32": ["H", 0.163891], "33": ["H", 0.157414]}, "tensor": {"1": {"type": "Mg", "Isotropic": 583.032, "Anisotropy": 37.5486, "tensor": [], "eigenvalues": [565.7751, 575.2565, 608.0644]}, "2": {"type": "O", "Isotropic": 318.5977, "Anisotropy": 37.7798, "tensor": [[303.8765, 10.9306, 10.8621]], "eigenvalues": [286.7729, 325.2359, 343.7842]}, "3": {"type": "C", "Isotropic": 124.8698, "Anisotropy": 93.7864, "tensor": [[120.5282, 19.045, 36.0973], [15.6226, 101.4669, 22.4314], [38.9093, 25.0369, 152.6142]], "eigenvalues": [91.0667, 96.1485, 187.394]}, "4": {"type": "C", "Isotropic": 114.7224, "Anisotropy": 70.2481, "tensor": [[110.7659, 39.1092, 3.5588], [33.5315, 135.5144, 3.9253]], "eigenvalues": [84.0807, 98.5321, 161.5545]}, "5": {"type": "C", "Isotropic": 114.3331, "Anisotropy": 71.2635, "tensor": [], "eigenvalues": [82.3022, 98.8551, 161.8421]}, "6": {"type": "O", "Isotropic": 323.9175, "Anisotropy": 33.1924, "tensor": [[10.7512, 295.9001, 12.0568]], "eigenvalues": [291.4071, 334.2995, 346.0457]}, "7": {"type": "C", "Isotropic": 124.5083, "Anisotropy": 94.9107, "tensor": [[104.3351, 12.1147, 33.7113], [14.344, 105.0256, 25.1005], [30.2831, 25.2647, 164.1642]], "eigenvalues": [89.728, 96.0149, 187.7821]}, "8": {"type": "H", "Isotropic": 27.7307, "Anisotropy": 6.5197, "tensor": [[27.0904, 4.594, 0.3841], [3.5632, 26.7388, 0.0242], [2.3078, 2.1137, 29.3629]], "eigenvalues": [22.8282, 28.2868, 32.0772]}, "9": {"type": "H", "Isotropic": 28.0659, "Anisotropy": 9.3738, "tensor": [[25.275, 0.2156, 1.2039]], "eigenvalues": [24.6084, 25.2743, 34.3151]}, "10": {"type": "H", "Isotropic": 27.5619, "Anisotropy": 8.4827, "tensor": [[24.8249, 1.424, 1.077]], "eigenvalues": [23.2321, 26.2367, 33.217]}, "11": {"type": "H", "Isotropic": 27.8751, "Anisotropy": 7.278, "tensor": [], "eigenvalues": [24.0043, 26.8939, 32.7271]}, "12": {"type": "H", "Isotropic": 27.8861, "Anisotropy": 7.2038, "tensor": [], "eigenvalues": [23.9755, 26.9941, 32.6886]}, "13": {"type": "H", "Isotropic": 27.4239, "Anisotropy": 7.0081, "tensor": [], "eigenvalues": [24.3298, 25.846, 32.096]}, "14": {"type": "H", "Isotropic": 27.9095, "Anisotropy": 8.9655, "tensor": [[1.1711, 25.9997, 1.0319]], "eigenvalues": [23.9026, 25.9394, 33.8865]}, "15": {"type": "H", "Isotropic": 27.8688, "Anisotropy": 9.5996, "tensor": [[24.3691, 0.9767, 1.2281], [0.9973, 25.3988, 2.5596]], "eigenvalues": [23.638, 25.6999, 34.2686]}, "16": {"type": "H", "Isotropic": 27.9167, "Anisotropy": 9.8948, "tensor": [[25.0649, 2.4238, 1.5871], [1.5029, 30.9778, 2.7316], [2.5149, 5.3362, 27.7072]], "eigenvalues": [23.9318, 25.305, 34.5132]}, "17": {"type": "H", "Isotropic": 28.1007, "Anisotropy": 9.0567, "tensor": [], "eigenvalues": [24.6786, 25.4848, 34.1385]}, "18": {"type": "O", "Isotropic": 318.3058, "Anisotropy": 32.1231, "tensor": [[13.5405, 23.8283, 301.8804]], "eigenvalues": [290.3512, 324.8451, 339.7212]}, "19": {"type": "C", "Isotropic": 125.144, "Anisotropy": 93.0588, "tensor": [], "eigenvalues": [91.0389, 97.2099, 187.1832]}, "20": {"type": "C", "Isotropic": 114.4986, "Anisotropy": 71.4795, "tensor": [[120.9824, 23.3231, 17.9775], [31.4776, 129.662, 22.6157], [18.984, 11.7594, 92.8515]], "eigenvalues": [83.2625, 98.0817, 162.1516]}, "21": {"type": "C", "Isotropic": 113.6319, "Anisotropy": 71.9379, "tensor": [], "eigenvalues": [82.8735, 96.4317, 161.5905]}, "22": {"type": "O", "Isotropic": 319.6632, "Anisotropy": 38.1438, "tensor": [], "eigenvalues": [284.7385, 329.1587, 345.0924]}, "23": {"type": "C", "Isotropic": 125.0837, "Anisotropy": 95.7568, "tensor": [], "eigenvalues": [91.6164, 94.7132, 188.9216]}, "24": {"type": "H", "Isotropic": 27.9568, "Anisotropy": 8.1553, "tensor": [], "eigenvalues": [24.3101, 26.1667, 33.3937]}, "25": {"type": "H", "Isotropic": 28.0059, "Anisotropy": 9.5567, "tensor": [], "eigenvalues": [24.2052, 25.4354, 34.377]}, "26": {"type": "H", "Isotropic": 27.8535, "Anisotropy": 7.4587, "tensor": [[26.5158, 1.7554, 0.5406]], "eigenvalues": [23.9092, 26.8253, 32.8259]}, "27": {"type": "H", "Isotropic": 27.5275, "Anisotropy": 6.7727, "tensor": [[25.7808, 1.0808, 1.4461]], "eigenvalues": [24.8048, 25.7351, 32.0427]}, "28": {"type": "H", "Isotropic": 27.6222, "Anisotropy": 8.1749, "tensor": [], "eigenvalues": [23.2997, 26.4947, 33.0721]}, "29": {"type": "H", "Isotropic": 27.7956, "Anisotropy": 7.2844, "tensor": [[27.6052, 1.2025, 1.0847], [3.9764, 31.2117, 0.8525]], "eigenvalues": [24.1872, 26.5477, 32.6519]}, "30": {"type": "H", "Isotropic": 28.0154, "Anisotropy": 9.6926, "tensor": [], "eigenvalues": [24.3692, 25.1999, 34.4772]}, "31": {"type": "H", "Isotropic": 27.9846, "Anisotropy": 9.5217, "tensor": [[33.0582, 2.3978, 3.5226], [2.5104, 0.897, 26.1527]], "eigenvalues": [24.5384, 25.0831, 34.3324]}, "32": {"type": "H", "Isotropic": 27.8641, "Anisotropy": 9.2325, "tensor": [], "eigenvalues": [23.399, 26.1743, 34.0192]}, "33": {"type": "H", "Isotropic": 27.9088, "Anisotropy": 7.7945, "tensor": [[31.0707, 3.1017, 4.0528], [3.0325, 0.3158, 24.748]], "eigenvalues": [23.073, 27.5483, 33.1051]}}, "output": {"energies": [-817.059101823], "final_energy": -817.059101823, "final_energy_per_atom": -24.75936672190909, "molecule": {"charge": 0.0, "spin_multiplicity": 1, "sites": [{"name": "Mg", "species": [{"element": "Mg", "occu": 1}], "xyz": [15.336972, 13.733625, 31.310121], "properties": {}}, {"name": "O", "species": [{"element": "O", "occu": 1}], "xyz": [15.856126, 13.988807, 29.36528], "properties": {}}, {"name": "C", "species": [{"element": "C", "occu": 1}], "xyz": [15.117272, 13.585284, 28.206719], "properties": {}}, {"name": "C", "species": [{"element": "C", "occu": 1}], "xyz": [16.625491, 15.178035, 29.157883], "properties": {}}, {"name": "C", "species": [{"element": "C", "occu": 1}], "xyz": [17.554058, 15.321049, 30.329634], "properties": {}}, {"name": "O", "species": [{"element": "O", "occu": 1}], "xyz": [16.777038, 15.126266, 31.519495], "properties": {}}, {"name": "C", "species": [{"element": "C", "occu": 1}], "xyz": [17.41066, 15.603506, 32.711982], "properties": {}}, {"name": "H", "species": [{"element": "H", "occu": 1}], "xyz": [14.52489, 12.718247, 28.485579], "properties": {}}, {"name": "H", "species": [{"element": "H", "occu": 1}], "xyz": [15.812809, 13.322825, 27.408905], "properties": {}}, {"name": "H", "species": [{"element": "H", "occu": 1}], "xyz": [15.943042, 16.030373, 29.081076], "properties": {}}, {"name": "H", "species": [{"element": "H", "occu": 1}], "xyz": [17.202655, 15.092769, 28.234449], "properties": {}}, {"name": "H", "species": [{"element": "H", "occu": 1}], "xyz": [17.990177, 16.322204, 30.335154], "properties": {}}, {"name": "H", "species": [{"element": "H", "occu": 1}], "xyz": [18.35532, 14.577576, 30.302143], "properties": {}}, {"name": "H", "species": [{"element": "H", "occu": 1}], "xyz": [18.387276, 15.130492, 32.833749], "properties": {}}, {"name": "H", "species": [{"element": "H", "occu": 1}], "xyz": [16.763893, 15.342696, 33.547205], "properties": {}}, {"name": "H", "species": [{"element": "H", "occu": 1}], "xyz": [17.524166, 16.686638, 32.653939], "properties": {}}, {"name": "H", "species": [{"element": "H", "occu": 1}], "xyz": [14.462289, 14.395763, 27.880187], "properties": {}}, {"name": "O", "species": [{"element": "O", "occu": 1}], "xyz": [16.120584, 11.977201, 31.991429], "properties": {}}, {"name": "C", "species": [{"element": "C", "occu": 1}], "xyz": [17.513151, 11.703296, 32.177486], "properties": {}}, {"name": "C", "species": [{"element": "C", "occu": 1}], "xyz": [15.387018, 10.862291, 31.47062], "properties": {}}, {"name": "C", "species": [{"element": "C", "occu": 1}], "xyz": [13.927732, 11.211175, 31.552452], "properties": {}}, {"name": "O", "species": [{"element": "O", "occu": 1}], "xyz": [13.763057, 12.513981, 30.975679], "properties": {}}, {"name": "C", "species": [{"element": "C", "occu": 1}], "xyz": [12.395395, 12.93755, 30.909591], "properties": {}}, {"name": "H", "species": [{"element": "H", "occu": 1}], "xyz": [17.983465, 11.472111, 31.219431], "properties": {}}, {"name": "H", "species": [{"element": "H", "occu": 1}], "xyz": [17.629336, 10.865096, 32.86528], "properties": {}}, {"name": "H", "species": [{"element": "H", "occu": 1}], "xyz": [15.588883, 9.972433, 32.070894], "properties": {}}, {"name": "H", "species": [{"element": "H", "occu": 1}], "xyz": [15.702319, 10.679423, 30.438318], "properties": {}}, {"name": "H", "species": [{"element": "H", "occu": 1}], "xyz": [13.582951, 11.23631, 32.589832], "properties": {}}, {"name": "H", "species": [{"element": "H", "occu": 1}], "xyz": [13.336285, 10.48405, 30.991536], "properties": {}}, {"name": "H", "species": [{"element": "H", "occu": 1}], "xyz": [11.970933, 12.993505, 31.914313], "properties": {}}, {"name": "H", "species": [{"element": "H", "occu": 1}], "xyz": [11.827458, 12.234834, 30.29916], "properties": {}}, {"name": "H", "species": [{"element": "H", "occu": 1}], "xyz": [12.387116, 13.919855, 30.441484], "properties": {}}, {"name": "H", "species": [{"element": "H", "occu": 1}], "xyz": [17.96248, 12.593534, 32.610998], "properties": {}}]}, "stationary_type": "Minimum", "corrections": {}, "tensor": {"1": {"type": "Mg", "Isotropic": 583.032, "Anisotropy": 37.5486, "tensor": [], "eigenvalues": [565.7751, 575.2565, 608.0644]}, "2": {"type": "O", "Isotropic": 318.5977, "Anisotropy": 37.7798, "tensor": [[303.8765, 10.9306, 10.8621]], "eigenvalues": [286.7729, 325.2359, 343.7842]}, "3": {"type": "C", "Isotropic": 124.8698, "Anisotropy": 93.7864, "tensor": [[120.5282, 19.045, 36.0973], [15.6226, 101.4669, 22.4314], [38.9093, 25.0369, 152.6142]], "eigenvalues": [91.0667, 96.1485, 187.394]}, "4": {"type": "C", "Isotropic": 114.7224, "Anisotropy": 70.2481, "tensor": [[110.7659, 39.1092, 3.5588], [33.5315, 135.5144, 3.9253]], "eigenvalues": [84.0807, 98.5321, 161.5545]}, "5": {"type": "C", "Isotropic": 114.3331, "Anisotropy": 71.2635, "tensor": [], "eigenvalues": [82.3022, 98.8551, 161.8421]}, "6": {"type": "O", "Isotropic": 323.9175, "Anisotropy": 33.1924, "tensor": [[10.7512, 295.9001, 12.0568]], "eigenvalues": [291.4071, 334.2995, 346.0457]}, "7": {"type": "C", "Isotropic": 124.5083, "Anisotropy": 94.9107, "tensor": [[104.3351, 12.1147, 33.7113], [14.344, 105.0256, 25.1005], [30.2831, 25.2647, 164.1642]], "eigenvalues": [89.728, 96.0149, 187.7821]}, "8": {"type": "H", "Isotropic": 27.7307, "Anisotropy": 6.5197, "tensor": [[27.0904, 4.594, 0.3841], [3.5632, 26.7388, 0.0242], [2.3078, 2.1137, 29.3629]], "eigenvalues": [22.8282, 28.2868, 32.0772]}, "9": {"type": "H", "Isotropic": 28.0659, "Anisotropy": 9.3738, "tensor": [[25.275, 0.2156, 1.2039]], "eigenvalues": [24.6084, 25.2743, 34.3151]}, "10": {"type": "H", "Isotropic": 27.5619, "Anisotropy": 8.4827, "tensor": [[24.8249, 1.424, 1.077]], "eigenvalues": [23.2321, 26.2367, 33.217]}, "11": {"type": "H", "Isotropic": 27.8751, "Anisotropy": 7.278, "tensor": [], "eigenvalues": [24.0043, 26.8939, 32.7271]}, "12": {"type": "H", "Isotropic": 27.8861, "Anisotropy": 7.2038, "tensor": [], "eigenvalues": [23.9755, 26.9941, 32.6886]}, "13": {"type": "H", "Isotropic": 27.4239, "Anisotropy": 7.0081, "tensor": [], "eigenvalues": [24.3298, 25.846, 32.096]}, "14": {"type": "H", "Isotropic": 27.9095, "Anisotropy": 8.9655, "tensor": [[1.1711, 25.9997, 1.0319]], "eigenvalues": [23.9026, 25.9394, 33.8865]}, "15": {"type": "H", "Isotropic": 27.8688, "Anisotropy": 9.5996, "tensor": [[24.3691, 0.9767, 1.2281], [0.9973, 25.3988, 2.5596]], "eigenvalues": [23.638, 25.6999, 34.2686]}, "16": {"type": "H", "Isotropic": 27.9167, "Anisotropy": 9.8948, "tensor": [[25.0649, 2.4238, 1.5871], [1.5029, 30.9778, 2.7316], [2.5149, 5.3362, 27.7072]], "eigenvalues": [23.9318, 25.305, 34.5132]}, "17": {"type": "H", "Isotropic": 28.1007, "Anisotropy": 9.0567, "tensor": [], "eigenvalues": [24.6786, 25.4848, 34.1385]}, "18": {"type": "O", "Isotropic": 318.3058, "Anisotropy": 32.1231, "tensor": [[13.5405, 23.8283, 301.8804]], "eigenvalues": [290.3512, 324.8451, 339.7212]}, "19": {"type": "C", "Isotropic": 125.144, "Anisotropy": 93.0588, "tensor": [], "eigenvalues": [91.0389, 97.2099, 187.1832]}, "20": {"type": "C", "Isotropic": 114.4986, "Anisotropy": 71.4795, "tensor": [[120.9824, 23.3231, 17.9775], [31.4776, 129.662, 22.6157], [18.984, 11.7594, 92.8515]], "eigenvalues": [83.2625, 98.0817, 162.1516]}, "21": {"type": "C", "Isotropic": 113.6319, "Anisotropy": 71.9379, "tensor": [], "eigenvalues": [82.8735, 96.4317, 161.5905]}, "22": {"type": "O", "Isotropic": 319.6632, "Anisotropy": 38.1438, "tensor": [], "eigenvalues": [284.7385, 329.1587, 345.0924]}, "23": {"type": "C", "Isotropic": 125.0837, "Anisotropy": 95.7568, "tensor": [], "eigenvalues": [91.6164, 94.7132, 188.9216]}, "24": {"type": "H", "Isotropic": 27.9568, "Anisotropy": 8.1553, "tensor": [], "eigenvalues": [24.3101, 26.1667, 33.3937]}, "25": {"type": "H", "Isotropic": 28.0059, "Anisotropy": 9.5567, "tensor": [], "eigenvalues": [24.2052, 25.4354, 34.377]}, "26": {"type": "H", "Isotropic": 27.8535, "Anisotropy": 7.4587, "tensor": [[26.5158, 1.7554, 0.5406]], "eigenvalues": [23.9092, 26.8253, 32.8259]}, "27": {"type": "H", "Isotropic": 27.5275, "Anisotropy": 6.7727, "tensor": [[25.7808, 1.0808, 1.4461]], "eigenvalues": [24.8048, 25.7351, 32.0427]}, "28": {"type": "H", "Isotropic": 27.6222, "Anisotropy": 8.1749, "tensor": [], "eigenvalues": [23.2997, 26.4947, 33.0721]}, "29": {"type": "H", "Isotropic": 27.7956, "Anisotropy": 7.2844, "tensor": [[27.6052, 1.2025, 1.0847], [3.9764, 31.2117, 0.8525]], "eigenvalues": [24.1872, 26.5477, 32.6519]}, "30": {"type": "H", "Isotropic": 28.0154, "Anisotropy": 9.6926, "tensor": [], "eigenvalues": [24.3692, 25.1999, 34.4772]}, "31": {"type": "H", "Isotropic": 27.9846, "Anisotropy": 9.5217, "tensor": [[33.0582, 2.3978, 3.5226], [2.5104, 0.897, 26.1527]], "eigenvalues": [24.5384, 25.0831, 34.3324]}, "32": {"type": "H", "Isotropic": 27.8641, "Anisotropy": 9.2325, "tensor": [], "eigenvalues": [23.399, 26.1743, 34.0192]}, "33": {"type": "H", "Isotropic": 27.9088, "Anisotropy": 7.7945, "tensor": [[31.0707, 3.1017, 4.0528], [3.0325, 0.3158, 24.748]], "eigenvalues": [23.073, 27.5483, 33.1051]}}}}, "functional": "PBE1PBE", "basis": "Def2TZVP", "phase": "solution", "type": "scrf;nmr", "smiles": "[Mg].O(C)CCOC.O(C)CCOC", "formula": "Mg1 H20 C8 O4", "formula_pretty": "MgH20(C2O)4", "formula_anonymous": "AB4C8D20", "formula_alphabetical": "C8 H20 Mg1 O4", "chemsys": "C-H-Mg-O", "nsites": 33, "nelements": 4, "is_ordered": true, "is_valid": true, "tag": "oplsd_4", "wall_time (s)": 231.34920055186376, "last_updated": "2020-10-02T06:52:41.667320", "_id": null}