{"input": {"molecule": {"charge": 0, "spin_multiplicity": 1, "sites": [{"name": "Mg", "species": [{"element": "Mg", "occu": 1}], "xyz": [14.612327, 11.843378, 33.048989], "properties": {}}, {"name": "O", "species": [{"element": "O", "occu": 1}], "xyz": [14.899551, 10.849271, 31.204836], "properties": {}}, {"name": "C", "species": [{"element": "C", "occu": 1}], "xyz": [13.836064, 10.140039, 30.573792], "properties": {}}, {"name": "C", "species": [{"element": "C", "occu": 1}], "xyz": [15.626168, 11.655111, 30.277085], "properties": {}}, {"name": "C", "species": [{"element": "C", "occu": 1}], "xyz": [16.735621, 12.346004, 31.022252], "properties": {}}, {"name": "O", "species": [{"element": "O", "occu": 1}], "xyz": [16.196016, 12.877177, 32.228331], "properties": {}}, {"name": "C", "species": [{"element": "C", "occu": 1}], "xyz": [16.975372, 13.926169, 32.794866], "properties": {}}, {"name": "H", "species": [{"element": "H", "occu": 1}], "xyz": [14.242107, 9.452883, 29.828284], "properties": {}}, {"name": "H", "species": [{"element": "H", "occu": 1}], "xyz": [13.144613, 10.839136, 30.095358], "properties": {}}, {"name": "H", "species": [{"element": "H", "occu": 1}], "xyz": [14.948616, 12.389177, 29.833842], "properties": {}}, {"name": "H", "species": [{"element": "H", "occu": 1}], "xyz": [16.046294, 11.025797, 29.487286], "properties": {}}, {"name": "H", "species": [{"element": "H", "occu": 1}], "xyz": [17.130027, 13.155262, 30.40237], "properties": {}}, {"name": "H", "species": [{"element": "H", "occu": 1}], "xyz": [17.551133, 11.658608, 31.268356], "properties": {}}, {"name": "H", "species": [{"element": "H", "occu": 1}], "xyz": [17.993814, 13.580065, 32.990173], "properties": {}}, {"name": "H", "species": [{"element": "H", "occu": 1}], "xyz": [16.502227, 14.210852, 33.730079], "properties": {}}, {"name": "H", "species": [{"element": "H", "occu": 1}], "xyz": [16.994522, 14.77668, 32.111213], "properties": {}}, {"name": "H", "species": [{"element": "H", "occu": 1}], "xyz": [13.313636, 9.584004, 31.348305], "properties": {}}, {"name": "O", "species": [{"element": "O", "occu": 1}], "xyz": [15.795761, 10.378115, 33.987076], "properties": {}}, {"name": "C", "species": [{"element": "C", "occu": 1}], "xyz": [17.193734, 10.209134, 33.788336], "properties": {}}, {"name": "C", "species": [{"element": "C", "occu": 1}], "xyz": [15.098007, 9.148044, 34.135491], "properties": {}}, {"name": "C", "species": [{"element": "C", "occu": 1}], "xyz": [13.714111, 9.483351, 34.6091], "properties": {}}, {"name": "O", "species": [{"element": "O", "occu": 1}], "xyz": [13.181807, 10.465023, 33.720106], "properties": {}}, {"name": "C", "species": [{"element": "C", "occu": 1}], "xyz": [11.844473, 10.833811, 34.058009], "properties": {}}, {"name": "H", "species": [{"element": "H", "occu": 1}], "xyz": [17.621624, 9.676009, 34.637981], "properties": {}}, {"name": "H", "species": [{"element": "H", "occu": 1}], "xyz": [17.632677, 11.202328, 33.739004], "properties": {}}, {"name": "H", "species": [{"element": "H", "occu": 1}], "xyz": [15.598793, 8.520368, 34.877568], "properties": {}}, {"name": "H", "species": [{"element": "H", "occu": 1}], "xyz": [15.080763, 8.621344, 33.174486], "properties": {}}, {"name": "H", "species": [{"element": "H", "occu": 1}], "xyz": [13.740106, 9.895692, 35.622406], "properties": {}}, {"name": "H", "species": [{"element": "H", "occu": 1}], "xyz": [13.083676, 8.589899, 34.596752], "properties": {}}, {"name": "H", "species": [{"element": "H", "occu": 1}], "xyz": [11.817648, 11.269119, 35.060321], "properties": {}}, {"name": "H", "species": [{"element": "H", "occu": 1}], "xyz": [11.201745, 9.951792, 34.016799], "properties": {}}, {"name": "H", "species": [{"element": "H", "occu": 1}], "xyz": [11.517943, 11.567909, 33.327125], "properties": {}}, {"name": "H", "species": [{"element": "H", "occu": 1}], "xyz": [17.382834, 9.663242, 32.859424], "properties": {}}, {"name": "N", "species": [{"element": "N", "occu": 1}], "xyz": [16.493369, 12.653067, 36.141699], "properties": {}}, {"name": "S", "species": [{"element": "S", "occu": 1}], "xyz": [17.321011, 11.95346, 37.306666], "properties": {}}, {"name": "O", "species": [{"element": "O", "occu": 1}], "xyz": [16.967229, 12.370359, 38.630973], "properties": {}}, {"name": "O", "species": [{"element": "O", "occu": 1}], "xyz": [17.526816, 10.556462, 37.057998], "properties": {}}, {"name": "C", "species": [{"element": "C", "occu": 1}], "xyz": [18.942431, 12.76152, 36.933309], "properties": {}}, {"name": "F", "species": [{"element": "F", "occu": 1}], "xyz": [19.843734, 12.300732, 37.790549], "properties": {}}, {"name": "F", "species": [{"element": "F", "occu": 1}], "xyz": [18.854389, 14.07643, 37.064591], "properties": {}}, {"name": "F", "species": [{"element": "F", "occu": 1}], "xyz": [19.340295, 12.47722, 35.699058], "properties": {}}, {"name": "S", "species": [{"element": "S", "occu": 1}], "xyz": [14.958026, 12.836648, 36.131444], "properties": {}}, {"name": "O", "species": [{"element": "O", "occu": 1}], "xyz": [14.183673, 11.975709, 36.972559], "properties": {}}, {"name": "O", "species": [{"element": "O", "occu": 1}], "xyz": [14.526865, 12.959523, 34.742847], "properties": {}}, {"name": "C", "species": [{"element": "C", "occu": 1}], "xyz": [14.653254, 14.557754, 36.74099], "properties": {}}, {"name": "F", "species": [{"element": "F", "occu": 1}], "xyz": [15.364623, 15.421619, 36.029845], "properties": {}}, {"name": "F", "species": [{"element": "F", "occu": 1}], "xyz": [13.366488, 14.847722, 36.61509], "properties": {}}, {"name": "F", "species": [{"element": "F", "occu": 1}], "xyz": [14.999724, 14.652642, 38.012649], "properties": {}}, {"name": "N", "species": [{"element": "N", "occu": 1}], "xyz": [13.960687, 14.543316, 30.563674], "properties": {}}, {"name": "S", "species": [{"element": "S", "occu": 1}], "xyz": [13.939409, 15.436726, 29.252095], "properties": {}}, {"name": "O", "species": [{"element": "O", "occu": 1}], "xyz": [14.532998, 14.711792, 28.168675], "properties": {}}, {"name": "O", "species": [{"element": "O", "occu": 1}], "xyz": [12.735918, 16.17823, 29.026229], "properties": {}}, {"name": "C", "species": [{"element": "C", "occu": 1}], "xyz": [15.215894, 16.689033, 29.727019], "properties": {}}, {"name": "F", "species": [{"element": "F", "occu": 1}], "xyz": [16.38426, 16.10195, 29.964566], "properties": {}}, {"name": "F", "species": [{"element": "F", "occu": 1}], "xyz": [14.843358, 17.352262, 30.812791], "properties": {}}, {"name": "F", "species": [{"element": "F", "occu": 1}], "xyz": [15.36512, 17.5469, 28.727201], "properties": {}}, {"name": "S", "species": [{"element": "S", "occu": 1}], "xyz": [12.763113, 14.163599, 31.469981], "properties": {}}, {"name": "O", "species": [{"element": "O", "occu": 1}], "xyz": [13.153087, 12.986138, 32.233711], "properties": {}}, {"name": "O", "species": [{"element": "O", "occu": 1}], "xyz": [11.463545, 14.117231, 30.882385], "properties": {}}, {"name": "C", "species": [{"element": "C", "occu": 1}], "xyz": [12.680809, 15.473789, 32.775854], "properties": {}}, {"name": "F", "species": [{"element": "F", "occu": 1}], "xyz": [12.272642, 16.612678, 32.239705], "properties": {}}, {"name": "F", "species": [{"element": "F", "occu": 1}], "xyz": [11.825203, 15.103, 33.717251], "properties": {}}, {"name": "F", "species": [{"element": "F", "occu": 1}], "xyz": [13.875195, 15.653814, 33.320496], "properties": {}}]}, "functional": "PBE1PBE", "basis_set": "Def2TZVP", "route_parameters": {"NMR": "GIAO", "iop(7/33=1)": null, "int": "ultrafine", "SCRF": "(Solvent=TetraHydroFuran)", "EmpiricalDispersion": "GD3", "NoSymmetry": null, "test": null}, "title": "Mg1 H20 C12 S4 N2 O12 F12", "charge": 0, "spin_multiplicity": 1, "input_parameters": {}, "link0_parameters": {"%chk": "checkpoint.chk", "%mem": "100GB", "%NProcShared": "24"}, "dieze_tag": "#P", "nbasisfunctions": 1478, "pcm_parameters": {}}, "output": {"has_gaussian_completed": true, "is_pcm": true, "errors": [], "Mulliken_charges": {"1": ["Mg", 0.905404], "2": ["O", -0.294642], "3": ["C", -0.232886], "4": ["C", -0.091661], "5": ["C", -0.05802], "6": ["O", -0.326474], "7": ["C", -0.245006], "8": ["H", 0.15879], "9": ["H", 0.155344], "10": ["H", 0.154057], "11": ["H", 0.153976], "12": ["H", 0.158365], "13": ["H", 0.143485], "14": ["H", 0.151871], "15": ["H", 0.151424], "16": ["H", 0.155749], "17": ["H", 0.159543], "18": ["O", -0.308078], "19": ["C", -0.259344], "20": ["C", -0.080548], "21": ["C", -0.077373], "22": ["O", -0.317886], "23": ["C", -0.230854], "24": ["H", 0.172435], "25": ["H", 0.149874], "26": ["H", 0.163114], "27": ["H", 0.142585], "28": ["H", 0.160061], "29": ["H", 0.157959], "30": ["H", 0.155494], "31": ["H", 0.156109], "32": ["H", 0.161703], "33": ["H", 0.154382], "34": ["N", -0.402375], "35": ["S", 0.750028], "36": ["O", -0.448101], "37": ["O", -0.453542], "38": ["C", 0.380752], "39": ["F", -0.136324], "40": ["F", -0.136995], "41": ["F", -0.141696], "42": ["S", 0.809393], "43": ["O", -0.454236], "44": ["O", -0.510539], "45": ["C", 0.4], "46": ["F", -0.140362], "47": ["F", -0.136983], "48": ["F", -0.126972], "49": ["N", -0.424615], "50": ["S", 0.740159], "51": ["O", -0.455704], "52": ["O", -0.439545], "53": ["C", 0.382796], "54": ["F", -0.143931], "55": ["F", -0.140538], "56": ["F", -0.134971], "57": ["S", 0.78155], "58": ["O", -0.492288], "59": ["O", -0.431147], "60": ["C", 0.422038], "61": ["F", -0.131551], "62": ["F", -0.140453], "63": ["F", -0.142796]}, "tensor": {"1": {"type": "Mg", "Isotropic": 578.3425, "Anisotropy": 8.7694, "tensor": [], "eigenvalues": [573.7873, 577.0515, 584.1888]}, "2": {"type": "O", "Isotropic": 318.3666, "Anisotropy": 27.3921, "tensor": [[310.9516, 11.3909, 9.3875]], "eigenvalues": [292.4575, 326.0143, 336.628]}, "3": {"type": "C", "Isotropic": 125.9394, "Anisotropy": 90.5034, "tensor": [[145.1539, 36.9623, 24.4505], [36.0109, 122.0919, 18.4369], [29.1255, 20.1162, 110.5722]], "eigenvalues": [95.2827, 96.2604, 186.275]}, "4": {"type": "C", "Isotropic": 115.4235, "Anisotropy": 69.4298, "tensor": [], "eigenvalues": [85.3005, 99.2599, 161.71]}, "5": {"type": "C", "Isotropic": 116.9223, "Anisotropy": 71.6246, "tensor": [[1.2567, 105.1339, 24.4891]], "eigenvalues": [86.2099, 99.885, 164.6721]}, "6": {"type": "O", "Isotropic": 325.8278, "Anisotropy": 36.8487, "tensor": [[11.2139, 318.9193, 25.6127]], "eigenvalues": [297.2158, 329.874, 350.3936]}, "7": {"type": "C", "Isotropic": 126.102, "Anisotropy": 86.0716, "tensor": [[116.3096, 35.4652, 21.7167], [33.3541, 143.532, 26.5558], [17.1038, 26.3953, 118.4644]], "eigenvalues": [92.7947, 102.0283, 183.483]}, "8": {"type": "H", "Isotropic": 28.2979, "Anisotropy": 10.9357, "tensor": [[25.1814, 2.4387, 2.8763], [0.7824, 30.6168, 5.4393], [0.5919, 4.8493, 29.0955]], "eigenvalues": [24.3985, 24.9068, 35.5883]}, "9": {"type": "H", "Isotropic": 28.235, "Anisotropy": 7.7537, "tensor": [[1.3321, 26.8993, 2.4205], [3.9299, 0.6764, 28.0007]], "eigenvalues": [24.2025, 27.0984, 33.4041]}, "10": {"type": "H", "Isotropic": 27.1138, "Anisotropy": 8.9289, "tensor": [], "eigenvalues": [23.0169, 25.2582, 33.0665]}, "11": {"type": "H", "Isotropic": 28.1072, "Anisotropy": 8.0686, "tensor": [[0.3712, 26.6229, 0.9694]], "eigenvalues": [24.4935, 26.3419, 33.4862]}, "12": {"type": "H", "Isotropic": 28.108, "Anisotropy": 6.4684, "tensor": [], "eigenvalues": [25.5297, 26.3741, 32.4203]}, "13": {"type": "H", "Isotropic": 27.6109, "Anisotropy": 7.7443, "tensor": [], "eigenvalues": [23.8307, 26.2283, 32.7738]}, "14": {"type": "H", "Isotropic": 28.3042, "Anisotropy": 8.6789, "tensor": [[31.4042, 1.4074, 2.8257], [3.908, 25.8036, 0.0218]], "eigenvalues": [23.8747, 26.9478, 34.0901]}, "15": {"type": "H", "Isotropic": 27.7044, "Anisotropy": 6.8169, "tensor": [[25.1304, 1.9704, 1.1507], [0.7636, 26.7631, 3.0589]], "eigenvalues": [24.1278, 26.7364, 32.249]}, "16": {"type": "H", "Isotropic": 28.1388, "Anisotropy": 7.8729, "tensor": [[26.3666, 2.6236, 0.9436]], "eigenvalues": [23.2268, 27.8021, 33.3874]}, "17": {"type": "H", "Isotropic": 27.7383, "Anisotropy": 7.0277, "tensor": [[4.5621, 27.9095, 0.1475], [1.1442, 1.9135, 28.1888]], "eigenvalues": [22.6296, 28.1618, 32.4234]}, "18": {"type": "O", "Isotropic": 310.2266, "Anisotropy": 37.3766, "tensor": [[2.4654, 333.9928, 3.0046]], "eigenvalues": [288.1372, 307.3982, 335.1444]}, "19": {"type": "C", "Isotropic": 126.4693, "Anisotropy": 83.2132, "tensor": [], "eigenvalues": [95.1145, 102.3486, 181.9447]}, "20": {"type": "C", "Isotropic": 115.8028, "Anisotropy": 69.7543, "tensor": [], "eigenvalues": [85.9096, 99.1932, 162.3057]}, "21": {"type": "C", "Isotropic": 115.2699, "Anisotropy": 68.6261, "tensor": [], "eigenvalues": [85.492, 99.2971, 161.0207]}, "22": {"type": "O", "Isotropic": 319.0265, "Anisotropy": 31.8853, "tensor": [], "eigenvalues": [287.3242, 329.4721, 340.2834]}, "23": {"type": "C", "Isotropic": 126.4131, "Anisotropy": 89.6327, "tensor": [], "eigenvalues": [94.7814, 98.2897, 186.1683]}, "24": {"type": "H", "Isotropic": 27.9231, "Anisotropy": 7.9657, "tensor": [[2.4088, 0.4177, 28.0749]], "eigenvalues": [23.3446, 27.1912, 33.2336]}, "25": {"type": "H", "Isotropic": 28.135, "Anisotropy": 5.2353, "tensor": [[31.041, 2.9574, 0.8316]], "eigenvalues": [25.2871, 27.4927, 31.6251]}, "26": {"type": "H", "Isotropic": 28.0916, "Anisotropy": 8.0099, "tensor": [[26.2331, 0.5868, 0.4331]], "eigenvalues": [24.343, 26.5003, 33.4316]}, "27": {"type": "H", "Isotropic": 27.7266, "Anisotropy": 8.0595, "tensor": [[24.8982, 1.6923, 1.1516], [0.8739, 32.1058, 3.3004], [0.1989, 1.1562, 26.1759]], "eigenvalues": [24.5857, 25.4946, 33.0996]}, "28": {"type": "H", "Isotropic": 27.2753, "Anisotropy": 5.7893, "tensor": [[24.6368, 0.9285, 1.6546], [0.5291, 0.05, 30.7842]], "eigenvalues": [24.0463, 26.6448, 31.1349]}, "29": {"type": "H", "Isotropic": 28.0818, "Anisotropy": 8.8539, "tensor": [[27.0954, 1.4176, 0.0586]], "eigenvalues": [24.0716, 26.1894, 33.9844]}, "30": {"type": "H", "Isotropic": 28.2091, "Anisotropy": 7.3184, "tensor": [], "eigenvalues": [24.3357, 27.2036, 33.0881]}, "31": {"type": "H", "Isotropic": 28.3698, "Anisotropy": 10.5989, "tensor": [[1.9457, 26.4051, 0.052]], "eigenvalues": [24.5252, 25.1485, 35.4358]}, "32": {"type": "H", "Isotropic": 27.5348, "Anisotropy": 6.2789, "tensor": [], "eigenvalues": [22.0801, 28.8035, 31.7207]}, "33": {"type": "H", "Isotropic": 28.2663, "Anisotropy": 7.9792, "tensor": [], "eigenvalues": [24.1873, 27.0259, 33.5858]}, "34": {"type": "N", "Isotropic": 103.1359, "Anisotropy": 58.7795, "tensor": [], "eigenvalues": [76.0371, 91.0484, 142.3222]}, "35": {"type": "S", "Isotropic": 174.1257, "Anisotropy": 283.111, "tensor": [], "eigenvalues": [15.0694, 144.4413, 362.8664]}, "36": {"type": "O", "Isotropic": 127.3284, "Anisotropy": 89.5525, "tensor": [], "eigenvalues": [73.6097, 121.3455, 187.0301]}, "37": {"type": "O", "Isotropic": 113.8666, "Anisotropy": 59.1477, "tensor": [], "eigenvalues": [69.6528, 118.6486, 153.2984]}, "38": {"type": "C", "Isotropic": 58.1986, "Anisotropy": 8.1053, "tensor": [[3.3944, 2.462, 61.8008]], "eigenvalues": [48.6707, 62.3231, 63.6022]}, "39": {"type": "F", "Isotropic": 272.0295, "Anisotropy": 119.6782, "tensor": [], "eigenvalues": [199.8378, 264.4356, 351.8149]}, "40": {"type": "F", "Isotropic": 264.247, "Anisotropy": 121.4815, "tensor": [[14.0748, 12.0336, 247.5707]], "eigenvalues": [197.4417, 250.0647, 345.2347]}, "41": {"type": "F", "Isotropic": 264.1055, "Anisotropy": 123.323, "tensor": [], "eigenvalues": [198.1292, 247.8663, 346.3208]}, "42": {"type": "S", "Isotropic": 175.2824, "Anisotropy": 178.718, "tensor": [], "eigenvalues": [42.2773, 189.1421, 294.4277]}, "43": {"type": "O", "Isotropic": 120.2907, "Anisotropy": 62.6914, "tensor": [[3.8684, 81.4616, 2.3067]], "eigenvalues": [77.2101, 121.5771, 162.085]}, "44": {"type": "O", "Isotropic": 145.2833, "Anisotropy": 96.1124, "tensor": [[136.7358, 5.4764, 14.45]], "eigenvalues": [92.303, 134.1886, 209.3582]}, "45": {"type": "C", "Isotropic": 57.8598, "Anisotropy": 10.7879, "tensor": [[60.5115, 1.5391, 1.7384]], "eigenvalues": [48.3903, 60.1373, 65.0517]}, "46": {"type": "F", "Isotropic": 262.9065, "Anisotropy": 121.4825, "tensor": [], "eigenvalues": [197.4528, 247.3718, 343.8948]}, "47": {"type": "F", "Isotropic": 263.9688, "Anisotropy": 121.1875, "tensor": [], "eigenvalues": [197.2847, 249.8612, 344.7605]}, "48": {"type": "F", "Isotropic": 265.7484, "Anisotropy": 117.1996, "tensor": [[255.8006, 16.3067, 25.626], [16.7706, 205.8613, 9.3798], [24.2891, 6.9762, 335.5831]], "eigenvalues": [200.8776, 252.4861, 343.8814]}, "49": {"type": "N", "Isotropic": 106.1387, "Anisotropy": 55.3246, "tensor": [], "eigenvalues": [80.8337, 94.5607, 143.0217]}, "50": {"type": "S", "Isotropic": 178.2816, "Anisotropy": 267.5356, "tensor": [], "eigenvalues": [20.3665, 157.8395, 356.6386]}, "51": {"type": "O", "Isotropic": 119.3358, "Anisotropy": 66.148, "tensor": [], "eigenvalues": [79.2861, 115.2867, 163.4345]}, "52": {"type": "O", "Isotropic": 132.0291, "Anisotropy": 95.7642, "tensor": [], "eigenvalues": [79.0262, 121.1891, 195.8719]}, "53": {"type": "C", "Isotropic": 57.8227, "Anisotropy": 7.8477, "tensor": [], "eigenvalues": [48.5186, 61.895, 63.0545]}, "54": {"type": "F", "Isotropic": 262.9626, "Anisotropy": 124.5505, "tensor": [], "eigenvalues": [194.4527, 248.4389, 345.9963]}, "55": {"type": "F", "Isotropic": 265.2685, "Anisotropy": 119.5489, "tensor": [], "eigenvalues": [197.8858, 252.9519, 344.9678]}, "56": {"type": "F", "Isotropic": 269.8175, "Anisotropy": 120.1053, "tensor": [], "eigenvalues": [199.0913, 260.4734, 349.8877]}, "57": {"type": "S", "Isotropic": 183.8892, "Anisotropy": 198.2125, "tensor": [], "eigenvalues": [47.516, 188.1207, 316.0308]}, "58": {"type": "O", "Isotropic": 148.7532, "Anisotropy": 91.0919, "tensor": [], "eigenvalues": [100.3497, 136.4288, 209.4811]}, "59": {"type": "O", "Isotropic": 126.5462, "Anisotropy": 57.6525, "tensor": [[161.8645, 7.2581, 14.6321]], "eigenvalues": [87.7155, 126.9419, 164.9812]}, "60": {"type": "C", "Isotropic": 57.7346, "Anisotropy": 10.6927, "tensor": [], "eigenvalues": [47.8093, 60.5313, 64.863]}, "61": {"type": "F", "Isotropic": 263.9765, "Anisotropy": 117.4962, "tensor": [], "eigenvalues": [198.495, 251.1271, 342.3073]}, "62": {"type": "F", "Isotropic": 264.1008, "Anisotropy": 119.7531, "tensor": [], "eigenvalues": [196.5019, 251.8643, 343.9362]}, "63": {"type": "F", "Isotropic": 262.3201, "Anisotropy": 118.6203, "tensor": [[313.8706, 24.9738, 47.6996]], "eigenvalues": [197.1521, 248.4078, 341.4003]}}, "output": {"energies": [-4470.42816299], "final_energy": -4470.42816299, "final_energy_per_atom": -70.95917719031746, "molecule": {"charge": 0.0, "spin_multiplicity": 1, "sites": [{"name": "Mg", "species": [{"element": "Mg", "occu": 1}], "xyz": [14.612327, 11.843378, 33.048989], "properties": {}}, {"name": "O", "species": [{"element": "O", "occu": 1}], "xyz": [14.899551, 10.849271, 31.204836], "properties": {}}, {"name": "C", "species": [{"element": "C", "occu": 1}], "xyz": [13.836064, 10.140039, 30.573792], "properties": {}}, {"name": "C", "species": [{"element": "C", "occu": 1}], "xyz": [15.626168, 11.655111, 30.277085], "properties": {}}, {"name": "C", "species": [{"element": "C", "occu": 1}], "xyz": [16.735621, 12.346004, 31.022252], "properties": {}}, {"name": "O", "species": [{"element": "O", "occu": 1}], "xyz": [16.196016, 12.877177, 32.228331], "properties": {}}, {"name": "C", "species": [{"element": "C", "occu": 1}], "xyz": [16.975372, 13.926169, 32.794866], "properties": {}}, {"name": "H", "species": [{"element": "H", "occu": 1}], "xyz": [14.242107, 9.452883, 29.828284], "properties": {}}, {"name": "H", "species": [{"element": "H", "occu": 1}], "xyz": [13.144613, 10.839136, 30.095358], "properties": {}}, {"name": "H", "species": [{"element": "H", "occu": 1}], "xyz": [14.948616, 12.389177, 29.833842], "properties": {}}, {"name": "H", "species": [{"element": "H", "occu": 1}], "xyz": [16.046294, 11.025797, 29.487286], "properties": {}}, {"name": "H", "species": [{"element": "H", "occu": 1}], "xyz": [17.130027, 13.155262, 30.40237], "properties": {}}, {"name": "H", "species": [{"element": "H", "occu": 1}], "xyz": [17.551133, 11.658608, 31.268356], "properties": {}}, {"name": "H", "species": [{"element": "H", "occu": 1}], "xyz": [17.993814, 13.580065, 32.990173], "properties": {}}, {"name": "H", "species": [{"element": "H", "occu": 1}], "xyz": [16.502227, 14.210852, 33.730079], "properties": {}}, {"name": "H", "species": [{"element": "H", "occu": 1}], "xyz": [16.994522, 14.77668, 32.111213], "properties": {}}, {"name": "H", "species": [{"element": "H", "occu": 1}], "xyz": [13.313636, 9.584004, 31.348305], "properties": {}}, {"name": "O", "species": [{"element": "O", "occu": 1}], "xyz": [15.795761, 10.378115, 33.987076], "properties": {}}, {"name": "C", "species": [{"element": "C", "occu": 1}], "xyz": [17.193734, 10.209134, 33.788336], "properties": {}}, {"name": "C", "species": [{"element": "C", "occu": 1}], "xyz": [15.098007, 9.148044, 34.135491], "properties": {}}, {"name": "C", "species": [{"element": "C", "occu": 1}], "xyz": [13.714111, 9.483351, 34.6091], "properties": {}}, {"name": "O", "species": [{"element": "O", "occu": 1}], "xyz": [13.181807, 10.465023, 33.720106], "properties": {}}, {"name": "C", "species": [{"element": "C", "occu": 1}], "xyz": [11.844473, 10.833811, 34.058009], "properties": {}}, {"name": "H", "species": [{"element": "H", "occu": 1}], "xyz": [17.621624, 9.676009, 34.637981], "properties": {}}, {"name": "H", "species": [{"element": "H", "occu": 1}], "xyz": [17.632677, 11.202328, 33.739004], "properties": {}}, {"name": "H", "species": [{"element": "H", "occu": 1}], "xyz": [15.598793, 8.520368, 34.877568], "properties": {}}, {"name": "H", "species": [{"element": "H", "occu": 1}], "xyz": [15.080763, 8.621344, 33.174486], "properties": {}}, {"name": "H", "species": [{"element": "H", "occu": 1}], "xyz": [13.740106, 9.895692, 35.622406], "properties": {}}, {"name": "H", "species": [{"element": "H", "occu": 1}], "xyz": [13.083676, 8.589899, 34.596752], "properties": {}}, {"name": "H", "species": [{"element": "H", "occu": 1}], "xyz": [11.817648, 11.269119, 35.060321], "properties": {}}, {"name": "H", "species": [{"element": "H", "occu": 1}], "xyz": [11.201745, 9.951792, 34.016799], "properties": {}}, {"name": "H", "species": [{"element": "H", "occu": 1}], "xyz": [11.517943, 11.567909, 33.327125], "properties": {}}, {"name": "H", "species": [{"element": "H", "occu": 1}], "xyz": [17.382834, 9.663242, 32.859424], "properties": {}}, {"name": "N", "species": [{"element": "N", "occu": 1}], "xyz": [16.493369, 12.653067, 36.141699], "properties": {}}, {"name": "S", "species": [{"element": "S", "occu": 1}], "xyz": [17.321011, 11.95346, 37.306666], "properties": {}}, {"name": "O", "species": [{"element": "O", "occu": 1}], "xyz": [16.967229, 12.370359, 38.630973], "properties": {}}, {"name": "O", "species": [{"element": "O", "occu": 1}], "xyz": [17.526816, 10.556462, 37.057998], "properties": {}}, {"name": "C", "species": [{"element": "C", "occu": 1}], "xyz": [18.942431, 12.76152, 36.933309], "properties": {}}, {"name": "F", "species": [{"element": "F", "occu": 1}], "xyz": [19.843734, 12.300732, 37.790549], "properties": {}}, {"name": "F", "species": [{"element": "F", "occu": 1}], "xyz": [18.854389, 14.07643, 37.064591], "properties": {}}, {"name": "F", "species": [{"element": "F", "occu": 1}], "xyz": [19.340295, 12.47722, 35.699058], "properties": {}}, {"name": "S", "species": [{"element": "S", "occu": 1}], "xyz": [14.958026, 12.836648, 36.131444], "properties": {}}, {"name": "O", "species": [{"element": "O", "occu": 1}], "xyz": [14.183673, 11.975709, 36.972559], "properties": {}}, {"name": "O", "species": [{"element": "O", "occu": 1}], "xyz": [14.526865, 12.959523, 34.742847], "properties": {}}, {"name": "C", "species": [{"element": "C", "occu": 1}], "xyz": [14.653254, 14.557754, 36.74099], "properties": {}}, {"name": "F", "species": [{"element": "F", "occu": 1}], "xyz": [15.364623, 15.421619, 36.029845], "properties": {}}, {"name": "F", "species": [{"element": "F", "occu": 1}], "xyz": [13.366488, 14.847722, 36.61509], "properties": {}}, {"name": "F", "species": [{"element": "F", "occu": 1}], "xyz": [14.999724, 14.652642, 38.012649], "properties": {}}, {"name": "N", "species": [{"element": "N", "occu": 1}], "xyz": [13.960687, 14.543316, 30.563674], "properties": {}}, {"name": "S", "species": [{"element": "S", "occu": 1}], "xyz": [13.939409, 15.436726, 29.252095], "properties": {}}, {"name": "O", "species": [{"element": "O", "occu": 1}], "xyz": [14.532998, 14.711792, 28.168675], "properties": {}}, {"name": "O", "species": [{"element": "O", "occu": 1}], "xyz": [12.735918, 16.17823, 29.026229], "properties": {}}, {"name": "C", "species": [{"element": "C", "occu": 1}], "xyz": [15.215894, 16.689033, 29.727019], "properties": {}}, {"name": "F", "species": [{"element": "F", "occu": 1}], "xyz": [16.38426, 16.10195, 29.964566], "properties": {}}, {"name": "F", "species": [{"element": "F", "occu": 1}], "xyz": [14.843358, 17.352262, 30.812791], "properties": {}}, {"name": "F", "species": [{"element": "F", "occu": 1}], "xyz": [15.36512, 17.5469, 28.727201], "properties": {}}, {"name": "S", "species": [{"element": "S", "occu": 1}], "xyz": [12.763113, 14.163599, 31.469981], "properties": {}}, {"name": "O", "species": [{"element": "O", "occu": 1}], "xyz": [13.153087, 12.986138, 32.233711], "properties": {}}, {"name": "O", "species": [{"element": "O", "occu": 1}], "xyz": [11.463545, 14.117231, 30.882385], "properties": {}}, {"name": "C", "species": [{"element": "C", "occu": 1}], "xyz": [12.680809, 15.473789, 32.775854], "properties": {}}, {"name": "F", "species": [{"element": "F", "occu": 1}], "xyz": [12.272642, 16.612678, 32.239705], "properties": {}}, {"name": "F", "species": [{"element": "F", "occu": 1}], "xyz": [11.825203, 15.103, 33.717251], "properties": {}}, {"name": "F", "species": [{"element": "F", "occu": 1}], "xyz": [13.875195, 15.653814, 33.320496], "properties": {}}]}, "stationary_type": "Minimum", "corrections": {}, "tensor": {"1": {"type": "Mg", "Isotropic": 578.3425, "Anisotropy": 8.7694, "tensor": [], "eigenvalues": [573.7873, 577.0515, 584.1888]}, "2": {"type": "O", "Isotropic": 318.3666, "Anisotropy": 27.3921, "tensor": [[310.9516, 11.3909, 9.3875]], "eigenvalues": [292.4575, 326.0143, 336.628]}, "3": {"type": "C", "Isotropic": 125.9394, "Anisotropy": 90.5034, "tensor": [[145.1539, 36.9623, 24.4505], [36.0109, 122.0919, 18.4369], [29.1255, 20.1162, 110.5722]], "eigenvalues": [95.2827, 96.2604, 186.275]}, "4": {"type": "C", "Isotropic": 115.4235, "Anisotropy": 69.4298, "tensor": [], "eigenvalues": [85.3005, 99.2599, 161.71]}, "5": {"type": "C", "Isotropic": 116.9223, "Anisotropy": 71.6246, "tensor": [[1.2567, 105.1339, 24.4891]], "eigenvalues": [86.2099, 99.885, 164.6721]}, "6": {"type": "O", "Isotropic": 325.8278, "Anisotropy": 36.8487, "tensor": [[11.2139, 318.9193, 25.6127]], "eigenvalues": [297.2158, 329.874, 350.3936]}, "7": {"type": "C", "Isotropic": 126.102, "Anisotropy": 86.0716, "tensor": [[116.3096, 35.4652, 21.7167], [33.3541, 143.532, 26.5558], [17.1038, 26.3953, 118.4644]], "eigenvalues": [92.7947, 102.0283, 183.483]}, "8": {"type": "H", "Isotropic": 28.2979, "Anisotropy": 10.9357, "tensor": [[25.1814, 2.4387, 2.8763], [0.7824, 30.6168, 5.4393], [0.5919, 4.8493, 29.0955]], "eigenvalues": [24.3985, 24.9068, 35.5883]}, "9": {"type": "H", "Isotropic": 28.235, "Anisotropy": 7.7537, "tensor": [[1.3321, 26.8993, 2.4205], [3.9299, 0.6764, 28.0007]], "eigenvalues": [24.2025, 27.0984, 33.4041]}, "10": {"type": "H", "Isotropic": 27.1138, "Anisotropy": 8.9289, "tensor": [], "eigenvalues": [23.0169, 25.2582, 33.0665]}, "11": {"type": "H", "Isotropic": 28.1072, "Anisotropy": 8.0686, "tensor": [[0.3712, 26.6229, 0.9694]], "eigenvalues": [24.4935, 26.3419, 33.4862]}, "12": {"type": "H", "Isotropic": 28.108, "Anisotropy": 6.4684, "tensor": [], "eigenvalues": [25.5297, 26.3741, 32.4203]}, "13": {"type": "H", "Isotropic": 27.6109, "Anisotropy": 7.7443, "tensor": [], "eigenvalues": [23.8307, 26.2283, 32.7738]}, "14": {"type": "H", "Isotropic": 28.3042, "Anisotropy": 8.6789, "tensor": [[31.4042, 1.4074, 2.8257], [3.908, 25.8036, 0.0218]], "eigenvalues": [23.8747, 26.9478, 34.0901]}, "15": {"type": "H", "Isotropic": 27.7044, "Anisotropy": 6.8169, "tensor": [[25.1304, 1.9704, 1.1507], [0.7636, 26.7631, 3.0589]], "eigenvalues": [24.1278, 26.7364, 32.249]}, "16": {"type": "H", "Isotropic": 28.1388, "Anisotropy": 7.8729, "tensor": [[26.3666, 2.6236, 0.9436]], "eigenvalues": [23.2268, 27.8021, 33.3874]}, "17": {"type": "H", "Isotropic": 27.7383, "Anisotropy": 7.0277, "tensor": [[4.5621, 27.9095, 0.1475], [1.1442, 1.9135, 28.1888]], "eigenvalues": [22.6296, 28.1618, 32.4234]}, "18": {"type": "O", "Isotropic": 310.2266, "Anisotropy": 37.3766, "tensor": [[2.4654, 333.9928, 3.0046]], "eigenvalues": [288.1372, 307.3982, 335.1444]}, "19": {"type": "C", "Isotropic": 126.4693, "Anisotropy": 83.2132, "tensor": [], "eigenvalues": [95.1145, 102.3486, 181.9447]}, "20": {"type": "C", "Isotropic": 115.8028, "Anisotropy": 69.7543, "tensor": [], "eigenvalues": [85.9096, 99.1932, 162.3057]}, "21": {"type": "C", "Isotropic": 115.2699, "Anisotropy": 68.6261, "tensor": [], "eigenvalues": [85.492, 99.2971, 161.0207]}, "22": {"type": "O", "Isotropic": 319.0265, "Anisotropy": 31.8853, "tensor": [], "eigenvalues": [287.3242, 329.4721, 340.2834]}, "23": {"type": "C", "Isotropic": 126.4131, "Anisotropy": 89.6327, "tensor": [], "eigenvalues": [94.7814, 98.2897, 186.1683]}, "24": {"type": "H", "Isotropic": 27.9231, "Anisotropy": 7.9657, "tensor": [[2.4088, 0.4177, 28.0749]], "eigenvalues": [23.3446, 27.1912, 33.2336]}, "25": {"type": "H", "Isotropic": 28.135, "Anisotropy": 5.2353, "tensor": [[31.041, 2.9574, 0.8316]], "eigenvalues": [25.2871, 27.4927, 31.6251]}, "26": {"type": "H", "Isotropic": 28.0916, "Anisotropy": 8.0099, "tensor": [[26.2331, 0.5868, 0.4331]], "eigenvalues": [24.343, 26.5003, 33.4316]}, "27": {"type": "H", "Isotropic": 27.7266, "Anisotropy": 8.0595, "tensor": [[24.8982, 1.6923, 1.1516], [0.8739, 32.1058, 3.3004], [0.1989, 1.1562, 26.1759]], "eigenvalues": [24.5857, 25.4946, 33.0996]}, "28": {"type": "H", "Isotropic": 27.2753, "Anisotropy": 5.7893, "tensor": [[24.6368, 0.9285, 1.6546], [0.5291, 0.05, 30.7842]], "eigenvalues": [24.0463, 26.6448, 31.1349]}, "29": {"type": "H", "Isotropic": 28.0818, "Anisotropy": 8.8539, "tensor": [[27.0954, 1.4176, 0.0586]], "eigenvalues": [24.0716, 26.1894, 33.9844]}, "30": {"type": "H", "Isotropic": 28.2091, "Anisotropy": 7.3184, "tensor": [], "eigenvalues": [24.3357, 27.2036, 33.0881]}, "31": {"type": "H", "Isotropic": 28.3698, "Anisotropy": 10.5989, "tensor": [[1.9457, 26.4051, 0.052]], "eigenvalues": [24.5252, 25.1485, 35.4358]}, "32": {"type": "H", "Isotropic": 27.5348, "Anisotropy": 6.2789, "tensor": [], "eigenvalues": [22.0801, 28.8035, 31.7207]}, "33": {"type": "H", "Isotropic": 28.2663, "Anisotropy": 7.9792, "tensor": [], "eigenvalues": [24.1873, 27.0259, 33.5858]}, "34": {"type": "N", "Isotropic": 103.1359, "Anisotropy": 58.7795, "tensor": [], "eigenvalues": [76.0371, 91.0484, 142.3222]}, "35": {"type": "S", "Isotropic": 174.1257, "Anisotropy": 283.111, "tensor": [], "eigenvalues": [15.0694, 144.4413, 362.8664]}, "36": {"type": "O", "Isotropic": 127.3284, "Anisotropy": 89.5525, "tensor": [], "eigenvalues": [73.6097, 121.3455, 187.0301]}, "37": {"type": "O", "Isotropic": 113.8666, "Anisotropy": 59.1477, "tensor": [], "eigenvalues": [69.6528, 118.6486, 153.2984]}, "38": {"type": "C", "Isotropic": 58.1986, "Anisotropy": 8.1053, "tensor": [[3.3944, 2.462, 61.8008]], "eigenvalues": [48.6707, 62.3231, 63.6022]}, "39": {"type": "F", "Isotropic": 272.0295, "Anisotropy": 119.6782, "tensor": [], "eigenvalues": [199.8378, 264.4356, 351.8149]}, "40": {"type": "F", "Isotropic": 264.247, "Anisotropy": 121.4815, "tensor": [[14.0748, 12.0336, 247.5707]], "eigenvalues": [197.4417, 250.0647, 345.2347]}, "41": {"type": "F", "Isotropic": 264.1055, "Anisotropy": 123.323, "tensor": [], "eigenvalues": [198.1292, 247.8663, 346.3208]}, "42": {"type": "S", "Isotropic": 175.2824, "Anisotropy": 178.718, "tensor": [], "eigenvalues": [42.2773, 189.1421, 294.4277]}, "43": {"type": "O", "Isotropic": 120.2907, "Anisotropy": 62.6914, "tensor": [[3.8684, 81.4616, 2.3067]], "eigenvalues": [77.2101, 121.5771, 162.085]}, "44": {"type": "O", "Isotropic": 145.2833, "Anisotropy": 96.1124, "tensor": [[136.7358, 5.4764, 14.45]], "eigenvalues": [92.303, 134.1886, 209.3582]}, "45": {"type": "C", "Isotropic": 57.8598, "Anisotropy": 10.7879, "tensor": [[60.5115, 1.5391, 1.7384]], "eigenvalues": [48.3903, 60.1373, 65.0517]}, "46": {"type": "F", "Isotropic": 262.9065, "Anisotropy": 121.4825, "tensor": [], "eigenvalues": [197.4528, 247.3718, 343.8948]}, "47": {"type": "F", "Isotropic": 263.9688, "Anisotropy": 121.1875, "tensor": [], "eigenvalues": [197.2847, 249.8612, 344.7605]}, "48": {"type": "F", "Isotropic": 265.7484, "Anisotropy": 117.1996, "tensor": [[255.8006, 16.3067, 25.626], [16.7706, 205.8613, 9.3798], [24.2891, 6.9762, 335.5831]], "eigenvalues": [200.8776, 252.4861, 343.8814]}, "49": {"type": "N", "Isotropic": 106.1387, "Anisotropy": 55.3246, "tensor": [], "eigenvalues": [80.8337, 94.5607, 143.0217]}, "50": {"type": "S", "Isotropic": 178.2816, "Anisotropy": 267.5356, "tensor": [], "eigenvalues": [20.3665, 157.8395, 356.6386]}, "51": {"type": "O", "Isotropic": 119.3358, "Anisotropy": 66.148, "tensor": [], "eigenvalues": [79.2861, 115.2867, 163.4345]}, "52": {"type": "O", "Isotropic": 132.0291, "Anisotropy": 95.7642, "tensor": [], "eigenvalues": [79.0262, 121.1891, 195.8719]}, "53": {"type": "C", "Isotropic": 57.8227, "Anisotropy": 7.8477, "tensor": [], "eigenvalues": [48.5186, 61.895, 63.0545]}, "54": {"type": "F", "Isotropic": 262.9626, "Anisotropy": 124.5505, "tensor": [], "eigenvalues": [194.4527, 248.4389, 345.9963]}, "55": {"type": "F", "Isotropic": 265.2685, "Anisotropy": 119.5489, "tensor": [], "eigenvalues": [197.8858, 252.9519, 344.9678]}, "56": {"type": "F", "Isotropic": 269.8175, "Anisotropy": 120.1053, "tensor": [], "eigenvalues": [199.0913, 260.4734, 349.8877]}, "57": {"type": "S", "Isotropic": 183.8892, "Anisotropy": 198.2125, "tensor": [], "eigenvalues": [47.516, 188.1207, 316.0308]}, "58": {"type": "O", "Isotropic": 148.7532, "Anisotropy": 91.0919, "tensor": [], "eigenvalues": [100.3497, 136.4288, 209.4811]}, "59": {"type": "O", "Isotropic": 126.5462, "Anisotropy": 57.6525, "tensor": [[161.8645, 7.2581, 14.6321]], "eigenvalues": [87.7155, 126.9419, 164.9812]}, "60": {"type": "C", "Isotropic": 57.7346, "Anisotropy": 10.6927, "tensor": [], "eigenvalues": [47.8093, 60.5313, 64.863]}, "61": {"type": "F", "Isotropic": 263.9765, "Anisotropy": 117.4962, "tensor": [], "eigenvalues": [198.495, 251.1271, 342.3073]}, "62": {"type": "F", "Isotropic": 264.1008, "Anisotropy": 119.7531, "tensor": [], "eigenvalues": [196.5019, 251.8643, 343.9362]}, "63": {"type": "F", "Isotropic": 262.3201, "Anisotropy": 118.6203, "tensor": [[313.8706, 24.9738, 47.6996]], "eigenvalues": [197.1521, 248.4078, 341.4003]}}}}, "functional": "PBE1PBE", "basis": "Def2TZVP", "phase": "solution", "type": "nmr;scrf", "smiles": "[Mg](O[S@]([N]S(=O)(=O)C(F)(F)F)([O])C(F)(F)F)O[S@@]([N]S(=O)(=O)C(F)(F)F)([O])C(F)(F)F.O(C)CCOC.O(C)CCOC", "formula": "Mg1 H20 C12 S4 N2 O12 F12", "formula_pretty": "MgH20C12S4N2(OF)12", "formula_anonymous": "AB2C4D12E12F12G20", "formula_alphabetical": "C12 F12 H20 Mg1 N2 O12 S4", "chemsys": "C-F-H-Mg-N-O-S", "nsites": 63, "nelements": 7, "is_ordered": true, "is_valid": true, "tag": "oplsd_5", "wall_time (s)": 3057.073424016009, "last_updated": "2020-10-11T18:06:40.011115", "_id": null}