{"input": {"molecule": {"charge": 0, "spin_multiplicity": 1, "sites": [{"name": "O", "species": [{"element": "O", "occu": 1}], "xyz": [1.708183, -0.525561, 0.000123], "properties": {}}, {"name": "C", "species": [{"element": "C", "occu": 1}], "xyz": [2.961393, 0.109447, 7.3e-05], "properties": {}}, {"name": "C", "species": [{"element": "C", "occu": 1}], "xyz": [0.645353, 0.391605, 0.000168], "properties": {}}, {"name": "C", "species": [{"element": "C", "occu": 1}], "xyz": [-0.645353, -0.391355, 0.000214], "properties": {}}, {"name": "O", "species": [{"element": "O", "occu": 1}], "xyz": [-1.708183, 0.525811, 0.000252], "properties": {}}, {"name": "C", "species": [{"element": "C", "occu": 1}], "xyz": [-2.961393, -0.109198, 0.000296], "properties": {}}, {"name": "H", "species": [{"element": "H", "occu": 1}], "xyz": [3.092059, 0.738561, 0.890847], "properties": {}}, {"name": "H", "species": [{"element": "H", "occu": 1}], "xyz": [3.091985, 0.738567, -0.890707], "properties": {}}, {"name": "H", "species": [{"element": "H", "occu": 1}], "xyz": [0.686752, 1.039931, -0.887617], "properties": {}}, {"name": "H", "species": [{"element": "H", "occu": 1}], "xyz": [0.686821, 1.039924, 0.887955], "properties": {}}, {"name": "H", "species": [{"element": "H", "occu": 1}], "xyz": [-0.686755, -1.039677, 0.888001], "properties": {}}, {"name": "H", "species": [{"element": "H", "occu": 1}], "xyz": [-0.686819, -1.039677, -0.88757], "properties": {}}, {"name": "H", "species": [{"element": "H", "occu": 1}], "xyz": [-3.091992, -0.738312, 0.891079], "properties": {}}, {"name": "H", "species": [{"element": "H", "occu": 1}], "xyz": [-3.092052, -0.738316, -0.890474], "properties": {}}, {"name": "H", "species": [{"element": "H", "occu": 1}], "xyz": [-3.725708, 0.668209, 0.00032], "properties": {}}, {"name": "H", "species": [{"element": "H", "occu": 1}], "xyz": [3.725708, -0.667959, 3.9e-05], "properties": {}}]}, "functional": "PBE1PBE", "basis_set": "Def2TZVP", "route_parameters": {"NMR": "GIAO", "iop(7/33=1)": null, "int": "ultrafine", "EmpiricalDispersion": "GD3", "NoSymmetry": null, "test": null, "SCRF": "(Solvent=TetraHydroFuran)"}, "title": "H10 C4 O2", "charge": 0, "spin_multiplicity": 1, "input_parameters": {}, "link0_parameters": {"%chk": "checkpoint.chk", "%mem": "100GB", "%NProcShared": "28"}, "dieze_tag": "#P", "nbasisfunctions": 246, "pcm_parameters": {}}, "output": {"has_gaussian_completed": true, "is_pcm": true, "errors": [], "Mulliken_charges": {"1": ["O", -0.305419], "2": ["C", -0.228966], "3": ["C", -0.032986], "4": ["C", -0.032986], "5": ["O", -0.30542], "6": ["C", -0.228966], "7": ["H", 0.11898], "8": ["H", 0.11898], "9": ["H", 0.094667], "10": ["H", 0.094667], "11": ["H", 0.094667], "12": ["H", 0.094667], "13": ["H", 0.11898], "14": ["H", 0.11898], "15": ["H", 0.140077], "16": ["H", 0.140077]}, "tensor": {"1": {"type": "O", "Isotropic": 321.6935, "Anisotropy": 32.3633, "tensor": [], "eigenvalues": [297.4288, 324.3827, 343.2691]}, "2": {"type": "C", "Isotropic": 127.4572, "Anisotropy": 89.7709, "tensor": [], "eigenvalues": [96.4274, 98.6398, 187.3045]}, "3": {"type": "C", "Isotropic": 113.5382, "Anisotropy": 79.7412, "tensor": [], "eigenvalues": [81.6418, 92.2738, 166.699]}, "4": {"type": "C", "Isotropic": 113.5383, "Anisotropy": 79.7412, "tensor": [], "eigenvalues": [81.6418, 92.2739, 166.6991]}, "5": {"type": "O", "Isotropic": 321.6936, "Anisotropy": 32.3632, "tensor": [], "eigenvalues": [297.4288, 324.383, 343.2691]}, "6": {"type": "C", "Isotropic": 127.4572, "Anisotropy": 89.771, "tensor": [], "eigenvalues": [96.4274, 98.6397, 187.3046]}, "7": {"type": "H", "Isotropic": 28.4498, "Anisotropy": 8.4021, "tensor": [[30.0282, 4.3996, 3.7011], [2.229, 27.2512, 2.3991], [1.7061, 1.3795, 28.0699]], "eigenvalues": [25.0425, 26.2556, 34.0511]}, "8": {"type": "H", "Isotropic": 28.4498, "Anisotropy": 8.4021, "tensor": [], "eigenvalues": [25.0426, 26.2556, 34.0512]}, "9": {"type": "H", "Isotropic": 28.3016, "Anisotropy": 4.4078, "tensor": [], "eigenvalues": [25.4054, 28.2594, 31.2402]}, "10": {"type": "H", "Isotropic": 28.3016, "Anisotropy": 4.4078, "tensor": [[0.1779, 1.9485, 27.6738]], "eigenvalues": [25.4053, 28.2594, 31.2402]}, "11": {"type": "H", "Isotropic": 28.3017, "Anisotropy": 4.4078, "tensor": [], "eigenvalues": [25.4054, 28.2594, 31.2402]}, "12": {"type": "H", "Isotropic": 28.3017, "Anisotropy": 4.4078, "tensor": [[0.1779, 1.9485, 27.6738]], "eigenvalues": [25.4054, 28.2594, 31.2402]}, "13": {"type": "H", "Isotropic": 28.4498, "Anisotropy": 8.4021, "tensor": [], "eigenvalues": [25.0426, 26.2556, 34.0512]}, "14": {"type": "H", "Isotropic": 28.4498, "Anisotropy": 8.4021, "tensor": [[30.0282, 4.3996, 3.7011], [2.229, 27.2513, 2.3991], [1.7061, 1.3795, 28.0699]], "eigenvalues": [25.0426, 26.2556, 34.0512]}, "15": {"type": "H", "Isotropic": 28.0747, "Anisotropy": 9.1309, "tensor": [], "eigenvalues": [24.3972, 25.6648, 34.1619]}, "16": {"type": "H", "Isotropic": 28.0747, "Anisotropy": 9.1309, "tensor": [], "eigenvalues": [24.3972, 25.6649, 34.1619]}}, "output": {"energies": [-308.628724915], "final_energy": -308.628724915, "final_energy_per_atom": -19.2892953071875, "molecule": {"charge": 0.0, "spin_multiplicity": 1, "sites": [{"name": "O", "species": [{"element": "O", "occu": 1}], "xyz": [1.708183, -0.525561, 0.000123], "properties": {}}, {"name": "C", "species": [{"element": "C", "occu": 1}], "xyz": [2.961393, 0.109447, 7.3e-05], "properties": {}}, {"name": "C", "species": [{"element": "C", "occu": 1}], "xyz": [0.645353, 0.391605, 0.000168], "properties": {}}, {"name": "C", "species": [{"element": "C", "occu": 1}], "xyz": [-0.645353, -0.391355, 0.000214], "properties": {}}, {"name": "O", "species": [{"element": "O", "occu": 1}], "xyz": [-1.708183, 0.525811, 0.000252], "properties": {}}, {"name": "C", "species": [{"element": "C", "occu": 1}], "xyz": [-2.961393, -0.109198, 0.000296], "properties": {}}, {"name": "H", "species": [{"element": "H", "occu": 1}], "xyz": [3.092059, 0.738561, 0.890847], "properties": {}}, {"name": "H", "species": [{"element": "H", "occu": 1}], "xyz": [3.091985, 0.738567, -0.890707], "properties": {}}, {"name": "H", "species": [{"element": "H", "occu": 1}], "xyz": [0.686752, 1.039931, -0.887617], "properties": {}}, {"name": "H", "species": [{"element": "H", "occu": 1}], "xyz": [0.686821, 1.039924, 0.887955], "properties": {}}, {"name": "H", "species": [{"element": "H", "occu": 1}], "xyz": [-0.686755, -1.039677, 0.888001], "properties": {}}, {"name": "H", "species": [{"element": "H", "occu": 1}], "xyz": [-0.686819, -1.039677, -0.88757], "properties": {}}, {"name": "H", "species": [{"element": "H", "occu": 1}], "xyz": [-3.091992, -0.738312, 0.891079], "properties": {}}, {"name": "H", "species": [{"element": "H", "occu": 1}], "xyz": [-3.092052, -0.738316, -0.890474], "properties": {}}, {"name": "H", "species": [{"element": "H", "occu": 1}], "xyz": [-3.725708, 0.668209, 0.00032], "properties": {}}, {"name": "H", "species": [{"element": "H", "occu": 1}], "xyz": [3.725708, -0.667959, 3.9e-05], "properties": {}}]}, "stationary_type": "Minimum", "corrections": {}, "tensor": {"1": {"type": "O", "Isotropic": 321.6935, "Anisotropy": 32.3633, "tensor": [], "eigenvalues": [297.4288, 324.3827, 343.2691]}, "2": {"type": "C", "Isotropic": 127.4572, "Anisotropy": 89.7709, "tensor": [], "eigenvalues": [96.4274, 98.6398, 187.3045]}, "3": {"type": "C", "Isotropic": 113.5382, "Anisotropy": 79.7412, "tensor": [], "eigenvalues": [81.6418, 92.2738, 166.699]}, "4": {"type": "C", "Isotropic": 113.5383, "Anisotropy": 79.7412, "tensor": [], "eigenvalues": [81.6418, 92.2739, 166.6991]}, "5": {"type": "O", "Isotropic": 321.6936, "Anisotropy": 32.3632, "tensor": [], "eigenvalues": [297.4288, 324.383, 343.2691]}, "6": {"type": "C", "Isotropic": 127.4572, "Anisotropy": 89.771, "tensor": [], "eigenvalues": [96.4274, 98.6397, 187.3046]}, "7": {"type": "H", "Isotropic": 28.4498, "Anisotropy": 8.4021, "tensor": [[30.0282, 4.3996, 3.7011], [2.229, 27.2512, 2.3991], [1.7061, 1.3795, 28.0699]], "eigenvalues": [25.0425, 26.2556, 34.0511]}, "8": {"type": "H", "Isotropic": 28.4498, "Anisotropy": 8.4021, "tensor": [], "eigenvalues": [25.0426, 26.2556, 34.0512]}, "9": {"type": "H", "Isotropic": 28.3016, "Anisotropy": 4.4078, "tensor": [], "eigenvalues": [25.4054, 28.2594, 31.2402]}, "10": {"type": "H", "Isotropic": 28.3016, "Anisotropy": 4.4078, "tensor": [[0.1779, 1.9485, 27.6738]], "eigenvalues": [25.4053, 28.2594, 31.2402]}, "11": {"type": "H", "Isotropic": 28.3017, "Anisotropy": 4.4078, "tensor": [], "eigenvalues": [25.4054, 28.2594, 31.2402]}, "12": {"type": "H", "Isotropic": 28.3017, "Anisotropy": 4.4078, "tensor": [[0.1779, 1.9485, 27.6738]], "eigenvalues": [25.4054, 28.2594, 31.2402]}, "13": {"type": "H", "Isotropic": 28.4498, "Anisotropy": 8.4021, "tensor": [], "eigenvalues": [25.0426, 26.2556, 34.0512]}, "14": {"type": "H", "Isotropic": 28.4498, "Anisotropy": 8.4021, "tensor": [[30.0282, 4.3996, 3.7011], [2.229, 27.2513, 2.3991], [1.7061, 1.3795, 28.0699]], "eigenvalues": [25.0426, 26.2556, 34.0512]}, "15": {"type": "H", "Isotropic": 28.0747, "Anisotropy": 9.1309, "tensor": [], "eigenvalues": [24.3972, 25.6648, 34.1619]}, "16": {"type": "H", "Isotropic": 28.0747, "Anisotropy": 9.1309, "tensor": [], "eigenvalues": [24.3972, 25.6649, 34.1619]}}}}, "functional": "PBE1PBE", "basis": "Def2TZVP", "phase": "solution", "type": "nmr;scrf", "smiles": "O(C)CCOC", "formula": "H10 C4 O2", "formula_pretty": "H5C2O", "formula_anonymous": "AB2C5", "formula_alphabetical": "C4 H10 O2", "chemsys": "C-H-O", "nsites": 16, "nelements": 3, "is_ordered": true, "is_valid": true, "tag": "oplsd_ref", "wall_time (s)": 33.6715496070683, "last_updated": "2021-01-20T10:23:39.428022", "_id": null}