{"input": {"molecule": {"charge": 0, "spin_multiplicity": 1, "sites": [{"name": "O", "species": [{"element": "O", "occu": 1}], "xyz": [1.627431, 0.255026, -2.884774], "properties": {}}, {"name": "C", "species": [{"element": "C", "occu": 1}], "xyz": [2.229286, 1.219357, -3.707949], "properties": {}}, {"name": "C", "species": [{"element": "C", "occu": 1}], "xyz": [0.873954, 0.842715, -1.853948], "properties": {}}, {"name": "C", "species": [{"element": "C", "occu": 1}], "xyz": [0.321512, -0.258828, -0.984566], "properties": {}}, {"name": "O", "species": [{"element": "O", "occu": 1}], "xyz": [-0.457048, 0.341007, 0.020043], "properties": {}}, {"name": "C", "species": [{"element": "C", "occu": 1}], "xyz": [-0.882164, -0.576682, 0.994995], "properties": {}}, {"name": "H", "species": [{"element": "H", "occu": 1}], "xyz": [2.917686, 1.858414, -3.137325], "properties": {}}, {"name": "H", "species": [{"element": "H", "occu": 1}], "xyz": [1.479445, 1.863609, -4.186818], "properties": {}}, {"name": "H", "species": [{"element": "H", "occu": 1}], "xyz": [0.056576, 1.451044, -2.267219], "properties": {}}, {"name": "H", "species": [{"element": "H", "occu": 1}], "xyz": [1.506179, 1.498578, -1.238646], "properties": {}}, {"name": "H", "species": [{"element": "H", "occu": 1}], "xyz": [1.153942, -0.821933, -0.543356], "properties": {}}, {"name": "H", "species": [{"element": "H", "occu": 1}], "xyz": [-0.28514, -0.951032, -1.587551], "properties": {}}, {"name": "H", "species": [{"element": "H", "occu": 1}], "xyz": [-0.026001, -1.047542, 1.496384], "properties": {}}, {"name": "H", "species": [{"element": "H", "occu": 1}], "xyz": [-1.504151, -1.368557, 0.5549], "properties": {}}, {"name": "H", "species": [{"element": "H", "occu": 1}], "xyz": [-1.472976, -0.025266, 1.726291], "properties": {}}, {"name": "H", "species": [{"element": "H", "occu": 1}], "xyz": [2.792249, 0.694036, -4.479982], "properties": {}}, {"name": "H", "species": [{"element": "H", "occu": 1}], "xyz": [2.927552, 4.589847, -0.263459], "properties": {}}, {"name": "H", "species": [{"element": "H", "occu": 1}], "xyz": [-2.590651, 1.927869, -1.668686], "properties": {}}, {"name": "H", "species": [{"element": "H", "occu": 1}], "xyz": [1.031011, 3.91958, -1.596345], "properties": {}}, {"name": "H", "species": [{"element": "H", "occu": 1}], "xyz": [-0.804636, 2.7391, -0.320584], "properties": {}}, {"name": "C", "species": [{"element": "C", "occu": 1}], "xyz": [0.395408, 4.427538, -0.855918], "properties": {}}, {"name": "C", "species": [{"element": "C", "occu": 1}], "xyz": [-2.681308, 2.933323, -2.101787], "properties": {}}, {"name": "C", "species": [{"element": "C", "occu": 1}], "xyz": [2.228913, 5.020788, 0.466777], "properties": {}}, {"name": "C", "species": [{"element": "C", "occu": 1}], "xyz": [-0.940151, 3.729672, -0.77551], "properties": {}}, {"name": "O", "species": [{"element": "O", "occu": 1}], "xyz": [-1.449047, 3.607893, -2.082923], "properties": {}}, {"name": "O", "species": [{"element": "O", "occu": 1}], "xyz": [0.982237, 4.375503, 0.419302], "properties": {}}, {"name": "H", "species": [{"element": "H", "occu": 1}], "xyz": [-2.996965, 2.847069, -3.14191], "properties": {}}, {"name": "H", "species": [{"element": "H", "occu": 1}], "xyz": [2.634118, 4.874915, 1.467609], "properties": {}}, {"name": "H", "species": [{"element": "H", "occu": 1}], "xyz": [0.267573, 5.468888, -1.186123], "properties": {}}, {"name": "H", "species": [{"element": "H", "occu": 1}], "xyz": [-1.631847, 4.302487, -0.142099], "properties": {}}, {"name": "H", "species": [{"element": "H", "occu": 1}], "xyz": [2.132434, 6.095229, 0.260782], "properties": {}}, {"name": "H", "species": [{"element": "H", "occu": 1}], "xyz": [-3.44851, 3.484838, -1.541335], "properties": {}}, {"name": "H", "species": [{"element": "H", "occu": 1}], "xyz": [4.042068, -0.835192, -1.119708], "properties": {}}, {"name": "O", "species": [{"element": "O", "occu": 1}], "xyz": [3.303979, 0.258337, 0.411215], "properties": {}}, {"name": "H", "species": [{"element": "H", "occu": 1}], "xyz": [1.485735, 1.891455, 1.455253], "properties": {}}, {"name": "C", "species": [{"element": "C", "occu": 1}], "xyz": [4.329436, 0.027533, -0.519125], "properties": {}}, {"name": "H", "species": [{"element": "H", "occu": 1}], "xyz": [4.466413, 0.890545, -1.184896], "properties": {}}, {"name": "C", "species": [{"element": "C", "occu": 1}], "xyz": [2.340029, 1.613213, 2.085464], "properties": {}}, {"name": "H", "species": [{"element": "H", "occu": 1}], "xyz": [2.076531, 0.690072, 2.623519], "properties": {}}, {"name": "H", "species": [{"element": "H", "occu": 1}], "xyz": [0.768298, 3.495727, 3.023036], "properties": {}}, {"name": "C", "species": [{"element": "C", "occu": 1}], "xyz": [3.557677, 1.371982, 1.226626], "properties": {}}, {"name": "H", "species": [{"element": "H", "occu": 1}], "xyz": [5.285404, -0.18107, -0.019971], "properties": {}}, {"name": "C", "species": [{"element": "C", "occu": 1}], "xyz": [1.522064, 3.080534, 3.702206], "properties": {}}, {"name": "H", "species": [{"element": "H", "occu": 1}], "xyz": [1.066136, 2.260825, 4.274142], "properties": {}}, {"name": "H", "species": [{"element": "H", "occu": 1}], "xyz": [3.761454, 2.263153, 0.614718], "properties": {}}, {"name": "O", "species": [{"element": "O", "occu": 1}], "xyz": [2.652128, 2.644375, 2.989956], "properties": {}}, {"name": "H", "species": [{"element": "H", "occu": 1}], "xyz": [4.437229, 1.199231, 1.865041], "properties": {}}, {"name": "H", "species": [{"element": "H", "occu": 1}], "xyz": [1.846586, 3.857087, 4.395834], "properties": {}}, {"name": "H", "species": [{"element": "H", "occu": 1}], "xyz": [-1.492236, 5.678294, 3.612261], "properties": {}}, {"name": "H", "species": [{"element": "H", "occu": 1}], "xyz": [-1.90556, 6.6808, 2.199705], "properties": {}}, {"name": "C", "species": [{"element": "C", "occu": 1}], "xyz": [-1.629856, 5.676426, 2.522466], "properties": {}}, {"name": "H", "species": [{"element": "H", "occu": 1}], "xyz": [-2.379293, 3.407556, 3.637019], "properties": {}}, {"name": "O", "species": [{"element": "O", "occu": 1}], "xyz": [-2.672132, 4.809208, 2.142988], "properties": {}}, {"name": "H", "species": [{"element": "H", "occu": 1}], "xyz": [-0.683261, 5.391405, 2.046162], "properties": {}}, {"name": "C", "species": [{"element": "C", "occu": 1}], "xyz": [-2.430663, 3.484079, 2.540662], "properties": {}}, {"name": "H", "species": [{"element": "H", "occu": 1}], "xyz": [-4.524331, 3.051524, 2.350203], "properties": {}}, {"name": "C", "species": [{"element": "C", "occu": 1}], "xyz": [-3.562303, 2.63039, 2.023065], "properties": {}}, {"name": "H", "species": [{"element": "H", "occu": 1}], "xyz": [-1.475745, 3.122202, 2.134945], "properties": {}}, {"name": "O", "species": [{"element": "O", "occu": 1}], "xyz": [-3.390772, 1.329151, 2.522894], "properties": {}}, {"name": "H", "species": [{"element": "H", "occu": 1}], "xyz": [-5.36217, 0.737491, 2.261286], "properties": {}}, {"name": "H", "species": [{"element": "H", "occu": 1}], "xyz": [-3.555289, 2.628776, 0.923575], "properties": {}}, {"name": "C", "species": [{"element": "C", "occu": 1}], "xyz": [-4.33925, 0.43042, 2.00635], "properties": {}}, {"name": "H", "species": [{"element": "H", "occu": 1}], "xyz": [-4.142498, -0.547345, 2.446691], "properties": {}}, {"name": "H", "species": [{"element": "H", "occu": 1}], "xyz": [-4.260894, 0.351737, 0.913686], "properties": {}}]}, "functional": "PBE1PBE", "basis_set": "Def2TZVP", "route_parameters": {"NMR": "GIAO", "iop(7/33=1)": null, "int": "ultrafine", "EmpiricalDispersion": "GD3", "NoSymmetry": null, "test": null, "SCRF": "(Solvent=TetraHydroFuran)"}, "title": "H40 C16 O8", "charge": 0, "spin_multiplicity": 1, "input_parameters": {}, "link0_parameters": {"%chk": "checkpoint.chk", "%mem": "100GB", "%NProcShared": "24"}, "dieze_tag": "#P", "nbasisfunctions": 984, "pcm_parameters": {}}, "output": {"has_gaussian_completed": true, "is_pcm": true, "errors": [], "Mulliken_charges": {"1": ["O", -0.313533], "2": ["C", -0.226574], "3": ["C", -0.046721], "4": ["C", -0.034961], "5": ["O", -0.302101], "6": ["C", -0.234694], "7": ["H", 0.111262], "8": ["H", 0.121934], "9": ["H", 0.122328], "10": ["H", 0.08143], "11": ["H", 0.105153], "12": ["H", 0.093816], "13": ["H", 0.118571], "14": ["H", 0.112886], "15": ["H", 0.147078], "16": ["H", 0.142331], "17": ["H", 0.117191], "18": ["H", 0.120894], "19": ["H", 0.101911], "20": ["H", 0.103111], "21": ["C", -0.037121], "22": ["C", -0.234936], "23": ["C", -0.231605], "24": ["C", -0.079745], "25": ["O", -0.318492], "26": ["O", -0.305539], "27": ["H", 0.142612], "28": ["H", 0.146006], "29": ["H", 0.099077], "30": ["H", 0.127081], "31": ["H", 0.1277], "32": ["H", 0.125393], "33": ["H", 0.135583], "34": ["O", -0.303437], "35": ["H", 0.117987], "36": ["C", -0.214975], "37": ["H", 0.109853], "38": ["C", -0.036643], "39": ["H", 0.089805], "40": ["H", 0.113012], "41": ["C", -0.050284], "42": ["H", 0.125721], "43": ["C", -0.217761], "44": ["H", 0.120559], "45": ["H", 0.095632], "46": ["O", -0.318802], "47": ["H", 0.09875], "48": ["H", 0.13553], "49": ["H", 0.11995], "50": ["H", 0.138275], "51": ["C", -0.231598], "52": ["H", 0.103143], "53": ["O", -0.319855], "54": ["H", 0.124691], "55": ["C", -0.06012], "56": ["H", 0.098971], "57": ["C", -0.015223], "58": ["H", 0.115186], "59": ["O", -0.314588], "60": ["H", 0.128507], "61": ["H", 0.079402], "62": ["C", -0.23611], "63": ["H", 0.141543], "64": ["H", 0.125556]}, "tensor": {"1": {"type": "O", "Isotropic": 320.0851, "Anisotropy": 32.3472, "tensor": [], "eigenvalues": [297.5824, 321.0231, 341.6499]}, "2": {"type": "C", "Isotropic": 127.2798, "Anisotropy": 87.3795, "tensor": [], "eigenvalues": [96.7401, 99.5665, 185.5328]}, "3": {"type": "C", "Isotropic": 113.2449, "Anisotropy": 78.6936, "tensor": [], "eigenvalues": [83.0121, 91.0152, 165.7073]}, "4": {"type": "C", "Isotropic": 114.4758, "Anisotropy": 78.7905, "tensor": [], "eigenvalues": [83.4274, 92.9971, 167.0028]}, "5": {"type": "O", "Isotropic": 316.2811, "Anisotropy": 35.1445, "tensor": [], "eigenvalues": [294.2041, 314.9285, 339.7108]}, "6": {"type": "C", "Isotropic": 128.4554, "Anisotropy": 87.9872, "tensor": [], "eigenvalues": [96.3075, 101.9451, 187.1135]}, "7": {"type": "H", "Isotropic": 28.4175, "Anisotropy": 6.2121, "tensor": [[29.4873, 3.2039, 0.119], [3.0997, 28.4644, 0.1118]], "eigenvalues": [25.6113, 27.0823, 32.559]}, "8": {"type": "H", "Isotropic": 28.3874, "Anisotropy": 7.8203, "tensor": [], "eigenvalues": [25.378, 26.1833, 33.601]}, "9": {"type": "H", "Isotropic": 28.2429, "Anisotropy": 8.2498, "tensor": [], "eigenvalues": [24.4323, 26.5536, 33.7427]}, "10": {"type": "H", "Isotropic": 28.4072, "Anisotropy": 4.4964, "tensor": [[1.3001, 2.8789, 29.89]], "eigenvalues": [25.0864, 28.7305, 31.4048]}, "11": {"type": "H", "Isotropic": 28.2477, "Anisotropy": 4.6666, "tensor": [], "eigenvalues": [26.0257, 27.3587, 31.3587]}, "12": {"type": "H", "Isotropic": 28.3351, "Anisotropy": 5.6641, "tensor": [[1.8849, 28.4739, 2.5656], [0.1431, 3.7573, 29.3177]], "eigenvalues": [25.0496, 27.8445, 32.1112]}, "13": {"type": "H", "Isotropic": 28.6761, "Anisotropy": 7.2121, "tensor": [[27.3633, 1.1596, 0.1767]], "eigenvalues": [24.8555, 27.6886, 33.4842]}, "14": {"type": "H", "Isotropic": 28.5132, "Anisotropy": 8.8858, "tensor": [], "eigenvalues": [24.9063, 26.1962, 34.4371]}, "15": {"type": "H", "Isotropic": 27.584, "Anisotropy": 9.3346, "tensor": [], "eigenvalues": [22.7695, 26.1755, 33.8071]}, "16": {"type": "H", "Isotropic": 28.0992, "Anisotropy": 10.0378, "tensor": [], "eigenvalues": [24.2741, 25.2324, 34.7911]}, "17": {"type": "H", "Isotropic": 28.4797, "Anisotropy": 7.4348, "tensor": [], "eigenvalues": [24.4667, 27.5362, 33.4363]}, "18": {"type": "H", "Isotropic": 28.3698, "Anisotropy": 5.5265, "tensor": [], "eigenvalues": [25.4091, 27.646, 32.0541]}, "19": {"type": "H", "Isotropic": 28.2549, "Anisotropy": 4.2902, "tensor": [], "eigenvalues": [26.3652, 27.2845, 31.115]}, "20": {"type": "H", "Isotropic": 27.8579, "Anisotropy": 4.7941, "tensor": [], "eigenvalues": [25.1701, 27.3497, 31.054]}, "21": {"type": "C", "Isotropic": 114.2517, "Anisotropy": 78.9637, "tensor": [[114.2197, 5.7354, 35.734], [6.7003, 84.3415, 5.2757], [32.3869, 1.558, 144.1939]], "eigenvalues": [82.6764, 93.1845, 166.8941]}, "22": {"type": "C", "Isotropic": 127.779, "Anisotropy": 85.2847, "tensor": [[165.5558, 34.7817, 8.6931], [34.5694, 118.1023, 3.699], [6.3033, 2.9964, 99.6789]], "eigenvalues": [98.6441, 100.0574, 184.6355]}, "23": {"type": "C", "Isotropic": 127.3838, "Anisotropy": 86.5197, "tensor": [[167.8301, 32.1953, 9.5048], [34.3945, 116.3422, 4.5219], [6.6793, 2.4798, 97.9792]], "eigenvalues": [97.029, 100.0589, 185.0636]}, "24": {"type": "C", "Isotropic": 116.6634, "Anisotropy": 79.2351, "tensor": [[111.2542, 10.2418, 35.2345], [11.2199, 89.8757, 8.6937], [29.6289, 7.5713, 148.8604]], "eigenvalues": [84.5846, 95.9188, 169.4868]}, "25": {"type": "O", "Isotropic": 322.8579, "Anisotropy": 29.1611, "tensor": [], "eigenvalues": [296.4824, 329.7926, 342.2986]}, "26": {"type": "O", "Isotropic": 313.9352, "Anisotropy": 33.4293, "tensor": [], "eigenvalues": [293.5942, 311.99, 336.2213]}, "27": {"type": "H", "Isotropic": 28.1434, "Anisotropy": 9.7085, "tensor": [[30.1048, 1.7576, 5.5489], [2.0234, 24.9638, 1.7886], [3.1809, 0.5957, 29.3616]], "eigenvalues": [24.3154, 25.4991, 34.6157]}, "28": {"type": "H", "Isotropic": 27.8742, "Anisotropy": 6.5696, "tensor": [[29.0913, 1.9684, 4.3569], [2.7137, 27.1036, 0.042]], "eigenvalues": [23.6746, 27.694, 32.2539]}, "29": {"type": "H", "Isotropic": 28.2294, "Anisotropy": 5.2122, "tensor": [], "eigenvalues": [25.6026, 27.3814, 31.7042]}, "30": {"type": "H", "Isotropic": 28.1452, "Anisotropy": 7.8457, "tensor": [], "eigenvalues": [24.9203, 26.1397, 33.3757]}, "31": {"type": "H", "Isotropic": 28.4716, "Anisotropy": 9.7442, "tensor": [[0.2296, 0.4078, 24.4753]], "eigenvalues": [24.3811, 26.0658, 34.9677]}, "32": {"type": "H", "Isotropic": 28.4219, "Anisotropy": 7.714, "tensor": [[0.339, 0.2099, 26.4668]], "eigenvalues": [25.1204, 26.5808, 33.5646]}, "33": {"type": "H", "Isotropic": 28.0777, "Anisotropy": 8.2049, "tensor": [], "eigenvalues": [24.1832, 26.5023, 33.5476]}, "34": {"type": "O", "Isotropic": 319.6434, "Anisotropy": 29.5655, "tensor": [[14.3535, 323.0192, 13.1566]], "eigenvalues": [296.3707, 323.2057, 339.3538]}, "35": {"type": "H", "Isotropic": 27.8685, "Anisotropy": 5.7992, "tensor": [[0.6081, 27.1336, 2.2553], [4.0458, 0.657, 28.9767]], "eigenvalues": [24.5815, 27.2893, 31.7346]}, "36": {"type": "C", "Isotropic": 127.9483, "Anisotropy": 88.8041, "tensor": [], "eigenvalues": [96.1035, 100.5904, 187.1511]}, "37": {"type": "H", "Isotropic": 28.5469, "Anisotropy": 6.9043, "tensor": [], "eigenvalues": [24.1619, 28.3291, 33.1497]}, "38": {"type": "C", "Isotropic": 114.8666, "Anisotropy": 79.6786, "tensor": [[6.9538, 128.0227, 40.7958], [2.8215, 42.3214, 124.3326]], "eigenvalues": [83.882, 92.7321, 167.9857]}, "39": {"type": "H", "Isotropic": 28.3362, "Anisotropy": 3.7665, "tensor": [[0.8937, 1.4394, 28.2072]], "eigenvalues": [26.0177, 28.1438, 30.8472]}, "40": {"type": "H", "Isotropic": 28.0414, "Anisotropy": 8.5837, "tensor": [], "eigenvalues": [23.3154, 27.045, 33.7639]}, "41": {"type": "C", "Isotropic": 113.5927, "Anisotropy": 79.3279, "tensor": [[4.8077, 131.0836, 39.6343], [0.4214, 42.4443, 118.8314]], "eigenvalues": [82.3279, 91.9723, 166.478]}, "42": {"type": "H", "Isotropic": 28.4661, "Anisotropy": 10.1182, "tensor": [], "eigenvalues": [24.3457, 25.841, 35.2116]}, "43": {"type": "C", "Isotropic": 127.659, "Anisotropy": 86.552, "tensor": [], "eigenvalues": [96.0106, 101.606, 185.3603]}, "44": {"type": "H", "Isotropic": 28.4955, "Anisotropy": 7.5797, "tensor": [], "eigenvalues": [24.6373, 27.3006, 33.5487]}, "45": {"type": "H", "Isotropic": 28.2508, "Anisotropy": 4.4164, "tensor": [[0.2561, 1.7254, 26.5989]], "eigenvalues": [26.5453, 27.012, 31.1951]}, "46": {"type": "O", "Isotropic": 320.9266, "Anisotropy": 32.6487, "tensor": [[330.7674, 15.5982, 3.0736], [7.2144, 314.8301, 17.7982], [1.4687, 19.0937, 317.1823]], "eigenvalues": [296.1075, 323.9799, 342.6924]}, "47": {"type": "H", "Isotropic": 28.2673, "Anisotropy": 5.4539, "tensor": [[0.151, 26.6512, 2.4117], [3.3916, 1.6016, 28.9437]], "eigenvalues": [24.4936, 28.4051, 31.9033]}, "48": {"type": "H", "Isotropic": 28.1778, "Anisotropy": 8.735, "tensor": [], "eigenvalues": [24.0572, 26.4751, 34.0012]}, "49": {"type": "H", "Isotropic": 28.6735, "Anisotropy": 8.1053, "tensor": [[28.0043, 0.8228, 2.8575], [1.9034, 27.8214, 5.1014], [0.5399, 3.1405, 30.195]], "eigenvalues": [24.718, 27.2255, 34.077]}, "50": {"type": "H", "Isotropic": 28.2849, "Anisotropy": 9.065, "tensor": [[0.2433, 34.0316, 0.1235]], "eigenvalues": [24.4925, 26.034, 34.3282]}, "51": {"type": "C", "Isotropic": 128.5106, "Anisotropy": 86.3256, "tensor": [[141.0985, 41.7661, 13.4739], [39.2957, 139.5003, 14.5552], [13.9694, 16.2508, 104.9329]], "eigenvalues": [98.3861, 101.0846, 186.0609]}, "52": {"type": "H", "Isotropic": 28.4511, "Anisotropy": 3.7794, "tensor": [], "eigenvalues": [26.4112, 27.9714, 30.9707]}, "53": {"type": "O", "Isotropic": 320.5154, "Anisotropy": 29.473, "tensor": [], "eigenvalues": [296.8766, 324.5056, 340.1641]}, "54": {"type": "H", "Isotropic": 27.9731, "Anisotropy": 8.0557, "tensor": [[2.4109, 25.4466, 1.6652]], "eigenvalues": [23.0345, 27.5411, 33.3435]}, "55": {"type": "C", "Isotropic": 114.7063, "Anisotropy": 76.3396, "tensor": [[90.5346, 3.1701, 3.3746]], "eigenvalues": [84.6681, 93.8515, 165.5994]}, "56": {"type": "H", "Isotropic": 28.2831, "Anisotropy": 5.0614, "tensor": [], "eigenvalues": [24.6782, 28.5139, 31.6574]}, "57": {"type": "C", "Isotropic": 114.0142, "Anisotropy": 79.1464, "tensor": [[90.443, 4.2247, 2.874]], "eigenvalues": [83.2186, 92.0456, 166.7785]}, "58": {"type": "H", "Isotropic": 28.1241, "Anisotropy": 4.7412, "tensor": [], "eigenvalues": [25.4699, 27.6176, 31.2849]}, "59": {"type": "O", "Isotropic": 318.966, "Anisotropy": 28.809, "tensor": [], "eigenvalues": [296.4113, 322.3147, 338.172]}, "60": {"type": "H", "Isotropic": 28.433, "Anisotropy": 9.7401, "tensor": [[4.6288, 26.0535, 0.5219]], "eigenvalues": [24.497, 25.8756, 34.9264]}, "61": {"type": "H", "Isotropic": 28.1139, "Anisotropy": 5.3709, "tensor": [], "eigenvalues": [26.1155, 26.5318, 31.6945]}, "62": {"type": "C", "Isotropic": 127.6582, "Anisotropy": 87.4259, "tensor": [[134.6988, 42.3738, 16.4043], [38.3644, 139.817, 18.2003], [16.5106, 20.1836, 108.459]], "eigenvalues": [96.4944, 100.5381, 185.9422]}, "63": {"type": "H", "Isotropic": 28.1315, "Anisotropy": 9.1782, "tensor": [], "eigenvalues": [24.4915, 25.6526, 34.2503]}, "64": {"type": "H", "Isotropic": 28.4469, "Anisotropy": 6.6944, "tensor": [[28.6951, 2.0602, 1.9159], [2.433, 27.2503, 4.4139], [0.0262, 2.2146, 29.3955]], "eigenvalues": [24.4174, 28.0135, 32.9099]}}, "output": {"energies": [-1234.54190667], "final_energy": -1234.54190667, "final_energy_per_atom": -19.28971729171875, "molecule": {"charge": 0.0, "spin_multiplicity": 1, "sites": [{"name": "O", "species": [{"element": "O", "occu": 1}], "xyz": [1.627431, 0.255026, -2.884774], "properties": {}}, {"name": "C", "species": [{"element": "C", "occu": 1}], "xyz": [2.229286, 1.219357, -3.707949], "properties": {}}, {"name": "C", "species": [{"element": "C", "occu": 1}], "xyz": [0.873954, 0.842715, -1.853948], "properties": {}}, {"name": "C", "species": [{"element": "C", "occu": 1}], "xyz": [0.321512, -0.258828, -0.984566], "properties": {}}, {"name": "O", "species": [{"element": "O", "occu": 1}], "xyz": [-0.457048, 0.341007, 0.020043], "properties": {}}, {"name": "C", "species": [{"element": "C", "occu": 1}], "xyz": [-0.882164, -0.576682, 0.994995], "properties": {}}, {"name": "H", "species": [{"element": "H", "occu": 1}], "xyz": [2.917686, 1.858414, -3.137325], "properties": {}}, {"name": "H", "species": [{"element": "H", "occu": 1}], "xyz": [1.479445, 1.863609, -4.186818], "properties": {}}, {"name": "H", "species": [{"element": "H", "occu": 1}], "xyz": [0.056576, 1.451044, -2.267219], "properties": {}}, {"name": "H", "species": [{"element": "H", "occu": 1}], "xyz": [1.506179, 1.498578, -1.238646], "properties": {}}, {"name": "H", "species": [{"element": "H", "occu": 1}], "xyz": [1.153942, -0.821933, -0.543356], "properties": {}}, {"name": "H", "species": [{"element": "H", "occu": 1}], "xyz": [-0.28514, -0.951032, -1.587551], "properties": {}}, {"name": "H", "species": [{"element": "H", "occu": 1}], "xyz": [-0.026001, -1.047542, 1.496384], "properties": {}}, {"name": "H", "species": [{"element": "H", "occu": 1}], "xyz": [-1.504151, -1.368557, 0.5549], "properties": {}}, {"name": "H", "species": [{"element": "H", "occu": 1}], "xyz": [-1.472976, -0.025266, 1.726291], "properties": {}}, {"name": "H", "species": [{"element": "H", "occu": 1}], "xyz": [2.792249, 0.694036, -4.479982], "properties": {}}, {"name": "H", "species": [{"element": "H", "occu": 1}], "xyz": [2.927552, 4.589847, -0.263459], "properties": {}}, {"name": "H", "species": [{"element": "H", "occu": 1}], "xyz": [-2.590651, 1.927869, -1.668686], "properties": {}}, {"name": "H", "species": [{"element": "H", "occu": 1}], "xyz": [1.031011, 3.91958, -1.596345], "properties": {}}, {"name": "H", "species": [{"element": "H", "occu": 1}], "xyz": [-0.804636, 2.7391, -0.320584], "properties": {}}, {"name": "C", "species": [{"element": "C", "occu": 1}], "xyz": [0.395408, 4.427538, -0.855918], "properties": {}}, {"name": "C", "species": [{"element": "C", "occu": 1}], "xyz": [-2.681308, 2.933323, -2.101787], "properties": {}}, {"name": "C", "species": [{"element": "C", "occu": 1}], "xyz": [2.228913, 5.020788, 0.466777], "properties": {}}, {"name": "C", "species": [{"element": "C", "occu": 1}], "xyz": [-0.940151, 3.729672, -0.77551], "properties": {}}, {"name": "O", "species": [{"element": "O", "occu": 1}], "xyz": [-1.449047, 3.607893, -2.082923], "properties": {}}, {"name": "O", "species": [{"element": "O", "occu": 1}], "xyz": [0.982237, 4.375503, 0.419302], "properties": {}}, {"name": "H", "species": [{"element": "H", "occu": 1}], "xyz": [-2.996965, 2.847069, -3.14191], "properties": {}}, {"name": "H", "species": [{"element": "H", "occu": 1}], "xyz": [2.634118, 4.874915, 1.467609], "properties": {}}, {"name": "H", "species": [{"element": "H", "occu": 1}], "xyz": [0.267573, 5.468888, -1.186123], "properties": {}}, {"name": "H", "species": [{"element": "H", "occu": 1}], "xyz": [-1.631847, 4.302487, -0.142099], "properties": {}}, {"name": "H", "species": [{"element": "H", "occu": 1}], "xyz": [2.132434, 6.095229, 0.260782], "properties": {}}, {"name": "H", "species": [{"element": "H", "occu": 1}], "xyz": [-3.44851, 3.484838, -1.541335], "properties": {}}, {"name": "H", "species": [{"element": "H", "occu": 1}], "xyz": [4.042068, -0.835192, -1.119708], "properties": {}}, {"name": "O", "species": [{"element": "O", "occu": 1}], "xyz": [3.303979, 0.258337, 0.411215], "properties": {}}, {"name": "H", "species": [{"element": "H", "occu": 1}], "xyz": [1.485735, 1.891455, 1.455253], "properties": {}}, {"name": "C", "species": [{"element": "C", "occu": 1}], "xyz": [4.329436, 0.027533, -0.519125], "properties": {}}, {"name": "H", "species": [{"element": "H", "occu": 1}], "xyz": [4.466413, 0.890545, -1.184896], "properties": {}}, {"name": "C", "species": [{"element": "C", "occu": 1}], "xyz": [2.340029, 1.613213, 2.085464], "properties": {}}, {"name": "H", "species": [{"element": "H", "occu": 1}], "xyz": [2.076531, 0.690072, 2.623519], "properties": {}}, {"name": "H", "species": [{"element": "H", "occu": 1}], "xyz": [0.768298, 3.495727, 3.023036], "properties": {}}, {"name": "C", "species": [{"element": "C", "occu": 1}], "xyz": [3.557677, 1.371982, 1.226626], "properties": {}}, {"name": "H", "species": [{"element": "H", "occu": 1}], "xyz": [5.285404, -0.18107, -0.019971], "properties": {}}, {"name": "C", "species": [{"element": "C", "occu": 1}], "xyz": [1.522064, 3.080534, 3.702206], "properties": {}}, {"name": "H", "species": [{"element": "H", "occu": 1}], "xyz": [1.066136, 2.260825, 4.274142], "properties": {}}, {"name": "H", "species": [{"element": "H", "occu": 1}], "xyz": [3.761454, 2.263153, 0.614718], "properties": {}}, {"name": "O", "species": [{"element": "O", "occu": 1}], "xyz": [2.652128, 2.644375, 2.989956], "properties": {}}, {"name": "H", "species": [{"element": "H", "occu": 1}], "xyz": [4.437229, 1.199231, 1.865041], "properties": {}}, {"name": "H", "species": [{"element": "H", "occu": 1}], "xyz": [1.846586, 3.857087, 4.395834], "properties": {}}, {"name": "H", "species": [{"element": "H", "occu": 1}], "xyz": [-1.492236, 5.678294, 3.612261], "properties": {}}, {"name": "H", "species": [{"element": "H", "occu": 1}], "xyz": [-1.90556, 6.6808, 2.199705], "properties": {}}, {"name": "C", "species": [{"element": "C", "occu": 1}], "xyz": [-1.629856, 5.676426, 2.522466], "properties": {}}, {"name": "H", "species": [{"element": "H", "occu": 1}], "xyz": [-2.379293, 3.407556, 3.637019], "properties": {}}, {"name": "O", "species": [{"element": "O", "occu": 1}], "xyz": [-2.672132, 4.809208, 2.142988], "properties": {}}, {"name": "H", "species": [{"element": "H", "occu": 1}], "xyz": [-0.683261, 5.391405, 2.046162], "properties": {}}, {"name": "C", "species": [{"element": "C", "occu": 1}], "xyz": [-2.430663, 3.484079, 2.540662], "properties": {}}, {"name": "H", "species": [{"element": "H", "occu": 1}], "xyz": [-4.524331, 3.051524, 2.350203], "properties": {}}, {"name": "C", "species": [{"element": "C", "occu": 1}], "xyz": [-3.562303, 2.63039, 2.023065], "properties": {}}, {"name": "H", "species": [{"element": "H", "occu": 1}], "xyz": [-1.475745, 3.122202, 2.134945], "properties": {}}, {"name": "O", "species": [{"element": "O", "occu": 1}], "xyz": [-3.390772, 1.329151, 2.522894], "properties": {}}, {"name": "H", "species": [{"element": "H", "occu": 1}], "xyz": [-5.36217, 0.737491, 2.261286], "properties": {}}, {"name": "H", "species": [{"element": "H", "occu": 1}], "xyz": [-3.555289, 2.628776, 0.923575], "properties": {}}, {"name": "C", "species": [{"element": "C", "occu": 1}], "xyz": [-4.33925, 0.43042, 2.00635], "properties": {}}, {"name": "H", "species": [{"element": "H", "occu": 1}], "xyz": [-4.142498, -0.547345, 2.446691], "properties": {}}, {"name": "H", "species": [{"element": "H", "occu": 1}], "xyz": [-4.260894, 0.351737, 0.913686], "properties": {}}]}, "stationary_type": "Minimum", "corrections": {}, "tensor": {"1": {"type": "O", "Isotropic": 320.0851, "Anisotropy": 32.3472, "tensor": [], "eigenvalues": [297.5824, 321.0231, 341.6499]}, "2": {"type": "C", "Isotropic": 127.2798, "Anisotropy": 87.3795, "tensor": [], "eigenvalues": [96.7401, 99.5665, 185.5328]}, "3": {"type": "C", "Isotropic": 113.2449, "Anisotropy": 78.6936, "tensor": [], "eigenvalues": [83.0121, 91.0152, 165.7073]}, "4": {"type": "C", "Isotropic": 114.4758, "Anisotropy": 78.7905, "tensor": [], "eigenvalues": [83.4274, 92.9971, 167.0028]}, "5": {"type": "O", "Isotropic": 316.2811, "Anisotropy": 35.1445, "tensor": [], "eigenvalues": [294.2041, 314.9285, 339.7108]}, "6": {"type": "C", "Isotropic": 128.4554, "Anisotropy": 87.9872, "tensor": [], "eigenvalues": [96.3075, 101.9451, 187.1135]}, "7": {"type": "H", "Isotropic": 28.4175, "Anisotropy": 6.2121, "tensor": [[29.4873, 3.2039, 0.119], [3.0997, 28.4644, 0.1118]], "eigenvalues": [25.6113, 27.0823, 32.559]}, "8": {"type": "H", "Isotropic": 28.3874, "Anisotropy": 7.8203, "tensor": [], "eigenvalues": [25.378, 26.1833, 33.601]}, "9": {"type": "H", "Isotropic": 28.2429, "Anisotropy": 8.2498, "tensor": [], "eigenvalues": [24.4323, 26.5536, 33.7427]}, "10": {"type": "H", "Isotropic": 28.4072, "Anisotropy": 4.4964, "tensor": [[1.3001, 2.8789, 29.89]], "eigenvalues": [25.0864, 28.7305, 31.4048]}, "11": {"type": "H", "Isotropic": 28.2477, "Anisotropy": 4.6666, "tensor": [], "eigenvalues": [26.0257, 27.3587, 31.3587]}, "12": {"type": "H", "Isotropic": 28.3351, "Anisotropy": 5.6641, "tensor": [[1.8849, 28.4739, 2.5656], [0.1431, 3.7573, 29.3177]], "eigenvalues": [25.0496, 27.8445, 32.1112]}, "13": {"type": "H", "Isotropic": 28.6761, "Anisotropy": 7.2121, "tensor": [[27.3633, 1.1596, 0.1767]], "eigenvalues": [24.8555, 27.6886, 33.4842]}, "14": {"type": "H", "Isotropic": 28.5132, "Anisotropy": 8.8858, "tensor": [], "eigenvalues": [24.9063, 26.1962, 34.4371]}, "15": {"type": "H", "Isotropic": 27.584, "Anisotropy": 9.3346, "tensor": [], "eigenvalues": [22.7695, 26.1755, 33.8071]}, "16": {"type": "H", "Isotropic": 28.0992, "Anisotropy": 10.0378, "tensor": [], "eigenvalues": [24.2741, 25.2324, 34.7911]}, "17": {"type": "H", "Isotropic": 28.4797, "Anisotropy": 7.4348, "tensor": [], "eigenvalues": [24.4667, 27.5362, 33.4363]}, "18": {"type": "H", "Isotropic": 28.3698, "Anisotropy": 5.5265, "tensor": [], "eigenvalues": [25.4091, 27.646, 32.0541]}, "19": {"type": "H", "Isotropic": 28.2549, "Anisotropy": 4.2902, "tensor": [], "eigenvalues": [26.3652, 27.2845, 31.115]}, "20": {"type": "H", "Isotropic": 27.8579, "Anisotropy": 4.7941, "tensor": [], "eigenvalues": [25.1701, 27.3497, 31.054]}, "21": {"type": "C", "Isotropic": 114.2517, "Anisotropy": 78.9637, "tensor": [[114.2197, 5.7354, 35.734], [6.7003, 84.3415, 5.2757], [32.3869, 1.558, 144.1939]], "eigenvalues": [82.6764, 93.1845, 166.8941]}, "22": {"type": "C", "Isotropic": 127.779, "Anisotropy": 85.2847, "tensor": [[165.5558, 34.7817, 8.6931], [34.5694, 118.1023, 3.699], [6.3033, 2.9964, 99.6789]], "eigenvalues": [98.6441, 100.0574, 184.6355]}, "23": {"type": "C", "Isotropic": 127.3838, "Anisotropy": 86.5197, "tensor": [[167.8301, 32.1953, 9.5048], [34.3945, 116.3422, 4.5219], [6.6793, 2.4798, 97.9792]], "eigenvalues": [97.029, 100.0589, 185.0636]}, "24": {"type": "C", "Isotropic": 116.6634, "Anisotropy": 79.2351, "tensor": [[111.2542, 10.2418, 35.2345], [11.2199, 89.8757, 8.6937], [29.6289, 7.5713, 148.8604]], "eigenvalues": [84.5846, 95.9188, 169.4868]}, "25": {"type": "O", "Isotropic": 322.8579, "Anisotropy": 29.1611, "tensor": [], "eigenvalues": [296.4824, 329.7926, 342.2986]}, "26": {"type": "O", "Isotropic": 313.9352, "Anisotropy": 33.4293, "tensor": [], "eigenvalues": [293.5942, 311.99, 336.2213]}, "27": {"type": "H", "Isotropic": 28.1434, "Anisotropy": 9.7085, "tensor": [[30.1048, 1.7576, 5.5489], [2.0234, 24.9638, 1.7886], [3.1809, 0.5957, 29.3616]], "eigenvalues": [24.3154, 25.4991, 34.6157]}, "28": {"type": "H", "Isotropic": 27.8742, "Anisotropy": 6.5696, "tensor": [[29.0913, 1.9684, 4.3569], [2.7137, 27.1036, 0.042]], "eigenvalues": [23.6746, 27.694, 32.2539]}, "29": {"type": "H", "Isotropic": 28.2294, "Anisotropy": 5.2122, "tensor": [], "eigenvalues": [25.6026, 27.3814, 31.7042]}, "30": {"type": "H", "Isotropic": 28.1452, "Anisotropy": 7.8457, "tensor": [], "eigenvalues": [24.9203, 26.1397, 33.3757]}, "31": {"type": "H", "Isotropic": 28.4716, "Anisotropy": 9.7442, "tensor": [[0.2296, 0.4078, 24.4753]], "eigenvalues": [24.3811, 26.0658, 34.9677]}, "32": {"type": "H", "Isotropic": 28.4219, "Anisotropy": 7.714, "tensor": [[0.339, 0.2099, 26.4668]], "eigenvalues": [25.1204, 26.5808, 33.5646]}, "33": {"type": "H", "Isotropic": 28.0777, "Anisotropy": 8.2049, "tensor": [], "eigenvalues": [24.1832, 26.5023, 33.5476]}, "34": {"type": "O", "Isotropic": 319.6434, "Anisotropy": 29.5655, "tensor": [[14.3535, 323.0192, 13.1566]], "eigenvalues": [296.3707, 323.2057, 339.3538]}, "35": {"type": "H", "Isotropic": 27.8685, "Anisotropy": 5.7992, "tensor": [[0.6081, 27.1336, 2.2553], [4.0458, 0.657, 28.9767]], "eigenvalues": [24.5815, 27.2893, 31.7346]}, "36": {"type": "C", "Isotropic": 127.9483, "Anisotropy": 88.8041, "tensor": [], "eigenvalues": [96.1035, 100.5904, 187.1511]}, "37": {"type": "H", "Isotropic": 28.5469, "Anisotropy": 6.9043, "tensor": [], "eigenvalues": [24.1619, 28.3291, 33.1497]}, "38": {"type": "C", "Isotropic": 114.8666, "Anisotropy": 79.6786, "tensor": [[6.9538, 128.0227, 40.7958], [2.8215, 42.3214, 124.3326]], "eigenvalues": [83.882, 92.7321, 167.9857]}, "39": {"type": "H", "Isotropic": 28.3362, "Anisotropy": 3.7665, "tensor": [[0.8937, 1.4394, 28.2072]], "eigenvalues": [26.0177, 28.1438, 30.8472]}, "40": {"type": "H", "Isotropic": 28.0414, "Anisotropy": 8.5837, "tensor": [], "eigenvalues": [23.3154, 27.045, 33.7639]}, "41": {"type": "C", "Isotropic": 113.5927, "Anisotropy": 79.3279, "tensor": [[4.8077, 131.0836, 39.6343], [0.4214, 42.4443, 118.8314]], "eigenvalues": [82.3279, 91.9723, 166.478]}, "42": {"type": "H", "Isotropic": 28.4661, "Anisotropy": 10.1182, "tensor": [], "eigenvalues": [24.3457, 25.841, 35.2116]}, "43": {"type": "C", "Isotropic": 127.659, "Anisotropy": 86.552, "tensor": [], "eigenvalues": [96.0106, 101.606, 185.3603]}, "44": {"type": "H", "Isotropic": 28.4955, "Anisotropy": 7.5797, "tensor": [], "eigenvalues": [24.6373, 27.3006, 33.5487]}, "45": {"type": "H", "Isotropic": 28.2508, "Anisotropy": 4.4164, "tensor": [[0.2561, 1.7254, 26.5989]], "eigenvalues": [26.5453, 27.012, 31.1951]}, "46": {"type": "O", "Isotropic": 320.9266, "Anisotropy": 32.6487, "tensor": [[330.7674, 15.5982, 3.0736], [7.2144, 314.8301, 17.7982], [1.4687, 19.0937, 317.1823]], "eigenvalues": [296.1075, 323.9799, 342.6924]}, "47": {"type": "H", "Isotropic": 28.2673, "Anisotropy": 5.4539, "tensor": [[0.151, 26.6512, 2.4117], [3.3916, 1.6016, 28.9437]], "eigenvalues": [24.4936, 28.4051, 31.9033]}, "48": {"type": "H", "Isotropic": 28.1778, "Anisotropy": 8.735, "tensor": [], "eigenvalues": [24.0572, 26.4751, 34.0012]}, "49": {"type": "H", "Isotropic": 28.6735, "Anisotropy": 8.1053, "tensor": [[28.0043, 0.8228, 2.8575], [1.9034, 27.8214, 5.1014], [0.5399, 3.1405, 30.195]], "eigenvalues": [24.718, 27.2255, 34.077]}, "50": {"type": "H", "Isotropic": 28.2849, "Anisotropy": 9.065, "tensor": [[0.2433, 34.0316, 0.1235]], "eigenvalues": [24.4925, 26.034, 34.3282]}, "51": {"type": "C", "Isotropic": 128.5106, "Anisotropy": 86.3256, "tensor": [[141.0985, 41.7661, 13.4739], [39.2957, 139.5003, 14.5552], [13.9694, 16.2508, 104.9329]], "eigenvalues": [98.3861, 101.0846, 186.0609]}, "52": {"type": "H", "Isotropic": 28.4511, "Anisotropy": 3.7794, "tensor": [], "eigenvalues": [26.4112, 27.9714, 30.9707]}, "53": {"type": "O", "Isotropic": 320.5154, "Anisotropy": 29.473, "tensor": [], "eigenvalues": [296.8766, 324.5056, 340.1641]}, "54": {"type": "H", "Isotropic": 27.9731, "Anisotropy": 8.0557, "tensor": [[2.4109, 25.4466, 1.6652]], "eigenvalues": [23.0345, 27.5411, 33.3435]}, "55": {"type": "C", "Isotropic": 114.7063, "Anisotropy": 76.3396, "tensor": [[90.5346, 3.1701, 3.3746]], "eigenvalues": [84.6681, 93.8515, 165.5994]}, "56": {"type": "H", "Isotropic": 28.2831, "Anisotropy": 5.0614, "tensor": [], "eigenvalues": [24.6782, 28.5139, 31.6574]}, "57": {"type": "C", "Isotropic": 114.0142, "Anisotropy": 79.1464, "tensor": [[90.443, 4.2247, 2.874]], "eigenvalues": [83.2186, 92.0456, 166.7785]}, "58": {"type": "H", "Isotropic": 28.1241, "Anisotropy": 4.7412, "tensor": [], "eigenvalues": [25.4699, 27.6176, 31.2849]}, "59": {"type": "O", "Isotropic": 318.966, "Anisotropy": 28.809, "tensor": [], "eigenvalues": [296.4113, 322.3147, 338.172]}, "60": {"type": "H", "Isotropic": 28.433, "Anisotropy": 9.7401, "tensor": [[4.6288, 26.0535, 0.5219]], "eigenvalues": [24.497, 25.8756, 34.9264]}, "61": {"type": "H", "Isotropic": 28.1139, "Anisotropy": 5.3709, "tensor": [], "eigenvalues": [26.1155, 26.5318, 31.6945]}, "62": {"type": "C", "Isotropic": 127.6582, "Anisotropy": 87.4259, "tensor": [[134.6988, 42.3738, 16.4043], [38.3644, 139.817, 18.2003], [16.5106, 20.1836, 108.459]], "eigenvalues": [96.4944, 100.5381, 185.9422]}, "63": {"type": "H", "Isotropic": 28.1315, "Anisotropy": 9.1782, "tensor": [], "eigenvalues": [24.4915, 25.6526, 34.2503]}, "64": {"type": "H", "Isotropic": 28.4469, "Anisotropy": 6.6944, "tensor": [[28.6951, 2.0602, 1.9159], [2.433, 27.2503, 4.4139], [0.0262, 2.2146, 29.3955]], "eigenvalues": [24.4174, 28.0135, 32.9099]}}}}, "functional": "PBE1PBE", "basis": "Def2TZVP", "phase": "solution", "type": "scrf;nmr", "smiles": "O(C)CCOC.C(COC)OC.O(C)CCOC.COCCOC", "formula": "H40 C16 O8", "formula_pretty": "H5C2O", "formula_anonymous": "AB2C5", "formula_alphabetical": "C16 H40 O8", "chemsys": "C-H-O", "nsites": 64, "nelements": 3, "is_ordered": true, "is_valid": true, "tag": "oplsd_ref", "wall_time (s)": 913.2027561636642, "last_updated": "2021-02-05T08:09:07.007298", "_id": null}