{"input": {"molecule": {"charge": 0, "spin_multiplicity": 1, "sites": [{"name": "S", "species": [{"element": "S", "occu": 1}], "xyz": [1.668155, -0.402917, 0.656463], "properties": {}}, {"name": "O", "species": [{"element": "O", "occu": 1}], "xyz": [1.633825, 1.087797, 0.796736], "properties": {}}, {"name": "C", "species": [{"element": "C", "occu": 1}], "xyz": [0.277047, -0.858383, -0.375173], "properties": {}}, {"name": "C", "species": [{"element": "C", "occu": 1}], "xyz": [1.049679, -1.089693, 2.190453], "properties": {}}, {"name": "H", "species": [{"element": "H", "occu": 1}], "xyz": [0.472568, -0.461178, -1.371007], "properties": {}}, {"name": "H", "species": [{"element": "H", "occu": 1}], "xyz": [-0.63586, -0.423575, 0.035369], "properties": {}}, {"name": "H", "species": [{"element": "H", "occu": 1}], "xyz": [0.207342, -1.946338, -0.418331], "properties": {}}, {"name": "H", "species": [{"element": "H", "occu": 1}], "xyz": [0.971574, -2.172969, 2.080669], "properties": {}}, {"name": "H", "species": [{"element": "H", "occu": 1}], "xyz": [0.079778, -0.655044, 2.442279], "properties": {}}, {"name": "H", "species": [{"element": "H", "occu": 1}], "xyz": [1.782413, -0.853399, 2.962498], "properties": {}}, {"name": "S", "species": [{"element": "S", "occu": 1}], "xyz": [-2.110097, -1.064391, 5.107198], "properties": {}}, {"name": "O", "species": [{"element": "O", "occu": 1}], "xyz": [-2.007556, -0.391319, 3.768712], "properties": {}}, {"name": "C", "species": [{"element": "C", "occu": 1}], "xyz": [-0.728312, -0.464528, 6.074834], "properties": {}}, {"name": "C", "species": [{"element": "C", "occu": 1}], "xyz": [-1.537402, -2.742947, 4.881413], "properties": {}}, {"name": "H", "species": [{"element": "H", "occu": 1}], "xyz": [-0.897309, 0.597439, 6.251978], "properties": {}}, {"name": "H", "species": [{"element": "H", "occu": 1}], "xyz": [0.197383, -0.615152, 5.517523], "properties": {}}, {"name": "H", "species": [{"element": "H", "occu": 1}], "xyz": [-0.702356, -0.99835, 7.025972], "properties": {}}, {"name": "H", "species": [{"element": "H", "occu": 1}], "xyz": [-1.488411, -3.231835, 5.855566], "properties": {}}, {"name": "H", "species": [{"element": "H", "occu": 1}], "xyz": [-0.556908, -2.729302, 4.402987], "properties": {}}, {"name": "H", "species": [{"element": "H", "occu": 1}], "xyz": [-2.279541, -3.232256, 4.249961], "properties": {}}, {"name": "O", "species": [{"element": "O", "occu": 1}], "xyz": [-4.388183, -3.05777, 3.224893], "properties": {}}, {"name": "S", "species": [{"element": "S", "occu": 1}], "xyz": [-4.497533, -2.164339, 2.026238], "properties": {}}, {"name": "H", "species": [{"element": "H", "occu": 1}], "xyz": [-2.207035, -1.745008, 1.836388], "properties": {}}, {"name": "C", "species": [{"element": "C", "occu": 1}], "xyz": [-2.923138, -2.240768, 1.181825], "properties": {}}, {"name": "H", "species": [{"element": "H", "occu": 1}], "xyz": [-2.653352, -3.285387, 1.017086], "properties": {}}, {"name": "C", "species": [{"element": "C", "occu": 1}], "xyz": [-5.456938, -3.064911, 0.810782], "properties": {}}, {"name": "H", "species": [{"element": "H", "occu": 1}], "xyz": [-6.468175, -3.16138, 1.205586], "properties": {}}, {"name": "H", "species": [{"element": "H", "occu": 1}], "xyz": [-5.012202, -4.04952, 0.657094], "properties": {}}, {"name": "H", "species": [{"element": "H", "occu": 1}], "xyz": [-3.000666, -1.700893, 0.23723], "properties": {}}, {"name": "H", "species": [{"element": "H", "occu": 1}], "xyz": [-5.476655, -2.495846, -0.119889], "properties": {}}, {"name": "O", "species": [{"element": "O", "occu": 1}], "xyz": [-2.684435, 2.637092, -0.153731], "properties": {}}, {"name": "H", "species": [{"element": "H", "occu": 1}], "xyz": [-0.318618, 2.282534, 1.576553], "properties": {}}, {"name": "S", "species": [{"element": "S", "occu": 1}], "xyz": [-2.482529, 1.624305, 0.932619], "properties": {}}, {"name": "C", "species": [{"element": "C", "occu": 1}], "xyz": [-1.288993, 2.303942, 2.074856], "properties": {}}, {"name": "H", "species": [{"element": "H", "occu": 1}], "xyz": [-1.586114, 3.32229, 2.332261], "properties": {}}, {"name": "C", "species": [{"element": "C", "occu": 1}], "xyz": [-3.907371, 1.70918, 2.009978], "properties": {}}, {"name": "H", "species": [{"element": "H", "occu": 1}], "xyz": [-4.054089, 2.741754, 2.332256], "properties": {}}, {"name": "H", "species": [{"element": "H", "occu": 1}], "xyz": [-4.767699, 1.359687, 1.43958], "properties": {}}, {"name": "H", "species": [{"element": "H", "occu": 1}], "xyz": [-1.266958, 1.657134, 2.953769], "properties": {}}, {"name": "H", "species": [{"element": "H", "occu": 1}], "xyz": [-3.720499, 1.045341, 2.855851], "properties": {}}]}, "functional": "PBE1PBE", "basis_set": "Def2TZVP", "route_parameters": {"NMR": "GIAO", "iop(7/33=1)": null, "int": "ultrafine", "EmpiricalDispersion": "GD3", "NoSymmetry": null, "test": null, "SCRF": "(Solvent=DiMethylSulfoxide)"}, "title": "H24 C8 S4 O4", "charge": 0, "spin_multiplicity": 1, "input_parameters": {}, "link0_parameters": {"%chk": "checkpoint.chk", "%mem": "100GB", "%NProcShared": "24"}, "dieze_tag": "#P", "nbasisfunctions": 664, "pcm_parameters": {}}, "output": {"has_gaussian_completed": true, "is_pcm": true, "errors": [], "Mulliken_charges": {"1": ["S", 0.464007], "2": ["O", -0.620958], "3": ["C", -0.377339], "4": ["C", -0.403914], "5": ["H", 0.16926], "6": ["H", 0.117861], "7": ["H", 0.160994], "8": ["H", 0.16028], "9": ["H", 0.147373], "10": ["H", 0.167175], "11": ["S", 0.455083], "12": ["O", -0.609145], "13": ["C", -0.382346], "14": ["C", -0.39808], "15": ["H", 0.166138], "16": ["H", 0.157216], "17": ["H", 0.165663], "18": ["H", 0.164485], "19": ["H", 0.15299], "20": ["H", 0.174999], "21": ["O", -0.629291], "22": ["S", 0.46755], "23": ["H", 0.167593], "24": ["C", -0.410208], "25": ["H", 0.158072], "26": ["C", -0.380799], "27": ["H", 0.165268], "28": ["H", 0.150481], "29": ["H", 0.163239], "30": ["H", 0.158113], "31": ["O", -0.648215], "32": ["H", 0.15722], "33": ["S", 0.465264], "34": ["C", -0.392953], "35": ["H", 0.148281], "36": ["C", -0.386137], "37": ["H", 0.151897], "38": ["H", 0.151306], "39": ["H", 0.154095], "40": ["H", 0.157483]}, "tensor": {"1": {"type": "S", "Isotropic": 157.2643, "Anisotropy": 427.9207, "tensor": [[0.3421, 65.1768, 31.5309]], "eigenvalues": [3.7595, 25.4886, 442.5447]}, "2": {"type": "O", "Isotropic": 293.7059, "Anisotropy": 217.5493, "tensor": [], "eigenvalues": [150.5783, 291.8006, 438.7388]}, "3": {"type": "C", "Isotropic": 145.7637, "Anisotropy": 54.559, "tensor": [[156.5197, 14.0628, 29.1093], [6.7248, 139.815, 7.5222], [26.586, 10.6525, 140.9563]], "eigenvalues": [119.769, 135.3857, 182.1363]}, "4": {"type": "C", "Isotropic": 144.7576, "Anisotropy": 56.9119, "tensor": [], "eigenvalues": [117.8554, 133.7186, 182.6989]}, "5": {"type": "H", "Isotropic": 29.1684, "Anisotropy": 7.4939, "tensor": [], "eigenvalues": [25.8803, 27.4605, 34.1643]}, "6": {"type": "H", "Isotropic": 28.7892, "Anisotropy": 6.6074, "tensor": [], "eigenvalues": [26.0755, 27.098, 33.1942]}, "7": {"type": "H", "Isotropic": 29.6629, "Anisotropy": 7.334, "tensor": [[2.0082, 32.6671, 2.8999]], "eigenvalues": [25.9913, 28.4452, 34.5522]}, "8": {"type": "H", "Isotropic": 29.6734, "Anisotropy": 6.5712, "tensor": [], "eigenvalues": [27.1037, 27.8622, 34.0542]}, "9": {"type": "H", "Isotropic": 28.2652, "Anisotropy": 9.2886, "tensor": [], "eigenvalues": [23.6419, 26.6961, 34.4576]}, "10": {"type": "H", "Isotropic": 29.1529, "Anisotropy": 6.0002, "tensor": [], "eigenvalues": [25.5073, 28.7985, 33.1531]}, "11": {"type": "S", "Isotropic": 160.1237, "Anisotropy": 425.3504, "tensor": [], "eigenvalues": [12.3245, 24.3559, 443.6907]}, "12": {"type": "O", "Isotropic": 281.5113, "Anisotropy": 212.2974, "tensor": [[37.0085, 346.6383, 120.8721], [24.5901, 103.1748, 212.0064]], "eigenvalues": [145.2731, 276.2179, 423.0429]}, "13": {"type": "C", "Isotropic": 145.9872, "Anisotropy": 57.762, "tensor": [[154.5746, 19.2341, 28.9259], [19.4681, 132.1205, 5.8568], [22.0335, 4.0625, 151.2664]], "eigenvalues": [117.6185, 135.8478, 184.4952]}, "14": {"type": "C", "Isotropic": 147.4436, "Anisotropy": 52.5558, "tensor": [], "eigenvalues": [121.7694, 138.0806, 182.4807]}, "15": {"type": "H", "Isotropic": 29.1635, "Anisotropy": 6.9275, "tensor": [[26.6694, 1.1094, 0.7249], [0.5811, 3.2246, 28.8731]], "eigenvalues": [26.3697, 27.339, 33.7818]}, "16": {"type": "H", "Isotropic": 29.3459, "Anisotropy": 3.645, "tensor": [[1.0863, 27.22, 0.279], [0.4438, 0.9939, 29.1536]], "eigenvalues": [26.9595, 29.3023, 31.7759]}, "17": {"type": "H", "Isotropic": 29.6219, "Anisotropy": 10.1654, "tensor": [], "eigenvalues": [25.5281, 26.9388, 36.3988]}, "18": {"type": "H", "Isotropic": 29.8359, "Anisotropy": 9.8512, "tensor": [[26.2935, 0.0532, 1.3832]], "eigenvalues": [25.5369, 27.5673, 36.4033]}, "19": {"type": "H", "Isotropic": 29.6275, "Anisotropy": 3.6553, "tensor": [], "eigenvalues": [27.9646, 28.8536, 32.0643]}, "20": {"type": "H", "Isotropic": 28.0932, "Anisotropy": 9.3997, "tensor": [[29.6822, 1.7068, 4.3507], [2.9597, 27.3514, 1.4443], [5.337, 0.7254, 27.246]], "eigenvalues": [23.3696, 26.5504, 34.3596]}, "21": {"type": "O", "Isotropic": 293.5166, "Anisotropy": 215.9359, "tensor": [[419.8385, 39.9284, 32.4513], [44.4807, 281.92, 28.2278], [14.4503, 82.3307, 178.7913]], "eigenvalues": [154.6726, 288.4035, 437.4739]}, "22": {"type": "S", "Isotropic": 160.038, "Anisotropy": 427.3214, "tensor": [], "eigenvalues": [6.5951, 28.5999, 444.9189]}, "23": {"type": "H", "Isotropic": 28.1346, "Anisotropy": 8.838, "tensor": [[29.3434, 3.974, 2.8267], [3.4329, 26.8805, 2.8718], [1.3261, 2.9601, 28.1799]], "eigenvalues": [23.7704, 26.6068, 34.0266]}, "24": {"type": "C", "Isotropic": 144.2536, "Anisotropy": 53.7759, "tensor": [], "eigenvalues": [119.086, 133.5706, 180.1042]}, "25": {"type": "H", "Isotropic": 29.5683, "Anisotropy": 3.6701, "tensor": [[0.5854, 30.7683, 1.8342]], "eigenvalues": [26.5865, 30.1034, 32.0151]}, "26": {"type": "C", "Isotropic": 145.8058, "Anisotropy": 59.5688, "tensor": [[140.1605, 17.4651, 24.8096], [21.6578, 141.0626, 16.419], [24.7403, 9.9111, 156.1944]], "eigenvalues": [117.6975, 134.2016, 185.5184]}, "27": {"type": "H", "Isotropic": 29.1598, "Anisotropy": 8.2271, "tensor": [[2.2599, 26.9471, 0.2955], [0.5446, 1.0837, 26.2645]], "eigenvalues": [25.7232, 27.1117, 34.6445]}, "28": {"type": "H", "Isotropic": 29.4053, "Anisotropy": 5.4697, "tensor": [[29.0793, 1.8268, 0.4767]], "eigenvalues": [26.272, 28.8921, 33.0518]}, "29": {"type": "H", "Isotropic": 29.6269, "Anisotropy": 7.133, "tensor": [], "eigenvalues": [25.7543, 28.7443, 34.3823]}, "30": {"type": "H", "Isotropic": 29.568, "Anisotropy": 8.3557, "tensor": [[28.6651, 0.2999, 2.8577]], "eigenvalues": [25.7001, 27.8655, 35.1385]}, "31": {"type": "O", "Isotropic": 299.6428, "Anisotropy": 215.8915, "tensor": [[435.5204, 36.2786, 1.1328], [38.7909, 263.8955, 29.4284]], "eigenvalues": [165.1724, 290.1856, 443.5705]}, "32": {"type": "H", "Isotropic": 28.2496, "Anisotropy": 9.6372, "tensor": [], "eigenvalues": [23.1173, 26.957, 34.6744]}, "33": {"type": "S", "Isotropic": 159.9272, "Anisotropy": 439.7686, "tensor": [], "eigenvalues": [1.6324, 25.043, 453.1063]}, "34": {"type": "C", "Isotropic": 146.348, "Anisotropy": 51.7099, "tensor": [[148.5524, 11.6807, 27.3674], [17.1108, 140.327, 7.7377]], "eigenvalues": [118.5555, 139.6672, 180.8213]}, "35": {"type": "H", "Isotropic": 29.8266, "Anisotropy": 5.7452, "tensor": [], "eigenvalues": [26.9851, 28.8379, 33.6568]}, "36": {"type": "C", "Isotropic": 145.7006, "Anisotropy": 54.2435, "tensor": [], "eigenvalues": [117.9933, 137.2456, 181.863]}, "37": {"type": "H", "Isotropic": 29.555, "Anisotropy": 5.729, "tensor": [], "eigenvalues": [26.6842, 28.6065, 33.3743]}, "38": {"type": "H", "Isotropic": 29.3379, "Anisotropy": 6.3276, "tensor": [[32.7583, 1.7273, 2.3133], [0.813, 29.058, 0.5525], [0.983, 0.4584, 26.1973]], "eigenvalues": [25.7934, 28.6639, 33.5562]}, "39": {"type": "H", "Isotropic": 28.8172, "Anisotropy": 9.9514, "tensor": [[26.034, 0.1321, 1.5179]], "eigenvalues": [24.6127, 26.3874, 35.4515]}, "40": {"type": "H", "Isotropic": 28.5994, "Anisotropy": 8.9481, "tensor": [], "eigenvalues": [24.389, 26.8445, 34.5648]}}, "output": {"energies": [-2211.95555766], "final_energy": -2211.95555766, "final_energy_per_atom": -55.2988889415, "molecule": {"charge": 0.0, "spin_multiplicity": 1, "sites": [{"name": "S", "species": [{"element": "S", "occu": 1}], "xyz": [1.668155, -0.402917, 0.656463], "properties": {}}, {"name": "O", "species": [{"element": "O", "occu": 1}], "xyz": [1.633825, 1.087797, 0.796736], "properties": {}}, {"name": "C", "species": [{"element": "C", "occu": 1}], "xyz": [0.277047, -0.858383, -0.375173], "properties": {}}, {"name": "C", "species": [{"element": "C", "occu": 1}], "xyz": [1.049679, -1.089693, 2.190453], "properties": {}}, {"name": "H", "species": [{"element": "H", "occu": 1}], "xyz": [0.472568, -0.461178, -1.371007], "properties": {}}, {"name": "H", "species": [{"element": "H", "occu": 1}], "xyz": [-0.63586, -0.423575, 0.035369], "properties": {}}, {"name": "H", "species": [{"element": "H", "occu": 1}], "xyz": [0.207342, -1.946338, -0.418331], "properties": {}}, {"name": "H", "species": [{"element": "H", "occu": 1}], "xyz": [0.971574, -2.172969, 2.080669], "properties": {}}, {"name": "H", "species": [{"element": "H", "occu": 1}], "xyz": [0.079778, -0.655044, 2.442279], "properties": {}}, {"name": "H", "species": [{"element": "H", "occu": 1}], "xyz": [1.782413, -0.853399, 2.962498], "properties": {}}, {"name": "S", "species": [{"element": "S", "occu": 1}], "xyz": [-2.110097, -1.064391, 5.107198], "properties": {}}, {"name": "O", "species": [{"element": "O", "occu": 1}], "xyz": [-2.007556, -0.391319, 3.768712], "properties": {}}, {"name": "C", "species": [{"element": "C", "occu": 1}], "xyz": [-0.728312, -0.464528, 6.074834], "properties": {}}, {"name": "C", "species": [{"element": "C", "occu": 1}], "xyz": [-1.537402, -2.742947, 4.881413], "properties": {}}, {"name": "H", "species": [{"element": "H", "occu": 1}], "xyz": [-0.897309, 0.597439, 6.251978], "properties": {}}, {"name": "H", "species": [{"element": "H", "occu": 1}], "xyz": [0.197383, -0.615152, 5.517523], "properties": {}}, {"name": "H", "species": [{"element": "H", "occu": 1}], "xyz": [-0.702356, -0.99835, 7.025972], "properties": {}}, {"name": "H", "species": [{"element": "H", "occu": 1}], "xyz": [-1.488411, -3.231835, 5.855566], "properties": {}}, {"name": "H", "species": [{"element": "H", "occu": 1}], "xyz": [-0.556908, -2.729302, 4.402987], "properties": {}}, {"name": "H", "species": [{"element": "H", "occu": 1}], "xyz": [-2.279541, -3.232256, 4.249961], "properties": {}}, {"name": "O", "species": [{"element": "O", "occu": 1}], "xyz": [-4.388183, -3.05777, 3.224893], "properties": {}}, {"name": "S", "species": [{"element": "S", "occu": 1}], "xyz": [-4.497533, -2.164339, 2.026238], "properties": {}}, {"name": "H", "species": [{"element": "H", "occu": 1}], "xyz": [-2.207035, -1.745008, 1.836388], "properties": {}}, {"name": "C", "species": [{"element": "C", "occu": 1}], "xyz": [-2.923138, -2.240768, 1.181825], "properties": {}}, {"name": "H", "species": [{"element": "H", "occu": 1}], "xyz": [-2.653352, -3.285387, 1.017086], "properties": {}}, {"name": "C", "species": [{"element": "C", "occu": 1}], "xyz": [-5.456938, -3.064911, 0.810782], "properties": {}}, {"name": "H", "species": [{"element": "H", "occu": 1}], "xyz": [-6.468175, -3.16138, 1.205586], "properties": {}}, {"name": "H", "species": [{"element": "H", "occu": 1}], "xyz": [-5.012202, -4.04952, 0.657094], "properties": {}}, {"name": "H", "species": [{"element": "H", "occu": 1}], "xyz": [-3.000666, -1.700893, 0.23723], "properties": {}}, {"name": "H", "species": [{"element": "H", "occu": 1}], "xyz": [-5.476655, -2.495846, -0.119889], "properties": {}}, {"name": "O", "species": [{"element": "O", "occu": 1}], "xyz": [-2.684435, 2.637092, -0.153731], "properties": {}}, {"name": "H", "species": [{"element": "H", "occu": 1}], "xyz": [-0.318618, 2.282534, 1.576553], "properties": {}}, {"name": "S", "species": [{"element": "S", "occu": 1}], "xyz": [-2.482529, 1.624305, 0.932619], "properties": {}}, {"name": "C", "species": [{"element": "C", "occu": 1}], "xyz": [-1.288993, 2.303942, 2.074856], "properties": {}}, {"name": "H", "species": [{"element": "H", "occu": 1}], "xyz": [-1.586114, 3.32229, 2.332261], "properties": {}}, {"name": "C", "species": [{"element": "C", "occu": 1}], "xyz": [-3.907371, 1.70918, 2.009978], "properties": {}}, {"name": "H", "species": [{"element": "H", "occu": 1}], "xyz": [-4.054089, 2.741754, 2.332256], "properties": {}}, {"name": "H", "species": [{"element": "H", "occu": 1}], "xyz": [-4.767699, 1.359687, 1.43958], "properties": {}}, {"name": "H", "species": [{"element": "H", "occu": 1}], "xyz": [-1.266958, 1.657134, 2.953769], "properties": {}}, {"name": "H", "species": [{"element": "H", "occu": 1}], "xyz": [-3.720499, 1.045341, 2.855851], "properties": {}}]}, "stationary_type": "Minimum", "corrections": {}, "tensor": {"1": {"type": "S", "Isotropic": 157.2643, "Anisotropy": 427.9207, "tensor": [[0.3421, 65.1768, 31.5309]], "eigenvalues": [3.7595, 25.4886, 442.5447]}, "2": {"type": "O", "Isotropic": 293.7059, "Anisotropy": 217.5493, "tensor": [], "eigenvalues": [150.5783, 291.8006, 438.7388]}, "3": {"type": "C", "Isotropic": 145.7637, "Anisotropy": 54.559, "tensor": [[156.5197, 14.0628, 29.1093], [6.7248, 139.815, 7.5222], [26.586, 10.6525, 140.9563]], "eigenvalues": [119.769, 135.3857, 182.1363]}, "4": {"type": "C", "Isotropic": 144.7576, "Anisotropy": 56.9119, "tensor": [], "eigenvalues": [117.8554, 133.7186, 182.6989]}, "5": {"type": "H", "Isotropic": 29.1684, "Anisotropy": 7.4939, "tensor": [], "eigenvalues": [25.8803, 27.4605, 34.1643]}, "6": {"type": "H", "Isotropic": 28.7892, "Anisotropy": 6.6074, "tensor": [], "eigenvalues": [26.0755, 27.098, 33.1942]}, "7": {"type": "H", "Isotropic": 29.6629, "Anisotropy": 7.334, "tensor": [[2.0082, 32.6671, 2.8999]], "eigenvalues": [25.9913, 28.4452, 34.5522]}, "8": {"type": "H", "Isotropic": 29.6734, "Anisotropy": 6.5712, "tensor": [], "eigenvalues": [27.1037, 27.8622, 34.0542]}, "9": {"type": "H", "Isotropic": 28.2652, "Anisotropy": 9.2886, "tensor": [], "eigenvalues": [23.6419, 26.6961, 34.4576]}, "10": {"type": "H", "Isotropic": 29.1529, "Anisotropy": 6.0002, "tensor": [], "eigenvalues": [25.5073, 28.7985, 33.1531]}, "11": {"type": "S", "Isotropic": 160.1237, "Anisotropy": 425.3504, "tensor": [], "eigenvalues": [12.3245, 24.3559, 443.6907]}, "12": {"type": "O", "Isotropic": 281.5113, "Anisotropy": 212.2974, "tensor": [[37.0085, 346.6383, 120.8721], [24.5901, 103.1748, 212.0064]], "eigenvalues": [145.2731, 276.2179, 423.0429]}, "13": {"type": "C", "Isotropic": 145.9872, "Anisotropy": 57.762, "tensor": [[154.5746, 19.2341, 28.9259], [19.4681, 132.1205, 5.8568], [22.0335, 4.0625, 151.2664]], "eigenvalues": [117.6185, 135.8478, 184.4952]}, "14": {"type": "C", "Isotropic": 147.4436, "Anisotropy": 52.5558, "tensor": [], "eigenvalues": [121.7694, 138.0806, 182.4807]}, "15": {"type": "H", "Isotropic": 29.1635, "Anisotropy": 6.9275, "tensor": [[26.6694, 1.1094, 0.7249], [0.5811, 3.2246, 28.8731]], "eigenvalues": [26.3697, 27.339, 33.7818]}, "16": {"type": "H", "Isotropic": 29.3459, "Anisotropy": 3.645, "tensor": [[1.0863, 27.22, 0.279], [0.4438, 0.9939, 29.1536]], "eigenvalues": [26.9595, 29.3023, 31.7759]}, "17": {"type": "H", "Isotropic": 29.6219, "Anisotropy": 10.1654, "tensor": [], "eigenvalues": [25.5281, 26.9388, 36.3988]}, "18": {"type": "H", "Isotropic": 29.8359, "Anisotropy": 9.8512, "tensor": [[26.2935, 0.0532, 1.3832]], "eigenvalues": [25.5369, 27.5673, 36.4033]}, "19": {"type": "H", "Isotropic": 29.6275, "Anisotropy": 3.6553, "tensor": [], "eigenvalues": [27.9646, 28.8536, 32.0643]}, "20": {"type": "H", "Isotropic": 28.0932, "Anisotropy": 9.3997, "tensor": [[29.6822, 1.7068, 4.3507], [2.9597, 27.3514, 1.4443], [5.337, 0.7254, 27.246]], "eigenvalues": [23.3696, 26.5504, 34.3596]}, "21": {"type": "O", "Isotropic": 293.5166, "Anisotropy": 215.9359, "tensor": [[419.8385, 39.9284, 32.4513], [44.4807, 281.92, 28.2278], [14.4503, 82.3307, 178.7913]], "eigenvalues": [154.6726, 288.4035, 437.4739]}, "22": {"type": "S", "Isotropic": 160.038, "Anisotropy": 427.3214, "tensor": [], "eigenvalues": [6.5951, 28.5999, 444.9189]}, "23": {"type": "H", "Isotropic": 28.1346, "Anisotropy": 8.838, "tensor": [[29.3434, 3.974, 2.8267], [3.4329, 26.8805, 2.8718], [1.3261, 2.9601, 28.1799]], "eigenvalues": [23.7704, 26.6068, 34.0266]}, "24": {"type": "C", "Isotropic": 144.2536, "Anisotropy": 53.7759, "tensor": [], "eigenvalues": [119.086, 133.5706, 180.1042]}, "25": {"type": "H", "Isotropic": 29.5683, "Anisotropy": 3.6701, "tensor": [[0.5854, 30.7683, 1.8342]], "eigenvalues": [26.5865, 30.1034, 32.0151]}, "26": {"type": "C", "Isotropic": 145.8058, "Anisotropy": 59.5688, "tensor": [[140.1605, 17.4651, 24.8096], [21.6578, 141.0626, 16.419], [24.7403, 9.9111, 156.1944]], "eigenvalues": [117.6975, 134.2016, 185.5184]}, "27": {"type": "H", "Isotropic": 29.1598, "Anisotropy": 8.2271, "tensor": [[2.2599, 26.9471, 0.2955], [0.5446, 1.0837, 26.2645]], "eigenvalues": [25.7232, 27.1117, 34.6445]}, "28": {"type": "H", "Isotropic": 29.4053, "Anisotropy": 5.4697, "tensor": [[29.0793, 1.8268, 0.4767]], "eigenvalues": [26.272, 28.8921, 33.0518]}, "29": {"type": "H", "Isotropic": 29.6269, "Anisotropy": 7.133, "tensor": [], "eigenvalues": [25.7543, 28.7443, 34.3823]}, "30": {"type": "H", "Isotropic": 29.568, "Anisotropy": 8.3557, "tensor": [[28.6651, 0.2999, 2.8577]], "eigenvalues": [25.7001, 27.8655, 35.1385]}, "31": {"type": "O", "Isotropic": 299.6428, "Anisotropy": 215.8915, "tensor": [[435.5204, 36.2786, 1.1328], [38.7909, 263.8955, 29.4284]], "eigenvalues": [165.1724, 290.1856, 443.5705]}, "32": {"type": "H", "Isotropic": 28.2496, "Anisotropy": 9.6372, "tensor": [], "eigenvalues": [23.1173, 26.957, 34.6744]}, "33": {"type": "S", "Isotropic": 159.9272, "Anisotropy": 439.7686, "tensor": [], "eigenvalues": [1.6324, 25.043, 453.1063]}, "34": {"type": "C", "Isotropic": 146.348, "Anisotropy": 51.7099, "tensor": [[148.5524, 11.6807, 27.3674], [17.1108, 140.327, 7.7377]], "eigenvalues": [118.5555, 139.6672, 180.8213]}, "35": {"type": "H", "Isotropic": 29.8266, "Anisotropy": 5.7452, "tensor": [], "eigenvalues": [26.9851, 28.8379, 33.6568]}, "36": {"type": "C", "Isotropic": 145.7006, "Anisotropy": 54.2435, "tensor": [], "eigenvalues": [117.9933, 137.2456, 181.863]}, "37": {"type": "H", "Isotropic": 29.555, "Anisotropy": 5.729, "tensor": [], "eigenvalues": [26.6842, 28.6065, 33.3743]}, "38": {"type": "H", "Isotropic": 29.3379, "Anisotropy": 6.3276, "tensor": [[32.7583, 1.7273, 2.3133], [0.813, 29.058, 0.5525], [0.983, 0.4584, 26.1973]], "eigenvalues": [25.7934, 28.6639, 33.5562]}, "39": {"type": "H", "Isotropic": 28.8172, "Anisotropy": 9.9514, "tensor": [[26.034, 0.1321, 1.5179]], "eigenvalues": [24.6127, 26.3874, 35.4515]}, "40": {"type": "H", "Isotropic": 28.5994, "Anisotropy": 8.9481, "tensor": [], "eigenvalues": [24.389, 26.8445, 34.5648]}}}}, "functional": "PBE1PBE", "basis": "Def2TZVP", "phase": "solution", "type": "nmr;scrf", "smiles": "S(=O)(C)C.S(=O)(C)C.O=S(C)C.O=S(C)C", "formula": "H24 C8 S4 O4", "formula_pretty": "H6C2SO", "formula_anonymous": "ABC2D6", "formula_alphabetical": "C8 H24 O4 S4", "chemsys": "C-H-O-S", "nsites": 40, "nelements": 4, "is_ordered": true, "is_valid": true, "tag": "oplsd_ref", "wall_time (s)": 348.34760520095006, "last_updated": "2021-01-20T20:53:23.184075", "_id": null}