{"input": {"molecule": {"charge": 0, "spin_multiplicity": 1, "sites": [{"name": "S", "species": [{"element": "S", "occu": 1}], "xyz": [-0.249728, 0.793758, 0.246111], "properties": {}}, {"name": "O", "species": [{"element": "O", "occu": 1}], "xyz": [-0.367747, 1.558591, 1.530689], "properties": {}}, {"name": "C", "species": [{"element": "C", "occu": 1}], "xyz": [-1.906854, 0.286947, -0.205658], "properties": {}}, {"name": "C", "species": [{"element": "C", "occu": 1}], "xyz": [0.371565, -0.833614, 0.665119], "properties": {}}, {"name": "H", "species": [{"element": "H", "occu": 1}], "xyz": [-2.471461, 1.194851, -0.417602], "properties": {}}, {"name": "H", "species": [{"element": "H", "occu": 1}], "xyz": [-2.345542, -0.268498, 0.626209], "properties": {}}, {"name": "H", "species": [{"element": "H", "occu": 1}], "xyz": [-1.851955, -0.330102, -1.104128], "properties": {}}, {"name": "H", "species": [{"element": "H", "occu": 1}], "xyz": [0.414096, -1.434988, -0.244498], "properties": {}}, {"name": "H", "species": [{"element": "H", "occu": 1}], "xyz": [-0.288987, -1.287941, 1.4064], "properties": {}}, {"name": "H", "species": [{"element": "H", "occu": 1}], "xyz": [1.377333, -0.698086, 1.06287], "properties": {}}, {"name": "S", "species": [{"element": "S", "occu": 1}], "xyz": [-2.603429, -0.715618, 3.755412], "properties": {}}, {"name": "O", "species": [{"element": "O", "occu": 1}], "xyz": [-2.331752, -1.637327, 2.603085], "properties": {}}, {"name": "C", "species": [{"element": "C", "occu": 1}], "xyz": [-1.013581, -0.145953, 4.342215], "properties": {}}, {"name": "C", "species": [{"element": "C", "occu": 1}], "xyz": [-3.014755, -1.760343, 5.149811], "properties": {}}, {"name": "H", "species": [{"element": "H", "occu": 1}], "xyz": [-0.599971, 0.476907, 3.546529], "properties": {}}, {"name": "H", "species": [{"element": "H", "occu": 1}], "xyz": [-0.373546, -1.008488, 4.537047], "properties": {}}, {"name": "H", "species": [{"element": "H", "occu": 1}], "xyz": [-1.161488, 0.443051, 5.248858], "properties": {}}, {"name": "H", "species": [{"element": "H", "occu": 1}], "xyz": [-3.122054, -1.14001, 6.040814], "properties": {}}, {"name": "H", "species": [{"element": "H", "occu": 1}], "xyz": [-2.228519, -2.505007, 5.284369], "properties": {}}, {"name": "H", "species": [{"element": "H", "occu": 1}], "xyz": [-3.96362, -2.245032, 4.920751], "properties": {}}]}, "functional": "PBE1PBE", "basis_set": "Def2TZVP", "route_parameters": {"NMR": "GIAO", "iop(7/33=1)": null, "int": "ultrafine", "EmpiricalDispersion": "GD3", "NoSymmetry": null, "test": null, "SCRF": "(Solvent=DiMethylSulfoxide)"}, "title": "H12 C4 S2 O2", "charge": 0, "spin_multiplicity": 1, "input_parameters": {}, "link0_parameters": {"%chk": "checkpoint.chk", "%mem": "100GB", "%NProcShared": "24"}, "dieze_tag": "#P", "nbasisfunctions": 332, "pcm_parameters": {}}, "output": {"has_gaussian_completed": true, "is_pcm": true, "errors": [], "Mulliken_charges": {"1": ["S", 0.456888], "2": ["O", -0.628505], "3": ["C", -0.395195], "4": ["C", -0.391659], "5": ["H", 0.157829], "6": ["H", 0.161042], "7": ["H", 0.154461], "8": ["H", 0.159264], "9": ["H", 0.157941], "10": ["H", 0.156482], "11": ["S", 0.452909], "12": ["O", -0.623369], "13": ["C", -0.394049], "14": ["C", -0.378458], "15": ["H", 0.169291], "16": ["H", 0.148198], "17": ["H", 0.159854], "18": ["H", 0.1587], "19": ["H", 0.152817], "20": ["H", 0.165559]}, "tensor": {"1": {"type": "S", "Isotropic": 156.2145, "Anisotropy": 437.8524, "tensor": [], "eigenvalues": [4.0789, 16.4485, 448.1161]}, "2": {"type": "O", "Isotropic": 295.0199, "Anisotropy": 225.9619, "tensor": [], "eigenvalues": [150.6341, 288.7645, 445.6612]}, "3": {"type": "C", "Isotropic": 147.6977, "Anisotropy": 54.3305, "tensor": [[175.1367, 14.5336, 16.3488], [11.1577, 130.8841, 14.593], [8.6808, 11.8291, 137.0725]], "eigenvalues": [120.2883, 138.8868, 183.918]}, "4": {"type": "C", "Isotropic": 148.1251, "Anisotropy": 51.1908, "tensor": [], "eigenvalues": [121.6902, 140.4328, 182.2523]}, "5": {"type": "H", "Isotropic": 29.3572, "Anisotropy": 7.3672, "tensor": [], "eigenvalues": [26.4237, 27.3791, 34.2686]}, "6": {"type": "H", "Isotropic": 28.2193, "Anisotropy": 8.5007, "tensor": [], "eigenvalues": [23.5019, 27.2696, 33.8865]}, "7": {"type": "H", "Isotropic": 29.8141, "Anisotropy": 9.0136, "tensor": [[27.6024, 0.7534, 2.7467], [0.7234, 28.5103, 3.474], [2.7309, 2.8042, 33.3294]], "eigenvalues": [26.2687, 27.3504, 35.8232]}, "8": {"type": "H", "Isotropic": 29.8759, "Anisotropy": 8.9205, "tensor": [], "eigenvalues": [26.3682, 27.4366, 35.8229]}, "9": {"type": "H", "Isotropic": 28.2026, "Anisotropy": 8.7125, "tensor": [], "eigenvalues": [23.9725, 26.6244, 34.0109]}, "10": {"type": "H", "Isotropic": 29.4379, "Anisotropy": 6.9593, "tensor": [], "eigenvalues": [26.5921, 27.6441, 34.0774]}, "11": {"type": "S", "Isotropic": 161.8325, "Anisotropy": 425.7317, "tensor": [], "eigenvalues": [7.1449, 32.6988, 445.6536]}, "12": {"type": "O", "Isotropic": 287.4083, "Anisotropy": 220.1958, "tensor": [], "eigenvalues": [143.4034, 284.6161, 434.2056]}, "13": {"type": "C", "Isotropic": 146.3211, "Anisotropy": 52.1534, "tensor": [[170.6373, 16.5554, 11.6147], [13.3158, 133.203, 13.5123], [11.6815, 12.3837, 135.123]], "eigenvalues": [120.929, 136.9444, 181.09]}, "14": {"type": "C", "Isotropic": 145.7251, "Anisotropy": 59.2934, "tensor": [], "eigenvalues": [118.2673, 133.6539, 185.254]}, "15": {"type": "H", "Isotropic": 27.6727, "Anisotropy": 11.424, "tensor": [], "eigenvalues": [22.3469, 25.3825, 35.2888]}, "16": {"type": "H", "Isotropic": 29.6311, "Anisotropy": 4.1242, "tensor": [], "eigenvalues": [26.9042, 29.6086, 32.3806]}, "17": {"type": "H", "Isotropic": 29.7723, "Anisotropy": 8.7869, "tensor": [[26.8151, 1.927, 0.8005], [2.0097, 30.0458, 3.7011], [0.8483, 3.9142, 32.4561]], "eigenvalues": [25.6913, 27.9955, 35.6302]}, "18": {"type": "H", "Isotropic": 29.5742, "Anisotropy": 9.1548, "tensor": [[0.1123, 26.6949, 1.7486]], "eigenvalues": [25.7203, 27.325, 35.6774]}, "19": {"type": "H", "Isotropic": 29.3892, "Anisotropy": 4.7479, "tensor": [[29.1592, 0.103, 0.0191]], "eigenvalues": [26.7153, 28.8978, 32.5545]}, "20": {"type": "H", "Isotropic": 29.1619, "Anisotropy": 7.7472, "tensor": [], "eigenvalues": [25.9285, 27.2304, 34.3266]}}, "output": {"energies": [-1105.97371277], "final_energy": -1105.97371277, "final_energy_per_atom": -55.298685638500004, "molecule": {"charge": 0.0, "spin_multiplicity": 1, "sites": [{"name": "S", "species": [{"element": "S", "occu": 1}], "xyz": [-0.249728, 0.793758, 0.246111], "properties": {}}, {"name": "O", "species": [{"element": "O", "occu": 1}], "xyz": [-0.367747, 1.558591, 1.530689], "properties": {}}, {"name": "C", "species": [{"element": "C", "occu": 1}], "xyz": [-1.906854, 0.286947, -0.205658], "properties": {}}, {"name": "C", "species": [{"element": "C", "occu": 1}], "xyz": [0.371565, -0.833614, 0.665119], "properties": {}}, {"name": "H", "species": [{"element": "H", "occu": 1}], "xyz": [-2.471461, 1.194851, -0.417602], "properties": {}}, {"name": "H", "species": [{"element": "H", "occu": 1}], "xyz": [-2.345542, -0.268498, 0.626209], "properties": {}}, {"name": "H", "species": [{"element": "H", "occu": 1}], "xyz": [-1.851955, -0.330102, -1.104128], "properties": {}}, {"name": "H", "species": [{"element": "H", "occu": 1}], "xyz": [0.414096, -1.434988, -0.244498], "properties": {}}, {"name": "H", "species": [{"element": "H", "occu": 1}], "xyz": [-0.288987, -1.287941, 1.4064], "properties": {}}, {"name": "H", "species": [{"element": "H", "occu": 1}], "xyz": [1.377333, -0.698086, 1.06287], "properties": {}}, {"name": "S", "species": [{"element": "S", "occu": 1}], "xyz": [-2.603429, -0.715618, 3.755412], "properties": {}}, {"name": "O", "species": [{"element": "O", "occu": 1}], "xyz": [-2.331752, -1.637327, 2.603085], "properties": {}}, {"name": "C", "species": [{"element": "C", "occu": 1}], "xyz": [-1.013581, -0.145953, 4.342215], "properties": {}}, {"name": "C", "species": [{"element": "C", "occu": 1}], "xyz": [-3.014755, -1.760343, 5.149811], "properties": {}}, {"name": "H", "species": [{"element": "H", "occu": 1}], "xyz": [-0.599971, 0.476907, 3.546529], "properties": {}}, {"name": "H", "species": [{"element": "H", "occu": 1}], "xyz": [-0.373546, -1.008488, 4.537047], "properties": {}}, {"name": "H", "species": [{"element": "H", "occu": 1}], "xyz": [-1.161488, 0.443051, 5.248858], "properties": {}}, {"name": "H", "species": [{"element": "H", "occu": 1}], "xyz": [-3.122054, -1.14001, 6.040814], "properties": {}}, {"name": "H", "species": [{"element": "H", "occu": 1}], "xyz": [-2.228519, -2.505007, 5.284369], "properties": {}}, {"name": "H", "species": [{"element": "H", "occu": 1}], "xyz": [-3.96362, -2.245032, 4.920751], "properties": {}}]}, "stationary_type": "Minimum", "corrections": {}, "tensor": {"1": {"type": "S", "Isotropic": 156.2145, "Anisotropy": 437.8524, "tensor": [], "eigenvalues": [4.0789, 16.4485, 448.1161]}, "2": {"type": "O", "Isotropic": 295.0199, "Anisotropy": 225.9619, "tensor": [], "eigenvalues": [150.6341, 288.7645, 445.6612]}, "3": {"type": "C", "Isotropic": 147.6977, "Anisotropy": 54.3305, "tensor": [[175.1367, 14.5336, 16.3488], [11.1577, 130.8841, 14.593], [8.6808, 11.8291, 137.0725]], "eigenvalues": [120.2883, 138.8868, 183.918]}, "4": {"type": "C", "Isotropic": 148.1251, "Anisotropy": 51.1908, "tensor": [], "eigenvalues": [121.6902, 140.4328, 182.2523]}, "5": {"type": "H", "Isotropic": 29.3572, "Anisotropy": 7.3672, "tensor": [], "eigenvalues": [26.4237, 27.3791, 34.2686]}, "6": {"type": "H", "Isotropic": 28.2193, "Anisotropy": 8.5007, "tensor": [], "eigenvalues": [23.5019, 27.2696, 33.8865]}, "7": {"type": "H", "Isotropic": 29.8141, "Anisotropy": 9.0136, "tensor": [[27.6024, 0.7534, 2.7467], [0.7234, 28.5103, 3.474], [2.7309, 2.8042, 33.3294]], "eigenvalues": [26.2687, 27.3504, 35.8232]}, "8": {"type": "H", "Isotropic": 29.8759, "Anisotropy": 8.9205, "tensor": [], "eigenvalues": [26.3682, 27.4366, 35.8229]}, "9": {"type": "H", "Isotropic": 28.2026, "Anisotropy": 8.7125, "tensor": [], "eigenvalues": [23.9725, 26.6244, 34.0109]}, "10": {"type": "H", "Isotropic": 29.4379, "Anisotropy": 6.9593, "tensor": [], "eigenvalues": [26.5921, 27.6441, 34.0774]}, "11": {"type": "S", "Isotropic": 161.8325, "Anisotropy": 425.7317, "tensor": [], "eigenvalues": [7.1449, 32.6988, 445.6536]}, "12": {"type": "O", "Isotropic": 287.4083, "Anisotropy": 220.1958, "tensor": [], "eigenvalues": [143.4034, 284.6161, 434.2056]}, "13": {"type": "C", "Isotropic": 146.3211, "Anisotropy": 52.1534, "tensor": [[170.6373, 16.5554, 11.6147], [13.3158, 133.203, 13.5123], [11.6815, 12.3837, 135.123]], "eigenvalues": [120.929, 136.9444, 181.09]}, "14": {"type": "C", "Isotropic": 145.7251, "Anisotropy": 59.2934, "tensor": [], "eigenvalues": [118.2673, 133.6539, 185.254]}, "15": {"type": "H", "Isotropic": 27.6727, "Anisotropy": 11.424, "tensor": [], "eigenvalues": [22.3469, 25.3825, 35.2888]}, "16": {"type": "H", "Isotropic": 29.6311, "Anisotropy": 4.1242, "tensor": [], "eigenvalues": [26.9042, 29.6086, 32.3806]}, "17": {"type": "H", "Isotropic": 29.7723, "Anisotropy": 8.7869, "tensor": [[26.8151, 1.927, 0.8005], [2.0097, 30.0458, 3.7011], [0.8483, 3.9142, 32.4561]], "eigenvalues": [25.6913, 27.9955, 35.6302]}, "18": {"type": "H", "Isotropic": 29.5742, "Anisotropy": 9.1548, "tensor": [[0.1123, 26.6949, 1.7486]], "eigenvalues": [25.7203, 27.325, 35.6774]}, "19": {"type": "H", "Isotropic": 29.3892, "Anisotropy": 4.7479, "tensor": [[29.1592, 0.103, 0.0191]], "eigenvalues": [26.7153, 28.8978, 32.5545]}, "20": {"type": "H", "Isotropic": 29.1619, "Anisotropy": 7.7472, "tensor": [], "eigenvalues": [25.9285, 27.2304, 34.3266]}}}}, "functional": "PBE1PBE", "basis": "Def2TZVP", "phase": "solution", "type": "scrf;nmr", "smiles": "S(=O)(C)C.S(=O)(C)C", "formula": "H12 C4 S2 O2", "formula_pretty": "H6C2SO", "formula_anonymous": "ABC2D6", "formula_alphabetical": "C4 H12 O2 S2", "chemsys": "C-H-O-S", "nsites": 20, "nelements": 4, "is_ordered": true, "is_valid": true, "tag": "oplsd_ref", "wall_time (s)": 66.00828009471297, "last_updated": "2021-01-18T04:32:44.975867", "_id": null}