{"input": {"molecule": {"charge": 0, "spin_multiplicity": 1, "sites": [{"name": "O", "species": [{"element": "O", "occu": 1}], "xyz": [-0.225941, 1.018922, 0.570547], "properties": {}}, {"name": "H", "species": [{"element": "H", "occu": 1}], "xyz": [-0.193621, 0.079436, 0.771636], "properties": {}}, {"name": "H", "species": [{"element": "H", "occu": 1}], "xyz": [-1.162292, 1.21329, 0.283772], "properties": {}}, {"name": "O", "species": [{"element": "O", "occu": 1}], "xyz": [-2.686837, 1.748338, -0.067125], "properties": {}}, {"name": "H", "species": [{"element": "H", "occu": 1}], "xyz": [-3.318559, 1.141635, 0.371244], "properties": {}}, {"name": "H", "species": [{"element": "H", "occu": 1}], "xyz": [-2.72612, 2.558098, 0.488326], "properties": {}}, {"name": "O", "species": [{"element": "O", "occu": 1}], "xyz": [-2.67613, 3.786043, 1.80191], "properties": {}}, {"name": "H", "species": [{"element": "H", "occu": 1}], "xyz": [-1.787108, 3.557351, 2.148969], "properties": {}}, {"name": "H", "species": [{"element": "H", "occu": 1}], "xyz": [-3.279085, 3.354341, 2.430207], "properties": {}}, {"name": "H", "species": [{"element": "H", "occu": 1}], "xyz": [-0.619584, 2.262213, 3.502056], "properties": {}}, {"name": "O", "species": [{"element": "O", "occu": 1}], "xyz": [-0.274718, 2.764816, 2.747222], "properties": {}}, {"name": "H", "species": [{"element": "H", "occu": 1}], "xyz": [-0.147968, 2.102909, 2.03926], "properties": {}}, {"name": "H", "species": [{"element": "H", "occu": 1}], "xyz": [-4.144108, -0.62027, 1.721822], "properties": {}}, {"name": "O", "species": [{"element": "O", "occu": 1}], "xyz": [-4.444951, 0.258162, 1.474319], "properties": {}}, {"name": "H", "species": [{"element": "H", "occu": 1}], "xyz": [-4.366065, 0.800127, 2.285255], "properties": {}}, {"name": "H", "species": [{"element": "H", "occu": 1}], "xyz": [-1.486206, 0.39445, 4.877375], "properties": {}}, {"name": "H", "species": [{"element": "H", "occu": 1}], "xyz": [-1.535579, 1.665229, 5.733739], "properties": {}}, {"name": "O", "species": [{"element": "O", "occu": 1}], "xyz": [-1.668872, 1.339275, 4.837202], "properties": {}}, {"name": "H", "species": [{"element": "H", "occu": 1}], "xyz": [-3.265855, 1.744466, 4.120733], "properties": {}}, {"name": "O", "species": [{"element": "O", "occu": 1}], "xyz": [-4.037056, 2.007342, 3.578274], "properties": {}}, {"name": "H", "species": [{"element": "H", "occu": 1}], "xyz": [-4.746462, 2.210051, 4.194615], "properties": {}}, {"name": "H", "species": [{"element": "H", "occu": 1}], "xyz": [0.980549, 1.53172, -0.691139], "properties": {}}, {"name": "O", "species": [{"element": "O", "occu": 1}], "xyz": [1.633845, 1.838043, -1.347774], "properties": {}}, {"name": "H", "species": [{"element": "H", "occu": 1}], "xyz": [1.234992, 1.642431, -2.198817], "properties": {}}]}, "functional": "PBE1PBE", "basis_set": "Def2TZVP", "route_parameters": {"NMR": "GIAO", "iop(7/33=1)": null, "int": "ultrafine", "EmpiricalDispersion": "GD3", "NoSymmetry": null, "test": null, "SCRF": "(Solvent=Water)"}, "title": "H16 O8", "charge": 0, "spin_multiplicity": 1, "input_parameters": {}, "link0_parameters": {"%chk": "checkpoint.chk", "%mem": "100GB", "%NProcShared": "24"}, "dieze_tag": "#P", "nbasisfunctions": 344, "pcm_parameters": {}}, "output": {"has_gaussian_completed": true, "is_pcm": true, "errors": [], "Mulliken_charges": {"1": ["O", -0.739747], "2": ["H", 0.363391], "3": ["H", 0.367949], "4": ["O", -0.732925], "5": ["H", 0.362575], "6": ["H", 0.355443], "7": ["O", -0.730881], "8": ["H", 0.355828], "9": ["H", 0.351143], "10": ["H", 0.351763], "11": ["O", -0.729722], "12": ["H", 0.361101], "13": ["H", 0.357815], "14": ["O", -0.717421], "15": ["H", 0.362128], "16": ["H", 0.384184], "17": ["H", 0.384925], "18": ["O", -0.697603], "19": ["H", 0.371365], "20": ["O", -0.715518], "21": ["H", 0.371591], "22": ["H", 0.358296], "23": ["O", -0.736447], "24": ["H", 0.340767]}, "tensor": {"1": {"type": "O", "Isotropic": 295.6621, "Anisotropy": 44.2049, "tensor": [], "eigenvalues": [279.0202, 282.8342, 325.1321]}, "2": {"type": "H", "Isotropic": 30.4435, "Anisotropy": 17.3212, "tensor": [], "eigenvalues": [23.6663, 25.6732, 41.9909]}, "3": {"type": "H", "Isotropic": 22.9196, "Anisotropy": 36.2588, "tensor": [], "eigenvalues": [9.8268, 11.8398, 47.0921]}, "4": {"type": "O", "Isotropic": 295.8195, "Anisotropy": 38.242, "tensor": [[11.7386, 313.3753, 8.356]], "eigenvalues": [271.6333, 294.5111, 321.3142]}, "5": {"type": "H", "Isotropic": 26.2863, "Anisotropy": 29.9739, "tensor": [], "eigenvalues": [14.7155, 17.8744, 46.2689]}, "6": {"type": "H", "Isotropic": 25.9491, "Anisotropy": 29.4353, "tensor": [[0.3457, 34.5476, 14.1261]], "eigenvalues": [15.7068, 16.5679, 45.5726]}, "7": {"type": "O", "Isotropic": 301.5126, "Anisotropy": 39.0948, "tensor": [], "eigenvalues": [284.4956, 292.4664, 327.5758]}, "8": {"type": "H", "Isotropic": 26.2041, "Anisotropy": 29.3782, "tensor": [], "eigenvalues": [15.8867, 16.9361, 45.7896]}, "9": {"type": "H", "Isotropic": 28.0422, "Anisotropy": 25.7338, "tensor": [], "eigenvalues": [18.5995, 20.3291, 45.1981]}, "10": {"type": "H", "Isotropic": 28.1288, "Anisotropy": 27.4006, "tensor": [], "eigenvalues": [18.0203, 19.9702, 46.3959]}, "11": {"type": "O", "Isotropic": 307.274, "Anisotropy": 44.7036, "tensor": [], "eigenvalues": [287.0799, 297.6657, 337.0764]}, "12": {"type": "H", "Isotropic": 26.579, "Anisotropy": 30.4362, "tensor": [], "eigenvalues": [15.5029, 17.3643, 46.8698]}, "13": {"type": "H", "Isotropic": 30.7219, "Anisotropy": 18.3465, "tensor": [], "eigenvalues": [24.241, 24.9718, 42.9528]}, "14": {"type": "O", "Isotropic": 315.9906, "Anisotropy": 48.9772, "tensor": [], "eigenvalues": [287.1935, 312.1363, 348.6421]}, "15": {"type": "H", "Isotropic": 26.2073, "Anisotropy": 31.4869, "tensor": [[15.8162, 3.2466, 1.8395], [3.0031, 27.5715, 14.5067], [1.6466, 15.4269, 35.2343]], "eigenvalues": [14.299, 17.1244, 47.1986]}, "16": {"type": "H", "Isotropic": 29.6391, "Anisotropy": 18.6628, "tensor": [], "eigenvalues": [22.2726, 24.5638, 42.081]}, "17": {"type": "H", "Isotropic": 29.5851, "Anisotropy": 20.5812, "tensor": [[22.7168, 0.906, 3.0179], [0.5844, 25.2358, 5.3432], [2.8848, 6.696, 40.8027]], "eigenvalues": [22.2075, 23.2419, 43.3059]}, "18": {"type": "O", "Isotropic": 314.7436, "Anisotropy": 22.5089, "tensor": [[4.9688, 7.9125, 320.4224]], "eigenvalues": [297.4076, 317.0736, 329.7495]}, "19": {"type": "H", "Isotropic": 25.8229, "Anisotropy": 30.8247, "tensor": [], "eigenvalues": [13.5539, 17.542, 46.3727]}, "20": {"type": "O", "Isotropic": 306.4523, "Anisotropy": 36.8189, "tensor": [], "eigenvalues": [284.2129, 304.1457, 330.9982]}, "21": {"type": "H", "Isotropic": 30.0218, "Anisotropy": 20.8821, "tensor": [], "eigenvalues": [22.3363, 23.786, 43.9432]}, "22": {"type": "H", "Isotropic": 26.84, "Anisotropy": 34.8733, "tensor": [], "eigenvalues": [14.5835, 15.8476, 50.0889]}, "23": {"type": "O", "Isotropic": 332.5447, "Anisotropy": 55.8821, "tensor": [], "eigenvalues": [300.8716, 326.9631, 369.7994]}, "24": {"type": "H", "Isotropic": 31.4621, "Anisotropy": 18.7835, "tensor": [[27.6857, 1.5159, 4.6948], [1.4693, 24.4037, 2.8873], [4.1, 2.5504, 42.2969]], "eigenvalues": [23.756, 26.6458, 43.9845]}}, "output": {"energies": [-611.164794855], "final_energy": -611.164794855, "final_energy_per_atom": -25.465199785625, "molecule": {"charge": 0.0, "spin_multiplicity": 1, "sites": [{"name": "O", "species": [{"element": "O", "occu": 1}], "xyz": [-0.225941, 1.018922, 0.570547], "properties": {}}, {"name": "H", "species": [{"element": "H", "occu": 1}], "xyz": [-0.193621, 0.079436, 0.771636], "properties": {}}, {"name": "H", "species": [{"element": "H", "occu": 1}], "xyz": [-1.162292, 1.21329, 0.283772], "properties": {}}, {"name": "O", "species": [{"element": "O", "occu": 1}], "xyz": [-2.686837, 1.748338, -0.067125], "properties": {}}, {"name": "H", "species": [{"element": "H", "occu": 1}], "xyz": [-3.318559, 1.141635, 0.371244], "properties": {}}, {"name": "H", "species": [{"element": "H", "occu": 1}], "xyz": [-2.72612, 2.558098, 0.488326], "properties": {}}, {"name": "O", "species": [{"element": "O", "occu": 1}], "xyz": [-2.67613, 3.786043, 1.80191], "properties": {}}, {"name": "H", "species": [{"element": "H", "occu": 1}], "xyz": [-1.787108, 3.557351, 2.148969], "properties": {}}, {"name": "H", "species": [{"element": "H", "occu": 1}], "xyz": [-3.279085, 3.354341, 2.430207], "properties": {}}, {"name": "H", "species": [{"element": "H", "occu": 1}], "xyz": [-0.619584, 2.262213, 3.502056], "properties": {}}, {"name": "O", "species": [{"element": "O", "occu": 1}], "xyz": [-0.274718, 2.764816, 2.747222], "properties": {}}, {"name": "H", "species": [{"element": "H", "occu": 1}], "xyz": [-0.147968, 2.102909, 2.03926], "properties": {}}, {"name": "H", "species": [{"element": "H", "occu": 1}], "xyz": [-4.144108, -0.62027, 1.721822], "properties": {}}, {"name": "O", "species": [{"element": "O", "occu": 1}], "xyz": [-4.444951, 0.258162, 1.474319], "properties": {}}, {"name": "H", "species": [{"element": "H", "occu": 1}], "xyz": [-4.366065, 0.800127, 2.285255], "properties": {}}, {"name": "H", "species": [{"element": "H", "occu": 1}], "xyz": [-1.486206, 0.39445, 4.877375], "properties": {}}, {"name": "H", "species": [{"element": "H", "occu": 1}], "xyz": [-1.535579, 1.665229, 5.733739], "properties": {}}, {"name": "O", "species": [{"element": "O", "occu": 1}], "xyz": [-1.668872, 1.339275, 4.837202], "properties": {}}, {"name": "H", "species": [{"element": "H", "occu": 1}], "xyz": [-3.265855, 1.744466, 4.120733], "properties": {}}, {"name": "O", "species": [{"element": "O", "occu": 1}], "xyz": [-4.037056, 2.007342, 3.578274], "properties": {}}, {"name": "H", "species": [{"element": "H", "occu": 1}], "xyz": [-4.746462, 2.210051, 4.194615], "properties": {}}, {"name": "H", "species": [{"element": "H", "occu": 1}], "xyz": [0.980549, 1.53172, -0.691139], "properties": {}}, {"name": "O", "species": [{"element": "O", "occu": 1}], "xyz": [1.633845, 1.838043, -1.347774], "properties": {}}, {"name": "H", "species": [{"element": "H", "occu": 1}], "xyz": [1.234992, 1.642431, -2.198817], "properties": {}}]}, "stationary_type": "Minimum", "corrections": {}, "tensor": {"1": {"type": "O", "Isotropic": 295.6621, "Anisotropy": 44.2049, "tensor": [], "eigenvalues": [279.0202, 282.8342, 325.1321]}, "2": {"type": "H", "Isotropic": 30.4435, "Anisotropy": 17.3212, "tensor": [], "eigenvalues": [23.6663, 25.6732, 41.9909]}, "3": {"type": "H", "Isotropic": 22.9196, "Anisotropy": 36.2588, "tensor": [], "eigenvalues": [9.8268, 11.8398, 47.0921]}, "4": {"type": "O", "Isotropic": 295.8195, "Anisotropy": 38.242, "tensor": [[11.7386, 313.3753, 8.356]], "eigenvalues": [271.6333, 294.5111, 321.3142]}, "5": {"type": "H", "Isotropic": 26.2863, "Anisotropy": 29.9739, "tensor": [], "eigenvalues": [14.7155, 17.8744, 46.2689]}, "6": {"type": "H", "Isotropic": 25.9491, "Anisotropy": 29.4353, "tensor": [[0.3457, 34.5476, 14.1261]], "eigenvalues": [15.7068, 16.5679, 45.5726]}, "7": {"type": "O", "Isotropic": 301.5126, "Anisotropy": 39.0948, "tensor": [], "eigenvalues": [284.4956, 292.4664, 327.5758]}, "8": {"type": "H", "Isotropic": 26.2041, "Anisotropy": 29.3782, "tensor": [], "eigenvalues": [15.8867, 16.9361, 45.7896]}, "9": {"type": "H", "Isotropic": 28.0422, "Anisotropy": 25.7338, "tensor": [], "eigenvalues": [18.5995, 20.3291, 45.1981]}, "10": {"type": "H", "Isotropic": 28.1288, "Anisotropy": 27.4006, "tensor": [], "eigenvalues": [18.0203, 19.9702, 46.3959]}, "11": {"type": "O", "Isotropic": 307.274, "Anisotropy": 44.7036, "tensor": [], "eigenvalues": [287.0799, 297.6657, 337.0764]}, "12": {"type": "H", "Isotropic": 26.579, "Anisotropy": 30.4362, "tensor": [], "eigenvalues": [15.5029, 17.3643, 46.8698]}, "13": {"type": "H", "Isotropic": 30.7219, "Anisotropy": 18.3465, "tensor": [], "eigenvalues": [24.241, 24.9718, 42.9528]}, "14": {"type": "O", "Isotropic": 315.9906, "Anisotropy": 48.9772, "tensor": [], "eigenvalues": [287.1935, 312.1363, 348.6421]}, "15": {"type": "H", "Isotropic": 26.2073, "Anisotropy": 31.4869, "tensor": [[15.8162, 3.2466, 1.8395], [3.0031, 27.5715, 14.5067], [1.6466, 15.4269, 35.2343]], "eigenvalues": [14.299, 17.1244, 47.1986]}, "16": {"type": "H", "Isotropic": 29.6391, "Anisotropy": 18.6628, "tensor": [], "eigenvalues": [22.2726, 24.5638, 42.081]}, "17": {"type": "H", "Isotropic": 29.5851, "Anisotropy": 20.5812, "tensor": [[22.7168, 0.906, 3.0179], [0.5844, 25.2358, 5.3432], [2.8848, 6.696, 40.8027]], "eigenvalues": [22.2075, 23.2419, 43.3059]}, "18": {"type": "O", "Isotropic": 314.7436, "Anisotropy": 22.5089, "tensor": [[4.9688, 7.9125, 320.4224]], "eigenvalues": [297.4076, 317.0736, 329.7495]}, "19": {"type": "H", "Isotropic": 25.8229, "Anisotropy": 30.8247, "tensor": [], "eigenvalues": [13.5539, 17.542, 46.3727]}, "20": {"type": "O", "Isotropic": 306.4523, "Anisotropy": 36.8189, "tensor": [], "eigenvalues": [284.2129, 304.1457, 330.9982]}, "21": {"type": "H", "Isotropic": 30.0218, "Anisotropy": 20.8821, "tensor": [], "eigenvalues": [22.3363, 23.786, 43.9432]}, "22": {"type": "H", "Isotropic": 26.84, "Anisotropy": 34.8733, "tensor": [], "eigenvalues": [14.5835, 15.8476, 50.0889]}, "23": {"type": "O", "Isotropic": 332.5447, "Anisotropy": 55.8821, "tensor": [], "eigenvalues": [300.8716, 326.9631, 369.7994]}, "24": {"type": "H", "Isotropic": 31.4621, "Anisotropy": 18.7835, "tensor": [[27.6857, 1.5159, 4.6948], [1.4693, 24.4037, 2.8873], [4.1, 2.5504, 42.2969]], "eigenvalues": [23.756, 26.6458, 43.9845]}}}}, "functional": "PBE1PBE", "basis": "Def2TZVP", "phase": "solution", "type": "scrf;nmr", "smiles": "O.O.O.O.O.O.O.O", "formula": "H16 O8", "formula_pretty": "H2O", "formula_anonymous": "AB2", "formula_alphabetical": "H16 O8", "chemsys": "H-O", "nsites": 24, "nelements": 2, "is_ordered": true, "is_valid": true, "tag": "unknown", "wall_time (s)": 51.253570777364075, "last_updated": "2021-02-10T02:01:26.906317", "_id": null}