{"input": {"molecule": {"charge": 0, "spin_multiplicity": 1, "sites": [{"name": "O", "species": [{"element": "O", "occu": 1}], "xyz": [-0.609435, 0.98807, -0.31427], "properties": {}}, {"name": "H", "species": [{"element": "H", "occu": 1}], "xyz": [-0.433278, 0.054031, -0.173975], "properties": {}}, {"name": "H", "species": [{"element": "H", "occu": 1}], "xyz": [-1.593767, 1.079173, -0.306793], "properties": {}}, {"name": "O", "species": [{"element": "O", "occu": 1}], "xyz": [-3.259113, 1.477098, -0.049429], "properties": {}}, {"name": "H", "species": [{"element": "H", "occu": 1}], "xyz": [-3.463386, 0.955873, 0.753662], "properties": {}}, {"name": "H", "species": [{"element": "H", "occu": 1}], "xyz": [-3.155627, 2.394151, 0.277504], "properties": {}}, {"name": "O", "species": [{"element": "O", "occu": 1}], "xyz": [-2.571342, 3.954654, 1.003807], "properties": {}}, {"name": "H", "species": [{"element": "H", "occu": 1}], "xyz": [-1.749408, 3.574973, 1.39507], "properties": {}}, {"name": "H", "species": [{"element": "H", "occu": 1}], "xyz": [-3.101305, 4.249569, 1.74897], "properties": {}}, {"name": "H", "species": [{"element": "H", "occu": 1}], "xyz": [-0.678108, 2.100099, 2.63038], "properties": {}}, {"name": "O", "species": [{"element": "O", "occu": 1}], "xyz": [-0.359472, 2.632085, 1.882868], "properties": {}}, {"name": "H", "species": [{"element": "H", "occu": 1}], "xyz": [-0.320316, 2.004696, 1.129304], "properties": {}}, {"name": "H", "species": [{"element": "H", "occu": 1}], "xyz": [-2.917958, 0.351588, 2.903457], "properties": {}}, {"name": "O", "species": [{"element": "O", "occu": 1}], "xyz": [-3.588296, 0.020404, 2.277907], "properties": {}}, {"name": "H", "species": [{"element": "H", "occu": 1}], "xyz": [-4.428431, 0.093196, 2.738574], "properties": {}}, {"name": "H", "species": [{"element": "H", "occu": 1}], "xyz": [-0.999017, 0.367914, 4.340133], "properties": {}}, {"name": "H", "species": [{"element": "H", "occu": 1}], "xyz": [-1.885036, 1.570959, 4.679681], "properties": {}}, {"name": "O", "species": [{"element": "O", "occu": 1}], "xyz": [-1.559684, 1.042735, 3.942879], "properties": {}}]}, "functional": "PBE1PBE", "basis_set": "Def2TZVP", "route_parameters": {"NMR": "GIAO", "iop(7/33=1)": null, "int": "ultrafine", "EmpiricalDispersion": "GD3", "NoSymmetry": null, "test": null, "SCRF": "(Solvent=Water)"}, "title": "H12 O6", "charge": 0, "spin_multiplicity": 1, "input_parameters": {}, "link0_parameters": {"%chk": "checkpoint.chk", "%mem": "100GB", "%NProcShared": "24"}, "dieze_tag": "#P", "nbasisfunctions": 258, "pcm_parameters": {}}, "output": {"has_gaussian_completed": true, "is_pcm": true, "errors": [], "Mulliken_charges": {"1": ["O", -0.728904], "2": ["H", 0.353624], "3": ["H", 0.361036], "4": ["O", -0.740182], "5": ["H", 0.358462], "6": ["H", 0.355281], "7": ["O", -0.728224], "8": ["H", 0.360386], "9": ["H", 0.353206], "10": ["H", 0.351932], "11": ["O", -0.731628], "12": ["H", 0.360416], "13": ["H", 0.36226], "14": ["O", -0.713932], "15": ["H", 0.359782], "16": ["H", 0.382875], "17": ["H", 0.382624], "18": ["O", -0.699014]}, "tensor": {"1": {"type": "O", "Isotropic": 309.8851, "Anisotropy": 54.241, "tensor": [], "eigenvalues": [280.4648, 303.1447, 346.0457]}, "2": {"type": "H", "Isotropic": 30.8236, "Anisotropy": 18.3453, "tensor": [], "eigenvalues": [24.1096, 25.3074, 43.0538]}, "3": {"type": "H", "Isotropic": 24.748, "Anisotropy": 33.4405, "tensor": [], "eigenvalues": [12.3932, 14.8092, 47.0417]}, "4": {"type": "O", "Isotropic": 299.1046, "Anisotropy": 39.8343, "tensor": [], "eigenvalues": [280.8523, 290.8008, 325.6608]}, "5": {"type": "H", "Isotropic": 26.307, "Anisotropy": 30.5183, "tensor": [], "eigenvalues": [15.2055, 17.0631, 46.6526]}, "6": {"type": "H", "Isotropic": 26.5009, "Anisotropy": 29.163, "tensor": [[17.611, 4.1493, 2.3437], [4.5228, 42.2572, 8.3248], [2.5421, 8.6891, 19.6345]], "eigenvalues": [15.8505, 17.7094, 45.9429]}, "7": {"type": "O", "Isotropic": 311.6663, "Anisotropy": 53.8473, "tensor": [[7.8397, 5.7587, 295.0482]], "eigenvalues": [282.6494, 304.785, 347.5645]}, "8": {"type": "H", "Isotropic": 25.1224, "Anisotropy": 32.9441, "tensor": [], "eigenvalues": [12.9585, 15.3235, 47.0851]}, "9": {"type": "H", "Isotropic": 30.88, "Anisotropy": 18.4029, "tensor": [], "eigenvalues": [24.1286, 25.3628, 43.1486]}, "10": {"type": "H", "Isotropic": 27.7932, "Anisotropy": 27.9218, "tensor": [], "eigenvalues": [17.3501, 19.6217, 46.4078]}, "11": {"type": "O", "Isotropic": 303.3525, "Anisotropy": 42.6672, "tensor": [], "eigenvalues": [282.9434, 295.3169, 331.7973]}, "12": {"type": "H", "Isotropic": 25.9496, "Anisotropy": 30.5056, "tensor": [[0.3422, 25.9834, 15.2274]], "eigenvalues": [14.9872, 16.5749, 46.2867]}, "13": {"type": "H", "Isotropic": 26.8331, "Anisotropy": 30.5683, "tensor": [[32.8703, 8.1838, 12.4062], [8.7187, 19.0069, 5.0536], [13.4188, 5.1635, 28.6222]], "eigenvalues": [14.8464, 18.441, 47.212]}, "14": {"type": "O", "Isotropic": 318.8128, "Anisotropy": 45.1422, "tensor": [[342.8533, 12.6599, 5.6089]], "eigenvalues": [287.9071, 319.6238, 348.9076]}, "15": {"type": "H", "Isotropic": 30.6485, "Anisotropy": 19.8363, "tensor": [], "eigenvalues": [23.4423, 24.6306, 43.8728]}, "16": {"type": "H", "Isotropic": 29.6566, "Anisotropy": 19.9448, "tensor": [], "eigenvalues": [22.3739, 23.6427, 42.9531]}, "17": {"type": "H", "Isotropic": 29.7105, "Anisotropy": 19.2692, "tensor": [], "eigenvalues": [22.4201, 24.1547, 42.5566]}, "18": {"type": "O", "Isotropic": 315.184, "Anisotropy": 22.6195, "tensor": [[0.2323, 3.5501, 316.5942]], "eigenvalues": [298.9703, 316.318, 330.2637]}}, "output": {"energies": [-458.370755245], "final_energy": -458.370755245, "final_energy_per_atom": -25.465041958055554, "molecule": {"charge": 0.0, "spin_multiplicity": 1, "sites": [{"name": "O", "species": [{"element": "O", "occu": 1}], "xyz": [-0.609435, 0.98807, -0.31427], "properties": {}}, {"name": "H", "species": [{"element": "H", "occu": 1}], "xyz": [-0.433278, 0.054031, -0.173975], "properties": {}}, {"name": "H", "species": [{"element": "H", "occu": 1}], "xyz": [-1.593767, 1.079173, -0.306793], "properties": {}}, {"name": "O", "species": [{"element": "O", "occu": 1}], "xyz": [-3.259113, 1.477098, -0.049429], "properties": {}}, {"name": "H", "species": [{"element": "H", "occu": 1}], "xyz": [-3.463386, 0.955873, 0.753662], "properties": {}}, {"name": "H", "species": [{"element": "H", "occu": 1}], "xyz": [-3.155627, 2.394151, 0.277504], "properties": {}}, {"name": "O", "species": [{"element": "O", "occu": 1}], "xyz": [-2.571342, 3.954654, 1.003807], "properties": {}}, {"name": "H", "species": [{"element": "H", "occu": 1}], "xyz": [-1.749408, 3.574973, 1.39507], "properties": {}}, {"name": "H", "species": [{"element": "H", "occu": 1}], "xyz": [-3.101305, 4.249569, 1.74897], "properties": {}}, {"name": "H", "species": [{"element": "H", "occu": 1}], "xyz": [-0.678108, 2.100099, 2.63038], "properties": {}}, {"name": "O", "species": [{"element": "O", "occu": 1}], "xyz": [-0.359472, 2.632085, 1.882868], "properties": {}}, {"name": "H", "species": [{"element": "H", "occu": 1}], "xyz": [-0.320316, 2.004696, 1.129304], "properties": {}}, {"name": "H", "species": [{"element": "H", "occu": 1}], "xyz": [-2.917958, 0.351588, 2.903457], "properties": {}}, {"name": "O", "species": [{"element": "O", "occu": 1}], "xyz": [-3.588296, 0.020404, 2.277907], "properties": {}}, {"name": "H", "species": [{"element": "H", "occu": 1}], "xyz": [-4.428431, 0.093196, 2.738574], "properties": {}}, {"name": "H", "species": [{"element": "H", "occu": 1}], "xyz": [-0.999017, 0.367914, 4.340133], "properties": {}}, {"name": "H", "species": [{"element": "H", "occu": 1}], "xyz": [-1.885036, 1.570959, 4.679681], "properties": {}}, {"name": "O", "species": [{"element": "O", "occu": 1}], "xyz": [-1.559684, 1.042735, 3.942879], "properties": {}}]}, "stationary_type": "Minimum", "corrections": {}, "tensor": {"1": {"type": "O", "Isotropic": 309.8851, "Anisotropy": 54.241, "tensor": [], "eigenvalues": [280.4648, 303.1447, 346.0457]}, "2": {"type": "H", "Isotropic": 30.8236, "Anisotropy": 18.3453, "tensor": [], "eigenvalues": [24.1096, 25.3074, 43.0538]}, "3": {"type": "H", "Isotropic": 24.748, "Anisotropy": 33.4405, "tensor": [], "eigenvalues": [12.3932, 14.8092, 47.0417]}, "4": {"type": "O", "Isotropic": 299.1046, "Anisotropy": 39.8343, "tensor": [], "eigenvalues": [280.8523, 290.8008, 325.6608]}, "5": {"type": "H", "Isotropic": 26.307, "Anisotropy": 30.5183, "tensor": [], "eigenvalues": [15.2055, 17.0631, 46.6526]}, "6": {"type": "H", "Isotropic": 26.5009, "Anisotropy": 29.163, "tensor": [[17.611, 4.1493, 2.3437], [4.5228, 42.2572, 8.3248], [2.5421, 8.6891, 19.6345]], "eigenvalues": [15.8505, 17.7094, 45.9429]}, "7": {"type": "O", "Isotropic": 311.6663, "Anisotropy": 53.8473, "tensor": [[7.8397, 5.7587, 295.0482]], "eigenvalues": [282.6494, 304.785, 347.5645]}, "8": {"type": "H", "Isotropic": 25.1224, "Anisotropy": 32.9441, "tensor": [], "eigenvalues": [12.9585, 15.3235, 47.0851]}, "9": {"type": "H", "Isotropic": 30.88, "Anisotropy": 18.4029, "tensor": [], "eigenvalues": [24.1286, 25.3628, 43.1486]}, "10": {"type": "H", "Isotropic": 27.7932, "Anisotropy": 27.9218, "tensor": [], "eigenvalues": [17.3501, 19.6217, 46.4078]}, "11": {"type": "O", "Isotropic": 303.3525, "Anisotropy": 42.6672, "tensor": [], "eigenvalues": [282.9434, 295.3169, 331.7973]}, "12": {"type": "H", "Isotropic": 25.9496, "Anisotropy": 30.5056, "tensor": [[0.3422, 25.9834, 15.2274]], "eigenvalues": [14.9872, 16.5749, 46.2867]}, "13": {"type": "H", "Isotropic": 26.8331, "Anisotropy": 30.5683, "tensor": [[32.8703, 8.1838, 12.4062], [8.7187, 19.0069, 5.0536], [13.4188, 5.1635, 28.6222]], "eigenvalues": [14.8464, 18.441, 47.212]}, "14": {"type": "O", "Isotropic": 318.8128, "Anisotropy": 45.1422, "tensor": [[342.8533, 12.6599, 5.6089]], "eigenvalues": [287.9071, 319.6238, 348.9076]}, "15": {"type": "H", "Isotropic": 30.6485, "Anisotropy": 19.8363, "tensor": [], "eigenvalues": [23.4423, 24.6306, 43.8728]}, "16": {"type": "H", "Isotropic": 29.6566, "Anisotropy": 19.9448, "tensor": [], "eigenvalues": [22.3739, 23.6427, 42.9531]}, "17": {"type": "H", "Isotropic": 29.7105, "Anisotropy": 19.2692, "tensor": [], "eigenvalues": [22.4201, 24.1547, 42.5566]}, "18": {"type": "O", "Isotropic": 315.184, "Anisotropy": 22.6195, "tensor": [[0.2323, 3.5501, 316.5942]], "eigenvalues": [298.9703, 316.318, 330.2637]}}}}, "functional": "PBE1PBE", "basis": "Def2TZVP", "phase": "solution", "type": "scrf;nmr", "smiles": "O.O.O.O.O.O", "formula": "H12 O6", "formula_pretty": "H2O", "formula_anonymous": "AB2", "formula_alphabetical": "H12 O6", "chemsys": "H-O", "nsites": 18, "nelements": 2, "is_ordered": true, "is_valid": true, "tag": "unknown", "wall_time (s)": 26.161005346104503, "last_updated": "2021-02-08T17:05:18.381019", "_id": null}