{"input": {"molecule": {"charge": 1, "spin_multiplicity": 1, "sites": [{"name": "Mg", "species": [{"element": "Mg", "occu": 1}], "xyz": [10.921429, 43.434786, 25.172869], "properties": {}}, {"name": "O", "species": [{"element": "O", "occu": 1}], "xyz": [9.818095, 42.102802, 26.343611], "properties": {}}, {"name": "C", "species": [{"element": "C", "occu": 1}], "xyz": [8.488918, 41.611485, 26.136981], "properties": {}}, {"name": "C", "species": [{"element": "C", "occu": 1}], "xyz": [10.150388, 42.249443, 27.730502], "properties": {}}, {"name": "C", "species": [{"element": "C", "occu": 1}], "xyz": [11.646121, 42.354986, 27.821954], "properties": {}}, {"name": "O", "species": [{"element": "O", "occu": 1}], "xyz": [12.070178, 43.37708, 26.912962], "properties": {}}, {"name": "C", "species": [{"element": "C", "occu": 1}], "xyz": [13.479303, 43.606799, 26.983819], "properties": {}}, {"name": "H", "species": [{"element": "H", "occu": 1}], "xyz": [8.369317, 40.661275, 26.6609], "properties": {}}, {"name": "H", "species": [{"element": "H", "occu": 1}], "xyz": [8.355492, 41.451525, 25.068736], "properties": {}}, {"name": "H", "species": [{"element": "H", "occu": 1}], "xyz": [9.811178, 41.371708, 28.285237], "properties": {}}, {"name": "H", "species": [{"element": "H", "occu": 1}], "xyz": [9.654458, 43.140226, 28.128338], "properties": {}}, {"name": "H", "species": [{"element": "H", "occu": 1}], "xyz": [12.125083, 41.409868, 27.544239], "properties": {}}, {"name": "H", "species": [{"element": "H", "occu": 1}], "xyz": [11.940404, 42.621943, 28.839838], "properties": {}}, {"name": "H", "species": [{"element": "H", "occu": 1}], "xyz": [14.026576, 42.728604, 26.63001], "properties": {}}, {"name": "H", "species": [{"element": "H", "occu": 1}], "xyz": [13.761074, 43.824068, 28.015936], "properties": {}}, {"name": "H", "species": [{"element": "H", "occu": 1}], "xyz": [13.71063, 44.471581, 26.366009], "properties": {}}, {"name": "H", "species": [{"element": "H", "occu": 1}], "xyz": [7.752812, 42.329815, 26.507359], "properties": {}}, {"name": "O", "species": [{"element": "O", "occu": 1}], "xyz": [11.837488, 41.922788, 24.112526], "properties": {}}, {"name": "C", "species": [{"element": "C", "occu": 1}], "xyz": [11.385429, 40.570552, 23.96685], "properties": {}}, {"name": "C", "species": [{"element": "C", "occu": 1}], "xyz": [12.534753, 42.399965, 22.955048], "properties": {}}, {"name": "C", "species": [{"element": "C", "occu": 1}], "xyz": [13.220494, 43.687703, 23.329651], "properties": {}}, {"name": "O", "species": [{"element": "O", "occu": 1}], "xyz": [12.283031, 44.499631, 24.047062], "properties": {}}, {"name": "C", "species": [{"element": "C", "occu": 1}], "xyz": [12.720718, 45.854489, 24.19579], "properties": {}}, {"name": "H", "species": [{"element": "H", "occu": 1}], "xyz": [10.699133, 40.49162, 23.12153], "properties": {}}, {"name": "H", "species": [{"element": "H", "occu": 1}], "xyz": [10.876308, 40.294444, 24.88765], "properties": {}}, {"name": "H", "species": [{"element": "H", "occu": 1}], "xyz": [11.81789, 42.542326, 22.142617], "properties": {}}, {"name": "H", "species": [{"element": "H", "occu": 1}], "xyz": [13.281137, 41.665036, 22.644968], "properties": {}}, {"name": "H", "species": [{"element": "H", "occu": 1}], "xyz": [13.54581, 44.208826, 22.426132], "properties": {}}, {"name": "H", "species": [{"element": "H", "occu": 1}], "xyz": [14.088879, 43.5054, 23.970964], "properties": {}}, {"name": "H", "species": [{"element": "H", "occu": 1}], "xyz": [12.667399, 46.364766, 23.232421], "properties": {}}, {"name": "H", "species": [{"element": "H", "occu": 1}], "xyz": [13.749124, 45.878117, 24.565139], "properties": {}}, {"name": "H", "species": [{"element": "H", "occu": 1}], "xyz": [12.064315, 46.342325, 24.913956], "properties": {}}, {"name": "H", "species": [{"element": "H", "occu": 1}], "xyz": [12.246825, 39.917706, 23.813854], "properties": {}}, {"name": "N", "species": [{"element": "N", "occu": 1}], "xyz": [9.123656, 44.02578, 23.840617], "properties": {}}, {"name": "S", "species": [{"element": "S", "occu": 1}], "xyz": [8.22477, 43.342218, 22.694851], "properties": {}}, {"name": "O", "species": [{"element": "O", "occu": 1}], "xyz": [8.64157, 41.981933, 22.578577], "properties": {}}, {"name": "O", "species": [{"element": "O", "occu": 1}], "xyz": [6.845671, 43.686444, 22.769243], "properties": {}}, {"name": "C", "species": [{"element": "C", "occu": 1}], "xyz": [8.85635, 44.149529, 21.156178], "properties": {}}, {"name": "F", "species": [{"element": "F", "occu": 1}], "xyz": [8.311336, 43.536517, 20.114287], "properties": {}}, {"name": "F", "species": [{"element": "F", "occu": 1}], "xyz": [10.179847, 44.04884, 21.07593], "properties": {}}, {"name": "F", "species": [{"element": "F", "occu": 1}], "xyz": [8.522574, 45.433124, 21.129107], "properties": {}}, {"name": "S", "species": [{"element": "S", "occu": 1}], "xyz": [8.658622, 45.117472, 24.889677], "properties": {}}, {"name": "O", "species": [{"element": "O", "occu": 1}], "xyz": [9.788614, 45.125003, 25.813905], "properties": {}}, {"name": "O", "species": [{"element": "O", "occu": 1}], "xyz": [7.343419, 45.017873, 25.412907], "properties": {}}, {"name": "C", "species": [{"element": "C", "occu": 1}], "xyz": [8.745893, 46.778979, 24.078736], "properties": {}}, {"name": "F", "species": [{"element": "F", "occu": 1}], "xyz": [7.698407, 46.952796, 23.291686], "properties": {}}, {"name": "F", "species": [{"element": "F", "occu": 1}], "xyz": [8.742281, 47.702056, 25.028981], "properties": {}}, {"name": "F", "species": [{"element": "F", "occu": 1}], "xyz": [9.860993, 46.885148, 23.367255], "properties": {}}]}, "functional": "wB97X", "basis_set": "Def2TZVP", "route_parameters": {"NMR": "GIAO", "iop(7/33=1)": null, "int": "ultrafine", "NoSymmetry": null, "test": null, "SCRF": "(SMD, Solvent=TetraHydroFuran)"}, "title": "Mg1 H20 C10 S2 N1 O8 F6", "charge": 1, "spin_multiplicity": 1, "input_parameters": {}, "link0_parameters": {"%chk": "checkpoint.chk", "%mem": "100GB", "%NProcShared": "24"}, "dieze_tag": "#P", "nbasisfunctions": 1001, "pcm_parameters": {}}, "output": {"has_gaussian_completed": true, "is_pcm": true, "errors": [], "Mulliken_charges": {"1": ["Mg", 0.826197], "2": ["O", -0.348796], "3": ["C", -0.257595], "4": ["C", -0.07496], "5": ["C", -0.072241], "6": ["O", -0.325346], "7": ["C", -0.232526], "8": ["H", 0.175211], "9": ["H", 0.149405], "10": ["H", 0.178982], "11": ["H", 0.175724], "12": ["H", 0.160771], "13": ["H", 0.176687], "14": ["H", 0.163492], "15": ["H", 0.172971], "16": ["H", 0.142803], "17": ["H", 0.174562], "18": ["O", -0.313414], "19": ["C", -0.236445], "20": ["C", -0.086909], "21": ["C", -0.087878], "22": ["O", -0.335654], "23": ["C", -0.267154], "24": ["H", 0.165023], "25": ["H", 0.165955], "26": ["H", 0.156386], "27": ["H", 0.178367], "28": ["H", 0.182204], "29": ["H", 0.16767], "30": ["H", 0.179171], "31": ["H", 0.171486], "32": ["H", 0.177217], "33": ["H", 0.168066], "34": ["N", -0.467409], "35": ["S", 0.779111], "36": ["O", -0.448388], "37": ["O", -0.414351], "38": ["C", 0.436006], "39": ["F", -0.139313], "40": ["F", -0.148939], "41": ["F", -0.145353], "42": ["S", 0.804606], "43": ["O", -0.477028], "44": ["O", -0.39148], "45": ["C", 0.449296], "46": ["F", -0.130287], "47": ["F", -0.135623], "48": ["F", -0.14028]}, "tensor": {"1": {"type": "Mg", "Isotropic": 581.0095, "Anisotropy": 11.9537, "tensor": [], "eigenvalues": [567.6803, 586.3696, 588.9786]}, "2": {"type": "O", "Isotropic": 325.2275, "Anisotropy": 30.1532, "tensor": [[335.5822, 0.1402, 2.8666], [0.1692, 296.5402, 4.527]], "eigenvalues": [296.4779, 333.8748, 345.3296]}, "3": {"type": "C", "Isotropic": 127.0019, "Anisotropy": 88.759, "tensor": [[169.9993, 31.5446, 20.9438], [30.3747, 108.665, 0.9045], [14.0708, 0.9038, 102.3413]], "eigenvalues": [91.3863, 103.4447, 186.1745]}, "4": {"type": "C", "Isotropic": 116.7149, "Anisotropy": 76.2317, "tensor": [[104.7086, 7.6224, 21.3902], [25.6795, 10.9278, 157.9264]], "eigenvalues": [83.0163, 99.5924, 167.536]}, "5": {"type": "C", "Isotropic": 115.4398, "Anisotropy": 67.8037, "tensor": [], "eigenvalues": [85.5106, 100.1665, 160.6422]}, "6": {"type": "O", "Isotropic": 320.3035, "Anisotropy": 40.2699, "tensor": [], "eigenvalues": [290.1956, 323.5648, 347.1501]}, "7": {"type": "C", "Isotropic": 127.7499, "Anisotropy": 92.6041, "tensor": [[184.9817, 20.9545, 1.4224], [19.0828, 98.2833, 1.0752], [4.1992, 1.9266, 99.9845]], "eigenvalues": [93.7627, 100.0009, 189.4859]}, "8": {"type": "H", "Isotropic": 28.1542, "Anisotropy": 9.9262, "tensor": [], "eigenvalues": [24.0911, 25.5999, 34.7717]}, "9": {"type": "H", "Isotropic": 27.4321, "Anisotropy": 6.9665, "tensor": [[27.2988, 3.071, 4.7356]], "eigenvalues": [22.4994, 27.7205, 32.0764]}, "10": {"type": "H", "Isotropic": 28.1397, "Anisotropy": 8.5753, "tensor": [[26.4081, 1.1067, 0.5343]], "eigenvalues": [23.7691, 26.7935, 33.8566]}, "11": {"type": "H", "Isotropic": 27.4029, "Anisotropy": 7.8225, "tensor": [], "eigenvalues": [23.9108, 25.6799, 32.6179]}, "12": {"type": "H", "Isotropic": 27.8411, "Anisotropy": 7.8753, "tensor": [], "eigenvalues": [24.4425, 25.9894, 33.0913]}, "13": {"type": "H", "Isotropic": 27.9184, "Anisotropy": 8.6895, "tensor": [[26.0647, 1.3108, 0.4931]], "eigenvalues": [23.5993, 26.4446, 33.7114]}, "14": {"type": "H", "Isotropic": 28.2306, "Anisotropy": 8.4395, "tensor": [[0.7251, 0.1989, 26.6048]], "eigenvalues": [24.1898, 26.645, 33.8569]}, "15": {"type": "H", "Isotropic": 28.1178, "Anisotropy": 10.5113, "tensor": [[30.7199, 2.0686, 5.9924], [2.4032, 24.8643, 2.0227], [3.0118, 1.4121, 28.7693]], "eigenvalues": [24.0861, 25.142, 35.1253]}, "16": {"type": "H", "Isotropic": 27.9936, "Anisotropy": 6.9489, "tensor": [], "eigenvalues": [22.8032, 28.5514, 32.6262]}, "17": {"type": "H", "Isotropic": 27.8779, "Anisotropy": 7.4752, "tensor": [], "eigenvalues": [23.2981, 27.4743, 32.8614]}, "18": {"type": "O", "Isotropic": 325.5473, "Anisotropy": 35.1775, "tensor": [[16.0012, 325.9771, 5.998]], "eigenvalues": [296.5367, 331.1064, 348.999]}, "19": {"type": "C", "Isotropic": 127.8313, "Anisotropy": 91.5265, "tensor": [[26.4582, 180.3921, 2.9403], [2.1969, 5.9786, 94.5775]], "eigenvalues": [94.1587, 100.4863, 188.849]}, "20": {"type": "C", "Isotropic": 116.0105, "Anisotropy": 73.0834, "tensor": [], "eigenvalues": [82.4246, 100.8742, 164.7328]}, "21": {"type": "C", "Isotropic": 117.1402, "Anisotropy": 71.9348, "tensor": [], "eigenvalues": [84.3958, 101.928, 165.0967]}, "22": {"type": "O", "Isotropic": 325.1886, "Anisotropy": 36.6586, "tensor": [[4.9995, 332.3858, 17.6665]], "eigenvalues": [290.1979, 335.7402, 349.6276]}, "23": {"type": "C", "Isotropic": 127.3273, "Anisotropy": 89.0974, "tensor": [[104.3638, 25.0669, 4.1168], [20.0357, 178.7276, 12.3851], [2.6594, 11.0493, 98.8906]], "eigenvalues": [97.1839, 98.0726, 186.7256]}, "24": {"type": "H", "Isotropic": 27.7753, "Anisotropy": 7.1457, "tensor": [[27.7005, 0.4788, 3.1975], [1.8206, 30.1049, 3.9101], [2.3339, 1.6316, 25.5204]], "eigenvalues": [23.1828, 27.6039, 32.5391]}, "25": {"type": "H", "Isotropic": 27.6746, "Anisotropy": 6.7402, "tensor": [], "eigenvalues": [22.9207, 27.9351, 32.1681]}, "26": {"type": "H", "Isotropic": 27.5049, "Anisotropy": 6.8089, "tensor": [], "eigenvalues": [24.0865, 26.3841, 32.0442]}, "27": {"type": "H", "Isotropic": 28.0966, "Anisotropy": 8.1139, "tensor": [], "eigenvalues": [24.3077, 26.4763, 33.5059]}, "28": {"type": "H", "Isotropic": 28.0022, "Anisotropy": 7.6948, "tensor": [], "eigenvalues": [24.7234, 26.1511, 33.132]}, "29": {"type": "H", "Isotropic": 27.6937, "Anisotropy": 8.2071, "tensor": [], "eigenvalues": [24.3559, 25.5601, 33.1651]}, "30": {"type": "H", "Isotropic": 28.0586, "Anisotropy": 8.6797, "tensor": [], "eigenvalues": [23.7421, 26.5885, 33.8451]}, "31": {"type": "H", "Isotropic": 28.244, "Anisotropy": 9.5914, "tensor": [[29.6909, 3.0466, 1.9644], [6.1228, 29.6194, 0.9745], [2.2687, 0.1631, 25.4218]], "eigenvalues": [23.9825, 26.1113, 34.6383]}, "32": {"type": "H", "Isotropic": 27.9588, "Anisotropy": 6.7295, "tensor": [[27.5515, 1.1188, 0.4491]], "eigenvalues": [23.8788, 27.5525, 32.4452]}, "33": {"type": "H", "Isotropic": 28.1536, "Anisotropy": 10.6273, "tensor": [], "eigenvalues": [24.1938, 25.0285, 35.2385]}, "34": {"type": "N", "Isotropic": 108.2469, "Anisotropy": 82.9047, "tensor": [[79.0158, 7.1122, 17.4056], [9.5489, 121.7765, 35.3734], [16.867, 38.1085, 123.9483]], "eigenvalues": [72.6176, 88.6064, 163.5167]}, "35": {"type": "S", "Isotropic": 174.4796, "Anisotropy": 272.2031, "tensor": [], "eigenvalues": [5.8774, 161.6131, 355.9483]}, "36": {"type": "O", "Isotropic": 130.7399, "Anisotropy": 60.9988, "tensor": [[4.4715, 27.5669, 104.5762]], "eigenvalues": [91.1605, 129.6534, 171.4057]}, "37": {"type": "O", "Isotropic": 139.4168, "Anisotropy": 75.21, "tensor": [], "eigenvalues": [97.5928, 131.1008, 189.5568]}, "38": {"type": "C", "Isotropic": 58.4332, "Anisotropy": 11.3843, "tensor": [[4.8275, 7.1058, 53.4658]], "eigenvalues": [47.1556, 62.1213, 66.0227]}, "39": {"type": "F", "Isotropic": 271.5649, "Anisotropy": 119.7377, "tensor": [[48.0146, 54.6174, 296.6192]], "eigenvalues": [200.8905, 262.4141, 351.39]}, "40": {"type": "F", "Isotropic": 266.9059, "Anisotropy": 122.4317, "tensor": [], "eigenvalues": [200.2026, 251.9879, 348.527]}, "41": {"type": "F", "Isotropic": 269.4683, "Anisotropy": 115.7851, "tensor": [[20.9715, 5.4304, 212.6891]], "eigenvalues": [202.078, 259.6685, 346.6584]}, "42": {"type": "S", "Isotropic": 164.0982, "Anisotropy": 235.2088, "tensor": [], "eigenvalues": [18.1075, 153.2831, 320.9041]}, "43": {"type": "O", "Isotropic": 142.8997, "Anisotropy": 98.9111, "tensor": [[194.9101, 5.7426, 38.2178], [13.9086, 94.9384, 28.424], [16.4482, 16.6841, 138.8507]], "eigenvalues": [85.3924, 134.4663, 208.8405]}, "44": {"type": "O", "Isotropic": 126.8744, "Anisotropy": 19.2784, "tensor": [], "eigenvalues": [109.4017, 131.4947, 139.7266]}, "45": {"type": "C", "Isotropic": 60.6875, "Anisotropy": 11.504, "tensor": [[67.1878, 1.2009, 3.3412], [1.6581, 4.6246, 62.0098]], "eigenvalues": [50.3071, 63.3986, 68.3568]}, "46": {"type": "F", "Isotropic": 264.6889, "Anisotropy": 112.6276, "tensor": [], "eigenvalues": [200.8032, 253.4895, 339.7739]}, "47": {"type": "F", "Isotropic": 264.5621, "Anisotropy": 124.3282, "tensor": [[4.9979, 74.2913, 269.6083]], "eigenvalues": [196.3065, 249.9323, 347.4475]}, "48": {"type": "F", "Isotropic": 264.1415, "Anisotropy": 117.3835, "tensor": [[20.0396, 209.2773, 7.1848]], "eigenvalues": [202.0429, 247.9846, 342.3972]}}, "output": {"energies": [-2645.44873916], "final_energy": -2645.44873916, "final_energy_per_atom": -55.113515399166666, "molecule": {"charge": 0.0, "spin_multiplicity": 2, "sites": [{"name": "Mg", "species": [{"element": "Mg", "occu": 1}], "xyz": [10.921429, 43.434786, 25.172869], "properties": {}}, {"name": "O", "species": [{"element": "O", "occu": 1}], "xyz": [9.818095, 42.102802, 26.343611], "properties": {}}, {"name": "C", "species": [{"element": "C", "occu": 1}], "xyz": [8.488918, 41.611485, 26.136981], "properties": {}}, {"name": "C", "species": [{"element": "C", "occu": 1}], "xyz": [10.150388, 42.249443, 27.730502], "properties": {}}, {"name": "C", "species": [{"element": "C", "occu": 1}], "xyz": [11.646121, 42.354986, 27.821954], "properties": {}}, {"name": "O", "species": [{"element": "O", "occu": 1}], "xyz": [12.070178, 43.37708, 26.912962], "properties": {}}, {"name": "C", "species": [{"element": "C", "occu": 1}], "xyz": [13.479303, 43.606799, 26.983819], "properties": {}}, {"name": "H", "species": [{"element": "H", "occu": 1}], "xyz": [8.369317, 40.661275, 26.6609], "properties": {}}, {"name": "H", "species": [{"element": "H", "occu": 1}], "xyz": [8.355492, 41.451525, 25.068736], "properties": {}}, {"name": "H", "species": [{"element": "H", "occu": 1}], "xyz": [9.811178, 41.371708, 28.285237], "properties": {}}, {"name": "H", "species": [{"element": "H", "occu": 1}], "xyz": [9.654458, 43.140226, 28.128338], "properties": {}}, {"name": "H", "species": [{"element": "H", "occu": 1}], "xyz": [12.125083, 41.409868, 27.544239], "properties": {}}, {"name": "H", "species": [{"element": "H", "occu": 1}], "xyz": [11.940404, 42.621943, 28.839838], "properties": {}}, {"name": "H", "species": [{"element": "H", "occu": 1}], "xyz": [14.026576, 42.728604, 26.63001], "properties": {}}, {"name": "H", "species": [{"element": "H", "occu": 1}], "xyz": [13.761074, 43.824068, 28.015936], "properties": {}}, {"name": "H", "species": [{"element": "H", "occu": 1}], "xyz": [13.71063, 44.471581, 26.366009], "properties": {}}, {"name": "H", "species": [{"element": "H", "occu": 1}], "xyz": [7.752812, 42.329815, 26.507359], "properties": {}}, {"name": "O", "species": [{"element": "O", "occu": 1}], "xyz": [11.837488, 41.922788, 24.112526], "properties": {}}, {"name": "C", "species": [{"element": "C", "occu": 1}], "xyz": [11.385429, 40.570552, 23.96685], "properties": {}}, {"name": "C", "species": [{"element": "C", "occu": 1}], "xyz": [12.534753, 42.399965, 22.955048], "properties": {}}, {"name": "C", "species": [{"element": "C", "occu": 1}], "xyz": [13.220494, 43.687703, 23.329651], "properties": {}}, {"name": "O", "species": [{"element": "O", "occu": 1}], "xyz": [12.283031, 44.499631, 24.047062], "properties": {}}, {"name": "C", "species": [{"element": "C", "occu": 1}], "xyz": [12.720718, 45.854489, 24.19579], "properties": {}}, {"name": "H", "species": [{"element": "H", "occu": 1}], "xyz": [10.699133, 40.49162, 23.12153], "properties": {}}, {"name": "H", "species": [{"element": "H", "occu": 1}], "xyz": [10.876308, 40.294444, 24.88765], "properties": {}}, {"name": "H", "species": [{"element": "H", "occu": 1}], "xyz": [11.81789, 42.542326, 22.142617], "properties": {}}, {"name": "H", "species": [{"element": "H", "occu": 1}], "xyz": [13.281137, 41.665036, 22.644968], "properties": {}}, {"name": "H", "species": [{"element": "H", "occu": 1}], "xyz": [13.54581, 44.208826, 22.426132], "properties": {}}, {"name": "H", "species": [{"element": "H", "occu": 1}], "xyz": [14.088879, 43.5054, 23.970964], "properties": {}}, {"name": "H", "species": [{"element": "H", "occu": 1}], "xyz": [12.667399, 46.364766, 23.232421], "properties": {}}, {"name": "H", "species": [{"element": "H", "occu": 1}], "xyz": [13.749124, 45.878117, 24.565139], "properties": {}}, {"name": "H", "species": [{"element": "H", "occu": 1}], "xyz": [12.064315, 46.342325, 24.913956], "properties": {}}, {"name": "H", "species": [{"element": "H", "occu": 1}], "xyz": [12.246825, 39.917706, 23.813854], "properties": {}}, {"name": "N", "species": [{"element": "N", "occu": 1}], "xyz": [9.123656, 44.02578, 23.840617], "properties": {}}, {"name": "S", "species": [{"element": "S", "occu": 1}], "xyz": [8.22477, 43.342218, 22.694851], "properties": {}}, {"name": "O", "species": [{"element": "O", "occu": 1}], "xyz": [8.64157, 41.981933, 22.578577], "properties": {}}, {"name": "O", "species": [{"element": "O", "occu": 1}], "xyz": [6.845671, 43.686444, 22.769243], "properties": {}}, {"name": "C", "species": [{"element": "C", "occu": 1}], "xyz": [8.85635, 44.149529, 21.156178], "properties": {}}, {"name": "F", "species": [{"element": "F", "occu": 1}], "xyz": [8.311336, 43.536517, 20.114287], "properties": {}}, {"name": "F", "species": [{"element": "F", "occu": 1}], "xyz": [10.179847, 44.04884, 21.07593], "properties": {}}, {"name": "F", "species": [{"element": "F", "occu": 1}], "xyz": [8.522574, 45.433124, 21.129107], "properties": {}}, {"name": "S", "species": [{"element": "S", "occu": 1}], "xyz": [8.658622, 45.117472, 24.889677], "properties": {}}, {"name": "O", "species": [{"element": "O", "occu": 1}], "xyz": [9.788614, 45.125003, 25.813905], "properties": {}}, {"name": "O", "species": [{"element": "O", "occu": 1}], "xyz": [7.343419, 45.017873, 25.412907], "properties": {}}, {"name": "C", "species": [{"element": "C", "occu": 1}], "xyz": [8.745893, 46.778979, 24.078736], "properties": {}}, {"name": "F", "species": [{"element": "F", "occu": 1}], "xyz": [7.698407, 46.952796, 23.291686], "properties": {}}, {"name": "F", "species": [{"element": "F", "occu": 1}], "xyz": [8.742281, 47.702056, 25.028981], "properties": {}}, {"name": "F", "species": [{"element": "F", "occu": 1}], "xyz": [9.860993, 46.885148, 23.367255], "properties": {}}]}, "stationary_type": "Minimum", "corrections": {}, "tensor": {"1": {"type": "Mg", "Isotropic": 581.0095, "Anisotropy": 11.9537, "tensor": [], "eigenvalues": [567.6803, 586.3696, 588.9786]}, "2": {"type": "O", "Isotropic": 325.2275, "Anisotropy": 30.1532, "tensor": [[335.5822, 0.1402, 2.8666], [0.1692, 296.5402, 4.527]], "eigenvalues": [296.4779, 333.8748, 345.3296]}, "3": {"type": "C", "Isotropic": 127.0019, "Anisotropy": 88.759, "tensor": [[169.9993, 31.5446, 20.9438], [30.3747, 108.665, 0.9045], [14.0708, 0.9038, 102.3413]], "eigenvalues": [91.3863, 103.4447, 186.1745]}, "4": {"type": "C", "Isotropic": 116.7149, "Anisotropy": 76.2317, "tensor": [[104.7086, 7.6224, 21.3902], [25.6795, 10.9278, 157.9264]], "eigenvalues": [83.0163, 99.5924, 167.536]}, "5": {"type": "C", "Isotropic": 115.4398, "Anisotropy": 67.8037, "tensor": [], "eigenvalues": [85.5106, 100.1665, 160.6422]}, "6": {"type": "O", "Isotropic": 320.3035, "Anisotropy": 40.2699, "tensor": [], "eigenvalues": [290.1956, 323.5648, 347.1501]}, "7": {"type": "C", "Isotropic": 127.7499, "Anisotropy": 92.6041, "tensor": [[184.9817, 20.9545, 1.4224], [19.0828, 98.2833, 1.0752], [4.1992, 1.9266, 99.9845]], "eigenvalues": [93.7627, 100.0009, 189.4859]}, "8": {"type": "H", "Isotropic": 28.1542, "Anisotropy": 9.9262, "tensor": [], "eigenvalues": [24.0911, 25.5999, 34.7717]}, "9": {"type": "H", "Isotropic": 27.4321, "Anisotropy": 6.9665, "tensor": [[27.2988, 3.071, 4.7356]], "eigenvalues": [22.4994, 27.7205, 32.0764]}, "10": {"type": "H", "Isotropic": 28.1397, "Anisotropy": 8.5753, "tensor": [[26.4081, 1.1067, 0.5343]], "eigenvalues": [23.7691, 26.7935, 33.8566]}, "11": {"type": "H", "Isotropic": 27.4029, "Anisotropy": 7.8225, "tensor": [], "eigenvalues": [23.9108, 25.6799, 32.6179]}, "12": {"type": "H", "Isotropic": 27.8411, "Anisotropy": 7.8753, "tensor": [], "eigenvalues": [24.4425, 25.9894, 33.0913]}, "13": {"type": "H", "Isotropic": 27.9184, "Anisotropy": 8.6895, "tensor": [[26.0647, 1.3108, 0.4931]], "eigenvalues": [23.5993, 26.4446, 33.7114]}, "14": {"type": "H", "Isotropic": 28.2306, "Anisotropy": 8.4395, "tensor": [[0.7251, 0.1989, 26.6048]], "eigenvalues": [24.1898, 26.645, 33.8569]}, "15": {"type": "H", "Isotropic": 28.1178, "Anisotropy": 10.5113, "tensor": [[30.7199, 2.0686, 5.9924], [2.4032, 24.8643, 2.0227], [3.0118, 1.4121, 28.7693]], "eigenvalues": [24.0861, 25.142, 35.1253]}, "16": {"type": "H", "Isotropic": 27.9936, "Anisotropy": 6.9489, "tensor": [], "eigenvalues": [22.8032, 28.5514, 32.6262]}, "17": {"type": "H", "Isotropic": 27.8779, "Anisotropy": 7.4752, "tensor": [], "eigenvalues": [23.2981, 27.4743, 32.8614]}, "18": {"type": "O", "Isotropic": 325.5473, "Anisotropy": 35.1775, "tensor": [[16.0012, 325.9771, 5.998]], "eigenvalues": [296.5367, 331.1064, 348.999]}, "19": {"type": "C", "Isotropic": 127.8313, "Anisotropy": 91.5265, "tensor": [[26.4582, 180.3921, 2.9403], [2.1969, 5.9786, 94.5775]], "eigenvalues": [94.1587, 100.4863, 188.849]}, "20": {"type": "C", "Isotropic": 116.0105, "Anisotropy": 73.0834, "tensor": [], "eigenvalues": [82.4246, 100.8742, 164.7328]}, "21": {"type": "C", "Isotropic": 117.1402, "Anisotropy": 71.9348, "tensor": [], "eigenvalues": [84.3958, 101.928, 165.0967]}, "22": {"type": "O", "Isotropic": 325.1886, "Anisotropy": 36.6586, "tensor": [[4.9995, 332.3858, 17.6665]], "eigenvalues": [290.1979, 335.7402, 349.6276]}, "23": {"type": "C", "Isotropic": 127.3273, "Anisotropy": 89.0974, "tensor": [[104.3638, 25.0669, 4.1168], [20.0357, 178.7276, 12.3851], [2.6594, 11.0493, 98.8906]], "eigenvalues": [97.1839, 98.0726, 186.7256]}, "24": {"type": "H", "Isotropic": 27.7753, "Anisotropy": 7.1457, "tensor": [[27.7005, 0.4788, 3.1975], [1.8206, 30.1049, 3.9101], [2.3339, 1.6316, 25.5204]], "eigenvalues": [23.1828, 27.6039, 32.5391]}, "25": {"type": "H", "Isotropic": 27.6746, "Anisotropy": 6.7402, "tensor": [], "eigenvalues": [22.9207, 27.9351, 32.1681]}, "26": {"type": "H", "Isotropic": 27.5049, "Anisotropy": 6.8089, "tensor": [], "eigenvalues": [24.0865, 26.3841, 32.0442]}, "27": {"type": "H", "Isotropic": 28.0966, "Anisotropy": 8.1139, "tensor": [], "eigenvalues": [24.3077, 26.4763, 33.5059]}, "28": {"type": "H", "Isotropic": 28.0022, "Anisotropy": 7.6948, "tensor": [], "eigenvalues": [24.7234, 26.1511, 33.132]}, "29": {"type": "H", "Isotropic": 27.6937, "Anisotropy": 8.2071, "tensor": [], "eigenvalues": [24.3559, 25.5601, 33.1651]}, "30": {"type": "H", "Isotropic": 28.0586, "Anisotropy": 8.6797, "tensor": [], "eigenvalues": [23.7421, 26.5885, 33.8451]}, "31": {"type": "H", "Isotropic": 28.244, "Anisotropy": 9.5914, "tensor": [[29.6909, 3.0466, 1.9644], [6.1228, 29.6194, 0.9745], [2.2687, 0.1631, 25.4218]], "eigenvalues": [23.9825, 26.1113, 34.6383]}, "32": {"type": "H", "Isotropic": 27.9588, "Anisotropy": 6.7295, "tensor": [[27.5515, 1.1188, 0.4491]], "eigenvalues": [23.8788, 27.5525, 32.4452]}, "33": {"type": "H", "Isotropic": 28.1536, "Anisotropy": 10.6273, "tensor": [], "eigenvalues": [24.1938, 25.0285, 35.2385]}, "34": {"type": "N", "Isotropic": 108.2469, "Anisotropy": 82.9047, "tensor": [[79.0158, 7.1122, 17.4056], [9.5489, 121.7765, 35.3734], [16.867, 38.1085, 123.9483]], "eigenvalues": [72.6176, 88.6064, 163.5167]}, "35": {"type": "S", "Isotropic": 174.4796, "Anisotropy": 272.2031, "tensor": [], "eigenvalues": [5.8774, 161.6131, 355.9483]}, "36": {"type": "O", "Isotropic": 130.7399, "Anisotropy": 60.9988, "tensor": [[4.4715, 27.5669, 104.5762]], "eigenvalues": [91.1605, 129.6534, 171.4057]}, "37": {"type": "O", "Isotropic": 139.4168, "Anisotropy": 75.21, "tensor": [], "eigenvalues": [97.5928, 131.1008, 189.5568]}, "38": {"type": "C", "Isotropic": 58.4332, "Anisotropy": 11.3843, "tensor": [[4.8275, 7.1058, 53.4658]], "eigenvalues": [47.1556, 62.1213, 66.0227]}, "39": {"type": "F", "Isotropic": 271.5649, "Anisotropy": 119.7377, "tensor": [[48.0146, 54.6174, 296.6192]], "eigenvalues": [200.8905, 262.4141, 351.39]}, "40": {"type": "F", "Isotropic": 266.9059, "Anisotropy": 122.4317, "tensor": [], "eigenvalues": [200.2026, 251.9879, 348.527]}, "41": {"type": "F", "Isotropic": 269.4683, "Anisotropy": 115.7851, "tensor": [[20.9715, 5.4304, 212.6891]], "eigenvalues": [202.078, 259.6685, 346.6584]}, "42": {"type": "S", "Isotropic": 164.0982, "Anisotropy": 235.2088, "tensor": [], "eigenvalues": [18.1075, 153.2831, 320.9041]}, "43": {"type": "O", "Isotropic": 142.8997, "Anisotropy": 98.9111, "tensor": [[194.9101, 5.7426, 38.2178], [13.9086, 94.9384, 28.424], [16.4482, 16.6841, 138.8507]], "eigenvalues": [85.3924, 134.4663, 208.8405]}, "44": {"type": "O", "Isotropic": 126.8744, "Anisotropy": 19.2784, "tensor": [], "eigenvalues": [109.4017, 131.4947, 139.7266]}, "45": {"type": "C", "Isotropic": 60.6875, "Anisotropy": 11.504, "tensor": [[67.1878, 1.2009, 3.3412], [1.6581, 4.6246, 62.0098]], "eigenvalues": [50.3071, 63.3986, 68.3568]}, "46": {"type": "F", "Isotropic": 264.6889, "Anisotropy": 112.6276, "tensor": [], "eigenvalues": [200.8032, 253.4895, 339.7739]}, "47": {"type": "F", "Isotropic": 264.5621, "Anisotropy": 124.3282, "tensor": [[4.9979, 74.2913, 269.6083]], "eigenvalues": [196.3065, 249.9323, 347.4475]}, "48": {"type": "F", "Isotropic": 264.1415, "Anisotropy": 117.3835, "tensor": [[20.0396, 209.2773, 7.1848]], "eigenvalues": [202.0429, 247.9846, 342.3972]}}}}, "functional": "wB97X", "basis": "Def2TZVP", "phase": "solution", "type": "scrf;nmr", "smiles": "[Mg].O(C)CCOC.O(C)CCOC.[N](S(=O)(=O)C(F)(F)F)S(=O)(=O)C(F)(F)F", "formula": "Mg1 H20 C10 S2 N1 O8 F6", "formula_pretty": "MgH20C10S2N(O4F3)2", "formula_anonymous": "ABC2D6E8F10G20", "formula_alphabetical": "C10 F6 H20 Mg1 N1 O8 S2", "chemsys": "C-F-H-Mg-N-O-S", "nsites": 48, "nelements": 7, "is_ordered": true, "is_valid": true, "tag": "oplsd_6", "wall_time (s)": 2073.4451614620048, "last_updated": "2021-03-24T01:26:16.024499", "_id": null}