{"input": {"molecule": {"charge": 1, "spin_multiplicity": 1, "sites": [{"name": "Mg", "species": [{"element": "Mg", "occu": 1}], "xyz": [14.976602, 6.119657, 17.460687], "properties": {}}, {"name": "O", "species": [{"element": "O", "occu": 1}], "xyz": [14.421901, 8.112071, 17.420173], "properties": {}}, {"name": "C", "species": [{"element": "C", "occu": 1}], "xyz": [13.293638, 8.774264, 17.998854], "properties": {}}, {"name": "C", "species": [{"element": "C", "occu": 1}], "xyz": [15.018452, 8.857421, 16.351697], "properties": {}}, {"name": "C", "species": [{"element": "C", "occu": 1}], "xyz": [16.388098, 8.288295, 16.103621], "properties": {}}, {"name": "O", "species": [{"element": "O", "occu": 1}], "xyz": [16.253899, 6.866951, 15.991551], "properties": {}}, {"name": "C", "species": [{"element": "C", "occu": 1}], "xyz": [17.483917, 6.231063, 15.628248], "properties": {}}, {"name": "H", "species": [{"element": "H", "occu": 1}], "xyz": [13.624882, 9.667953, 18.530616], "properties": {}}, {"name": "H", "species": [{"element": "H", "occu": 1}], "xyz": [12.821943, 8.082256, 18.693638], "properties": {}}, {"name": "H", "species": [{"element": "H", "occu": 1}], "xyz": [15.104548, 9.908181, 16.638069], "properties": {}}, {"name": "H", "species": [{"element": "H", "occu": 1}], "xyz": [14.380795, 8.777557, 15.46524], "properties": {}}, {"name": "H", "species": [{"element": "H", "occu": 1}], "xyz": [17.068272, 8.519616, 16.929709], "properties": {}}, {"name": "H", "species": [{"element": "H", "occu": 1}], "xyz": [16.798031, 8.696572, 15.176689], "properties": {}}, {"name": "H", "species": [{"element": "H", "occu": 1}], "xyz": [17.830118, 6.628191, 14.671986], "properties": {}}, {"name": "H", "species": [{"element": "H", "occu": 1}], "xyz": [17.28588, 5.165953, 15.528899], "properties": {}}, {"name": "H", "species": [{"element": "H", "occu": 1}], "xyz": [18.243138, 6.402862, 16.396072], "properties": {}}, {"name": "H", "species": [{"element": "H", "occu": 1}], "xyz": [12.582431, 9.059872, 17.219613], "properties": {}}, {"name": "O", "species": [{"element": "O", "occu": 1}], "xyz": [13.412338, 5.44775, 16.289232], "properties": {}}, {"name": "C", "species": [{"element": "C", "occu": 1}], "xyz": [12.498245, 6.251892, 15.541524], "properties": {}}, {"name": "C", "species": [{"element": "C", "occu": 1}], "xyz": [13.669154, 4.189305, 15.656396], "properties": {}}, {"name": "C", "species": [{"element": "C", "occu": 1}], "xyz": [14.447939, 3.339212, 16.620329], "properties": {}}, {"name": "O", "species": [{"element": "O", "occu": 1}], "xyz": [15.531257, 4.136478, 17.114533], "properties": {}}, {"name": "C", "species": [{"element": "C", "occu": 1}], "xyz": [16.535972, 3.35914, 17.77606], "properties": {}}, {"name": "H", "species": [{"element": "H", "occu": 1}], "xyz": [11.571232, 5.697422, 15.383746], "properties": {}}, {"name": "H", "species": [{"element": "H", "occu": 1}], "xyz": [12.934258, 6.52548, 14.5768], "properties": {}}, {"name": "H", "species": [{"element": "H", "occu": 1}], "xyz": [14.232895, 4.365234, 14.734264], "properties": {}}, {"name": "H", "species": [{"element": "H", "occu": 1}], "xyz": [12.723666, 3.699613, 15.4125], "properties": {}}, {"name": "H", "species": [{"element": "H", "occu": 1}], "xyz": [14.841084, 2.461429, 16.102364], "properties": {}}, {"name": "H", "species": [{"element": "H", "occu": 1}], "xyz": [13.828525, 3.013329, 17.460767], "properties": {}}, {"name": "H", "species": [{"element": "H", "occu": 1}], "xyz": [16.936863, 2.619553, 17.080328], "properties": {}}, {"name": "H", "species": [{"element": "H", "occu": 1}], "xyz": [16.112872, 2.85208, 18.647388], "properties": {}}, {"name": "H", "species": [{"element": "H", "occu": 1}], "xyz": [17.33042, 4.034093, 18.086539], "properties": {}}, {"name": "H", "species": [{"element": "H", "occu": 1}], "xyz": [12.281519, 7.143686, 16.124267], "properties": {}}, {"name": "N", "species": [{"element": "N", "occu": 1}], "xyz": [14.352517, 5.792316, 19.637608], "properties": {}}, {"name": "S", "species": [{"element": "S", "occu": 1}], "xyz": [13.236166, 4.793183, 20.235852], "properties": {}}, {"name": "O", "species": [{"element": "O", "occu": 1}], "xyz": [12.327945, 4.526552, 19.169233], "properties": {}}, {"name": "O", "species": [{"element": "O", "occu": 1}], "xyz": [13.775999, 3.735079, 21.019436], "properties": {}}, {"name": "C", "species": [{"element": "C", "occu": 1}], "xyz": [12.270335, 5.839243, 21.41833], "properties": {}}, {"name": "F", "species": [{"element": "F", "occu": 1}], "xyz": [12.938592, 6.00483, 22.550759], "properties": {}}, {"name": "F", "species": [{"element": "F", "occu": 1}], "xyz": [11.127489, 5.21811, 21.677896], "properties": {}}, {"name": "F", "species": [{"element": "F", "occu": 1}], "xyz": [12.006697, 7.030833, 20.890075], "properties": {}}, {"name": "S", "species": [{"element": "S", "occu": 1}], "xyz": [15.831539, 6.023014, 20.163473], "properties": {}}, {"name": "O", "species": [{"element": "O", "occu": 1}], "xyz": [16.536998, 6.368972, 18.934918], "properties": {}}, {"name": "O", "species": [{"element": "O", "occu": 1}], "xyz": [16.396168, 5.065949, 21.04532], "properties": {}}, {"name": "C", "species": [{"element": "C", "occu": 1}], "xyz": [15.813522, 7.617196, 21.10172], "properties": {}}, {"name": "F", "species": [{"element": "F", "occu": 1}], "xyz": [17.070408, 7.989423, 21.297943], "properties": {}}, {"name": "F", "species": [{"element": "F", "occu": 1}], "xyz": [15.180755, 8.557253, 20.412795], "properties": {}}, {"name": "F", "species": [{"element": "F", "occu": 1}], "xyz": [15.216587, 7.451281, 22.270041], "properties": {}}]}, "functional": "wB97X", "basis_set": "Def2TZVP", "route_parameters": {"NMR": "GIAO", "iop(7/33=1)": null, "int": "ultrafine", "NoSymmetry": null, "test": null, "SCRF": "(SMD, Solvent=TetraHydroFuran)"}, "title": "Mg1 H20 C10 S2 N1 O8 F6", "charge": 1, "spin_multiplicity": 1, "input_parameters": {}, "link0_parameters": {"%chk": "checkpoint.chk", "%mem": "100GB", "%NProcShared": "24"}, "dieze_tag": "#P", "nbasisfunctions": 1001, "pcm_parameters": {}}, "output": {"has_gaussian_completed": true, "is_pcm": true, "errors": [], "Mulliken_charges": {"1": ["Mg", 0.83526], "2": ["O", -0.337439], "3": ["C", -0.257276], "4": ["C", -0.081293], "5": ["C", -0.088717], "6": ["O", -0.31744], "7": ["C", -0.23627], "8": ["H", 0.17853], "9": ["H", 0.15716], "10": ["H", 0.179219], "11": ["H", 0.166504], "12": ["H", 0.175122], "13": ["H", 0.176477], "14": ["H", 0.167662], "15": ["H", 0.164945], "16": ["H", 0.171557], "17": ["H", 0.171592], "18": ["O", -0.326353], "19": ["C", -0.231996], "20": ["C", -0.070885], "21": ["C", -0.086583], "22": ["O", -0.347905], "23": ["C", -0.266115], "24": ["H", 0.173018], "25": ["H", 0.164795], "26": ["H", 0.162579], "27": ["H", 0.179364], "28": ["H", 0.178996], "29": ["H", 0.162024], "30": ["H", 0.174876], "31": ["H", 0.174333], "32": ["H", 0.175311], "33": ["H", 0.143125], "34": ["N", -0.489359], "35": ["S", 0.802629], "36": ["O", -0.439637], "37": ["O", -0.415305], "38": ["C", 0.421949], "39": ["F", -0.141294], "40": ["F", -0.139424], "41": ["F", -0.148331], "42": ["S", 0.773848], "43": ["O", -0.470595], "44": ["O", -0.387926], "45": ["C", 0.459928], "46": ["F", -0.137835], "47": ["F", -0.138126], "48": ["F", -0.134698]}, "tensor": {"1": {"type": "Mg", "Isotropic": 579.8436, "Anisotropy": 15.0562, "tensor": [[569.8462, 1.3807, 4.4042], [2.4488, 3.0331, 579.871]], "eigenvalues": [568.7869, 580.8629, 589.8811]}, "2": {"type": "O", "Isotropic": 326.1242, "Anisotropy": 38.7695, "tensor": [], "eigenvalues": [295.6234, 330.7787, 351.9706]}, "3": {"type": "C", "Isotropic": 126.8688, "Anisotropy": 88.7256, "tensor": [], "eigenvalues": [96.6766, 97.9107, 186.0193]}, "4": {"type": "C", "Isotropic": 117.2472, "Anisotropy": 71.8225, "tensor": [], "eigenvalues": [84.6559, 101.9568, 165.1289]}, "5": {"type": "C", "Isotropic": 116.2899, "Anisotropy": 69.5279, "tensor": [], "eigenvalues": [85.9999, 100.2279, 162.6418]}, "6": {"type": "O", "Isotropic": 321.4435, "Anisotropy": 32.9432, "tensor": [[2.2898, 338.9326, 4.0375]], "eigenvalues": [293.7143, 327.2106, 343.4057]}, "7": {"type": "C", "Isotropic": 128.3483, "Anisotropy": 91.8823, "tensor": [], "eigenvalues": [94.6292, 100.8126, 189.6032]}, "8": {"type": "H", "Isotropic": 28.1317, "Anisotropy": 8.3616, "tensor": [], "eigenvalues": [24.1046, 26.5844, 33.7061]}, "9": {"type": "H", "Isotropic": 27.7493, "Anisotropy": 8.0348, "tensor": [], "eigenvalues": [23.0425, 27.0995, 33.1058]}, "10": {"type": "H", "Isotropic": 28.0202, "Anisotropy": 8.2506, "tensor": [], "eigenvalues": [23.9434, 26.5966, 33.5205]}, "11": {"type": "H", "Isotropic": 27.6875, "Anisotropy": 8.4428, "tensor": [], "eigenvalues": [24.248, 25.4983, 33.316]}, "12": {"type": "H", "Isotropic": 27.7793, "Anisotropy": 6.8514, "tensor": [[27.5253, 2.0735, 0.655], [4.06, 29.6618, 2.4096], [0.6143, 1.0209, 26.1509]], "eigenvalues": [25.0131, 25.978, 32.3469]}, "13": {"type": "H", "Isotropic": 28.0623, "Anisotropy": 8.86, "tensor": [], "eigenvalues": [23.7948, 26.423, 33.9689]}, "14": {"type": "H", "Isotropic": 28.2089, "Anisotropy": 10.7172, "tensor": [], "eigenvalues": [24.1598, 25.1131, 35.3537]}, "15": {"type": "H", "Isotropic": 27.8169, "Anisotropy": 6.9134, "tensor": [], "eigenvalues": [22.6346, 28.3903, 32.4259]}, "16": {"type": "H", "Isotropic": 28.2066, "Anisotropy": 8.4855, "tensor": [], "eigenvalues": [24.1376, 26.6186, 33.8635]}, "17": {"type": "H", "Isotropic": 28.1497, "Anisotropy": 8.8501, "tensor": [], "eigenvalues": [24.6643, 25.7351, 34.0498]}, "18": {"type": "O", "Isotropic": 323.7127, "Anisotropy": 33.5162, "tensor": [[10.0136, 16.8435, 333.5063]], "eigenvalues": [294.6176, 330.4635, 346.0568]}, "19": {"type": "C", "Isotropic": 128.4929, "Anisotropy": 92.2156, "tensor": [], "eigenvalues": [94.5477, 100.9609, 189.9699]}, "20": {"type": "C", "Isotropic": 117.1145, "Anisotropy": 70.6549, "tensor": [], "eigenvalues": [85.4685, 101.6572, 164.2178]}, "21": {"type": "C", "Isotropic": 117.3367, "Anisotropy": 70.6854, "tensor": [[137.274, 15.4279, 25.2441], [27.8974, 114.1638, 11.9823], [28.9906, 14.5734, 100.5724]], "eigenvalues": [86.0452, 101.5047, 164.4603]}, "22": {"type": "O", "Isotropic": 322.8813, "Anisotropy": 34.5252, "tensor": [[325.4329, 13.0531, 20.5842]], "eigenvalues": [294.6994, 328.0464, 345.8981]}, "23": {"type": "C", "Isotropic": 127.498, "Anisotropy": 89.2122, "tensor": [], "eigenvalues": [93.774, 101.7472, 186.9729]}, "24": {"type": "H", "Isotropic": 28.1943, "Anisotropy": 10.0652, "tensor": [[33.0048, 0.811, 3.7074], [4.1497, 0.1484, 26.546]], "eigenvalues": [24.477, 25.2015, 34.9044]}, "25": {"type": "H", "Isotropic": 28.1637, "Anisotropy": 9.1781, "tensor": [], "eigenvalues": [24.1551, 26.0535, 34.2824]}, "26": {"type": "H", "Isotropic": 27.692, "Anisotropy": 8.2565, "tensor": [], "eigenvalues": [24.2492, 25.6304, 33.1963]}, "27": {"type": "H", "Isotropic": 28.0529, "Anisotropy": 8.0625, "tensor": [[27.964, 1.0883, 2.588], [3.6538, 29.3003, 3.3976], [3.1004, 2.0478, 26.8943]], "eigenvalues": [24.4116, 26.3191, 33.4279]}, "28": {"type": "H", "Isotropic": 28.0341, "Anisotropy": 8.3278, "tensor": [[25.8504, 1.1773, 1.7598], [0.4966, 4.3781, 26.5322]], "eigenvalues": [24.0721, 26.4443, 33.586]}, "29": {"type": "H", "Isotropic": 27.3066, "Anisotropy": 5.9866, "tensor": [], "eigenvalues": [24.1041, 26.5181, 31.2977]}, "30": {"type": "H", "Isotropic": 28.1851, "Anisotropy": 10.2345, "tensor": [], "eigenvalues": [24.1981, 25.3492, 35.0082]}, "31": {"type": "H", "Isotropic": 27.9415, "Anisotropy": 7.6659, "tensor": [], "eigenvalues": [23.4617, 27.3106, 33.0521]}, "32": {"type": "H", "Isotropic": 27.6515, "Anisotropy": 6.4902, "tensor": [[3.0911, 1.5234, 25.9742]], "eigenvalues": [23.7494, 27.2267, 31.9783]}, "33": {"type": "H", "Isotropic": 28.0062, "Anisotropy": 6.5925, "tensor": [], "eigenvalues": [23.0785, 28.539, 32.4012]}, "34": {"type": "N", "Isotropic": 109.5766, "Anisotropy": 81.6617, "tensor": [[28.8467, 92.8881, 3.7752]], "eigenvalues": [71.7358, 92.9761, 164.0177]}, "35": {"type": "S", "Isotropic": 176.6874, "Anisotropy": 271.4095, "tensor": [], "eigenvalues": [13.4303, 159.0047, 357.6271]}, "36": {"type": "O", "Isotropic": 127.2055, "Anisotropy": 67.749, "tensor": [[137.7275, 9.5918, 34.2433]], "eigenvalues": [81.4346, 127.8104, 172.3715]}, "37": {"type": "O", "Isotropic": 129.9605, "Anisotropy": 52.194, "tensor": [[110.2924, 12.2611, 17.4674]], "eigenvalues": [99.7156, 125.4094, 164.7565]}, "38": {"type": "C", "Isotropic": 59.7799, "Anisotropy": 8.5329, "tensor": [[61.0544, 5.1631, 3.612]], "eigenvalues": [50.0475, 63.8237, 65.4685]}, "39": {"type": "F", "Isotropic": 265.2017, "Anisotropy": 115.6188, "tensor": [[242.6275, 29.169, 54.5131], [32.7975, 243.5639, 6.5056]], "eigenvalues": [197.487, 255.8373, 342.2809]}, "40": {"type": "F", "Isotropic": 267.7753, "Anisotropy": 122.4689, "tensor": [], "eigenvalues": [197.1595, 256.7452, 349.4213]}, "41": {"type": "F", "Isotropic": 266.1851, "Anisotropy": 122.83, "tensor": [], "eigenvalues": [199.042, 251.4415, 348.0718]}, "42": {"type": "S", "Isotropic": 165.2648, "Anisotropy": 228.8043, "tensor": [], "eigenvalues": [15.5666, 162.4267, 317.801]}, "43": {"type": "O", "Isotropic": 141.8178, "Anisotropy": 90.9442, "tensor": [], "eigenvalues": [90.8834, 132.1227, 202.4473]}, "44": {"type": "O", "Isotropic": 143.2819, "Anisotropy": 44.6376, "tensor": [], "eigenvalues": [115.0066, 141.7989, 173.0403]}, "45": {"type": "C", "Isotropic": 60.5025, "Anisotropy": 10.3209, "tensor": [], "eigenvalues": [49.134, 64.9905, 67.3831]}, "46": {"type": "F", "Isotropic": 267.0575, "Anisotropy": 124.0689, "tensor": [[331.5585, 42.5332, 22.0823]], "eigenvalues": [198.8033, 252.5991, 349.7701]}, "47": {"type": "F", "Isotropic": 265.2965, "Anisotropy": 122.7682, "tensor": [], "eigenvalues": [200.0159, 248.7316, 347.142]}, "48": {"type": "F", "Isotropic": 266.3815, "Anisotropy": 117.8935, "tensor": [], "eigenvalues": [200.4384, 253.7289, 344.9772]}}, "output": {"energies": [-2645.44747239], "final_energy": -2645.44747239, "final_energy_per_atom": -55.11348900812499, "molecule": {"charge": 0.0, "spin_multiplicity": 2, "sites": [{"name": "Mg", "species": [{"element": "Mg", "occu": 1}], "xyz": [14.976602, 6.119657, 17.460687], "properties": {}}, {"name": "O", "species": [{"element": "O", "occu": 1}], "xyz": [14.421901, 8.112071, 17.420173], "properties": {}}, {"name": "C", "species": [{"element": "C", "occu": 1}], "xyz": [13.293638, 8.774264, 17.998854], "properties": {}}, {"name": "C", "species": [{"element": "C", "occu": 1}], "xyz": [15.018452, 8.857421, 16.351697], "properties": {}}, {"name": "C", "species": [{"element": "C", "occu": 1}], "xyz": [16.388098, 8.288295, 16.103621], "properties": {}}, {"name": "O", "species": [{"element": "O", "occu": 1}], "xyz": [16.253899, 6.866951, 15.991551], "properties": {}}, {"name": "C", "species": [{"element": "C", "occu": 1}], "xyz": [17.483917, 6.231063, 15.628248], "properties": {}}, {"name": "H", "species": [{"element": "H", "occu": 1}], "xyz": [13.624882, 9.667953, 18.530616], "properties": {}}, {"name": "H", "species": [{"element": "H", "occu": 1}], "xyz": [12.821943, 8.082256, 18.693638], "properties": {}}, {"name": "H", "species": [{"element": "H", "occu": 1}], "xyz": [15.104548, 9.908181, 16.638069], "properties": {}}, {"name": "H", "species": [{"element": "H", "occu": 1}], "xyz": [14.380795, 8.777557, 15.46524], "properties": {}}, {"name": "H", "species": [{"element": "H", "occu": 1}], "xyz": [17.068272, 8.519616, 16.929709], "properties": {}}, {"name": "H", "species": [{"element": "H", "occu": 1}], "xyz": [16.798031, 8.696572, 15.176689], "properties": {}}, {"name": "H", "species": [{"element": "H", "occu": 1}], "xyz": [17.830118, 6.628191, 14.671986], "properties": {}}, {"name": "H", "species": [{"element": "H", "occu": 1}], "xyz": [17.28588, 5.165953, 15.528899], "properties": {}}, {"name": "H", "species": [{"element": "H", "occu": 1}], "xyz": [18.243138, 6.402862, 16.396072], "properties": {}}, {"name": "H", "species": [{"element": "H", "occu": 1}], "xyz": [12.582431, 9.059872, 17.219613], "properties": {}}, {"name": "O", "species": [{"element": "O", "occu": 1}], "xyz": [13.412338, 5.44775, 16.289232], "properties": {}}, {"name": "C", "species": [{"element": "C", "occu": 1}], "xyz": [12.498245, 6.251892, 15.541524], "properties": {}}, {"name": "C", "species": [{"element": "C", "occu": 1}], "xyz": [13.669154, 4.189305, 15.656396], "properties": {}}, {"name": "C", "species": [{"element": "C", "occu": 1}], "xyz": [14.447939, 3.339212, 16.620329], "properties": {}}, {"name": "O", "species": [{"element": "O", "occu": 1}], "xyz": [15.531257, 4.136478, 17.114533], "properties": {}}, {"name": "C", "species": [{"element": "C", "occu": 1}], "xyz": [16.535972, 3.35914, 17.77606], "properties": {}}, {"name": "H", "species": [{"element": "H", "occu": 1}], "xyz": [11.571232, 5.697422, 15.383746], "properties": {}}, {"name": "H", "species": [{"element": "H", "occu": 1}], "xyz": [12.934258, 6.52548, 14.5768], "properties": {}}, {"name": "H", "species": [{"element": "H", "occu": 1}], "xyz": [14.232895, 4.365234, 14.734264], "properties": {}}, {"name": "H", "species": [{"element": "H", "occu": 1}], "xyz": [12.723666, 3.699613, 15.4125], "properties": {}}, {"name": "H", "species": [{"element": "H", "occu": 1}], "xyz": [14.841084, 2.461429, 16.102364], "properties": {}}, {"name": "H", "species": [{"element": "H", "occu": 1}], "xyz": [13.828525, 3.013329, 17.460767], "properties": {}}, {"name": "H", "species": [{"element": "H", "occu": 1}], "xyz": [16.936863, 2.619553, 17.080328], "properties": {}}, {"name": "H", "species": [{"element": "H", "occu": 1}], "xyz": [16.112872, 2.85208, 18.647388], "properties": {}}, {"name": "H", "species": [{"element": "H", "occu": 1}], "xyz": [17.33042, 4.034093, 18.086539], "properties": {}}, {"name": "H", "species": [{"element": "H", "occu": 1}], "xyz": [12.281519, 7.143686, 16.124267], "properties": {}}, {"name": "N", "species": [{"element": "N", "occu": 1}], "xyz": [14.352517, 5.792316, 19.637608], "properties": {}}, {"name": "S", "species": [{"element": "S", "occu": 1}], "xyz": [13.236166, 4.793183, 20.235852], "properties": {}}, {"name": "O", "species": [{"element": "O", "occu": 1}], "xyz": [12.327945, 4.526552, 19.169233], "properties": {}}, {"name": "O", "species": [{"element": "O", "occu": 1}], "xyz": [13.775999, 3.735079, 21.019436], "properties": {}}, {"name": "C", "species": [{"element": "C", "occu": 1}], "xyz": [12.270335, 5.839243, 21.41833], "properties": {}}, {"name": "F", "species": [{"element": "F", "occu": 1}], "xyz": [12.938592, 6.00483, 22.550759], "properties": {}}, {"name": "F", "species": [{"element": "F", "occu": 1}], "xyz": [11.127489, 5.21811, 21.677896], "properties": {}}, {"name": "F", "species": [{"element": "F", "occu": 1}], "xyz": [12.006697, 7.030833, 20.890075], "properties": {}}, {"name": "S", "species": [{"element": "S", "occu": 1}], "xyz": [15.831539, 6.023014, 20.163473], "properties": {}}, {"name": "O", "species": [{"element": "O", "occu": 1}], "xyz": [16.536998, 6.368972, 18.934918], "properties": {}}, {"name": "O", "species": [{"element": "O", "occu": 1}], "xyz": [16.396168, 5.065949, 21.04532], "properties": {}}, {"name": "C", "species": [{"element": "C", "occu": 1}], "xyz": [15.813522, 7.617196, 21.10172], "properties": {}}, {"name": "F", "species": [{"element": "F", "occu": 1}], "xyz": [17.070408, 7.989423, 21.297943], "properties": {}}, {"name": "F", "species": [{"element": "F", "occu": 1}], "xyz": [15.180755, 8.557253, 20.412795], "properties": {}}, {"name": "F", "species": [{"element": "F", "occu": 1}], "xyz": [15.216587, 7.451281, 22.270041], "properties": {}}]}, "stationary_type": "Minimum", "corrections": {}, "tensor": {"1": {"type": "Mg", "Isotropic": 579.8436, "Anisotropy": 15.0562, "tensor": [[569.8462, 1.3807, 4.4042], [2.4488, 3.0331, 579.871]], "eigenvalues": [568.7869, 580.8629, 589.8811]}, "2": {"type": "O", "Isotropic": 326.1242, "Anisotropy": 38.7695, "tensor": [], "eigenvalues": [295.6234, 330.7787, 351.9706]}, "3": {"type": "C", "Isotropic": 126.8688, "Anisotropy": 88.7256, "tensor": [], "eigenvalues": [96.6766, 97.9107, 186.0193]}, "4": {"type": "C", "Isotropic": 117.2472, "Anisotropy": 71.8225, "tensor": [], "eigenvalues": [84.6559, 101.9568, 165.1289]}, "5": {"type": "C", "Isotropic": 116.2899, "Anisotropy": 69.5279, "tensor": [], "eigenvalues": [85.9999, 100.2279, 162.6418]}, "6": {"type": "O", "Isotropic": 321.4435, "Anisotropy": 32.9432, "tensor": [[2.2898, 338.9326, 4.0375]], "eigenvalues": [293.7143, 327.2106, 343.4057]}, "7": {"type": "C", "Isotropic": 128.3483, "Anisotropy": 91.8823, "tensor": [], "eigenvalues": [94.6292, 100.8126, 189.6032]}, "8": {"type": "H", "Isotropic": 28.1317, "Anisotropy": 8.3616, "tensor": [], "eigenvalues": [24.1046, 26.5844, 33.7061]}, "9": {"type": "H", "Isotropic": 27.7493, "Anisotropy": 8.0348, "tensor": [], "eigenvalues": [23.0425, 27.0995, 33.1058]}, "10": {"type": "H", "Isotropic": 28.0202, "Anisotropy": 8.2506, "tensor": [], "eigenvalues": [23.9434, 26.5966, 33.5205]}, "11": {"type": "H", "Isotropic": 27.6875, "Anisotropy": 8.4428, "tensor": [], "eigenvalues": [24.248, 25.4983, 33.316]}, "12": {"type": "H", "Isotropic": 27.7793, "Anisotropy": 6.8514, "tensor": [[27.5253, 2.0735, 0.655], [4.06, 29.6618, 2.4096], [0.6143, 1.0209, 26.1509]], "eigenvalues": [25.0131, 25.978, 32.3469]}, "13": {"type": "H", "Isotropic": 28.0623, "Anisotropy": 8.86, "tensor": [], "eigenvalues": [23.7948, 26.423, 33.9689]}, "14": {"type": "H", "Isotropic": 28.2089, "Anisotropy": 10.7172, "tensor": [], "eigenvalues": [24.1598, 25.1131, 35.3537]}, "15": {"type": "H", "Isotropic": 27.8169, "Anisotropy": 6.9134, "tensor": [], "eigenvalues": [22.6346, 28.3903, 32.4259]}, "16": {"type": "H", "Isotropic": 28.2066, "Anisotropy": 8.4855, "tensor": [], "eigenvalues": [24.1376, 26.6186, 33.8635]}, "17": {"type": "H", "Isotropic": 28.1497, "Anisotropy": 8.8501, "tensor": [], "eigenvalues": [24.6643, 25.7351, 34.0498]}, "18": {"type": "O", "Isotropic": 323.7127, "Anisotropy": 33.5162, "tensor": [[10.0136, 16.8435, 333.5063]], "eigenvalues": [294.6176, 330.4635, 346.0568]}, "19": {"type": "C", "Isotropic": 128.4929, "Anisotropy": 92.2156, "tensor": [], "eigenvalues": [94.5477, 100.9609, 189.9699]}, "20": {"type": "C", "Isotropic": 117.1145, "Anisotropy": 70.6549, "tensor": [], "eigenvalues": [85.4685, 101.6572, 164.2178]}, "21": {"type": "C", "Isotropic": 117.3367, "Anisotropy": 70.6854, "tensor": [[137.274, 15.4279, 25.2441], [27.8974, 114.1638, 11.9823], [28.9906, 14.5734, 100.5724]], "eigenvalues": [86.0452, 101.5047, 164.4603]}, "22": {"type": "O", "Isotropic": 322.8813, "Anisotropy": 34.5252, "tensor": [[325.4329, 13.0531, 20.5842]], "eigenvalues": [294.6994, 328.0464, 345.8981]}, "23": {"type": "C", "Isotropic": 127.498, "Anisotropy": 89.2122, "tensor": [], "eigenvalues": [93.774, 101.7472, 186.9729]}, "24": {"type": "H", "Isotropic": 28.1943, "Anisotropy": 10.0652, "tensor": [[33.0048, 0.811, 3.7074], [4.1497, 0.1484, 26.546]], "eigenvalues": [24.477, 25.2015, 34.9044]}, "25": {"type": "H", "Isotropic": 28.1637, "Anisotropy": 9.1781, "tensor": [], "eigenvalues": [24.1551, 26.0535, 34.2824]}, "26": {"type": "H", "Isotropic": 27.692, "Anisotropy": 8.2565, "tensor": [], "eigenvalues": [24.2492, 25.6304, 33.1963]}, "27": {"type": "H", "Isotropic": 28.0529, "Anisotropy": 8.0625, "tensor": [[27.964, 1.0883, 2.588], [3.6538, 29.3003, 3.3976], [3.1004, 2.0478, 26.8943]], "eigenvalues": [24.4116, 26.3191, 33.4279]}, "28": {"type": "H", "Isotropic": 28.0341, "Anisotropy": 8.3278, "tensor": [[25.8504, 1.1773, 1.7598], [0.4966, 4.3781, 26.5322]], "eigenvalues": [24.0721, 26.4443, 33.586]}, "29": {"type": "H", "Isotropic": 27.3066, "Anisotropy": 5.9866, "tensor": [], "eigenvalues": [24.1041, 26.5181, 31.2977]}, "30": {"type": "H", "Isotropic": 28.1851, "Anisotropy": 10.2345, "tensor": [], "eigenvalues": [24.1981, 25.3492, 35.0082]}, "31": {"type": "H", "Isotropic": 27.9415, "Anisotropy": 7.6659, "tensor": [], "eigenvalues": [23.4617, 27.3106, 33.0521]}, "32": {"type": "H", "Isotropic": 27.6515, "Anisotropy": 6.4902, "tensor": [[3.0911, 1.5234, 25.9742]], "eigenvalues": [23.7494, 27.2267, 31.9783]}, "33": {"type": "H", "Isotropic": 28.0062, "Anisotropy": 6.5925, "tensor": [], "eigenvalues": [23.0785, 28.539, 32.4012]}, "34": {"type": "N", "Isotropic": 109.5766, "Anisotropy": 81.6617, "tensor": [[28.8467, 92.8881, 3.7752]], "eigenvalues": [71.7358, 92.9761, 164.0177]}, "35": {"type": "S", "Isotropic": 176.6874, "Anisotropy": 271.4095, "tensor": [], "eigenvalues": [13.4303, 159.0047, 357.6271]}, "36": {"type": "O", "Isotropic": 127.2055, "Anisotropy": 67.749, "tensor": [[137.7275, 9.5918, 34.2433]], "eigenvalues": [81.4346, 127.8104, 172.3715]}, "37": {"type": "O", "Isotropic": 129.9605, "Anisotropy": 52.194, "tensor": [[110.2924, 12.2611, 17.4674]], "eigenvalues": [99.7156, 125.4094, 164.7565]}, "38": {"type": "C", "Isotropic": 59.7799, "Anisotropy": 8.5329, "tensor": [[61.0544, 5.1631, 3.612]], "eigenvalues": [50.0475, 63.8237, 65.4685]}, "39": {"type": "F", "Isotropic": 265.2017, "Anisotropy": 115.6188, "tensor": [[242.6275, 29.169, 54.5131], [32.7975, 243.5639, 6.5056]], "eigenvalues": [197.487, 255.8373, 342.2809]}, "40": {"type": "F", "Isotropic": 267.7753, "Anisotropy": 122.4689, "tensor": [], "eigenvalues": [197.1595, 256.7452, 349.4213]}, "41": {"type": "F", "Isotropic": 266.1851, "Anisotropy": 122.83, "tensor": [], "eigenvalues": [199.042, 251.4415, 348.0718]}, "42": {"type": "S", "Isotropic": 165.2648, "Anisotropy": 228.8043, "tensor": [], "eigenvalues": [15.5666, 162.4267, 317.801]}, "43": {"type": "O", "Isotropic": 141.8178, "Anisotropy": 90.9442, "tensor": [], "eigenvalues": [90.8834, 132.1227, 202.4473]}, "44": {"type": "O", "Isotropic": 143.2819, "Anisotropy": 44.6376, "tensor": [], "eigenvalues": [115.0066, 141.7989, 173.0403]}, "45": {"type": "C", "Isotropic": 60.5025, "Anisotropy": 10.3209, "tensor": [], "eigenvalues": [49.134, 64.9905, 67.3831]}, "46": {"type": "F", "Isotropic": 267.0575, "Anisotropy": 124.0689, "tensor": [[331.5585, 42.5332, 22.0823]], "eigenvalues": [198.8033, 252.5991, 349.7701]}, "47": {"type": "F", "Isotropic": 265.2965, "Anisotropy": 122.7682, "tensor": [], "eigenvalues": [200.0159, 248.7316, 347.142]}, "48": {"type": "F", "Isotropic": 266.3815, "Anisotropy": 117.8935, "tensor": [], "eigenvalues": [200.4384, 253.7289, 344.9772]}}}}, "functional": "wB97X", "basis": "Def2TZVP", "phase": "solution", "type": "scrf;nmr", "smiles": "[Mg].O(C)CCOC.O(C)CCOC.[N](S(=O)(=O)C(F)(F)F)S(=O)(=O)C(F)(F)F", "formula": "Mg1 H20 C10 S2 N1 O8 F6", "formula_pretty": "MgH20C10S2N(O4F3)2", "formula_anonymous": "ABC2D6E8F10G20", "formula_alphabetical": "C10 F6 H20 Mg1 N1 O8 S2", "chemsys": "C-F-H-Mg-N-O-S", "nsites": 48, "nelements": 7, "is_ordered": true, "is_valid": true, "tag": "oplsd_2", "wall_time (s)": 2027.9069022750045, "last_updated": "2021-03-23T16:44:16.472625", "_id": null}