{"input": {"molecule": {"charge": 2, "spin_multiplicity": 1, "sites": [{"name": "Mg", "species": [{"element": "Mg", "occu": 1}], "xyz": [4.176236, 21.283208, 31.035251], "properties": {}}, {"name": "O", "species": [{"element": "O", "occu": 1}], "xyz": [4.462774, 23.005535, 32.184406], "properties": {}}, {"name": "C", "species": [{"element": "C", "occu": 1}], "xyz": [3.486877, 24.00518, 32.492126], "properties": {}}, {"name": "C", "species": [{"element": "C", "occu": 1}], "xyz": [5.427543, 22.834845, 33.228906], "properties": {}}, {"name": "C", "species": [{"element": "C", "occu": 1}], "xyz": [6.521029, 21.946753, 32.701304], "properties": {}}, {"name": "O", "species": [{"element": "O", "occu": 1}], "xyz": [5.899969, 20.799305, 32.112469], "properties": {}}, {"name": "C", "species": [{"element": "C", "occu": 1}], "xyz": [6.826619, 19.74944, 31.822013], "properties": {}}, {"name": "H", "species": [{"element": "H", "occu": 1}], "xyz": [3.983555, 24.96461, 32.650256], "properties": {}}, {"name": "H", "species": [{"element": "H", "occu": 1}], "xyz": [2.929222, 23.727126, 33.39128], "properties": {}}, {"name": "H", "species": [{"element": "H", "occu": 1}], "xyz": [4.936371, 22.387322, 34.099555], "properties": {}}, {"name": "H", "species": [{"element": "H", "occu": 1}], "xyz": [5.842539, 23.805235, 33.511697], "properties": {}}, {"name": "H", "species": [{"element": "H", "occu": 1}], "xyz": [7.171991, 21.636292, 33.521902], "properties": {}}, {"name": "H", "species": [{"element": "H", "occu": 1}], "xyz": [7.122311, 22.458789, 31.942397], "properties": {}}, {"name": "H", "species": [{"element": "H", "occu": 1}], "xyz": [7.5754, 20.091483, 31.102484], "properties": {}}, {"name": "H", "species": [{"element": "H", "occu": 1}], "xyz": [6.2633, 18.918473, 31.402433], "properties": {}}, {"name": "H", "species": [{"element": "H", "occu": 1}], "xyz": [7.32003, 19.432705, 32.743015], "properties": {}}, {"name": "H", "species": [{"element": "H", "occu": 1}], "xyz": [2.808924, 24.077954, 31.64413], "properties": {}}, {"name": "O", "species": [{"element": "O", "occu": 1}], "xyz": [2.903798, 20.342038, 32.404732], "properties": {}}, {"name": "C", "species": [{"element": "C", "occu": 1}], "xyz": [3.265726, 19.863435, 33.703298], "properties": {}}, {"name": "C", "species": [{"element": "C", "occu": 1}], "xyz": [1.571867, 20.866398, 32.362187], "properties": {}}, {"name": "C", "species": [{"element": "C", "occu": 1}], "xyz": [1.228692, 21.121516, 30.920819], "properties": {}}, {"name": "O", "species": [{"element": "O", "occu": 1}], "xyz": [2.293801, 21.89148, 30.352686], "properties": {}}, {"name": "C", "species": [{"element": "C", "occu": 1}], "xyz": [1.99048, 22.373561, 29.040387], "properties": {}}, {"name": "H", "species": [{"element": "H", "occu": 1}], "xyz": [3.222029, 20.67631, 34.433643], "properties": {}}, {"name": "H", "species": [{"element": "H", "occu": 1}], "xyz": [4.280225, 19.475472, 33.642551], "properties": {}}, {"name": "H", "species": [{"element": "H", "occu": 1}], "xyz": [1.532981, 21.789565, 32.950512], "properties": {}}, {"name": "H", "species": [{"element": "H", "occu": 1}], "xyz": [0.872786, 20.14175, 32.786541], "properties": {}}, {"name": "H", "species": [{"element": "H", "occu": 1}], "xyz": [0.291872, 21.679773, 30.856644], "properties": {}}, {"name": "H", "species": [{"element": "H", "occu": 1}], "xyz": [1.125813, 20.184353, 30.363393], "properties": {}}, {"name": "H", "species": [{"element": "H", "occu": 1}], "xyz": [1.845374, 21.536572, 28.351216], "properties": {}}, {"name": "H", "species": [{"element": "H", "occu": 1}], "xyz": [2.829301, 22.982785, 28.709773], "properties": {}}, {"name": "H", "species": [{"element": "H", "occu": 1}], "xyz": [1.084846, 22.982241, 29.075302], "properties": {}}, {"name": "H", "species": [{"element": "H", "occu": 1}], "xyz": [2.583162, 19.065102, 34.00092], "properties": {}}, {"name": "O", "species": [{"element": "O", "occu": 1}], "xyz": [5.175672, 22.062134, 29.37325], "properties": {}}, {"name": "C", "species": [{"element": "C", "occu": 1}], "xyz": [5.902814, 23.291763, 29.301561], "properties": {}}, {"name": "C", "species": [{"element": "C", "occu": 1}], "xyz": [5.718107, 21.044304, 28.524416], "properties": {}}, {"name": "C", "species": [{"element": "C", "occu": 1}], "xyz": [4.714395, 19.926082, 28.455072], "properties": {}}, {"name": "O", "species": [{"element": "O", "occu": 1}], "xyz": [4.325839, 19.603914, 29.795047], "properties": {}}, {"name": "C", "species": [{"element": "C", "occu": 1}], "xyz": [3.521466, 18.423324, 29.867783], "properties": {}}, {"name": "H", "species": [{"element": "H", "occu": 1}], "xyz": [5.420002, 24.001693, 29.970299], "properties": {}}, {"name": "H", "species": [{"element": "H", "occu": 1}], "xyz": [5.876151, 23.672307, 28.278568], "properties": {}}, {"name": "H", "species": [{"element": "H", "occu": 1}], "xyz": [6.672417, 20.702483, 28.939005], "properties": {}}, {"name": "H", "species": [{"element": "H", "occu": 1}], "xyz": [5.888681, 21.4475, 27.523311], "properties": {}}, {"name": "H", "species": [{"element": "H", "occu": 1}], "xyz": [5.167482, 19.052706, 27.979738], "properties": {}}, {"name": "H", "species": [{"element": "H", "occu": 1}], "xyz": [3.826425, 20.222539, 27.886757], "properties": {}}, {"name": "H", "species": [{"element": "H", "occu": 1}], "xyz": [2.597541, 18.557541, 29.297582], "properties": {}}, {"name": "H", "species": [{"element": "H", "occu": 1}], "xyz": [3.287344, 18.247872, 30.915857], "properties": {}}, {"name": "H", "species": [{"element": "H", "occu": 1}], "xyz": [4.080338, 17.575004, 29.467867], "properties": {}}, {"name": "H", "species": [{"element": "H", "occu": 1}], "xyz": [6.940927, 23.137527, 29.609058], "properties": {}}]}, "functional": "wB97X", "basis_set": "Def2TZVP", "route_parameters": {"NMR": "GIAO", "iop(7/33=1)": null, "int": "ultrafine", "NoSymmetry": null, "test": null, "SCRF": "(SMD, Solvent=TetraHydroFuran)"}, "title": "Mg1 H30 C12 O6", "charge": 2, "spin_multiplicity": 1, "input_parameters": {}, "link0_parameters": {"%chk": "checkpoint.chk", "%mem": "100GB", "%NProcShared": "24"}, "dieze_tag": "#P", "nbasisfunctions": 770, "pcm_parameters": {}}, "output": {"has_gaussian_completed": true, "is_pcm": true, "errors": [], "Mulliken_charges": {"1": ["Mg", 0.8561], "2": ["O", -0.333884], "3": ["C", -0.259371], "4": ["C", -0.078075], "5": ["C", -0.078345], "6": ["O", -0.334273], "7": ["C", -0.257637], "8": ["H", 0.178883], "9": ["H", 0.165222], "10": ["H", 0.161679], "11": ["H", 0.182768], "12": ["H", 0.183722], "13": ["H", 0.16068], "14": ["H", 0.164882], "15": ["H", 0.173063], "16": ["H", 0.178835], "17": ["H", 0.173598], "18": ["O", -0.334573], "19": ["C", -0.254833], "20": ["C", -0.077688], "21": ["C", -0.078183], "22": ["O", -0.335046], "23": ["C", -0.253444], "24": ["H", 0.163333], "25": ["H", 0.171771], "26": ["H", 0.161724], "27": ["H", 0.183671], "28": ["H", 0.183395], "29": ["H", 0.161316], "30": ["H", 0.162291], "31": ["H", 0.171554], "32": ["H", 0.178651], "33": ["H", 0.178643], "34": ["O", -0.3337], "35": ["C", -0.258774], "36": ["C", -0.078213], "37": ["C", -0.078772], "38": ["O", -0.335796], "39": ["C", -0.257206], "40": ["H", 0.172461], "41": ["H", 0.179204], "42": ["H", 0.161225], "43": ["H", 0.183598], "44": ["H", 0.182602], "45": ["H", 0.161263], "46": ["H", 0.163771], "47": ["H", 0.173695], "48": ["H", 0.178818], "49": ["H", 0.165396]}, "tensor": {"1": {"type": "Mg", "Isotropic": 574.9118, "Anisotropy": 8.5318, "tensor": [[1.9551, 566.5572, 4.8972]], "eigenvalues": [564.2446, 579.8912, 580.5996]}, "2": {"type": "O", "Isotropic": 319.6894, "Anisotropy": 35.7449, "tensor": [[13.19, 10.3609, 337.9804]], "eigenvalues": [292.8216, 322.7273, 343.5194]}, "3": {"type": "C", "Isotropic": 127.2989, "Anisotropy": 89.7229, "tensor": [], "eigenvalues": [93.8493, 100.9332, 187.1141]}, "4": {"type": "C", "Isotropic": 115.4525, "Anisotropy": 71.9592, "tensor": [], "eigenvalues": [82.0168, 100.9154, 163.4253]}, "5": {"type": "C", "Isotropic": 116.5595, "Anisotropy": 71.0251, "tensor": [[105.3716, 20.1666, 12.6357], [10.0871, 143.0897, 24.339], [14.2574, 32.2082, 101.2173]], "eigenvalues": [85.1576, 100.6114, 163.9096]}, "6": {"type": "O", "Isotropic": 321.3715, "Anisotropy": 38.7523, "tensor": [[336.0802, 13.7027, 9.5146], [4.2185, 328.0645, 22.2507], [2.7469, 13.614, 299.9699]], "eigenvalues": [291.1783, 325.7299, 347.2064]}, "7": {"type": "C", "Isotropic": 128.5289, "Anisotropy": 87.0099, "tensor": [], "eigenvalues": [96.6599, 102.3914, 186.5355]}, "8": {"type": "H", "Isotropic": 28.1371, "Anisotropy": 10.2754, "tensor": [], "eigenvalues": [24.2706, 25.1532, 34.9873]}, "9": {"type": "H", "Isotropic": 28.1427, "Anisotropy": 8.6385, "tensor": [], "eigenvalues": [23.9249, 26.6016, 33.9017]}, "10": {"type": "H", "Isotropic": 27.6054, "Anisotropy": 7.1466, "tensor": [], "eigenvalues": [24.9962, 25.4502, 32.3698]}, "11": {"type": "H", "Isotropic": 27.9628, "Anisotropy": 8.3891, "tensor": [[27.701, 3.0807, 3.6534], [0.6794, 28.8368, 2.764], [2.3425, 4.0778, 27.3507]], "eigenvalues": [23.9963, 26.3366, 33.5556]}, "12": {"type": "H", "Isotropic": 27.9483, "Anisotropy": 8.3478, "tensor": [[0.989, 26.0321, 2.3026], [5.1965, 0.4743, 28.5649]], "eigenvalues": [23.8766, 26.4549, 33.5135]}, "13": {"type": "H", "Isotropic": 27.6197, "Anisotropy": 6.7788, "tensor": [[0.7119, 0.8014, 25.6423]], "eigenvalues": [25.0796, 25.6405, 32.1389]}, "14": {"type": "H", "Isotropic": 28.0594, "Anisotropy": 8.6513, "tensor": [], "eigenvalues": [23.8063, 26.545, 33.827]}, "15": {"type": "H", "Isotropic": 27.8331, "Anisotropy": 7.1074, "tensor": [[2.2461, 1.9346, 25.3904]], "eigenvalues": [22.9943, 27.9336, 32.5714]}, "16": {"type": "H", "Isotropic": 28.1366, "Anisotropy": 10.2739, "tensor": [], "eigenvalues": [24.2181, 25.2058, 34.9859]}, "17": {"type": "H", "Isotropic": 27.8898, "Anisotropy": 6.8398, "tensor": [[1.3987, 1.9391, 25.5387]], "eigenvalues": [23.1986, 28.0211, 32.4496]}, "18": {"type": "O", "Isotropic": 319.592, "Anisotropy": 33.1244, "tensor": [], "eigenvalues": [291.3901, 325.7108, 341.6749]}, "19": {"type": "C", "Isotropic": 126.5805, "Anisotropy": 89.8512, "tensor": [], "eigenvalues": [94.0349, 99.2253, 186.4813]}, "20": {"type": "C", "Isotropic": 118.2783, "Anisotropy": 70.2559, "tensor": [], "eigenvalues": [86.9401, 102.7792, 165.1156]}, "21": {"type": "C", "Isotropic": 116.4915, "Anisotropy": 70.2854, "tensor": [], "eigenvalues": [85.5254, 100.6007, 163.3484]}, "22": {"type": "O", "Isotropic": 322.2174, "Anisotropy": 35.3882, "tensor": [], "eigenvalues": [296.0171, 324.8256, 345.8095]}, "23": {"type": "C", "Isotropic": 127.5067, "Anisotropy": 87.3696, "tensor": [], "eigenvalues": [93.3215, 103.4455, 185.7531]}, "24": {"type": "H", "Isotropic": 28.0938, "Anisotropy": 8.6389, "tensor": [[24.7849, 1.5271, 1.2208]], "eigenvalues": [23.727, 26.7013, 33.853]}, "25": {"type": "H", "Isotropic": 27.8387, "Anisotropy": 7.0098, "tensor": [], "eigenvalues": [23.021, 27.9833, 32.512]}, "26": {"type": "H", "Isotropic": 27.6265, "Anisotropy": 6.7484, "tensor": [], "eigenvalues": [25.1473, 25.6069, 32.1255]}, "27": {"type": "H", "Isotropic": 27.9761, "Anisotropy": 8.3443, "tensor": [], "eigenvalues": [24.0059, 26.3835, 33.539]}, "28": {"type": "H", "Isotropic": 27.9537, "Anisotropy": 8.3117, "tensor": [], "eigenvalues": [24.0546, 26.3116, 33.4948]}, "29": {"type": "H", "Isotropic": 27.5711, "Anisotropy": 6.8396, "tensor": [[28.7089, 4.142, 1.2024], [2.5007, 28.6394, 1.8058]], "eigenvalues": [24.9668, 25.6157, 32.1308]}, "30": {"type": "H", "Isotropic": 28.1361, "Anisotropy": 8.4298, "tensor": [[2.8699, 2.6514, 32.7373]], "eigenvalues": [23.7889, 26.8634, 33.756]}, "31": {"type": "H", "Isotropic": 27.9055, "Anisotropy": 7.1218, "tensor": [], "eigenvalues": [23.0191, 28.044, 32.6533]}, "32": {"type": "H", "Isotropic": 28.1195, "Anisotropy": 10.2329, "tensor": [], "eigenvalues": [24.1138, 25.3033, 34.9415]}, "33": {"type": "H", "Isotropic": 28.1417, "Anisotropy": 10.269, "tensor": [], "eigenvalues": [24.2428, 25.1946, 34.9877]}, "34": {"type": "O", "Isotropic": 321.5534, "Anisotropy": 33.4793, "tensor": [[1.7226, 320.6924, 15.8451]], "eigenvalues": [292.437, 328.3502, 343.8729]}, "35": {"type": "C", "Isotropic": 127.7586, "Anisotropy": 88.1582, "tensor": [[114.5226, 40.5565, 3.4199]], "eigenvalues": [93.9281, 102.817, 186.5308]}, "36": {"type": "C", "Isotropic": 117.393, "Anisotropy": 72.2242, "tensor": [], "eigenvalues": [85.4298, 101.2067, 165.5424]}, "37": {"type": "C", "Isotropic": 116.7595, "Anisotropy": 69.9449, "tensor": [], "eigenvalues": [85.6803, 101.2088, 163.3894]}, "38": {"type": "O", "Isotropic": 324.2079, "Anisotropy": 33.384, "tensor": [[313.7125, 16.9771, 3.7066], [18.2757, 312.4523, 0.4513]], "eigenvalues": [295.4412, 330.7186, 346.4639]}, "39": {"type": "C", "Isotropic": 127.302, "Anisotropy": 88.0836, "tensor": [], "eigenvalues": [94.3838, 101.4977, 186.0243]}, "40": {"type": "H", "Isotropic": 27.8549, "Anisotropy": 7.0465, "tensor": [[0.7127, 32.1082, 1.6429]], "eigenvalues": [23.0509, 27.9612, 32.5525]}, "41": {"type": "H", "Isotropic": 28.1796, "Anisotropy": 10.1008, "tensor": [], "eigenvalues": [24.3112, 25.3142, 34.9135]}, "42": {"type": "H", "Isotropic": 27.5534, "Anisotropy": 6.8699, "tensor": [], "eigenvalues": [24.8781, 25.6488, 32.1334]}, "43": {"type": "H", "Isotropic": 28.027, "Anisotropy": 8.1933, "tensor": [[0.0332, 26.2406, 1.7557]], "eigenvalues": [24.129, 26.4629, 33.4892]}, "44": {"type": "H", "Isotropic": 28.0681, "Anisotropy": 8.1341, "tensor": [], "eigenvalues": [24.3153, 26.3981, 33.4908]}, "45": {"type": "H", "Isotropic": 27.6217, "Anisotropy": 6.7947, "tensor": [], "eigenvalues": [25.0551, 25.6585, 32.1515]}, "46": {"type": "H", "Isotropic": 28.1186, "Anisotropy": 8.613, "tensor": [[30.6796, 2.1417, 2.1344], [4.2736, 28.8675, 3.3213], [0.8523, 1.331, 24.8086]], "eigenvalues": [23.7508, 26.7443, 33.8605]}, "47": {"type": "H", "Isotropic": 27.7786, "Anisotropy": 7.0879, "tensor": [], "eigenvalues": [22.834, 27.9979, 32.5039]}, "48": {"type": "H", "Isotropic": 28.1574, "Anisotropy": 10.1871, "tensor": [[25.2388, 1.4365, 0.3693]], "eigenvalues": [24.2804, 25.2431, 34.9488]}, "49": {"type": "H", "Isotropic": 28.1132, "Anisotropy": 8.7505, "tensor": [[30.7967, 2.9445, 0.7146]], "eigenvalues": [23.8053, 26.5875, 33.9468]}}, "output": {"energies": [-1126.68548975], "final_energy": -1126.68548975, "final_energy_per_atom": -22.993581423469386, "molecule": {"charge": 0.0, "spin_multiplicity": 1, "sites": [{"name": "Mg", "species": [{"element": "Mg", "occu": 1}], "xyz": [4.176236, 21.283208, 31.035251], "properties": {}}, {"name": "O", "species": [{"element": "O", "occu": 1}], "xyz": [4.462774, 23.005535, 32.184406], "properties": {}}, {"name": "C", "species": [{"element": "C", "occu": 1}], "xyz": [3.486877, 24.00518, 32.492126], "properties": {}}, {"name": "C", "species": [{"element": "C", "occu": 1}], "xyz": [5.427543, 22.834845, 33.228906], "properties": {}}, {"name": "C", "species": [{"element": "C", "occu": 1}], "xyz": [6.521029, 21.946753, 32.701304], "properties": {}}, {"name": "O", "species": [{"element": "O", "occu": 1}], "xyz": [5.899969, 20.799305, 32.112469], "properties": {}}, {"name": "C", "species": [{"element": "C", "occu": 1}], "xyz": [6.826619, 19.74944, 31.822013], "properties": {}}, {"name": "H", "species": [{"element": "H", "occu": 1}], "xyz": [3.983555, 24.96461, 32.650256], "properties": {}}, {"name": "H", "species": [{"element": "H", "occu": 1}], "xyz": [2.929222, 23.727126, 33.39128], "properties": {}}, {"name": "H", "species": [{"element": "H", "occu": 1}], "xyz": [4.936371, 22.387322, 34.099555], "properties": {}}, {"name": "H", "species": [{"element": "H", "occu": 1}], "xyz": [5.842539, 23.805235, 33.511697], "properties": {}}, {"name": "H", "species": [{"element": "H", "occu": 1}], "xyz": [7.171991, 21.636292, 33.521902], "properties": {}}, {"name": "H", "species": [{"element": "H", "occu": 1}], "xyz": [7.122311, 22.458789, 31.942397], "properties": {}}, {"name": "H", "species": [{"element": "H", "occu": 1}], "xyz": [7.5754, 20.091483, 31.102484], "properties": {}}, {"name": "H", "species": [{"element": "H", "occu": 1}], "xyz": [6.2633, 18.918473, 31.402433], "properties": {}}, {"name": "H", "species": [{"element": "H", "occu": 1}], "xyz": [7.32003, 19.432705, 32.743015], "properties": {}}, {"name": "H", "species": [{"element": "H", "occu": 1}], "xyz": [2.808924, 24.077954, 31.64413], "properties": {}}, {"name": "O", "species": [{"element": "O", "occu": 1}], "xyz": [2.903798, 20.342038, 32.404732], "properties": {}}, {"name": "C", "species": [{"element": "C", "occu": 1}], "xyz": [3.265726, 19.863435, 33.703298], "properties": {}}, {"name": "C", "species": [{"element": "C", "occu": 1}], "xyz": [1.571867, 20.866398, 32.362187], "properties": {}}, {"name": "C", "species": [{"element": "C", "occu": 1}], "xyz": [1.228692, 21.121516, 30.920819], "properties": {}}, {"name": "O", "species": [{"element": "O", "occu": 1}], "xyz": [2.293801, 21.89148, 30.352686], "properties": {}}, {"name": "C", "species": [{"element": "C", "occu": 1}], "xyz": [1.99048, 22.373561, 29.040387], "properties": {}}, {"name": "H", "species": [{"element": "H", "occu": 1}], "xyz": [3.222029, 20.67631, 34.433643], "properties": {}}, {"name": "H", "species": [{"element": "H", "occu": 1}], "xyz": [4.280225, 19.475472, 33.642551], "properties": {}}, {"name": "H", "species": [{"element": "H", "occu": 1}], "xyz": [1.532981, 21.789565, 32.950512], "properties": {}}, {"name": "H", "species": [{"element": "H", "occu": 1}], "xyz": [0.872786, 20.14175, 32.786541], "properties": {}}, {"name": "H", "species": [{"element": "H", "occu": 1}], "xyz": [0.291872, 21.679773, 30.856644], "properties": {}}, {"name": "H", "species": [{"element": "H", "occu": 1}], "xyz": [1.125813, 20.184353, 30.363393], "properties": {}}, {"name": "H", "species": [{"element": "H", "occu": 1}], "xyz": [1.845374, 21.536572, 28.351216], "properties": {}}, {"name": "H", "species": [{"element": "H", "occu": 1}], "xyz": [2.829301, 22.982785, 28.709773], "properties": {}}, {"name": "H", "species": [{"element": "H", "occu": 1}], "xyz": [1.084846, 22.982241, 29.075302], "properties": {}}, {"name": "H", "species": [{"element": "H", "occu": 1}], "xyz": [2.583162, 19.065102, 34.00092], "properties": {}}, {"name": "O", "species": [{"element": "O", "occu": 1}], "xyz": [5.175672, 22.062134, 29.37325], "properties": {}}, {"name": "C", "species": [{"element": "C", "occu": 1}], "xyz": [5.902814, 23.291763, 29.301561], "properties": {}}, {"name": "C", "species": [{"element": "C", "occu": 1}], "xyz": [5.718107, 21.044304, 28.524416], "properties": {}}, {"name": "C", "species": [{"element": "C", "occu": 1}], "xyz": [4.714395, 19.926082, 28.455072], "properties": {}}, {"name": "O", "species": [{"element": "O", "occu": 1}], "xyz": [4.325839, 19.603914, 29.795047], "properties": {}}, {"name": "C", "species": [{"element": "C", "occu": 1}], "xyz": [3.521466, 18.423324, 29.867783], "properties": {}}, {"name": "H", "species": [{"element": "H", "occu": 1}], "xyz": [5.420002, 24.001693, 29.970299], "properties": {}}, {"name": "H", "species": [{"element": "H", "occu": 1}], "xyz": [5.876151, 23.672307, 28.278568], "properties": {}}, {"name": "H", "species": [{"element": "H", "occu": 1}], "xyz": [6.672417, 20.702483, 28.939005], "properties": {}}, {"name": "H", "species": [{"element": "H", "occu": 1}], "xyz": [5.888681, 21.4475, 27.523311], "properties": {}}, {"name": "H", "species": [{"element": "H", "occu": 1}], "xyz": [5.167482, 19.052706, 27.979738], "properties": {}}, {"name": "H", "species": [{"element": "H", "occu": 1}], "xyz": [3.826425, 20.222539, 27.886757], "properties": {}}, {"name": "H", "species": [{"element": "H", "occu": 1}], "xyz": [2.597541, 18.557541, 29.297582], "properties": {}}, {"name": "H", "species": [{"element": "H", "occu": 1}], "xyz": [3.287344, 18.247872, 30.915857], "properties": {}}, {"name": "H", "species": [{"element": "H", "occu": 1}], "xyz": [4.080338, 17.575004, 29.467867], "properties": {}}, {"name": "H", "species": [{"element": "H", "occu": 1}], "xyz": [6.940927, 23.137527, 29.609058], "properties": {}}]}, "stationary_type": "Minimum", "corrections": {}, "tensor": {"1": {"type": "Mg", "Isotropic": 574.9118, "Anisotropy": 8.5318, "tensor": [[1.9551, 566.5572, 4.8972]], "eigenvalues": [564.2446, 579.8912, 580.5996]}, "2": {"type": "O", "Isotropic": 319.6894, "Anisotropy": 35.7449, "tensor": [[13.19, 10.3609, 337.9804]], "eigenvalues": [292.8216, 322.7273, 343.5194]}, "3": {"type": "C", "Isotropic": 127.2989, "Anisotropy": 89.7229, "tensor": [], "eigenvalues": [93.8493, 100.9332, 187.1141]}, "4": {"type": "C", "Isotropic": 115.4525, "Anisotropy": 71.9592, "tensor": [], "eigenvalues": [82.0168, 100.9154, 163.4253]}, "5": {"type": "C", "Isotropic": 116.5595, "Anisotropy": 71.0251, "tensor": [[105.3716, 20.1666, 12.6357], [10.0871, 143.0897, 24.339], [14.2574, 32.2082, 101.2173]], "eigenvalues": [85.1576, 100.6114, 163.9096]}, "6": {"type": "O", "Isotropic": 321.3715, "Anisotropy": 38.7523, "tensor": [[336.0802, 13.7027, 9.5146], [4.2185, 328.0645, 22.2507], [2.7469, 13.614, 299.9699]], "eigenvalues": [291.1783, 325.7299, 347.2064]}, "7": {"type": "C", "Isotropic": 128.5289, "Anisotropy": 87.0099, "tensor": [], "eigenvalues": [96.6599, 102.3914, 186.5355]}, "8": {"type": "H", "Isotropic": 28.1371, "Anisotropy": 10.2754, "tensor": [], "eigenvalues": [24.2706, 25.1532, 34.9873]}, "9": {"type": "H", "Isotropic": 28.1427, "Anisotropy": 8.6385, "tensor": [], "eigenvalues": [23.9249, 26.6016, 33.9017]}, "10": {"type": "H", "Isotropic": 27.6054, "Anisotropy": 7.1466, "tensor": [], "eigenvalues": [24.9962, 25.4502, 32.3698]}, "11": {"type": "H", "Isotropic": 27.9628, "Anisotropy": 8.3891, "tensor": [[27.701, 3.0807, 3.6534], [0.6794, 28.8368, 2.764], [2.3425, 4.0778, 27.3507]], "eigenvalues": [23.9963, 26.3366, 33.5556]}, "12": {"type": "H", "Isotropic": 27.9483, "Anisotropy": 8.3478, "tensor": [[0.989, 26.0321, 2.3026], [5.1965, 0.4743, 28.5649]], "eigenvalues": [23.8766, 26.4549, 33.5135]}, "13": {"type": "H", "Isotropic": 27.6197, "Anisotropy": 6.7788, "tensor": [[0.7119, 0.8014, 25.6423]], "eigenvalues": [25.0796, 25.6405, 32.1389]}, "14": {"type": "H", "Isotropic": 28.0594, "Anisotropy": 8.6513, "tensor": [], "eigenvalues": [23.8063, 26.545, 33.827]}, "15": {"type": "H", "Isotropic": 27.8331, "Anisotropy": 7.1074, "tensor": [[2.2461, 1.9346, 25.3904]], "eigenvalues": [22.9943, 27.9336, 32.5714]}, "16": {"type": "H", "Isotropic": 28.1366, "Anisotropy": 10.2739, "tensor": [], "eigenvalues": [24.2181, 25.2058, 34.9859]}, "17": {"type": "H", "Isotropic": 27.8898, "Anisotropy": 6.8398, "tensor": [[1.3987, 1.9391, 25.5387]], "eigenvalues": [23.1986, 28.0211, 32.4496]}, "18": {"type": "O", "Isotropic": 319.592, "Anisotropy": 33.1244, "tensor": [], "eigenvalues": [291.3901, 325.7108, 341.6749]}, "19": {"type": "C", "Isotropic": 126.5805, "Anisotropy": 89.8512, "tensor": [], "eigenvalues": [94.0349, 99.2253, 186.4813]}, "20": {"type": "C", "Isotropic": 118.2783, "Anisotropy": 70.2559, "tensor": [], "eigenvalues": [86.9401, 102.7792, 165.1156]}, "21": {"type": "C", "Isotropic": 116.4915, "Anisotropy": 70.2854, "tensor": [], "eigenvalues": [85.5254, 100.6007, 163.3484]}, "22": {"type": "O", "Isotropic": 322.2174, "Anisotropy": 35.3882, "tensor": [], "eigenvalues": [296.0171, 324.8256, 345.8095]}, "23": {"type": "C", "Isotropic": 127.5067, "Anisotropy": 87.3696, "tensor": [], "eigenvalues": [93.3215, 103.4455, 185.7531]}, "24": {"type": "H", "Isotropic": 28.0938, "Anisotropy": 8.6389, "tensor": [[24.7849, 1.5271, 1.2208]], "eigenvalues": [23.727, 26.7013, 33.853]}, "25": {"type": "H", "Isotropic": 27.8387, "Anisotropy": 7.0098, "tensor": [], "eigenvalues": [23.021, 27.9833, 32.512]}, "26": {"type": "H", "Isotropic": 27.6265, "Anisotropy": 6.7484, "tensor": [], "eigenvalues": [25.1473, 25.6069, 32.1255]}, "27": {"type": "H", "Isotropic": 27.9761, "Anisotropy": 8.3443, "tensor": [], "eigenvalues": [24.0059, 26.3835, 33.539]}, "28": {"type": "H", "Isotropic": 27.9537, "Anisotropy": 8.3117, "tensor": [], "eigenvalues": [24.0546, 26.3116, 33.4948]}, "29": {"type": "H", "Isotropic": 27.5711, "Anisotropy": 6.8396, "tensor": [[28.7089, 4.142, 1.2024], [2.5007, 28.6394, 1.8058]], "eigenvalues": [24.9668, 25.6157, 32.1308]}, "30": {"type": "H", "Isotropic": 28.1361, "Anisotropy": 8.4298, "tensor": [[2.8699, 2.6514, 32.7373]], "eigenvalues": [23.7889, 26.8634, 33.756]}, "31": {"type": "H", "Isotropic": 27.9055, "Anisotropy": 7.1218, "tensor": [], "eigenvalues": [23.0191, 28.044, 32.6533]}, "32": {"type": "H", "Isotropic": 28.1195, "Anisotropy": 10.2329, "tensor": [], "eigenvalues": [24.1138, 25.3033, 34.9415]}, "33": {"type": "H", "Isotropic": 28.1417, "Anisotropy": 10.269, "tensor": [], "eigenvalues": [24.2428, 25.1946, 34.9877]}, "34": {"type": "O", "Isotropic": 321.5534, "Anisotropy": 33.4793, "tensor": [[1.7226, 320.6924, 15.8451]], "eigenvalues": [292.437, 328.3502, 343.8729]}, "35": {"type": "C", "Isotropic": 127.7586, "Anisotropy": 88.1582, "tensor": [[114.5226, 40.5565, 3.4199]], "eigenvalues": [93.9281, 102.817, 186.5308]}, "36": {"type": "C", "Isotropic": 117.393, "Anisotropy": 72.2242, "tensor": [], "eigenvalues": [85.4298, 101.2067, 165.5424]}, "37": {"type": "C", "Isotropic": 116.7595, "Anisotropy": 69.9449, "tensor": [], "eigenvalues": [85.6803, 101.2088, 163.3894]}, "38": {"type": "O", "Isotropic": 324.2079, "Anisotropy": 33.384, "tensor": [[313.7125, 16.9771, 3.7066], [18.2757, 312.4523, 0.4513]], "eigenvalues": [295.4412, 330.7186, 346.4639]}, "39": {"type": "C", "Isotropic": 127.302, "Anisotropy": 88.0836, "tensor": [], "eigenvalues": [94.3838, 101.4977, 186.0243]}, "40": {"type": "H", "Isotropic": 27.8549, "Anisotropy": 7.0465, "tensor": [[0.7127, 32.1082, 1.6429]], "eigenvalues": [23.0509, 27.9612, 32.5525]}, "41": {"type": "H", "Isotropic": 28.1796, "Anisotropy": 10.1008, "tensor": [], "eigenvalues": [24.3112, 25.3142, 34.9135]}, "42": {"type": "H", "Isotropic": 27.5534, "Anisotropy": 6.8699, "tensor": [], "eigenvalues": [24.8781, 25.6488, 32.1334]}, "43": {"type": "H", "Isotropic": 28.027, "Anisotropy": 8.1933, "tensor": [[0.0332, 26.2406, 1.7557]], "eigenvalues": [24.129, 26.4629, 33.4892]}, "44": {"type": "H", "Isotropic": 28.0681, "Anisotropy": 8.1341, "tensor": [], "eigenvalues": [24.3153, 26.3981, 33.4908]}, "45": {"type": "H", "Isotropic": 27.6217, "Anisotropy": 6.7947, "tensor": [], "eigenvalues": [25.0551, 25.6585, 32.1515]}, "46": {"type": "H", "Isotropic": 28.1186, "Anisotropy": 8.613, "tensor": [[30.6796, 2.1417, 2.1344], [4.2736, 28.8675, 3.3213], [0.8523, 1.331, 24.8086]], "eigenvalues": [23.7508, 26.7443, 33.8605]}, "47": {"type": "H", "Isotropic": 27.7786, "Anisotropy": 7.0879, "tensor": [], "eigenvalues": [22.834, 27.9979, 32.5039]}, "48": {"type": "H", "Isotropic": 28.1574, "Anisotropy": 10.1871, "tensor": [[25.2388, 1.4365, 0.3693]], "eigenvalues": [24.2804, 25.2431, 34.9488]}, "49": {"type": "H", "Isotropic": 28.1132, "Anisotropy": 8.7505, "tensor": [[30.7967, 2.9445, 0.7146]], "eigenvalues": [23.8053, 26.5875, 33.9468]}}}}, "functional": "wB97X", "basis": "Def2TZVP", "phase": "solution", "type": "nmr;scrf", "smiles": "[Mg].O(C)CCOC.O(C)CCOC.O(C)CCOC", "formula": "Mg1 H30 C12 O6", "formula_pretty": "MgH30(C2O)6", "formula_anonymous": "AB6C12D30", "formula_alphabetical": "C12 H30 Mg1 O6", "chemsys": "C-H-Mg-O", "nsites": 49, "nelements": 4, "is_ordered": true, "is_valid": true, "tag": "oplsd_1", "wall_time (s)": 1228.742202999012, "last_updated": "2021-03-23T23:23:44.017570", "_id": null}