{"input": {"molecule": {"charge": 0, "spin_multiplicity": 1, "sites": [{"name": "S", "species": [{"element": "S", "occu": 1}], "xyz": [0.311788, 0.517312, -0.413627], "properties": {}}, {"name": "O", "species": [{"element": "O", "occu": 1}], "xyz": [1.532875, 0.435711, 0.448055], "properties": {}}, {"name": "C", "species": [{"element": "C", "occu": 1}], "xyz": [-1.002958, 1.138485, 0.619548], "properties": {}}, {"name": "C", "species": [{"element": "C", "occu": 1}], "xyz": [-0.303044, -1.147933, -0.598146], "properties": {}}, {"name": "H", "species": [{"element": "H", "occu": 1}], "xyz": [-0.765551, 2.177528, 0.851726], "properties": {}}, {"name": "H", "species": [{"element": "H", "occu": 1}], "xyz": [-1.053829, 0.545024, 1.536296], "properties": {}}, {"name": "H", "species": [{"element": "H", "occu": 1}], "xyz": [-1.94233, 1.095414, 0.065042], "properties": {}}, {"name": "H", "species": [{"element": "H", "occu": 1}], "xyz": [-1.249919, -1.121721, -1.140269], "properties": {}}, {"name": "H", "species": [{"element": "H", "occu": 1}], "xyz": [-0.429618, -1.604948, 0.384242], "properties": {}}, {"name": "H", "species": [{"element": "H", "occu": 1}], "xyz": [0.432894, -1.703541, -1.180117], "properties": {}}, {"name": "S", "species": [{"element": "S", "occu": 1}], "xyz": [-0.18188, -1.151824, 4.316301], "properties": {}}, {"name": "O", "species": [{"element": "O", "occu": 1}], "xyz": [-1.337841, -0.496459, 3.614031], "properties": {}}, {"name": "C", "species": [{"element": "C", "occu": 1}], "xyz": [0.894588, 0.172846, 4.830313], "properties": {}}, {"name": "C", "species": [{"element": "C", "occu": 1}], "xyz": [0.865319, -1.83672, 3.051223], "properties": {}}, {"name": "H", "species": [{"element": "H", "occu": 1}], "xyz": [0.366163, 0.752202, 5.587654], "properties": {}}, {"name": "H", "species": [{"element": "H", "occu": 1}], "xyz": [1.13392, 0.80134, 3.970752], "properties": {}}, {"name": "H", "species": [{"element": "H", "occu": 1}], "xyz": [1.802363, -0.250488, 5.263558], "properties": {}}, {"name": "H", "species": [{"element": "H", "occu": 1}], "xyz": [1.762721, -2.241996, 3.523371], "properties": {}}, {"name": "H", "species": [{"element": "H", "occu": 1}], "xyz": [1.125776, -1.062823, 2.323942], "properties": {}}, {"name": "H", "species": [{"element": "H", "occu": 1}], "xyz": [0.295956, -2.644256, 2.588993], "properties": {}}, {"name": "O", "species": [{"element": "O", "occu": 1}], "xyz": [-1.676394, -3.93941, 2.722451], "properties": {}}, {"name": "S", "species": [{"element": "S", "occu": 1}], "xyz": [-3.056436, -3.364333, 2.795196], "properties": {}}, {"name": "H", "species": [{"element": "H", "occu": 1}], "xyz": [-2.553208, -1.382548, 1.650893], "properties": {}}, {"name": "C", "species": [{"element": "C", "occu": 1}], "xyz": [-3.21173, -2.223447, 1.433893], "properties": {}}, {"name": "H", "species": [{"element": "H", "occu": 1}], "xyz": [-2.913423, -2.72549, 0.511491], "properties": {}}, {"name": "C", "species": [{"element": "C", "occu": 1}], "xyz": [-4.155014, -4.62013, 2.163331], "properties": {}}, {"name": "H", "species": [{"element": "H", "occu": 1}], "xyz": [-4.136188, -5.454975, 2.864239], "properties": {}}, {"name": "H", "species": [{"element": "H", "occu": 1}], "xyz": [-3.810657, -4.945277, 1.180268], "properties": {}}, {"name": "H", "species": [{"element": "H", "occu": 1}], "xyz": [-4.246648, -1.882844, 1.364461], "properties": {}}, {"name": "H", "species": [{"element": "H", "occu": 1}], "xyz": [-5.167647, -4.217442, 2.104466], "properties": {}}, {"name": "O", "species": [{"element": "O", "occu": 1}], "xyz": [-5.587179, 2.175772, 2.373964], "properties": {}}, {"name": "H", "species": [{"element": "H", "occu": 1}], "xyz": [-2.837211, 3.14974, 2.578034], "properties": {}}, {"name": "S", "species": [{"element": "S", "occu": 1}], "xyz": [-4.346306, 1.345519, 2.449315], "properties": {}}, {"name": "C", "species": [{"element": "C", "occu": 1}], "xyz": [-3.103112, 2.337468, 3.255135], "properties": {}}, {"name": "H", "species": [{"element": "H", "occu": 1}], "xyz": [-3.515367, 2.742033, 4.181727], "properties": {}}, {"name": "C", "species": [{"element": "C", "occu": 1}], "xyz": [-4.580831, 0.170838, 3.769656], "properties": {}}, {"name": "H", "species": [{"element": "H", "occu": 1}], "xyz": [-4.893816, 0.703856, 4.669809], "properties": {}}, {"name": "H", "species": [{"element": "H", "occu": 1}], "xyz": [-5.359885, -0.526566, 3.459359], "properties": {}}, {"name": "H", "species": [{"element": "H", "occu": 1}], "xyz": [-2.231916, 1.711115, 3.458597], "properties": {}}, {"name": "H", "species": [{"element": "H", "occu": 1}], "xyz": [-3.639598, -0.357913, 3.938181], "properties": {}}]}, "functional": "wB97X", "basis_set": "Def2TZVP", "route_parameters": {"NMR": "GIAO", "iop(7/33=1)": null, "int": "ultrafine", "NoSymmetry": null, "test": null, "SCRF": "(SMD, Solvent=DiMethylSulfoxide)"}, "title": "H24 C8 S4 O4", "charge": 0, "spin_multiplicity": 1, "input_parameters": {}, "link0_parameters": {"%chk": "checkpoint.chk", "%mem": "100GB", "%NProcShared": "28"}, "dieze_tag": "#P", "nbasisfunctions": 664, "pcm_parameters": {}}, "output": {"has_gaussian_completed": true, "is_pcm": true, "errors": [], "Mulliken_charges": {"1": ["S", 0.489759], "2": ["O", -0.628323], "3": ["C", -0.397146], "4": ["C", -0.414098], "5": ["H", 0.184093], "6": ["H", 0.089706], "7": ["H", 0.172801], "8": ["H", 0.177141], "9": ["H", 0.135277], "10": ["H", 0.182083], "11": ["S", 0.483083], "12": ["O", -0.617116], "13": ["C", -0.410702], "14": ["C", -0.383255], "15": ["H", 0.174324], "16": ["H", 0.161643], "17": ["H", 0.177144], "18": ["H", 0.181877], "19": ["H", 0.105967], "20": ["H", 0.162464], "21": ["O", -0.639067], "22": ["S", 0.490376], "23": ["H", 0.124276], "24": ["C", -0.416937], "25": ["H", 0.178463], "26": ["C", -0.408371], "27": ["H", 0.172435], "28": ["H", 0.159055], "29": ["H", 0.179341], "30": ["H", 0.167781], "31": ["O", -0.648056], "32": ["H", 0.169836], "33": ["S", 0.486471], "34": ["C", -0.408802], "35": ["H", 0.169375], "36": ["C", -0.406148], "37": ["H", 0.170264], "38": ["H", 0.16799], "39": ["H", 0.136303], "40": ["H", 0.128695]}, "output": {"energies": [-2213.0371948], "final_energy": -2213.0371948, "final_energy_per_atom": -55.32592987, "molecule": {"charge": 0.0, "spin_multiplicity": 1, "sites": [{"name": "S", "species": [{"element": "S", "occu": 1}], "xyz": [0.311788, 0.517312, -0.413627], "properties": {}}, {"name": "O", "species": [{"element": "O", "occu": 1}], "xyz": [1.532875, 0.435711, 0.448055], "properties": {}}, {"name": "C", "species": [{"element": "C", "occu": 1}], "xyz": [-1.002958, 1.138485, 0.619548], "properties": {}}, {"name": "C", "species": [{"element": "C", "occu": 1}], "xyz": [-0.303044, -1.147933, -0.598146], "properties": {}}, {"name": "H", "species": [{"element": "H", "occu": 1}], "xyz": [-0.765551, 2.177528, 0.851726], "properties": {}}, {"name": "H", "species": [{"element": "H", "occu": 1}], "xyz": [-1.053829, 0.545024, 1.536296], "properties": {}}, {"name": "H", "species": [{"element": "H", "occu": 1}], "xyz": [-1.94233, 1.095414, 0.065042], "properties": {}}, {"name": "H", "species": [{"element": "H", "occu": 1}], "xyz": [-1.249919, -1.121721, -1.140269], "properties": {}}, {"name": "H", "species": [{"element": "H", "occu": 1}], "xyz": [-0.429618, -1.604948, 0.384242], "properties": {}}, {"name": "H", "species": [{"element": "H", "occu": 1}], "xyz": [0.432894, -1.703541, -1.180117], "properties": {}}, {"name": "S", "species": [{"element": "S", "occu": 1}], "xyz": [-0.18188, -1.151824, 4.316301], "properties": {}}, {"name": "O", "species": [{"element": "O", "occu": 1}], "xyz": [-1.337841, -0.496459, 3.614031], "properties": {}}, {"name": "C", "species": [{"element": "C", "occu": 1}], "xyz": [0.894588, 0.172846, 4.830313], "properties": {}}, {"name": "C", "species": [{"element": "C", "occu": 1}], "xyz": [0.865319, -1.83672, 3.051223], "properties": {}}, {"name": "H", "species": [{"element": "H", "occu": 1}], "xyz": [0.366163, 0.752202, 5.587654], "properties": {}}, {"name": "H", "species": [{"element": "H", "occu": 1}], "xyz": [1.13392, 0.80134, 3.970752], "properties": {}}, {"name": "H", "species": [{"element": "H", "occu": 1}], "xyz": [1.802363, -0.250488, 5.263558], "properties": {}}, {"name": "H", "species": [{"element": "H", "occu": 1}], "xyz": [1.762721, -2.241996, 3.523371], "properties": {}}, {"name": "H", "species": [{"element": "H", "occu": 1}], "xyz": [1.125776, -1.062823, 2.323942], "properties": {}}, {"name": "H", "species": [{"element": "H", "occu": 1}], "xyz": [0.295956, -2.644256, 2.588993], "properties": {}}, {"name": "O", "species": [{"element": "O", "occu": 1}], "xyz": [-1.676394, -3.93941, 2.722451], "properties": {}}, {"name": "S", "species": [{"element": "S", "occu": 1}], "xyz": [-3.056436, -3.364333, 2.795196], "properties": {}}, {"name": "H", "species": [{"element": "H", "occu": 1}], "xyz": [-2.553208, -1.382548, 1.650893], "properties": {}}, {"name": "C", "species": [{"element": "C", "occu": 1}], "xyz": [-3.21173, -2.223447, 1.433893], "properties": {}}, {"name": "H", "species": [{"element": "H", "occu": 1}], "xyz": [-2.913423, -2.72549, 0.511491], "properties": {}}, {"name": "C", "species": [{"element": "C", "occu": 1}], "xyz": [-4.155014, -4.62013, 2.163331], "properties": {}}, {"name": "H", "species": [{"element": "H", "occu": 1}], "xyz": [-4.136188, -5.454975, 2.864239], "properties": {}}, {"name": "H", "species": [{"element": "H", "occu": 1}], "xyz": [-3.810657, -4.945277, 1.180268], "properties": {}}, {"name": "H", "species": [{"element": "H", "occu": 1}], "xyz": [-4.246648, -1.882844, 1.364461], "properties": {}}, {"name": "H", "species": [{"element": "H", "occu": 1}], "xyz": [-5.167647, -4.217442, 2.104466], "properties": {}}, {"name": "O", "species": [{"element": "O", "occu": 1}], "xyz": [-5.587179, 2.175772, 2.373964], "properties": {}}, {"name": "H", "species": [{"element": "H", "occu": 1}], "xyz": [-2.837211, 3.14974, 2.578034], "properties": {}}, {"name": "S", "species": [{"element": "S", "occu": 1}], "xyz": [-4.346306, 1.345519, 2.449315], "properties": {}}, {"name": "C", "species": [{"element": "C", "occu": 1}], "xyz": [-3.103112, 2.337468, 3.255135], "properties": {}}, {"name": "H", "species": [{"element": "H", "occu": 1}], "xyz": [-3.515367, 2.742033, 4.181727], "properties": {}}, {"name": "C", "species": [{"element": "C", "occu": 1}], "xyz": [-4.580831, 0.170838, 3.769656], "properties": {}}, {"name": "H", "species": [{"element": "H", "occu": 1}], "xyz": [-4.893816, 0.703856, 4.669809], "properties": {}}, {"name": "H", "species": [{"element": "H", "occu": 1}], "xyz": [-5.359885, -0.526566, 3.459359], "properties": {}}, {"name": "H", "species": [{"element": "H", "occu": 1}], "xyz": [-2.231916, 1.711115, 3.458597], "properties": {}}, {"name": "H", "species": [{"element": "H", "occu": 1}], "xyz": [-3.639598, -0.357913, 3.938181], "properties": {}}]}, "stationary_type": "Minimum", "corrections": {}, "tensor": {"1": {"type": "S", "Isotropic": 162.3987, "Anisotropy": 424.6049, "tensor": [], "eigenvalues": [17.4507, 24.2768, 445.4686]}, "2": {"type": "O", "Isotropic": 299.193, "Anisotropy": 229.8695, "tensor": [], "eigenvalues": [151.5466, 293.5932, 452.4394]}, "3": {"type": "C", "Isotropic": 147.7545, "Anisotropy": 55.2362, "tensor": [], "eigenvalues": [118.9998, 139.6852, 184.5787]}, "4": {"type": "C", "Isotropic": 148.198, "Anisotropy": 51.3346, "tensor": [[143.4919, 14.1028, 11.3709], [18.739, 174.1716, 6.7261], [8.4773, 1.6426, 126.9307]], "eigenvalues": [122.044, 140.1289, 182.4211]}, "5": {"type": "H", "Isotropic": 29.1791, "Anisotropy": 5.8212, "tensor": [[0.1237, 32.8911, 0.3592]], "eigenvalues": [25.3876, 29.0899, 33.0599]}, "6": {"type": "H", "Isotropic": 27.9039, "Anisotropy": 9.5043, "tensor": [], "eigenvalues": [23.1417, 26.3299, 34.2401]}, "7": {"type": "H", "Isotropic": 29.7468, "Anisotropy": 6.9179, "tensor": [], "eigenvalues": [27.1927, 27.6889, 34.3588]}, "8": {"type": "H", "Isotropic": 29.7317, "Anisotropy": 7.1793, "tensor": [[31.4414, 2.2432, 2.49], [2.3604, 27.2704, 1.791], [2.1202, 1.901, 30.4834]], "eigenvalues": [26.0691, 28.6082, 34.5179]}, "9": {"type": "H", "Isotropic": 28.9203, "Anisotropy": 6.5957, "tensor": [], "eigenvalues": [25.7933, 27.6501, 33.3174]}, "10": {"type": "H", "Isotropic": 29.1898, "Anisotropy": 7.8228, "tensor": [], "eigenvalues": [25.7158, 27.4486, 34.405]}, "11": {"type": "S", "Isotropic": 164.5129, "Anisotropy": 426.2207, "tensor": [], "eigenvalues": [17.6893, 27.1893, 448.66]}, "12": {"type": "O", "Isotropic": 290.9504, "Anisotropy": 206.2893, "tensor": [[14.8134, 355.6149, 82.5058]], "eigenvalues": [163.8452, 280.5295, 428.4766]}, "13": {"type": "C", "Isotropic": 148.7322, "Anisotropy": 57.9167, "tensor": [[154.0742, 18.5615, 20.1939], [23.4048, 162.1666, 14.28], [17.1709, 9.4848, 129.9557]], "eigenvalues": [119.7732, 139.08, 187.3433]}, "14": {"type": "C", "Isotropic": 148.9047, "Anisotropy": 48.8015, "tensor": [], "eigenvalues": [123.3391, 141.9361, 181.439]}, "15": {"type": "H", "Isotropic": 29.176, "Anisotropy": 7.4818, "tensor": [], "eigenvalues": [26.1937, 27.1705, 34.1639]}, "16": {"type": "H", "Isotropic": 29.3233, "Anisotropy": 3.4534, "tensor": [], "eigenvalues": [26.7133, 29.6311, 31.6256]}, "17": {"type": "H", "Isotropic": 29.6645, "Anisotropy": 10.2892, "tensor": [[4.482, 0.6748, 29.6548]], "eigenvalues": [25.4677, 27.0019, 36.524]}, "18": {"type": "H", "Isotropic": 29.9527, "Anisotropy": 9.5324, "tensor": [], "eigenvalues": [26.0415, 27.5089, 36.3077]}, "19": {"type": "H", "Isotropic": 28.2694, "Anisotropy": 8.8519, "tensor": [], "eigenvalues": [24.7833, 25.8542, 34.1707]}, "20": {"type": "H", "Isotropic": 28.3277, "Anisotropy": 8.1109, "tensor": [[29.219, 2.987, 0.3724], [3.9795, 29.9904, 1.8631], [1.281, 2.6104, 25.7738]], "eigenvalues": [24.659, 26.5892, 33.735]}, "21": {"type": "O", "Isotropic": 301.4239, "Anisotropy": 215.5898, "tensor": [], "eigenvalues": [168.9824, 290.1388, 445.1504]}, "22": {"type": "S", "Isotropic": 169.5886, "Anisotropy": 423.4697, "tensor": [], "eigenvalues": [18.8478, 38.0163, 451.9018]}, "23": {"type": "H", "Isotropic": 28.4832, "Anisotropy": 7.9019, "tensor": [[27.7965, 3.5428, 0.6148], [4.0287, 31.0758, 1.7366], [0.1533, 0.5457, 26.5772]], "eigenvalues": [25.2318, 26.4667, 33.7511]}, "24": {"type": "C", "Isotropic": 145.819, "Anisotropy": 51.8393, "tensor": [], "eigenvalues": [121.0358, 136.0427, 180.3785]}, "25": {"type": "H", "Isotropic": 29.5523, "Anisotropy": 3.6526, "tensor": [], "eigenvalues": [25.9566, 30.713, 31.9874]}, "26": {"type": "C", "Isotropic": 148.8599, "Anisotropy": 59.8989, "tensor": [[159.5723, 19.4305, 10.2611], [25.2273, 160.589, 14.6195], [15.2327, 16.216, 126.4186]], "eigenvalues": [119.9059, 137.8814, 188.7926]}, "27": {"type": "H", "Isotropic": 29.2414, "Anisotropy": 8.5322, "tensor": [], "eigenvalues": [25.7522, 27.0425, 34.9296]}, "28": {"type": "H", "Isotropic": 29.4466, "Anisotropy": 5.4171, "tensor": [[26.7725, 1.8744, 0.3968], [0.7943, 30.845, 2.93]], "eigenvalues": [26.226, 29.0559, 33.058]}, "29": {"type": "H", "Isotropic": 29.6321, "Anisotropy": 7.0036, "tensor": [[2.0054, 0.0018, 26.412]], "eigenvalues": [25.6849, 28.9102, 34.3011]}, "30": {"type": "H", "Isotropic": 29.6754, "Anisotropy": 8.9585, "tensor": [[35.4557, 1.1377, 0.4653]], "eigenvalues": [25.5718, 27.8067, 35.6477]}, "31": {"type": "O", "Isotropic": 303.6298, "Anisotropy": 221.437, "tensor": [], "eigenvalues": [168.3622, 291.2728, 451.2545]}, "32": {"type": "H", "Isotropic": 29.4062, "Anisotropy": 6.1224, "tensor": [], "eigenvalues": [26.0085, 28.7224, 33.4878]}, "33": {"type": "S", "Isotropic": 169.2423, "Anisotropy": 434.2068, "tensor": [], "eigenvalues": [14.5271, 34.4864, 458.7136]}, "34": {"type": "C", "Isotropic": 148.6011, "Anisotropy": 55.06, "tensor": [[163.6254, 11.9997, 15.5263], [19.0116, 150.8273, 17.0444], [21.9047, 15.6612, 131.3506]], "eigenvalues": [119.6786, 140.8169, 185.3078]}, "35": {"type": "H", "Isotropic": 29.6568, "Anisotropy": 5.6649, "tensor": [], "eigenvalues": [27.1412, 28.3959, 33.4335]}, "36": {"type": "C", "Isotropic": 148.1413, "Anisotropy": 54.3484, "tensor": [], "eigenvalues": [119.6192, 140.431, 184.3736]}, "37": {"type": "H", "Isotropic": 29.6445, "Anisotropy": 5.5047, "tensor": [[0.6198, 28.3024, 0.1481]], "eigenvalues": [27.0879, 28.5312, 33.3143]}, "38": {"type": "H", "Isotropic": 29.477, "Anisotropy": 5.9105, "tensor": [[2.6841, 31.4115, 1.567]], "eigenvalues": [25.9448, 29.0688, 33.4174]}, "39": {"type": "H", "Isotropic": 28.9626, "Anisotropy": 10.7404, "tensor": [], "eigenvalues": [24.4694, 26.2955, 36.1229]}, "40": {"type": "H", "Isotropic": 28.6008, "Anisotropy": 10.7246, "tensor": [], "eigenvalues": [24.041, 26.0109, 35.7505]}}, "dipole_moment": {"X": -0.0068, "Y": -3.2695, "Z": 0.4897, "Tot": 3.306}}}, "functional": "wB97X", "basis": "Def2TZVP", "phase": "solution", "type": "nmr;scrf", "smiles": "S(=O)(C)C.S(=O)(C)C.O=S(C)C.O=S(C)C", "inchi": "InChI=1S/4C2H6OS/c4*1-4(2)3/h4*1-2H3", "formula": "H24 C8 S4 O4", "formula_pretty": "H6C2SO", "formula_anonymous": "ABC2D6", "formula_alphabetical": "C8 H24 O4 S4", "chemsys": "C-H-O-S", "nsites": 40, "nelements": 4, "is_ordered": true, "is_valid": true, "tag": "oplsd_ref", "wall_time (s)": 521.6634430729318, "last_updated": "2021-04-27T05:15:12.954061", "_id": null}