,configuration,functional,basis,13c_ch2,13c_ch3,1h_ch2,1h_ch3
0,1,B3LYP,6-31+G*,118.298,131.646,28.546,28.628
1,2,B3LYP,6-31+G*,119.331,132.177,28.497,28.618
2,3,B3LYP,6-31+G*,119.479,132.272,28.453,28.624
3,4,B3LYP,6-31+G*,119.223,131.905,28.405,28.617
4,1,B3LYP,6-311++G**,108.295,122.248,28.426,28.457
5,2,B3LYP,6-311++G**,109.193,122.856,28.348,28.451
6,3,B3LYP,6-311++G**,109.351,122.912,28.259,28.427
7,4,B3LYP,6-311++G**,108.926,122.378,28.265,28.479
8,1,B3LYP,Def2TZVP,106.684,121.404,28.405,28.415
9,2,B3LYP,Def2TZVP,107.67,121.864,28.371,28.397
10,3,B3LYP,Def2TZVP,107.844,121.975,28.343,28.417
11,4,B3LYP,Def2TZVP,108.06,122.051,28.311,28.401
12,1,PBE1PBE,6-31+G*,124.31,136.74,28.51,28.591
13,2,PBE1PBE,6-31+G*,125.068,137.134,28.466,28.568
14,3,PBE1PBE,6-31+G*,125.173,137.228,28.415,28.575
15,4,PBE1PBE,6-31+G*,125.05,136.556,28.4,28.574
16,1,PBE1PBE,6-311++G**,115.74,128.879,28.333,28.365
17,2,PBE1PBE,6-311++G**,116.355,129.174,28.271,28.337
18,3,PBE1PBE,6-311++G**,116.47,129.415,28.186,28.355
19,4,PBE1PBE,6-311++G**,116.278,128.92,28.199,28.385
20,1,PBE1PBE,Def2TZVP,113.538,127.457,28.302,28.325
21,2,PBE1PBE,Def2TZVP,114.234,127.701,28.261,28.298
22,3,PBE1PBE,Def2TZVP,114.529,128.049,28.225,28.321
23,4,PBE1PBE,Def2TZVP,114.477,127.834,28.213,28.299
24,1,M062X,6-31+G*,123.239,136.367,28.716,28.787
25,2,M062X,6-31+G*,121.929,136.031,28.65,28.798
26,3,M062X,6-31+G*,123.443,135.923,28.606,28.756
27,4,M062X,6-31+G*,123.391,135.218,28.695,28.802
28,1,M062X,6-311++G**,114.13,127.89,28.65,28.668
29,2,M062X,6-311++G**,112.796,127.648,28.592,28.688
30,3,M062X,6-311++G**,114.066,127.161,28.522,28.654
31,4,M062X,6-311++G**,114.264,126.923,28.646,28.683
32,1,M062X,Def2TZVP,111.507,125.767,28.616,28.641
33,2,M062X,Def2TZVP,110.065,125.54,28.559,28.661
34,3,M062X,Def2TZVP,111.463,125.032,28.513,28.632
35,4,M062X,Def2TZVP,111.735,125.17,28.534,28.644
36,1,wB97X,6-31+G*,127.499,139.661,28.603,28.693
37,2,wB97X,6-31+G*,126.531,139.489,28.568,28.687
38,3,wB97X,6-31+G*,127.71,138.845,28.587,28.693
39,4,wB97X,6-31+G*,127.748,138.899,28.613,28.679
40,1,wB97X,6-311++G**,119.252,131.94,28.443,28.483
41,2,wB97X,6-311++G**,119.403,131.909,28.355,28.437
42,3,wB97X,6-311++G**,119.412,131.093,28.405,28.483
43,4,wB97X,6-311++G**,119.494,131.18,28.44,28.463
44,1,wB97X,Def2TZVP,116.489,130.039,28.44,28.457
45,2,wB97X,Def2TZVP,116.855,130.019,28.381,28.416
46,3,wB97X,Def2TZVP,116.775,129.934,28.326,28.419
47,4,wB97X,Def2TZVP,116.793,129.798,28.404,28.435
