{"input": {"molecule": {"charge": 1, "spin_multiplicity": 1, "sites": [{"name": "Mg", "species": [{"element": "Mg", "occu": 1}], "xyz": [15.334952, 13.144293, 31.822586], "properties": {}}, {"name": "O", "species": [{"element": "O", "occu": 1}], "xyz": [15.16936, 12.630546, 29.849433], "properties": {}}, {"name": "C", "species": [{"element": "C", "occu": 1}], "xyz": [14.05043, 12.001058, 29.208386], "properties": {}}, {"name": "C", "species": [{"element": "C", "occu": 1}], "xyz": [15.927624, 13.464758, 28.960921], "properties": {}}, {"name": "C", "species": [{"element": "C", "occu": 1}], "xyz": [17.146359, 13.92968, 29.720962], "properties": {}}, {"name": "O", "species": [{"element": "O", "occu": 1}], "xyz": [16.682966, 14.43413, 30.980065], "properties": {}}, {"name": "C", "species": [{"element": "C", "occu": 1}], "xyz": [17.653392, 15.238025, 31.665129], "properties": {}}, {"name": "H", "species": [{"element": "H", "occu": 1}], "xyz": [13.540408, 11.406404, 29.96161], "properties": {}}, {"name": "H", "species": [{"element": "H", "occu": 1}], "xyz": [14.413702, 11.358369, 28.405505], "properties": {}}, {"name": "H", "species": [{"element": "H", "occu": 1}], "xyz": [15.304316, 14.3099, 28.656485], "properties": {}}, {"name": "H", "species": [{"element": "H", "occu": 1}], "xyz": [16.224152, 12.888805, 28.081842], "properties": {}}, {"name": "H", "species": [{"element": "H", "occu": 1}], "xyz": [17.652191, 14.723611, 29.167911], "properties": {}}, {"name": "H", "species": [{"element": "H", "occu": 1}], "xyz": [17.84255, 13.106464, 29.907377], "properties": {}}, {"name": "H", "species": [{"element": "H", "occu": 1}], "xyz": [18.569461, 14.662957, 31.81854], "properties": {}}, {"name": "H", "species": [{"element": "H", "occu": 1}], "xyz": [17.216689, 15.522734, 32.618633], "properties": {}}, {"name": "H", "species": [{"element": "H", "occu": 1}], "xyz": [17.865047, 16.126708, 31.069767], "properties": {}}, {"name": "H", "species": [{"element": "H", "occu": 1}], "xyz": [13.378837, 12.762344, 28.807199], "properties": {}}, {"name": "O", "species": [{"element": "O", "occu": 1}], "xyz": [16.750254, 11.730936, 32.241633], "properties": {}}, {"name": "C", "species": [{"element": "C", "occu": 1}], "xyz": [17.654973, 11.819475, 33.354298], "properties": {}}, {"name": "C", "species": [{"element": "C", "occu": 1}], "xyz": [16.16067, 10.433904, 32.050747], "properties": {}}, {"name": "C", "species": [{"element": "C", "occu": 1}], "xyz": [14.823843, 10.390351, 32.762301], "properties": {}}, {"name": "O", "species": [{"element": "O", "occu": 1}], "xyz": [14.124491, 11.583584, 32.376127], "properties": {}}, {"name": "C", "species": [{"element": "C", "occu": 1}], "xyz": [12.764497, 11.611216, 32.833584], "properties": {}}, {"name": "H", "species": [{"element": "H", "occu": 1}], "xyz": [18.527482, 11.197239, 33.153233], "properties": {}}, {"name": "H", "species": [{"element": "H", "occu": 1}], "xyz": [17.157651, 11.506365, 34.272822], "properties": {}}, {"name": "H", "species": [{"element": "H", "occu": 1}], "xyz": [16.832522, 9.65825, 32.419966], "properties": {}}, {"name": "H", "species": [{"element": "H", "occu": 1}], "xyz": [16.031039, 10.316786, 30.974097], "properties": {}}, {"name": "H", "species": [{"element": "H", "occu": 1}], "xyz": [14.926579, 10.387033, 33.849813], "properties": {}}, {"name": "H", "species": [{"element": "H", "occu": 1}], "xyz": [14.251645, 9.514812, 32.444772], "properties": {}}, {"name": "H", "species": [{"element": "H", "occu": 1}], "xyz": [12.735442, 11.410833, 33.905181], "properties": {}}, {"name": "H", "species": [{"element": "H", "occu": 1}], "xyz": [12.188997, 10.857289, 32.293365], "properties": {}}, {"name": "H", "species": [{"element": "H", "occu": 1}], "xyz": [12.36961, 12.604065, 32.621677], "properties": {}}, {"name": "H", "species": [{"element": "H", "occu": 1}], "xyz": [17.953955, 12.862931, 33.438293], "properties": {}}, {"name": "N", "species": [{"element": "N", "occu": 1}], "xyz": [14.926926, 12.545618, 35.183541], "properties": {}}, {"name": "S", "species": [{"element": "S", "occu": 1}], "xyz": [14.303174, 11.840943, 36.505194], "properties": {}}, {"name": "O", "species": [{"element": "O", "occu": 1}], "xyz": [13.739753, 12.748245, 37.47899], "properties": {}}, {"name": "O", "species": [{"element": "O", "occu": 1}], "xyz": [13.575237, 10.658019, 36.099455], "properties": {}}, {"name": "C", "species": [{"element": "C", "occu": 1}], "xyz": [15.878783, 11.197983, 37.246024], "properties": {}}, {"name": "F", "species": [{"element": "F", "occu": 1}], "xyz": [15.603231, 10.559975, 38.369353], "properties": {}}, {"name": "F", "species": [{"element": "F", "occu": 1}], "xyz": [16.699039, 12.206634, 37.498725], "properties": {}}, {"name": "F", "species": [{"element": "F", "occu": 1}], "xyz": [16.466875, 10.362476, 36.399297], "properties": {}}, {"name": "S", "species": [{"element": "S", "occu": 1}], "xyz": [14.811549, 14.082394, 34.867244], "properties": {}}, {"name": "O", "species": [{"element": "O", "occu": 1}], "xyz": [13.582551, 14.757279, 35.198806], "properties": {}}, {"name": "O", "species": [{"element": "O", "occu": 1}], "xyz": [15.302652, 14.243401, 33.47323], "properties": {}}, {"name": "C", "species": [{"element": "C", "occu": 1}], "xyz": [16.161087, 14.949351, 35.80851], "properties": {}}, {"name": "F", "species": [{"element": "F", "occu": 1}], "xyz": [17.318571, 14.353558, 35.563749], "properties": {}}, {"name": "F", "species": [{"element": "F", "occu": 1}], "xyz": [16.222257, 16.208622, 35.412183], "properties": {}}, {"name": "F", "species": [{"element": "F", "occu": 1}], "xyz": [15.897831, 14.895178, 37.099041], "properties": {}}]}, "functional": "M062X", "basis_set": "6-311++G**", "route_parameters": {"NMR": "GIAO", "iop(7/33=1)": null, "int": "ultrafine", "EmpiricalDispersion": "GD3", "NoSymmetry": null, "test": null, "SCRF": "(Solvent=TetraHydroFuran)"}, "title": "Mg1 H20 C10 S2 N1 O8 F6", "charge": 1, "spin_multiplicity": 1, "input_parameters": {}, "link0_parameters": {"%chk": "checkpoint.chk", "%mem": "100GB", "%NProcShared": "24"}, "dieze_tag": "#P", "nbasisfunctions": 780, "pcm_parameters": {}}, "output": {"has_gaussian_completed": true, "is_pcm": true, "errors": [], "Mulliken_charges": {"1": ["Mg", 0.740495], "2": ["O", -0.271273], "3": ["C", -0.323864], "4": ["C", -0.295493], "5": ["C", -0.285829], "6": ["O", -0.171016], "7": ["C", -0.28509], "8": ["H", 0.193241], "9": ["H", 0.197444], "10": ["H", 0.24744], "11": ["H", 0.234581], "12": ["H", 0.243498], "13": ["H", 0.242754], "14": ["H", 0.197364], "15": ["H", 0.201351], "16": ["H", 0.198532], "17": ["H", 0.197148], "18": ["O", -0.035704], "19": ["C", -0.241595], "20": ["C", -0.600389], "21": ["C", -0.169663], "22": ["O", -0.164802], "23": ["C", -0.223538], "24": ["H", 0.229282], "25": ["H", 0.175127], "26": ["H", 0.257598], "27": ["H", 0.2453], "28": ["H", 0.218288], "29": ["H", 0.257837], "30": ["H", 0.185202], "31": ["H", 0.237094], "32": ["H", 0.189822], "33": ["H", 0.188809], "34": ["N", -0.390867], "35": ["S", 0.038117], "36": ["O", 0.077002], "37": ["O", -0.025226], "38": ["C", -0.026125], "39": ["F", -0.035517], "40": ["F", -0.011947], "41": ["F", -0.000523], "42": ["S", -1.006079], "43": ["O", 0.297281], "44": ["O", -0.039115], "45": ["C", 0.004023], "46": ["F", 0.051315], "47": ["F", 0.020251], "48": ["F", 0.037457]}, "tensor": {"1": {"type": "Mg", "Isotropic": 571.2024, "Anisotropy": 22.7473, "tensor": [[3.9986, 569.9546, 0.5431]], "eigenvalues": [556.6817, 570.5582, 586.3672]}, "2": {"type": "O", "Isotropic": 319.04, "Anisotropy": 50.4735, "tensor": [[312.1049, 9.5992, 11.3632]], "eigenvalues": [284.4136, 320.0174, 352.689]}, "3": {"type": "C", "Isotropic": 126.2198, "Anisotropy": 96.411, "tensor": [[153.3217, 37.2196, 29.667], [33.9698, 114.6014, 18.1137], [31.7233, 18.4911, 110.7364]], "eigenvalues": [93.4409, 94.7248, 190.4938]}, "4": {"type": "C", "Isotropic": 112.3238, "Anisotropy": 70.0083, "tensor": [], "eigenvalues": [80.0027, 97.9726, 158.996]}, "5": {"type": "C", "Isotropic": 115.608, "Anisotropy": 71.421, "tensor": [[1.241, 97.298, 23.4647]], "eigenvalues": [83.4764, 100.1256, 163.222]}, "6": {"type": "O", "Isotropic": 319.6682, "Anisotropy": 36.7288, "tensor": [[2.0817, 296.7517, 15.3935]], "eigenvalues": [290.9875, 323.8631, 344.1541]}, "7": {"type": "C", "Isotropic": 124.2479, "Anisotropy": 91.6827, "tensor": [[126.1796, 35.9469, 31.7607], [36.7111, 124.3524, 25.0055], [26.8408, 25.8333, 122.2118]], "eigenvalues": [88.5379, 98.8362, 185.3697]}, "8": {"type": "H", "Isotropic": 27.3918, "Anisotropy": 6.4412, "tensor": [[2.989, 0.778, 29.7049]], "eigenvalues": [21.3494, 29.14, 31.6859]}, "9": {"type": "H", "Isotropic": 28.261, "Anisotropy": 10.6687, "tensor": [[25.6953, 2.7503, 3.4352], [1.319, 28.4311, 5.1167], [1.4922, 4.1709, 30.6566]], "eigenvalues": [24.6113, 24.7982, 35.3735]}, "10": {"type": "H", "Isotropic": 28.0004, "Anisotropy": 8.3228, "tensor": [[26.0274, 1.4442, 0.285]], "eigenvalues": [23.7308, 26.7214, 33.5489]}, "11": {"type": "H", "Isotropic": 28.2089, "Anisotropy": 8.6702, "tensor": [[1.45, 24.9278, 0.3517]], "eigenvalues": [24.0478, 26.59, 33.9891]}, "12": {"type": "H", "Isotropic": 28.3535, "Anisotropy": 8.381, "tensor": [], "eigenvalues": [24.0806, 27.0391, 33.9409]}, "13": {"type": "H", "Isotropic": 27.6395, "Anisotropy": 7.6613, "tensor": [], "eigenvalues": [24.253, 25.9184, 32.747]}, "14": {"type": "H", "Isotropic": 28.4864, "Anisotropy": 7.3948, "tensor": [[31.8019, 0.5379, 1.9945]], "eigenvalues": [24.5827, 27.4602, 33.4162]}, "15": {"type": "H", "Isotropic": 27.9072, "Anisotropy": 7.3736, "tensor": [[24.4998, 3.2766, 0.168], [3.6344, 27.8233, 3.0017]], "eigenvalues": [21.6619, 29.2367, 32.8229]}, "16": {"type": "H", "Isotropic": 28.3636, "Anisotropy": 9.9248, "tensor": [[0.8509, 0.4811, 25.9314]], "eigenvalues": [23.9488, 26.1618, 34.9801]}, "17": {"type": "H", "Isotropic": 28.2903, "Anisotropy": 10.3921, "tensor": [[0.3827, 24.5609, 0.1344]], "eigenvalues": [24.4987, 25.1538, 35.2184]}, "18": {"type": "O", "Isotropic": 332.6031, "Anisotropy": 43.103, "tensor": [[313.1167, 13.788, 3.6949], [13.2985, 0.1358, 326.0595]], "eigenvalues": [306.3231, 330.1479, 361.3385]}, "19": {"type": "C", "Isotropic": 121.9772, "Anisotropy": 90.3434, "tensor": [[124.8662, 0.6174, 43.8219], [0.4118, 99.0512, 8.2679], [50.0731, 15.0378, 142.0141]], "eigenvalues": [82.5249, 101.2005, 182.2061]}, "20": {"type": "C", "Isotropic": 114.8391, "Anisotropy": 70.0366, "tensor": [[110.498, 20.4214, 4.9876], [29.2552, 145.4419, 20.648], [2.728, 9.6893, 88.5774]], "eigenvalues": [84.4655, 98.5216, 161.5302]}, "21": {"type": "C", "Isotropic": 117.2413, "Anisotropy": 76.097, "tensor": [], "eigenvalues": [83.0609, 100.6903, 167.9726]}, "22": {"type": "O", "Isotropic": 328.5022, "Anisotropy": 47.2147, "tensor": [], "eigenvalues": [290.0331, 335.4948, 359.9787]}, "23": {"type": "C", "Isotropic": 123.7418, "Anisotropy": 91.0957, "tensor": [], "eigenvalues": [89.3164, 97.4367, 184.4722]}, "24": {"type": "H", "Isotropic": 28.1089, "Anisotropy": 9.6264, "tensor": [], "eigenvalues": [23.4347, 26.3656, 34.5265]}, "25": {"type": "H", "Isotropic": 27.5824, "Anisotropy": 9.727, "tensor": [], "eigenvalues": [22.5106, 26.1696, 34.0671]}, "26": {"type": "H", "Isotropic": 28.6521, "Anisotropy": 9.276, "tensor": [[0.0962, 1.5359, 25.1769]], "eigenvalues": [24.9535, 26.1667, 34.8361]}, "27": {"type": "H", "Isotropic": 27.5273, "Anisotropy": 8.494, "tensor": [[1.2554, 28.6464, 4.9581]], "eigenvalues": [24.285, 25.1069, 33.19]}, "28": {"type": "H", "Isotropic": 26.4657, "Anisotropy": 7.2268, "tensor": [[0.5066, 0.0434, 31.0488]], "eigenvalues": [22.4583, 25.6553, 31.2836]}, "29": {"type": "H", "Isotropic": 28.0707, "Anisotropy": 8.3238, "tensor": [[3.4594, 33.142, 0.7438], [0.6008, 0.8956, 25.2405]], "eigenvalues": [24.7677, 25.8246, 33.6199]}, "30": {"type": "H", "Isotropic": 26.3411, "Anisotropy": 6.1818, "tensor": [[1.5937, 20.7683, 1.3082], [0.3443, 0.2783, 30.3625]], "eigenvalues": [20.1605, 28.4005, 30.4623]}, "31": {"type": "H", "Isotropic": 28.0859, "Anisotropy": 10.7689, "tensor": [[33.7606, 4.7791, 2.3212], [2.0952, 24.6398, 1.6675], [0.6578, 0.9071, 25.8572]], "eigenvalues": [23.2488, 25.7437, 35.2651]}, "32": {"type": "H", "Isotropic": 27.6563, "Anisotropy": 9.4649, "tensor": [], "eigenvalues": [23.3188, 25.6838, 33.9663]}, "33": {"type": "H", "Isotropic": 28.1841, "Anisotropy": 5.8685, "tensor": [[27.6016, 1.8042, 1.16], [0.507, 28.1849, 1.1513], [2.9806, 3.6465, 28.7659]], "eigenvalues": [25.7429, 26.7131, 32.0965]}, "34": {"type": "N", "Isotropic": 68.535, "Anisotropy": 21.1216, "tensor": [[53.1154, 10.1449, 2.3224], [14.6732, 71.0764, 5.6703]], "eigenvalues": [46.7749, 76.214, 82.616]}, "35": {"type": "S", "Isotropic": 183.2851, "Anisotropy": 256.4066, "tensor": [[51.2786, 242.1104, 126.1699]], "eigenvalues": [31.6034, 164.0291, 354.2229]}, "36": {"type": "O", "Isotropic": 101.8812, "Anisotropy": 96.6979, "tensor": [[77.0376, 52.6065, 35.965], [32.8716, 94.9794, 15.9643]], "eigenvalues": [40.7336, 98.5636, 166.3465]}, "37": {"type": "O", "Isotropic": 86.6704, "Anisotropy": 45.9785, "tensor": [[10.2725, 113.2299, 21.9325]], "eigenvalues": [55.0443, 87.644, 117.3227]}, "38": {"type": "C", "Isotropic": 62.8119, "Anisotropy": 6.3622, "tensor": [], "eigenvalues": [56.9844, 64.3978, 67.0533]}, "39": {"type": "F", "Isotropic": 271.7151, "Anisotropy": 106.4239, "tensor": [], "eigenvalues": [191.9026, 280.5783, 342.6643]}, "40": {"type": "F", "Isotropic": 252.8142, "Anisotropy": 125.2508, "tensor": [[63.9726, 280.577, 21.8656], [7.4018, 25.3443, 236.8538]], "eigenvalues": [186.947, 235.1808, 336.3147]}, "41": {"type": "F", "Isotropic": 253.0498, "Anisotropy": 136.9766, "tensor": [], "eigenvalues": [184.5313, 230.2506, 344.3676]}, "42": {"type": "S", "Isotropic": 163.601, "Anisotropy": 214.502, "tensor": [], "eigenvalues": [31.0508, 153.1498, 306.6023]}, "43": {"type": "O", "Isotropic": 99.8061, "Anisotropy": 44.3071, "tensor": [], "eigenvalues": [68.0514, 102.0227, 129.3442]}, "44": {"type": "O", "Isotropic": 135.0667, "Anisotropy": 114.5302, "tensor": [], "eigenvalues": [44.8131, 148.9669, 211.4202]}, "45": {"type": "C", "Isotropic": 65.8492, "Anisotropy": 10.3192, "tensor": [], "eigenvalues": [56.5698, 68.2491, 72.7287]}, "46": {"type": "F", "Isotropic": 251.486, "Anisotropy": 139.1601, "tensor": [], "eigenvalues": [188.2824, 221.9163, 344.2594]}, "47": {"type": "F", "Isotropic": 260.1578, "Anisotropy": 136.026, "tensor": [], "eigenvalues": [187.7962, 241.8354, 350.8418]}, "48": {"type": "F", "Isotropic": 247.9903, "Anisotropy": 115.6645, "tensor": [], "eigenvalues": [198.2146, 220.6563, 325.0999]}}, "output": {"energies": [-2644.86879945], "final_energy": -2644.86879945, "final_energy_per_atom": -55.101433321875, "molecule": {"charge": 0.0, "spin_multiplicity": 2, "sites": [{"name": "Mg", "species": [{"element": "Mg", "occu": 1}], "xyz": [15.334952, 13.144293, 31.822586], "properties": {}}, {"name": "O", "species": [{"element": "O", "occu": 1}], "xyz": [15.16936, 12.630546, 29.849433], "properties": {}}, {"name": "C", "species": [{"element": "C", "occu": 1}], "xyz": [14.05043, 12.001058, 29.208386], "properties": {}}, {"name": "C", "species": [{"element": "C", "occu": 1}], "xyz": [15.927624, 13.464758, 28.960921], "properties": {}}, {"name": "C", "species": [{"element": "C", "occu": 1}], "xyz": [17.146359, 13.92968, 29.720962], "properties": {}}, {"name": "O", "species": [{"element": "O", "occu": 1}], "xyz": [16.682966, 14.43413, 30.980065], "properties": {}}, {"name": "C", "species": [{"element": "C", "occu": 1}], "xyz": [17.653392, 15.238025, 31.665129], "properties": {}}, {"name": "H", "species": [{"element": "H", "occu": 1}], "xyz": [13.540408, 11.406404, 29.96161], "properties": {}}, {"name": "H", "species": [{"element": "H", "occu": 1}], "xyz": [14.413702, 11.358369, 28.405505], "properties": {}}, {"name": "H", "species": [{"element": "H", "occu": 1}], "xyz": [15.304316, 14.3099, 28.656485], "properties": {}}, {"name": "H", "species": [{"element": "H", "occu": 1}], "xyz": [16.224152, 12.888805, 28.081842], "properties": {}}, {"name": "H", "species": [{"element": "H", "occu": 1}], "xyz": [17.652191, 14.723611, 29.167911], "properties": {}}, {"name": "H", "species": [{"element": "H", "occu": 1}], "xyz": [17.84255, 13.106464, 29.907377], "properties": {}}, {"name": "H", "species": [{"element": "H", "occu": 1}], "xyz": [18.569461, 14.662957, 31.81854], "properties": {}}, {"name": "H", "species": [{"element": "H", "occu": 1}], "xyz": [17.216689, 15.522734, 32.618633], "properties": {}}, {"name": "H", "species": [{"element": "H", "occu": 1}], "xyz": [17.865047, 16.126708, 31.069767], "properties": {}}, {"name": "H", "species": [{"element": "H", "occu": 1}], "xyz": [13.378837, 12.762344, 28.807199], "properties": {}}, {"name": "O", "species": [{"element": "O", "occu": 1}], "xyz": [16.750254, 11.730936, 32.241633], "properties": {}}, {"name": "C", "species": [{"element": "C", "occu": 1}], "xyz": [17.654973, 11.819475, 33.354298], "properties": {}}, {"name": "C", "species": [{"element": "C", "occu": 1}], "xyz": [16.16067, 10.433904, 32.050747], "properties": {}}, {"name": "C", "species": [{"element": "C", "occu": 1}], "xyz": [14.823843, 10.390351, 32.762301], "properties": {}}, {"name": "O", "species": [{"element": "O", "occu": 1}], "xyz": [14.124491, 11.583584, 32.376127], "properties": {}}, {"name": "C", "species": [{"element": "C", "occu": 1}], "xyz": [12.764497, 11.611216, 32.833584], "properties": {}}, {"name": "H", "species": [{"element": "H", "occu": 1}], "xyz": [18.527482, 11.197239, 33.153233], "properties": {}}, {"name": "H", "species": [{"element": "H", "occu": 1}], "xyz": [17.157651, 11.506365, 34.272822], "properties": {}}, {"name": "H", "species": [{"element": "H", "occu": 1}], "xyz": [16.832522, 9.65825, 32.419966], "properties": {}}, {"name": "H", "species": [{"element": "H", "occu": 1}], "xyz": [16.031039, 10.316786, 30.974097], "properties": {}}, {"name": "H", "species": [{"element": "H", "occu": 1}], "xyz": [14.926579, 10.387033, 33.849813], "properties": {}}, {"name": "H", "species": [{"element": "H", "occu": 1}], "xyz": [14.251645, 9.514812, 32.444772], "properties": {}}, {"name": "H", "species": [{"element": "H", "occu": 1}], "xyz": [12.735442, 11.410833, 33.905181], "properties": {}}, {"name": "H", "species": [{"element": "H", "occu": 1}], "xyz": [12.188997, 10.857289, 32.293365], "properties": {}}, {"name": "H", "species": [{"element": "H", "occu": 1}], "xyz": [12.36961, 12.604065, 32.621677], "properties": {}}, {"name": "H", "species": [{"element": "H", "occu": 1}], "xyz": [17.953955, 12.862931, 33.438293], "properties": {}}, {"name": "N", "species": [{"element": "N", "occu": 1}], "xyz": [14.926926, 12.545618, 35.183541], "properties": {}}, {"name": "S", "species": [{"element": "S", "occu": 1}], "xyz": [14.303174, 11.840943, 36.505194], "properties": {}}, {"name": "O", "species": [{"element": "O", "occu": 1}], "xyz": [13.739753, 12.748245, 37.47899], "properties": {}}, {"name": "O", "species": [{"element": "O", "occu": 1}], "xyz": [13.575237, 10.658019, 36.099455], "properties": {}}, {"name": "C", "species": [{"element": "C", "occu": 1}], "xyz": [15.878783, 11.197983, 37.246024], "properties": {}}, {"name": "F", "species": [{"element": "F", "occu": 1}], "xyz": [15.603231, 10.559975, 38.369353], "properties": {}}, {"name": "F", "species": [{"element": "F", "occu": 1}], "xyz": [16.699039, 12.206634, 37.498725], "properties": {}}, {"name": "F", "species": [{"element": "F", "occu": 1}], "xyz": [16.466875, 10.362476, 36.399297], "properties": {}}, {"name": "S", "species": [{"element": "S", "occu": 1}], "xyz": [14.811549, 14.082394, 34.867244], "properties": {}}, {"name": "O", "species": [{"element": "O", "occu": 1}], "xyz": [13.582551, 14.757279, 35.198806], "properties": {}}, {"name": "O", "species": [{"element": "O", "occu": 1}], "xyz": [15.302652, 14.243401, 33.47323], "properties": {}}, {"name": "C", "species": [{"element": "C", "occu": 1}], "xyz": [16.161087, 14.949351, 35.80851], "properties": {}}, {"name": "F", "species": [{"element": "F", "occu": 1}], "xyz": [17.318571, 14.353558, 35.563749], "properties": {}}, {"name": "F", "species": [{"element": "F", "occu": 1}], "xyz": [16.222257, 16.208622, 35.412183], "properties": {}}, {"name": "F", "species": [{"element": "F", "occu": 1}], "xyz": [15.897831, 14.895178, 37.099041], "properties": {}}]}, "stationary_type": "Minimum", "corrections": {}, "tensor": {"1": {"type": "Mg", "Isotropic": 571.2024, "Anisotropy": 22.7473, "tensor": [[3.9986, 569.9546, 0.5431]], "eigenvalues": [556.6817, 570.5582, 586.3672]}, "2": {"type": "O", "Isotropic": 319.04, "Anisotropy": 50.4735, "tensor": [[312.1049, 9.5992, 11.3632]], "eigenvalues": [284.4136, 320.0174, 352.689]}, "3": {"type": "C", "Isotropic": 126.2198, "Anisotropy": 96.411, "tensor": [[153.3217, 37.2196, 29.667], [33.9698, 114.6014, 18.1137], [31.7233, 18.4911, 110.7364]], "eigenvalues": [93.4409, 94.7248, 190.4938]}, "4": {"type": "C", "Isotropic": 112.3238, "Anisotropy": 70.0083, "tensor": [], "eigenvalues": [80.0027, 97.9726, 158.996]}, "5": {"type": "C", "Isotropic": 115.608, "Anisotropy": 71.421, "tensor": [[1.241, 97.298, 23.4647]], "eigenvalues": [83.4764, 100.1256, 163.222]}, "6": {"type": "O", "Isotropic": 319.6682, "Anisotropy": 36.7288, "tensor": [[2.0817, 296.7517, 15.3935]], "eigenvalues": [290.9875, 323.8631, 344.1541]}, "7": {"type": "C", "Isotropic": 124.2479, "Anisotropy": 91.6827, "tensor": [[126.1796, 35.9469, 31.7607], [36.7111, 124.3524, 25.0055], [26.8408, 25.8333, 122.2118]], "eigenvalues": [88.5379, 98.8362, 185.3697]}, "8": {"type": "H", "Isotropic": 27.3918, "Anisotropy": 6.4412, "tensor": [[2.989, 0.778, 29.7049]], "eigenvalues": [21.3494, 29.14, 31.6859]}, "9": {"type": "H", "Isotropic": 28.261, "Anisotropy": 10.6687, "tensor": [[25.6953, 2.7503, 3.4352], [1.319, 28.4311, 5.1167], [1.4922, 4.1709, 30.6566]], "eigenvalues": [24.6113, 24.7982, 35.3735]}, "10": {"type": "H", "Isotropic": 28.0004, "Anisotropy": 8.3228, "tensor": [[26.0274, 1.4442, 0.285]], "eigenvalues": [23.7308, 26.7214, 33.5489]}, "11": {"type": "H", "Isotropic": 28.2089, "Anisotropy": 8.6702, "tensor": [[1.45, 24.9278, 0.3517]], "eigenvalues": [24.0478, 26.59, 33.9891]}, "12": {"type": "H", "Isotropic": 28.3535, "Anisotropy": 8.381, "tensor": [], "eigenvalues": [24.0806, 27.0391, 33.9409]}, "13": {"type": "H", "Isotropic": 27.6395, "Anisotropy": 7.6613, "tensor": [], "eigenvalues": [24.253, 25.9184, 32.747]}, "14": {"type": "H", "Isotropic": 28.4864, "Anisotropy": 7.3948, "tensor": [[31.8019, 0.5379, 1.9945]], "eigenvalues": [24.5827, 27.4602, 33.4162]}, "15": {"type": "H", "Isotropic": 27.9072, "Anisotropy": 7.3736, "tensor": [[24.4998, 3.2766, 0.168], [3.6344, 27.8233, 3.0017]], "eigenvalues": [21.6619, 29.2367, 32.8229]}, "16": {"type": "H", "Isotropic": 28.3636, "Anisotropy": 9.9248, "tensor": [[0.8509, 0.4811, 25.9314]], "eigenvalues": [23.9488, 26.1618, 34.9801]}, "17": {"type": "H", "Isotropic": 28.2903, "Anisotropy": 10.3921, "tensor": [[0.3827, 24.5609, 0.1344]], "eigenvalues": [24.4987, 25.1538, 35.2184]}, "18": {"type": "O", "Isotropic": 332.6031, "Anisotropy": 43.103, "tensor": [[313.1167, 13.788, 3.6949], [13.2985, 0.1358, 326.0595]], "eigenvalues": [306.3231, 330.1479, 361.3385]}, "19": {"type": "C", "Isotropic": 121.9772, "Anisotropy": 90.3434, "tensor": [[124.8662, 0.6174, 43.8219], [0.4118, 99.0512, 8.2679], [50.0731, 15.0378, 142.0141]], "eigenvalues": [82.5249, 101.2005, 182.2061]}, "20": {"type": "C", "Isotropic": 114.8391, "Anisotropy": 70.0366, "tensor": [[110.498, 20.4214, 4.9876], [29.2552, 145.4419, 20.648], [2.728, 9.6893, 88.5774]], "eigenvalues": [84.4655, 98.5216, 161.5302]}, "21": {"type": "C", "Isotropic": 117.2413, "Anisotropy": 76.097, "tensor": [], "eigenvalues": [83.0609, 100.6903, 167.9726]}, "22": {"type": "O", "Isotropic": 328.5022, "Anisotropy": 47.2147, "tensor": [], "eigenvalues": [290.0331, 335.4948, 359.9787]}, "23": {"type": "C", "Isotropic": 123.7418, "Anisotropy": 91.0957, "tensor": [], "eigenvalues": [89.3164, 97.4367, 184.4722]}, "24": {"type": "H", "Isotropic": 28.1089, "Anisotropy": 9.6264, "tensor": [], "eigenvalues": [23.4347, 26.3656, 34.5265]}, "25": {"type": "H", "Isotropic": 27.5824, "Anisotropy": 9.727, "tensor": [], "eigenvalues": [22.5106, 26.1696, 34.0671]}, "26": {"type": "H", "Isotropic": 28.6521, "Anisotropy": 9.276, "tensor": [[0.0962, 1.5359, 25.1769]], "eigenvalues": [24.9535, 26.1667, 34.8361]}, "27": {"type": "H", "Isotropic": 27.5273, "Anisotropy": 8.494, "tensor": [[1.2554, 28.6464, 4.9581]], "eigenvalues": [24.285, 25.1069, 33.19]}, "28": {"type": "H", "Isotropic": 26.4657, "Anisotropy": 7.2268, "tensor": [[0.5066, 0.0434, 31.0488]], "eigenvalues": [22.4583, 25.6553, 31.2836]}, "29": {"type": "H", "Isotropic": 28.0707, "Anisotropy": 8.3238, "tensor": [[3.4594, 33.142, 0.7438], [0.6008, 0.8956, 25.2405]], "eigenvalues": [24.7677, 25.8246, 33.6199]}, "30": {"type": "H", "Isotropic": 26.3411, "Anisotropy": 6.1818, "tensor": [[1.5937, 20.7683, 1.3082], [0.3443, 0.2783, 30.3625]], "eigenvalues": [20.1605, 28.4005, 30.4623]}, "31": {"type": "H", "Isotropic": 28.0859, "Anisotropy": 10.7689, "tensor": [[33.7606, 4.7791, 2.3212], [2.0952, 24.6398, 1.6675], [0.6578, 0.9071, 25.8572]], "eigenvalues": [23.2488, 25.7437, 35.2651]}, "32": {"type": "H", "Isotropic": 27.6563, "Anisotropy": 9.4649, "tensor": [], "eigenvalues": [23.3188, 25.6838, 33.9663]}, "33": {"type": "H", "Isotropic": 28.1841, "Anisotropy": 5.8685, "tensor": [[27.6016, 1.8042, 1.16], [0.507, 28.1849, 1.1513], [2.9806, 3.6465, 28.7659]], "eigenvalues": [25.7429, 26.7131, 32.0965]}, "34": {"type": "N", "Isotropic": 68.535, "Anisotropy": 21.1216, "tensor": [[53.1154, 10.1449, 2.3224], [14.6732, 71.0764, 5.6703]], "eigenvalues": [46.7749, 76.214, 82.616]}, "35": {"type": "S", "Isotropic": 183.2851, "Anisotropy": 256.4066, "tensor": [[51.2786, 242.1104, 126.1699]], "eigenvalues": [31.6034, 164.0291, 354.2229]}, "36": {"type": "O", "Isotropic": 101.8812, "Anisotropy": 96.6979, "tensor": [[77.0376, 52.6065, 35.965], [32.8716, 94.9794, 15.9643]], "eigenvalues": [40.7336, 98.5636, 166.3465]}, "37": {"type": "O", "Isotropic": 86.6704, "Anisotropy": 45.9785, "tensor": [[10.2725, 113.2299, 21.9325]], "eigenvalues": [55.0443, 87.644, 117.3227]}, "38": {"type": "C", "Isotropic": 62.8119, "Anisotropy": 6.3622, "tensor": [], "eigenvalues": [56.9844, 64.3978, 67.0533]}, "39": {"type": "F", "Isotropic": 271.7151, "Anisotropy": 106.4239, "tensor": [], "eigenvalues": [191.9026, 280.5783, 342.6643]}, "40": {"type": "F", "Isotropic": 252.8142, "Anisotropy": 125.2508, "tensor": [[63.9726, 280.577, 21.8656], [7.4018, 25.3443, 236.8538]], "eigenvalues": [186.947, 235.1808, 336.3147]}, "41": {"type": "F", "Isotropic": 253.0498, "Anisotropy": 136.9766, "tensor": [], "eigenvalues": [184.5313, 230.2506, 344.3676]}, "42": {"type": "S", "Isotropic": 163.601, "Anisotropy": 214.502, "tensor": [], "eigenvalues": [31.0508, 153.1498, 306.6023]}, "43": {"type": "O", "Isotropic": 99.8061, "Anisotropy": 44.3071, "tensor": [], "eigenvalues": [68.0514, 102.0227, 129.3442]}, "44": {"type": "O", "Isotropic": 135.0667, "Anisotropy": 114.5302, "tensor": [], "eigenvalues": [44.8131, 148.9669, 211.4202]}, "45": {"type": "C", "Isotropic": 65.8492, "Anisotropy": 10.3192, "tensor": [], "eigenvalues": [56.5698, 68.2491, 72.7287]}, "46": {"type": "F", "Isotropic": 251.486, "Anisotropy": 139.1601, "tensor": [], "eigenvalues": [188.2824, 221.9163, 344.2594]}, "47": {"type": "F", "Isotropic": 260.1578, "Anisotropy": 136.026, "tensor": [], "eigenvalues": [187.7962, 241.8354, 350.8418]}, "48": {"type": "F", "Isotropic": 247.9903, "Anisotropy": 115.6645, "tensor": [], "eigenvalues": [198.2146, 220.6563, 325.0999]}}}}, "functional": "M062X", "basis": "6-311++G**", "phase": "solution", "type": "scrf;nmr", "smiles": "[Mg]O[S@]([N]S(=O)(=O)C(F)(F)F)([O])C(F)(F)F.O(C)CCOC.O(C)CCOC", "formula": "Mg1 H20 C10 S2 N1 O8 F6", "formula_pretty": "MgH20C10S2N(O4F3)2", "formula_anonymous": "ABC2D6E8F10G20", "formula_alphabetical": "C10 F6 H20 Mg1 N1 O8 S2", "chemsys": "C-F-H-Mg-N-O-S", "nsites": 48, "nelements": 7, "is_ordered": true, "is_valid": true, "tag": "oplsd_3", "wall_time (s)": 744.9989328091033, "last_updated": "2020-12-28T03:06:40.894694", "_id": null}