{"input": {"molecule": {"charge": 1, "spin_multiplicity": 1, "sites": [{"name": "Mg", "species": [{"element": "Mg", "occu": 1}], "xyz": [10.942568, 43.411857, 25.166731], "properties": {}}, {"name": "O", "species": [{"element": "O", "occu": 1}], "xyz": [9.822232, 42.13922, 26.332778], "properties": {}}, {"name": "C", "species": [{"element": "C", "occu": 1}], "xyz": [8.502418, 41.642796, 26.065074], "properties": {}}, {"name": "C", "species": [{"element": "C", "occu": 1}], "xyz": [10.083004, 42.396047, 27.720389], "properties": {}}, {"name": "C", "species": [{"element": "C", "occu": 1}], "xyz": [11.58421, 42.457243, 27.865307], "properties": {}}, {"name": "O", "species": [{"element": "O", "occu": 1}], "xyz": [12.064408, 43.377203, 26.876984], "properties": {}}, {"name": "C", "species": [{"element": "C", "occu": 1}], "xyz": [13.484416, 43.547556, 26.920012], "properties": {}}, {"name": "H", "species": [{"element": "H", "occu": 1}], "xyz": [8.339078, 40.733143, 26.644407], "properties": {}}, {"name": "H", "species": [{"element": "H", "occu": 1}], "xyz": [8.457771, 41.412177, 25.001834], "properties": {}}, {"name": "H", "species": [{"element": "H", "occu": 1}], "xyz": [9.679921, 41.583818, 28.327651], "properties": {}}, {"name": "H", "species": [{"element": "H", "occu": 1}], "xyz": [9.61096, 43.341902, 28.000839], "properties": {}}, {"name": "H", "species": [{"element": "H", "occu": 1}], "xyz": [12.035503, 41.47717, 27.681193], "properties": {}}, {"name": "H", "species": [{"element": "H", "occu": 1}], "xyz": [11.860936, 42.81153, 28.860477], "properties": {}}, {"name": "H", "species": [{"element": "H", "occu": 1}], "xyz": [13.980069, 42.605957, 26.672837], "properties": {}}, {"name": "H", "species": [{"element": "H", "occu": 1}], "xyz": [13.778239, 43.880358, 27.916308], "properties": {}}, {"name": "H", "species": [{"element": "H", "occu": 1}], "xyz": [13.741546, 44.312274, 26.191134], "properties": {}}, {"name": "H", "species": [{"element": "H", "occu": 1}], "xyz": [7.75497, 42.395955, 26.323948], "properties": {}}, {"name": "O", "species": [{"element": "O", "occu": 1}], "xyz": [11.822084, 41.895496, 24.1331], "properties": {}}, {"name": "C", "species": [{"element": "C", "occu": 1}], "xyz": [11.398394, 40.52337, 24.090042], "properties": {}}, {"name": "C", "species": [{"element": "C", "occu": 1}], "xyz": [12.406923, 42.342962, 22.90298], "properties": {}}, {"name": "C", "species": [{"element": "C", "occu": 1}], "xyz": [13.131247, 43.637889, 23.200548], "properties": {}}, {"name": "O", "species": [{"element": "O", "occu": 1}], "xyz": [12.265465, 44.441132, 24.013643], "properties": {}}, {"name": "C", "species": [{"element": "C", "occu": 1}], "xyz": [12.674503, 45.810778, 24.111653], "properties": {}}, {"name": "H", "species": [{"element": "H", "occu": 1}], "xyz": [10.667186, 40.392062, 23.29163], "properties": {}}, {"name": "H", "species": [{"element": "H", "occu": 1}], "xyz": [10.951054, 40.29767, 25.054952], "properties": {}}, {"name": "H", "species": [{"element": "H", "occu": 1}], "xyz": [11.610601, 42.475329, 22.167032], "properties": {}}, {"name": "H", "species": [{"element": "H", "occu": 1}], "xyz": [13.117146, 41.59655, 22.541103], "properties": {}}, {"name": "H", "species": [{"element": "H", "occu": 1}], "xyz": [13.356748, 44.166143, 22.271602], "properties": {}}, {"name": "H", "species": [{"element": "H", "occu": 1}], "xyz": [14.058112, 43.457504, 23.753348], "properties": {}}, {"name": "H", "species": [{"element": "H", "occu": 1}], "xyz": [12.545054, 46.297124, 23.143968], "properties": {}}, {"name": "H", "species": [{"element": "H", "occu": 1}], "xyz": [13.721363, 45.863214, 24.418948], "properties": {}}, {"name": "H", "species": [{"element": "H", "occu": 1}], "xyz": [12.041519, 46.283395, 24.860092], "properties": {}}, {"name": "H", "species": [{"element": "H", "occu": 1}], "xyz": [12.270391, 39.889616, 23.924077], "properties": {}}, {"name": "N", "species": [{"element": "N", "occu": 1}], "xyz": [9.247078, 44.005208, 23.895977], "properties": {}}, {"name": "S", "species": [{"element": "S", "occu": 1}], "xyz": [8.423354, 43.300032, 22.682006], "properties": {}}, {"name": "O", "species": [{"element": "O", "occu": 1}], "xyz": [9.000501, 41.985387, 22.503724], "properties": {}}, {"name": "O", "species": [{"element": "O", "occu": 1}], "xyz": [6.997982, 43.499038, 22.756159], "properties": {}}, {"name": "C", "species": [{"element": "C", "occu": 1}], "xyz": [9.025645, 44.280689, 21.21986], "properties": {}}, {"name": "F", "species": [{"element": "F", "occu": 1}], "xyz": [8.57536, 43.720659, 20.114096], "properties": {}}, {"name": "F", "species": [{"element": "F", "occu": 1}], "xyz": [10.3515, 44.288968, 21.206006], "properties": {}}, {"name": "F", "species": [{"element": "F", "occu": 1}], "xyz": [8.58461, 45.523856, 21.305207], "properties": {}}, {"name": "S", "species": [{"element": "S", "occu": 1}], "xyz": [8.682556, 45.060641, 24.974257], "properties": {}}, {"name": "O", "species": [{"element": "O", "occu": 1}], "xyz": [9.831673, 45.087962, 25.908983], "properties": {}}, {"name": "O", "species": [{"element": "O", "occu": 1}], "xyz": [7.354457, 44.861929, 25.486553], "properties": {}}, {"name": "C", "species": [{"element": "C", "occu": 1}], "xyz": [8.697137, 46.74988, 24.185785], "properties": {}}, {"name": "F", "species": [{"element": "F", "occu": 1}], "xyz": [7.639143, 46.879854, 23.413948], "properties": {}}, {"name": "F", "species": [{"element": "F", "occu": 1}], "xyz": [8.672338, 47.651209, 25.146815], "properties": {}}, {"name": "F", "species": [{"element": "F", "occu": 1}], "xyz": [9.800816, 46.88565, 23.471403], "properties": {}}]}, "functional": "M062X", "basis_set": "6-311++G**", "route_parameters": {"NMR": "GIAO", "iop(7/33=1)": null, "int": "ultrafine", "EmpiricalDispersion": "GD3", "NoSymmetry": null, "test": null, "SCRF": "(Solvent=TetraHydroFuran)"}, "title": "Mg1 H20 C10 S2 N1 O8 F6", "charge": 1, "spin_multiplicity": 1, "input_parameters": {}, "link0_parameters": {"%chk": "checkpoint.chk", "%mem": "100GB", "%NProcShared": "24"}, "dieze_tag": "#P", "nbasisfunctions": 780, "pcm_parameters": {}}, "output": {"has_gaussian_completed": true, "is_pcm": true, "errors": [], "Mulliken_charges": {"1": ["Mg", -1.475434], "2": ["O", -0.131779], "3": ["C", -0.135184], "4": ["C", -0.153673], "5": ["C", -0.21612], "6": ["O", -0.118172], "7": ["C", -0.211806], "8": ["H", 0.23019], "9": ["H", 0.175953], "10": ["H", 0.261052], "11": ["H", 0.257823], "12": ["H", 0.206912], "13": ["H", 0.263416], "14": ["H", 0.186644], "15": ["H", 0.224771], "16": ["H", 0.119639], "17": ["H", 0.23288], "18": ["O", -0.010731], "19": ["C", -0.226961], "20": ["C", -0.280952], "21": ["C", -0.243413], "22": ["O", -0.173858], "23": ["C", -0.191405], "24": ["H", 0.219663], "25": ["H", 0.179404], "26": ["H", 0.27106], "27": ["H", 0.246981], "28": ["H", 0.257872], "29": ["H", 0.237934], "30": ["H", 0.229088], "31": ["H", 0.2219], "32": ["H", 0.225877], "33": ["H", 0.222454], "34": ["N", -0.321168], "35": ["S", -0.019137], "36": ["O", 0.094292], "37": ["O", 0.188637], "38": ["C", -0.032203], "39": ["F", -0.016316], "40": ["F", 0.027359], "41": ["F", 0.010441], "42": ["S", -0.352742], "43": ["O", 0.102747], "44": ["O", 0.412909], "45": ["C", -0.146181], "46": ["F", 0.055977], "47": ["F", 0.017535], "48": ["F", 0.075828]}, "tensor": {"1": {"type": "Mg", "Isotropic": 574.2817, "Anisotropy": 21.0954, "tensor": [], "eigenvalues": [555.6573, 578.8424, 588.3453]}, "2": {"type": "O", "Isotropic": 319.3864, "Anisotropy": 45.16, "tensor": [], "eigenvalues": [289.6892, 318.9769, 349.4931]}, "3": {"type": "C", "Isotropic": 124.2631, "Anisotropy": 85.1145, "tensor": [[162.1842, 32.0204, 23.4703], [29.3208, 109.0051, 3.0082]], "eigenvalues": [87.1657, 104.6176, 181.0062]}, "4": {"type": "C", "Isotropic": 110.697, "Anisotropy": 78.2044, "tensor": [[91.5421, 3.964, 17.4772], [12.7626, 86.0447, 4.3502], [24.8416, 15.6111, 154.5041]], "eigenvalues": [79.5799, 89.6778, 162.8332]}, "5": {"type": "C", "Isotropic": 114.2942, "Anisotropy": 63.5339, "tensor": [], "eigenvalues": [83.086, 103.1466, 156.6502]}, "6": {"type": "O", "Isotropic": 325.128, "Anisotropy": 40.5468, "tensor": [], "eigenvalues": [288.7636, 334.4612, 352.1592]}, "7": {"type": "C", "Isotropic": 128.768, "Anisotropy": 90.8823, "tensor": [], "eigenvalues": [92.8258, 104.1219, 189.3562]}, "8": {"type": "H", "Isotropic": 28.2889, "Anisotropy": 10.1352, "tensor": [], "eigenvalues": [23.9398, 25.8812, 35.0457]}, "9": {"type": "H", "Isotropic": 27.6037, "Anisotropy": 6.9032, "tensor": [[26.1005, 4.2463, 3.6422]], "eigenvalues": [21.84, 28.7652, 32.2058]}, "10": {"type": "H", "Isotropic": 28.2975, "Anisotropy": 7.6264, "tensor": [[26.9397, 0.2541, 0.1548]], "eigenvalues": [24.522, 26.9888, 33.3818]}, "11": {"type": "H", "Isotropic": 27.4811, "Anisotropy": 7.7832, "tensor": [], "eigenvalues": [22.3476, 27.4259, 32.6699]}, "12": {"type": "H", "Isotropic": 28.3228, "Anisotropy": 6.8221, "tensor": [], "eigenvalues": [24.7927, 27.3047, 32.8708]}, "13": {"type": "H", "Isotropic": 28.4329, "Anisotropy": 8.7199, "tensor": [[27.1588, 0.0892, 0.0924], [2.7497, 0.3365, 33.9279]], "eigenvalues": [24.1324, 26.9201, 34.2461]}, "14": {"type": "H", "Isotropic": 28.7594, "Anisotropy": 8.7468, "tensor": [[0.2926, 0.2524, 26.9985]], "eigenvalues": [24.6973, 26.9902, 34.5906]}, "15": {"type": "H", "Isotropic": 28.3169, "Anisotropy": 11.2744, "tensor": [[31.2624, 4.2792, 5.753], [2.3149, 24.8667, 1.9842], [3.1355, 1.2178, 28.8215]], "eigenvalues": [23.449, 25.6685, 35.8331]}, "16": {"type": "H", "Isotropic": 27.8347, "Anisotropy": 7.065, "tensor": [], "eigenvalues": [22.066, 28.8936, 32.5447]}, "17": {"type": "H", "Isotropic": 27.8149, "Anisotropy": 5.5509, "tensor": [], "eigenvalues": [23.3134, 28.6158, 31.5155]}, "18": {"type": "O", "Isotropic": 315.6092, "Anisotropy": 34.1513, "tensor": [[22.3384, 330.0349, 11.4227]], "eigenvalues": [279.6762, 328.7746, 338.3767]}, "19": {"type": "C", "Isotropic": 126.296, "Anisotropy": 89.0417, "tensor": [], "eigenvalues": [94.1697, 99.0612, 185.6571]}, "20": {"type": "C", "Isotropic": 113.2779, "Anisotropy": 70.3125, "tensor": [], "eigenvalues": [74.8119, 104.8689, 160.1528]}, "21": {"type": "C", "Isotropic": 116.0747, "Anisotropy": 70.0255, "tensor": [], "eigenvalues": [83.7676, 101.698, 162.7584]}, "22": {"type": "O", "Isotropic": 323.3124, "Anisotropy": 36.6351, "tensor": [[4.868, 326.3125, 13.2559]], "eigenvalues": [292.314, 329.8874, 347.7358]}, "23": {"type": "C", "Isotropic": 124.397, "Anisotropy": 89.4855, "tensor": [[99.9418, 22.1091, 4.6761], [19.0458, 177.8055, 10.5174], [0.2901, 9.0061, 95.4438]], "eigenvalues": [94.2923, 94.8448, 184.054]}, "24": {"type": "H", "Isotropic": 28.1903, "Anisotropy": 6.2008, "tensor": [[1.9286, 31.2581, 2.1337], [2.0857, 0.9538, 26.0753]], "eigenvalues": [23.5857, 28.661, 32.3241]}, "25": {"type": "H", "Isotropic": 27.8571, "Anisotropy": 7.5694, "tensor": [], "eigenvalues": [22.6508, 28.0171, 32.9034]}, "26": {"type": "H", "Isotropic": 27.9108, "Anisotropy": 7.3393, "tensor": [], "eigenvalues": [24.3119, 26.6168, 32.8037]}, "27": {"type": "H", "Isotropic": 27.6811, "Anisotropy": 8.7696, "tensor": [], "eigenvalues": [22.8057, 26.7101, 33.5276]}, "28": {"type": "H", "Isotropic": 28.5446, "Anisotropy": 7.1048, "tensor": [], "eigenvalues": [25.9818, 26.3709, 33.2812]}, "29": {"type": "H", "Isotropic": 27.8989, "Anisotropy": 9.0336, "tensor": [], "eigenvalues": [24.0006, 25.7749, 33.9213]}, "30": {"type": "H", "Isotropic": 28.1119, "Anisotropy": 7.9307, "tensor": [], "eigenvalues": [23.5475, 27.3891, 33.399]}, "31": {"type": "H", "Isotropic": 28.2955, "Anisotropy": 10.3831, "tensor": [[30.1455, 3.3967, 1.8286], [6.3975, 29.8344, 0.9248], [1.8007, 0.6025, 24.9067]], "eigenvalues": [24.0869, 25.5821, 35.2176]}, "32": {"type": "H", "Isotropic": 27.8206, "Anisotropy": 6.9784, "tensor": [[27.3686, 0.8899, 0.5879]], "eigenvalues": [23.5777, 27.4113, 32.4729]}, "33": {"type": "H", "Isotropic": 28.8644, "Anisotropy": 10.1982, "tensor": [[0.566, 0.5249, 25.349]], "eigenvalues": [24.9085, 26.0216, 35.6632]}, "34": {"type": "N", "Isotropic": 70.7308, "Anisotropy": 89.7133, "tensor": [[2.9475, 95.6658, 51.1721], [13.7356, 36.8887, 74.2632]], "eigenvalues": [37.8658, 43.787, 130.5396]}, "35": {"type": "S", "Isotropic": 182.9259, "Anisotropy": 253.0369, "tensor": [], "eigenvalues": [46.1806, 150.98, 351.6172]}, "36": {"type": "O", "Isotropic": 98.3213, "Anisotropy": 70.0785, "tensor": [], "eigenvalues": [37.1515, 112.7722, 145.0403]}, "37": {"type": "O", "Isotropic": 99.3705, "Anisotropy": 77.6699, "tensor": [], "eigenvalues": [47.7585, 99.2027, 151.1505]}, "38": {"type": "C", "Isotropic": 64.5375, "Anisotropy": 9.8935, "tensor": [[68.4206, 5.7618, 5.6417]], "eigenvalues": [55.9431, 66.5362, 71.1332]}, "39": {"type": "F", "Isotropic": 262.7061, "Anisotropy": 111.3303, "tensor": [[1.0125, 246.8908, 55.7966], [30.2197, 44.2423, 301.3395]], "eigenvalues": [200.2816, 250.9104, 336.9263]}, "40": {"type": "F", "Isotropic": 249.9861, "Anisotropy": 124.8629, "tensor": [[0.7324, 37.1792, 206.9736]], "eigenvalues": [178.6196, 238.1108, 333.228]}, "41": {"type": "F", "Isotropic": 256.9514, "Anisotropy": 136.8586, "tensor": [[24.2437, 25.4672, 194.9021]], "eigenvalues": [174.5435, 248.1202, 348.1904]}, "42": {"type": "S", "Isotropic": 166.0616, "Anisotropy": 241.0822, "tensor": [], "eigenvalues": [33.7844, 137.6173, 326.7831]}, "43": {"type": "O", "Isotropic": 135.6371, "Anisotropy": 134.609, "tensor": [[210.6368, 16.1245, 58.536], [4.6994, 80.4105, 23.3232]], "eigenvalues": [79.3195, 102.2153, 225.3764]}, "44": {"type": "O", "Isotropic": 89.6959, "Anisotropy": 37.0878, "tensor": [], "eigenvalues": [75.0339, 79.6327, 114.4211]}, "45": {"type": "C", "Isotropic": 62.1497, "Anisotropy": 8.4287, "tensor": [[4.1469, 5.1485, 64.994]], "eigenvalues": [55.2912, 63.3891, 67.7689]}, "46": {"type": "F", "Isotropic": 251.5559, "Anisotropy": 121.6572, "tensor": [], "eigenvalues": [190.1164, 231.8906, 332.6607]}, "47": {"type": "F", "Isotropic": 256.6439, "Anisotropy": 125.7101, "tensor": [[4.3772, 78.4177, 265.2925]], "eigenvalues": [186.3081, 243.173, 340.4506]}, "48": {"type": "F", "Isotropic": 253.0324, "Anisotropy": 112.9303, "tensor": [[14.6709, 201.2749, 1.1402]], "eigenvalues": [198.7113, 232.0666, 328.3193]}}, "output": {"energies": [-2644.87589989], "final_energy": -2644.87589989, "final_energy_per_atom": -55.10158124770833, "molecule": {"charge": 0.0, "spin_multiplicity": 2, "sites": [{"name": "Mg", "species": [{"element": "Mg", "occu": 1}], "xyz": [10.942568, 43.411857, 25.166731], "properties": {}}, {"name": "O", "species": [{"element": "O", "occu": 1}], "xyz": [9.822232, 42.13922, 26.332778], "properties": {}}, {"name": "C", "species": [{"element": "C", "occu": 1}], "xyz": [8.502418, 41.642796, 26.065074], "properties": {}}, {"name": "C", "species": [{"element": "C", "occu": 1}], "xyz": [10.083004, 42.396047, 27.720389], "properties": {}}, {"name": "C", "species": [{"element": "C", "occu": 1}], "xyz": [11.58421, 42.457243, 27.865307], "properties": {}}, {"name": "O", "species": [{"element": "O", "occu": 1}], "xyz": [12.064408, 43.377203, 26.876984], "properties": {}}, {"name": "C", "species": [{"element": "C", "occu": 1}], "xyz": [13.484416, 43.547556, 26.920012], "properties": {}}, {"name": "H", "species": [{"element": "H", "occu": 1}], "xyz": [8.339078, 40.733143, 26.644407], "properties": {}}, {"name": "H", "species": [{"element": "H", "occu": 1}], "xyz": [8.457771, 41.412177, 25.001834], "properties": {}}, {"name": "H", "species": [{"element": "H", "occu": 1}], "xyz": [9.679921, 41.583818, 28.327651], "properties": {}}, {"name": "H", "species": [{"element": "H", "occu": 1}], "xyz": [9.61096, 43.341902, 28.000839], "properties": {}}, {"name": "H", "species": [{"element": "H", "occu": 1}], "xyz": [12.035503, 41.47717, 27.681193], "properties": {}}, {"name": "H", "species": [{"element": "H", "occu": 1}], "xyz": [11.860936, 42.81153, 28.860477], "properties": {}}, {"name": "H", "species": [{"element": "H", "occu": 1}], "xyz": [13.980069, 42.605957, 26.672837], "properties": {}}, {"name": "H", "species": [{"element": "H", "occu": 1}], "xyz": [13.778239, 43.880358, 27.916308], "properties": {}}, {"name": "H", "species": [{"element": "H", "occu": 1}], "xyz": [13.741546, 44.312274, 26.191134], "properties": {}}, {"name": "H", "species": [{"element": "H", "occu": 1}], "xyz": [7.75497, 42.395955, 26.323948], "properties": {}}, {"name": "O", "species": [{"element": "O", "occu": 1}], "xyz": [11.822084, 41.895496, 24.1331], "properties": {}}, {"name": "C", "species": [{"element": "C", "occu": 1}], "xyz": [11.398394, 40.52337, 24.090042], "properties": {}}, {"name": "C", "species": [{"element": "C", "occu": 1}], "xyz": [12.406923, 42.342962, 22.90298], "properties": {}}, {"name": "C", "species": [{"element": "C", "occu": 1}], "xyz": [13.131247, 43.637889, 23.200548], "properties": {}}, {"name": "O", "species": [{"element": "O", "occu": 1}], "xyz": [12.265465, 44.441132, 24.013643], "properties": {}}, {"name": "C", "species": [{"element": "C", "occu": 1}], "xyz": [12.674503, 45.810778, 24.111653], "properties": {}}, {"name": "H", "species": [{"element": "H", "occu": 1}], "xyz": [10.667186, 40.392062, 23.29163], "properties": {}}, {"name": "H", "species": [{"element": "H", "occu": 1}], "xyz": [10.951054, 40.29767, 25.054952], "properties": {}}, {"name": "H", "species": [{"element": "H", "occu": 1}], "xyz": [11.610601, 42.475329, 22.167032], "properties": {}}, {"name": "H", "species": [{"element": "H", "occu": 1}], "xyz": [13.117146, 41.59655, 22.541103], "properties": {}}, {"name": "H", "species": [{"element": "H", "occu": 1}], "xyz": [13.356748, 44.166143, 22.271602], "properties": {}}, {"name": "H", "species": [{"element": "H", "occu": 1}], "xyz": [14.058112, 43.457504, 23.753348], "properties": {}}, {"name": "H", "species": [{"element": "H", "occu": 1}], "xyz": [12.545054, 46.297124, 23.143968], "properties": {}}, {"name": "H", "species": [{"element": "H", "occu": 1}], "xyz": [13.721363, 45.863214, 24.418948], "properties": {}}, {"name": "H", "species": [{"element": "H", "occu": 1}], "xyz": [12.041519, 46.283395, 24.860092], "properties": {}}, {"name": "H", "species": [{"element": "H", "occu": 1}], "xyz": [12.270391, 39.889616, 23.924077], "properties": {}}, {"name": "N", "species": [{"element": "N", "occu": 1}], "xyz": [9.247078, 44.005208, 23.895977], "properties": {}}, {"name": "S", "species": [{"element": "S", "occu": 1}], "xyz": [8.423354, 43.300032, 22.682006], "properties": {}}, {"name": "O", "species": [{"element": "O", "occu": 1}], "xyz": [9.000501, 41.985387, 22.503724], "properties": {}}, {"name": "O", "species": [{"element": "O", "occu": 1}], "xyz": [6.997982, 43.499038, 22.756159], "properties": {}}, {"name": "C", "species": [{"element": "C", "occu": 1}], "xyz": [9.025645, 44.280689, 21.21986], "properties": {}}, {"name": "F", "species": [{"element": "F", "occu": 1}], "xyz": [8.57536, 43.720659, 20.114096], "properties": {}}, {"name": "F", "species": [{"element": "F", "occu": 1}], "xyz": [10.3515, 44.288968, 21.206006], "properties": {}}, {"name": "F", "species": [{"element": "F", "occu": 1}], "xyz": [8.58461, 45.523856, 21.305207], "properties": {}}, {"name": "S", "species": [{"element": "S", "occu": 1}], "xyz": [8.682556, 45.060641, 24.974257], "properties": {}}, {"name": "O", "species": [{"element": "O", "occu": 1}], "xyz": [9.831673, 45.087962, 25.908983], "properties": {}}, {"name": "O", "species": [{"element": "O", "occu": 1}], "xyz": [7.354457, 44.861929, 25.486553], "properties": {}}, {"name": "C", "species": [{"element": "C", "occu": 1}], "xyz": [8.697137, 46.74988, 24.185785], "properties": {}}, {"name": "F", "species": [{"element": "F", "occu": 1}], "xyz": [7.639143, 46.879854, 23.413948], "properties": {}}, {"name": "F", "species": [{"element": "F", "occu": 1}], "xyz": [8.672338, 47.651209, 25.146815], "properties": {}}, {"name": "F", "species": [{"element": "F", "occu": 1}], "xyz": [9.800816, 46.88565, 23.471403], "properties": {}}]}, "stationary_type": "Minimum", "corrections": {}, "tensor": {"1": {"type": "Mg", "Isotropic": 574.2817, "Anisotropy": 21.0954, "tensor": [], "eigenvalues": [555.6573, 578.8424, 588.3453]}, "2": {"type": "O", "Isotropic": 319.3864, "Anisotropy": 45.16, "tensor": [], "eigenvalues": [289.6892, 318.9769, 349.4931]}, "3": {"type": "C", "Isotropic": 124.2631, "Anisotropy": 85.1145, "tensor": [[162.1842, 32.0204, 23.4703], [29.3208, 109.0051, 3.0082]], "eigenvalues": [87.1657, 104.6176, 181.0062]}, "4": {"type": "C", "Isotropic": 110.697, "Anisotropy": 78.2044, "tensor": [[91.5421, 3.964, 17.4772], [12.7626, 86.0447, 4.3502], [24.8416, 15.6111, 154.5041]], "eigenvalues": [79.5799, 89.6778, 162.8332]}, "5": {"type": "C", "Isotropic": 114.2942, "Anisotropy": 63.5339, "tensor": [], "eigenvalues": [83.086, 103.1466, 156.6502]}, "6": {"type": "O", "Isotropic": 325.128, "Anisotropy": 40.5468, "tensor": [], "eigenvalues": [288.7636, 334.4612, 352.1592]}, "7": {"type": "C", "Isotropic": 128.768, "Anisotropy": 90.8823, "tensor": [], "eigenvalues": [92.8258, 104.1219, 189.3562]}, "8": {"type": "H", "Isotropic": 28.2889, "Anisotropy": 10.1352, "tensor": [], "eigenvalues": [23.9398, 25.8812, 35.0457]}, "9": {"type": "H", "Isotropic": 27.6037, "Anisotropy": 6.9032, "tensor": [[26.1005, 4.2463, 3.6422]], "eigenvalues": [21.84, 28.7652, 32.2058]}, "10": {"type": "H", "Isotropic": 28.2975, "Anisotropy": 7.6264, "tensor": [[26.9397, 0.2541, 0.1548]], "eigenvalues": [24.522, 26.9888, 33.3818]}, "11": {"type": "H", "Isotropic": 27.4811, "Anisotropy": 7.7832, "tensor": [], "eigenvalues": [22.3476, 27.4259, 32.6699]}, "12": {"type": "H", "Isotropic": 28.3228, "Anisotropy": 6.8221, "tensor": [], "eigenvalues": [24.7927, 27.3047, 32.8708]}, "13": {"type": "H", "Isotropic": 28.4329, "Anisotropy": 8.7199, "tensor": [[27.1588, 0.0892, 0.0924], [2.7497, 0.3365, 33.9279]], "eigenvalues": [24.1324, 26.9201, 34.2461]}, "14": {"type": "H", "Isotropic": 28.7594, "Anisotropy": 8.7468, "tensor": [[0.2926, 0.2524, 26.9985]], "eigenvalues": [24.6973, 26.9902, 34.5906]}, "15": {"type": "H", "Isotropic": 28.3169, "Anisotropy": 11.2744, "tensor": [[31.2624, 4.2792, 5.753], [2.3149, 24.8667, 1.9842], [3.1355, 1.2178, 28.8215]], "eigenvalues": [23.449, 25.6685, 35.8331]}, "16": {"type": "H", "Isotropic": 27.8347, "Anisotropy": 7.065, "tensor": [], "eigenvalues": [22.066, 28.8936, 32.5447]}, "17": {"type": "H", "Isotropic": 27.8149, "Anisotropy": 5.5509, "tensor": [], "eigenvalues": [23.3134, 28.6158, 31.5155]}, "18": {"type": "O", "Isotropic": 315.6092, "Anisotropy": 34.1513, "tensor": [[22.3384, 330.0349, 11.4227]], "eigenvalues": [279.6762, 328.7746, 338.3767]}, "19": {"type": "C", "Isotropic": 126.296, "Anisotropy": 89.0417, "tensor": [], "eigenvalues": [94.1697, 99.0612, 185.6571]}, "20": {"type": "C", "Isotropic": 113.2779, "Anisotropy": 70.3125, "tensor": [], "eigenvalues": [74.8119, 104.8689, 160.1528]}, "21": {"type": "C", "Isotropic": 116.0747, "Anisotropy": 70.0255, "tensor": [], "eigenvalues": [83.7676, 101.698, 162.7584]}, "22": {"type": "O", "Isotropic": 323.3124, "Anisotropy": 36.6351, "tensor": [[4.868, 326.3125, 13.2559]], "eigenvalues": [292.314, 329.8874, 347.7358]}, "23": {"type": "C", "Isotropic": 124.397, "Anisotropy": 89.4855, "tensor": [[99.9418, 22.1091, 4.6761], [19.0458, 177.8055, 10.5174], [0.2901, 9.0061, 95.4438]], "eigenvalues": [94.2923, 94.8448, 184.054]}, "24": {"type": "H", "Isotropic": 28.1903, "Anisotropy": 6.2008, "tensor": [[1.9286, 31.2581, 2.1337], [2.0857, 0.9538, 26.0753]], "eigenvalues": [23.5857, 28.661, 32.3241]}, "25": {"type": "H", "Isotropic": 27.8571, "Anisotropy": 7.5694, "tensor": [], "eigenvalues": [22.6508, 28.0171, 32.9034]}, "26": {"type": "H", "Isotropic": 27.9108, "Anisotropy": 7.3393, "tensor": [], "eigenvalues": [24.3119, 26.6168, 32.8037]}, "27": {"type": "H", "Isotropic": 27.6811, "Anisotropy": 8.7696, "tensor": [], "eigenvalues": [22.8057, 26.7101, 33.5276]}, "28": {"type": "H", "Isotropic": 28.5446, "Anisotropy": 7.1048, "tensor": [], "eigenvalues": [25.9818, 26.3709, 33.2812]}, "29": {"type": "H", "Isotropic": 27.8989, "Anisotropy": 9.0336, "tensor": [], "eigenvalues": [24.0006, 25.7749, 33.9213]}, "30": {"type": "H", "Isotropic": 28.1119, "Anisotropy": 7.9307, "tensor": [], "eigenvalues": [23.5475, 27.3891, 33.399]}, "31": {"type": "H", "Isotropic": 28.2955, "Anisotropy": 10.3831, "tensor": [[30.1455, 3.3967, 1.8286], [6.3975, 29.8344, 0.9248], [1.8007, 0.6025, 24.9067]], "eigenvalues": [24.0869, 25.5821, 35.2176]}, "32": {"type": "H", "Isotropic": 27.8206, "Anisotropy": 6.9784, "tensor": [[27.3686, 0.8899, 0.5879]], "eigenvalues": [23.5777, 27.4113, 32.4729]}, "33": {"type": "H", "Isotropic": 28.8644, "Anisotropy": 10.1982, "tensor": [[0.566, 0.5249, 25.349]], "eigenvalues": [24.9085, 26.0216, 35.6632]}, "34": {"type": "N", "Isotropic": 70.7308, "Anisotropy": 89.7133, "tensor": [[2.9475, 95.6658, 51.1721], [13.7356, 36.8887, 74.2632]], "eigenvalues": [37.8658, 43.787, 130.5396]}, "35": {"type": "S", "Isotropic": 182.9259, "Anisotropy": 253.0369, "tensor": [], "eigenvalues": [46.1806, 150.98, 351.6172]}, "36": {"type": "O", "Isotropic": 98.3213, "Anisotropy": 70.0785, "tensor": [], "eigenvalues": [37.1515, 112.7722, 145.0403]}, "37": {"type": "O", "Isotropic": 99.3705, "Anisotropy": 77.6699, "tensor": [], "eigenvalues": [47.7585, 99.2027, 151.1505]}, "38": {"type": "C", "Isotropic": 64.5375, "Anisotropy": 9.8935, "tensor": [[68.4206, 5.7618, 5.6417]], "eigenvalues": [55.9431, 66.5362, 71.1332]}, "39": {"type": "F", "Isotropic": 262.7061, "Anisotropy": 111.3303, "tensor": [[1.0125, 246.8908, 55.7966], [30.2197, 44.2423, 301.3395]], "eigenvalues": [200.2816, 250.9104, 336.9263]}, "40": {"type": "F", "Isotropic": 249.9861, "Anisotropy": 124.8629, "tensor": [[0.7324, 37.1792, 206.9736]], "eigenvalues": [178.6196, 238.1108, 333.228]}, "41": {"type": "F", "Isotropic": 256.9514, "Anisotropy": 136.8586, "tensor": [[24.2437, 25.4672, 194.9021]], "eigenvalues": [174.5435, 248.1202, 348.1904]}, "42": {"type": "S", "Isotropic": 166.0616, "Anisotropy": 241.0822, "tensor": [], "eigenvalues": [33.7844, 137.6173, 326.7831]}, "43": {"type": "O", "Isotropic": 135.6371, "Anisotropy": 134.609, "tensor": [[210.6368, 16.1245, 58.536], [4.6994, 80.4105, 23.3232]], "eigenvalues": [79.3195, 102.2153, 225.3764]}, "44": {"type": "O", "Isotropic": 89.6959, "Anisotropy": 37.0878, "tensor": [], "eigenvalues": [75.0339, 79.6327, 114.4211]}, "45": {"type": "C", "Isotropic": 62.1497, "Anisotropy": 8.4287, "tensor": [[4.1469, 5.1485, 64.994]], "eigenvalues": [55.2912, 63.3891, 67.7689]}, "46": {"type": "F", "Isotropic": 251.5559, "Anisotropy": 121.6572, "tensor": [], "eigenvalues": [190.1164, 231.8906, 332.6607]}, "47": {"type": "F", "Isotropic": 256.6439, "Anisotropy": 125.7101, "tensor": [[4.3772, 78.4177, 265.2925]], "eigenvalues": [186.3081, 243.173, 340.4506]}, "48": {"type": "F", "Isotropic": 253.0324, "Anisotropy": 112.9303, "tensor": [[14.6709, 201.2749, 1.1402]], "eigenvalues": [198.7113, 232.0666, 328.3193]}}}}, "functional": "M062X", "basis": "6-311++G**", "phase": "solution", "type": "scrf;nmr", "smiles": "[Mg].O(C)CCOC.O(C)CCOC.[N](S(=O)(=O)C(F)(F)F)S(=O)(=O)C(F)(F)F", "formula": "Mg1 H20 C10 S2 N1 O8 F6", "formula_pretty": "MgH20C10S2N(O4F3)2", "formula_anonymous": "ABC2D6E8F10G20", "formula_alphabetical": "C10 F6 H20 Mg1 N1 O8 S2", "chemsys": "C-F-H-Mg-N-O-S", "nsites": 48, "nelements": 7, "is_ordered": true, "is_valid": true, "tag": "oplsd_6", "wall_time (s)": 812.3535192268901, "last_updated": "2020-12-30T21:48:17.741379", "_id": null}