{"input": {"molecule": {"charge": 2, "spin_multiplicity": 1, "sites": [{"name": "Mg", "species": [{"element": "Mg", "occu": 1}], "xyz": [4.180994, 21.313217, 31.041762], "properties": {}}, {"name": "O", "species": [{"element": "O", "occu": 1}], "xyz": [4.501614, 23.0182, 32.158725], "properties": {}}, {"name": "C", "species": [{"element": "C", "occu": 1}], "xyz": [3.508547, 24.005428, 32.473249], "properties": {}}, {"name": "C", "species": [{"element": "C", "occu": 1}], "xyz": [5.458606, 22.844728, 33.211989], "properties": {}}, {"name": "C", "species": [{"element": "C", "occu": 1}], "xyz": [6.544236, 21.938974, 32.68542], "properties": {}}, {"name": "O", "species": [{"element": "O", "occu": 1}], "xyz": [5.894856, 20.817758, 32.071681], "properties": {}}, {"name": "C", "species": [{"element": "C", "occu": 1}], "xyz": [6.787583, 19.727134, 31.805878], "properties": {}}, {"name": "H", "species": [{"element": "H", "occu": 1}], "xyz": [3.995467, 24.970499, 32.61864], "properties": {}}, {"name": "H", "species": [{"element": "H", "occu": 1}], "xyz": [2.974561, 23.714445, 33.380984], "properties": {}}, {"name": "H", "species": [{"element": "H", "occu": 1}], "xyz": [4.95652, 22.400898, 34.077012], "properties": {}}, {"name": "H", "species": [{"element": "H", "occu": 1}], "xyz": [5.876604, 23.813556, 33.493572], "properties": {}}, {"name": "H", "species": [{"element": "H", "occu": 1}], "xyz": [7.175708, 21.595273, 33.507422], "properties": {}}, {"name": "H", "species": [{"element": "H", "occu": 1}], "xyz": [7.164012, 22.444409, 31.93945], "properties": {}}, {"name": "H", "species": [{"element": "H", "occu": 1}], "xyz": [7.597252, 20.061094, 31.153055], "properties": {}}, {"name": "H", "species": [{"element": "H", "occu": 1}], "xyz": [6.209488, 18.946795, 31.31806], "properties": {}}, {"name": "H", "species": [{"element": "H", "occu": 1}], "xyz": [7.196087, 19.360179, 32.748431], "properties": {}}, {"name": "H", "species": [{"element": "H", "occu": 1}], "xyz": [2.820757, 24.053653, 31.633341], "properties": {}}, {"name": "O", "species": [{"element": "O", "occu": 1}], "xyz": [2.919028, 20.405889, 32.3927], "properties": {}}, {"name": "C", "species": [{"element": "C", "occu": 1}], "xyz": [3.25479, 19.955853, 33.712591], "properties": {}}, {"name": "C", "species": [{"element": "C", "occu": 1}], "xyz": [1.542615, 20.788637, 32.2739], "properties": {}}, {"name": "C", "species": [{"element": "C", "occu": 1}], "xyz": [1.277181, 21.074732, 30.815487], "properties": {}}, {"name": "O", "species": [{"element": "O", "occu": 1}], "xyz": [2.334247, 21.924721, 30.353233], "properties": {}}, {"name": "C", "species": [{"element": "C", "occu": 1}], "xyz": [2.039909, 22.559802, 29.101283], "properties": {}}, {"name": "H", "species": [{"element": "H", "occu": 1}], "xyz": [3.037976, 20.745869, 34.435681], "properties": {}}, {"name": "H", "species": [{"element": "H", "occu": 1}], "xyz": [4.316625, 19.722629, 33.714472], "properties": {}}, {"name": "H", "species": [{"element": "H", "occu": 1}], "xyz": [1.369064, 21.675632, 32.890258], "properties": {}}, {"name": "H", "species": [{"element": "H", "occu": 1}], "xyz": [0.903464, 19.97395, 32.621657], "properties": {}}, {"name": "H", "species": [{"element": "H", "occu": 1}], "xyz": [0.317435, 21.583573, 30.704018], "properties": {}}, {"name": "H", "species": [{"element": "H", "occu": 1}], "xyz": [1.272024, 20.158881, 30.2164], "properties": {}}, {"name": "H", "species": [{"element": "H", "occu": 1}], "xyz": [1.819021, 21.804812, 28.343442], "properties": {}}, {"name": "H", "species": [{"element": "H", "occu": 1}], "xyz": [2.917662, 23.132212, 28.812504], "properties": {}}, {"name": "H", "species": [{"element": "H", "occu": 1}], "xyz": [1.182307, 23.221428, 29.22984], "properties": {}}, {"name": "H", "species": [{"element": "H", "occu": 1}], "xyz": [2.672145, 19.064086, 33.947853], "properties": {}}, {"name": "O", "species": [{"element": "O", "occu": 1}], "xyz": [5.155416, 22.027271, 29.373886], "properties": {}}, {"name": "C", "species": [{"element": "C", "occu": 1}], "xyz": [5.895523, 23.250969, 29.260444], "properties": {}}, {"name": "C", "species": [{"element": "C", "occu": 1}], "xyz": [5.640542, 20.997907, 28.503173], "properties": {}}, {"name": "C", "species": [{"element": "C", "occu": 1}], "xyz": [4.610789, 19.89436, 28.493634], "properties": {}}, {"name": "O", "species": [{"element": "O", "occu": 1}], "xyz": [4.264234, 19.627094, 29.858856], "properties": {}}, {"name": "C", "species": [{"element": "C", "occu": 1}], "xyz": [3.591912, 18.372381, 30.032698], "properties": {}}, {"name": "H", "species": [{"element": "H", "occu": 1}], "xyz": [5.502247, 23.936219, 30.007448], "properties": {}}, {"name": "H", "species": [{"element": "H", "occu": 1}], "xyz": [5.757451, 23.661742, 28.259372], "properties": {}}, {"name": "H", "species": [{"element": "H", "occu": 1}], "xyz": [6.601859, 20.639486, 28.883046], "properties": {}}, {"name": "H", "species": [{"element": "H", "occu": 1}], "xyz": [5.774829, 21.398066, 27.495998], "properties": {}}, {"name": "H", "species": [{"element": "H", "occu": 1}], "xyz": [5.031674, 18.996084, 28.036797], "properties": {}}, {"name": "H", "species": [{"element": "H", "occu": 1}], "xyz": [3.708207, 20.188149, 27.950756], "properties": {}}, {"name": "H", "species": [{"element": "H", "occu": 1}], "xyz": [2.689281, 18.347572, 29.418551], "properties": {}}, {"name": "H", "species": [{"element": "H", "occu": 1}], "xyz": [3.333275, 18.285543, 31.084838], "properties": {}}, {"name": "H", "species": [{"element": "H", "occu": 1}], "xyz": [4.261793, 17.56262, 29.739195], "properties": {}}, {"name": "H", "species": [{"element": "H", "occu": 1}], "xyz": [6.95563, 23.060891, 29.442717], "properties": {}}]}, "functional": "M062X", "basis_set": "6-311++G**", "route_parameters": {"NMR": "GIAO", "iop(7/33=1)": null, "int": "ultrafine", "EmpiricalDispersion": "GD3", "NoSymmetry": null, "test": null, "SCRF": "(Solvent=TetraHydroFuran)"}, "title": "Mg1 H30 C12 O6", "charge": 2, "spin_multiplicity": 1, "input_parameters": {}, "link0_parameters": {"%chk": "checkpoint.chk", "%mem": "100GB", "%NProcShared": "24"}, "dieze_tag": "#P", "nbasisfunctions": 636, "pcm_parameters": {}}, "output": {"has_gaussian_completed": true, "is_pcm": true, "errors": [], "Mulliken_charges": {"1": ["Mg", -1.909455], "2": ["O", -0.079667], "3": ["C", -0.16601], "4": ["C", -0.187872], "5": ["C", -0.185146], "6": ["O", -0.09794], "7": ["C", -0.157154], "8": ["H", 0.217896], "9": ["H", 0.198096], "10": ["H", 0.223518], "11": ["H", 0.266449], "12": ["H", 0.266595], "13": ["H", 0.221959], "14": ["H", 0.203259], "15": ["H", 0.173826], "16": ["H", 0.214986], "17": ["H", 0.181418], "18": ["O", -0.08895], "19": ["C", -0.165214], "20": ["C", -0.2038], "21": ["C", -0.155982], "22": ["O", -0.093801], "23": ["C", -0.166755], "24": ["H", 0.199785], "25": ["H", 0.181685], "26": ["H", 0.230423], "27": ["H", 0.264747], "28": ["H", 0.268066], "29": ["H", 0.208019], "30": ["H", 0.203344], "31": ["H", 0.178397], "32": ["H", 0.218811], "33": ["H", 0.215947], "34": ["O", -0.086973], "35": ["C", -0.16366], "36": ["C", -0.171242], "37": ["C", -0.1711], "38": ["O", -0.115208], "39": ["C", -0.158027], "40": ["H", 0.191509], "41": ["H", 0.22003], "42": ["H", 0.214578], "43": ["H", 0.271101], "44": ["H", 0.271512], "45": ["H", 0.21684], "46": ["H", 0.202913], "47": ["H", 0.181912], "48": ["H", 0.216269], "49": ["H", 0.200066]}, "tensor": {"1": {"type": "Mg", "Isotropic": 571.0507, "Anisotropy": 10.4404, "tensor": [[577.1435, 4.5446, 0.4134], [2.1351, 564.9347, 2.7217]], "eigenvalues": [563.4536, 571.6875, 578.011]}, "2": {"type": "O", "Isotropic": 314.9224, "Anisotropy": 40.6454, "tensor": [[21.0014, 12.3658, 336.0128]], "eigenvalues": [278.1122, 324.6357, 342.0194]}, "3": {"type": "C", "Isotropic": 123.5051, "Anisotropy": 91.4734, "tensor": [], "eigenvalues": [88.6882, 97.3397, 184.4873]}, "4": {"type": "C", "Isotropic": 113.2148, "Anisotropy": 73.7516, "tensor": [], "eigenvalues": [78.1558, 99.1061, 162.3825]}, "5": {"type": "C", "Isotropic": 112.9104, "Anisotropy": 72.4283, "tensor": [[102.4652, 20.8073, 14.2054], [10.1196, 137.5243, 25.1204], [15.6074, 34.8521, 98.7416]], "eigenvalues": [80.4173, 97.1179, 161.1959]}, "6": {"type": "O", "Isotropic": 325.2831, "Anisotropy": 56.2428, "tensor": [[338.3486, 19.1459, 1.8505], [17.7121, 345.5859, 33.217]], "eigenvalues": [286.4457, 326.6253, 362.7783]}, "7": {"type": "C", "Isotropic": 123.6874, "Anisotropy": 88.8644, "tensor": [], "eigenvalues": [90.7069, 97.4248, 182.9303]}, "8": {"type": "H", "Isotropic": 28.5682, "Anisotropy": 9.2534, "tensor": [[0.0524, 2.3408, 25.4867]], "eigenvalues": [25.1483, 25.8191, 34.7371]}, "9": {"type": "H", "Isotropic": 28.5364, "Anisotropy": 8.5954, "tensor": [], "eigenvalues": [24.7871, 26.5554, 34.2666]}, "10": {"type": "H", "Isotropic": 27.3666, "Anisotropy": 6.8736, "tensor": [], "eigenvalues": [23.8038, 26.347, 31.949]}, "11": {"type": "H", "Isotropic": 28.4087, "Anisotropy": 8.0016, "tensor": [[27.9409, 2.22, 4.2771], [3.2527, 3.8618, 27.571]], "eigenvalues": [23.4312, 28.0519, 33.7432]}, "12": {"type": "H", "Isotropic": 28.033, "Anisotropy": 8.5015, "tensor": [[6.2304, 0.1169, 28.5562]], "eigenvalues": [22.6005, 27.7978, 33.7007]}, "13": {"type": "H", "Isotropic": 27.9025, "Anisotropy": 4.8837, "tensor": [[2.6665, 0.5616, 25.9336]], "eigenvalues": [25.0718, 27.4773, 31.1583]}, "14": {"type": "H", "Isotropic": 28.5614, "Anisotropy": 8.9139, "tensor": [], "eigenvalues": [25.2275, 25.9526, 34.504]}, "15": {"type": "H", "Isotropic": 28.1276, "Anisotropy": 6.0907, "tensor": [[1.1273, 30.9847, 2.2514], [1.2694, 2.1334, 26.031]], "eigenvalues": [24.5902, 27.6045, 32.1881]}, "16": {"type": "H", "Isotropic": 28.5539, "Anisotropy": 8.9414, "tensor": [], "eigenvalues": [24.8382, 26.3087, 34.5148]}, "17": {"type": "H", "Isotropic": 27.7727, "Anisotropy": 7.1187, "tensor": [[1.844, 2.9726, 25.6141]], "eigenvalues": [22.2796, 28.5199, 32.5185]}, "18": {"type": "O", "Isotropic": 317.3422, "Anisotropy": 43.7265, "tensor": [], "eigenvalues": [288.2693, 317.2642, 346.4932]}, "19": {"type": "C", "Isotropic": 122.4844, "Anisotropy": 91.1684, "tensor": [], "eigenvalues": [88.4662, 95.7237, 183.2634]}, "20": {"type": "C", "Isotropic": 115.6529, "Anisotropy": 71.7459, "tensor": [], "eigenvalues": [84.2894, 99.1858, 163.4835]}, "21": {"type": "C", "Isotropic": 112.5454, "Anisotropy": 69.9633, "tensor": [], "eigenvalues": [76.1036, 102.3451, 159.1877]}, "22": {"type": "O", "Isotropic": 320.3744, "Anisotropy": 35.6759, "tensor": [[326.1546, 28.1953, 1.5893]], "eigenvalues": [288.9178, 328.047, 344.1584]}, "23": {"type": "C", "Isotropic": 125.5103, "Anisotropy": 88.7481, "tensor": [], "eigenvalues": [91.2432, 100.612, 184.6757]}, "24": {"type": "H", "Isotropic": 28.2607, "Anisotropy": 9.0807, "tensor": [[25.337, 1.6454, 0.5581]], "eigenvalues": [24.2031, 26.2645, 34.3145]}, "25": {"type": "H", "Isotropic": 27.2391, "Anisotropy": 5.4661, "tensor": [], "eigenvalues": [22.211, 28.6232, 30.8832]}, "26": {"type": "H", "Isotropic": 27.668, "Anisotropy": 7.4908, "tensor": [], "eigenvalues": [24.2266, 26.1156, 32.6619]}, "27": {"type": "H", "Isotropic": 28.5264, "Anisotropy": 7.4956, "tensor": [], "eigenvalues": [24.6297, 27.4261, 33.5235]}, "28": {"type": "H", "Isotropic": 27.8928, "Anisotropy": 8.464, "tensor": [], "eigenvalues": [22.787, 27.3559, 33.5355]}, "29": {"type": "H", "Isotropic": 27.7099, "Anisotropy": 6.0701, "tensor": [[28.1816, 4.6435, 0.3462], [1.8739, 28.4628, 1.0368], [0.1082, 1.1568, 26.4852]], "eigenvalues": [24.8284, 26.5446, 31.7566]}, "30": {"type": "H", "Isotropic": 28.5716, "Anisotropy": 9.221, "tensor": [[27.1717, 0.0968, 3.0224], [2.9209, 1.298, 33.5188]], "eigenvalues": [24.8265, 26.1693, 34.7189]}, "31": {"type": "H", "Isotropic": 27.5467, "Anisotropy": 6.0702, "tensor": [[28.5111, 0.6386, 1.7105]], "eigenvalues": [22.5669, 28.4797, 31.5935]}, "32": {"type": "H", "Isotropic": 28.2332, "Anisotropy": 9.8294, "tensor": [], "eigenvalues": [24.7225, 25.191, 34.7862]}, "33": {"type": "H", "Isotropic": 28.0611, "Anisotropy": 9.589, "tensor": [[25.148, 1.3841, 0.1448]], "eigenvalues": [24.2245, 25.5049, 34.4538]}, "34": {"type": "O", "Isotropic": 324.9575, "Anisotropy": 44.9976, "tensor": [], "eigenvalues": [290.3651, 329.5515, 354.9559]}, "35": {"type": "C", "Isotropic": 124.19, "Anisotropy": 93.0102, "tensor": [[112.3117, 46.9327, 1.7779]], "eigenvalues": [87.7549, 98.6183, 186.1969]}, "36": {"type": "C", "Isotropic": 113.6337, "Anisotropy": 69.6541, "tensor": [], "eigenvalues": [81.1866, 99.6447, 160.0698]}, "37": {"type": "C", "Isotropic": 115.0719, "Anisotropy": 73.3746, "tensor": [], "eigenvalues": [80.8968, 100.3306, 163.9883]}, "38": {"type": "O", "Isotropic": 317.8064, "Anisotropy": 46.9377, "tensor": [[11.1137, 300.4325, 5.8515]], "eigenvalues": [285.0436, 319.2774, 349.0982]}, "39": {"type": "C", "Isotropic": 123.1529, "Anisotropy": 90.0423, "tensor": [], "eigenvalues": [87.7519, 98.5257, 183.1811]}, "40": {"type": "H", "Isotropic": 27.8093, "Anisotropy": 6.1779, "tensor": [[0.6968, 31.2009, 1.7756]], "eigenvalues": [23.5865, 27.9136, 31.9279]}, "41": {"type": "H", "Isotropic": 28.3299, "Anisotropy": 10.1016, "tensor": [], "eigenvalues": [24.1515, 25.7738, 35.0643]}, "42": {"type": "H", "Isotropic": 27.8124, "Anisotropy": 7.5343, "tensor": [], "eigenvalues": [24.7399, 25.8621, 32.8353]}, "43": {"type": "H", "Isotropic": 28.347, "Anisotropy": 8.295, "tensor": [[0.4587, 26.4836, 1.7413]], "eigenvalues": [24.2591, 26.9049, 33.877]}, "44": {"type": "H", "Isotropic": 28.3854, "Anisotropy": 8.4218, "tensor": [[0.5343, 28.3549, 2.0571]], "eigenvalues": [24.1869, 26.9694, 33.9999]}, "45": {"type": "H", "Isotropic": 27.9438, "Anisotropy": 8.0327, "tensor": [[27.0591, 0.9271, 0.4077], [3.4909, 0.0652, 32.661]], "eigenvalues": [24.041, 26.4915, 33.2989]}, "46": {"type": "H", "Isotropic": 27.9076, "Anisotropy": 9.9218, "tensor": [[29.3712, 3.6082, 1.0154], [5.6486, 29.4504, 3.4459], [0.0689, 1.4892, 24.9011]], "eigenvalues": [23.2694, 25.9312, 34.5221]}, "47": {"type": "H", "Isotropic": 27.3407, "Anisotropy": 8.1858, "tensor": [], "eigenvalues": [20.8421, 28.3823, 32.7979]}, "48": {"type": "H", "Isotropic": 27.5654, "Anisotropy": 11.0449, "tensor": [], "eigenvalues": [23.3208, 24.4468, 34.9287]}, "49": {"type": "H", "Isotropic": 28.3225, "Anisotropy": 8.8295, "tensor": [[31.3832, 2.8448, 0.5641]], "eigenvalues": [24.4086, 26.3501, 34.2088]}}, "output": {"energies": [-1126.40052506], "final_energy": -1126.40052506, "final_energy_per_atom": -22.987765817551022, "molecule": {"charge": 0.0, "spin_multiplicity": 1, "sites": [{"name": "Mg", "species": [{"element": "Mg", "occu": 1}], "xyz": [4.180994, 21.313217, 31.041762], "properties": {}}, {"name": "O", "species": [{"element": "O", "occu": 1}], "xyz": [4.501614, 23.0182, 32.158725], "properties": {}}, {"name": "C", "species": [{"element": "C", "occu": 1}], "xyz": [3.508547, 24.005428, 32.473249], "properties": {}}, {"name": "C", "species": [{"element": "C", "occu": 1}], "xyz": [5.458606, 22.844728, 33.211989], "properties": {}}, {"name": "C", "species": [{"element": "C", "occu": 1}], "xyz": [6.544236, 21.938974, 32.68542], "properties": {}}, {"name": "O", "species": [{"element": "O", "occu": 1}], "xyz": [5.894856, 20.817758, 32.071681], "properties": {}}, {"name": "C", "species": [{"element": "C", "occu": 1}], "xyz": [6.787583, 19.727134, 31.805878], "properties": {}}, {"name": "H", "species": [{"element": "H", "occu": 1}], "xyz": [3.995467, 24.970499, 32.61864], "properties": {}}, {"name": "H", "species": [{"element": "H", "occu": 1}], "xyz": [2.974561, 23.714445, 33.380984], "properties": {}}, {"name": "H", "species": [{"element": "H", "occu": 1}], "xyz": [4.95652, 22.400898, 34.077012], "properties": {}}, {"name": "H", "species": [{"element": "H", "occu": 1}], "xyz": [5.876604, 23.813556, 33.493572], "properties": {}}, {"name": "H", "species": [{"element": "H", "occu": 1}], "xyz": [7.175708, 21.595273, 33.507422], "properties": {}}, {"name": "H", "species": [{"element": "H", "occu": 1}], "xyz": [7.164012, 22.444409, 31.93945], "properties": {}}, {"name": "H", "species": [{"element": "H", "occu": 1}], "xyz": [7.597252, 20.061094, 31.153055], "properties": {}}, {"name": "H", "species": [{"element": "H", "occu": 1}], "xyz": [6.209488, 18.946795, 31.31806], "properties": {}}, {"name": "H", "species": [{"element": "H", "occu": 1}], "xyz": [7.196087, 19.360179, 32.748431], "properties": {}}, {"name": "H", "species": [{"element": "H", "occu": 1}], "xyz": [2.820757, 24.053653, 31.633341], "properties": {}}, {"name": "O", "species": [{"element": "O", "occu": 1}], "xyz": [2.919028, 20.405889, 32.3927], "properties": {}}, {"name": "C", "species": [{"element": "C", "occu": 1}], "xyz": [3.25479, 19.955853, 33.712591], "properties": {}}, {"name": "C", "species": [{"element": "C", "occu": 1}], "xyz": [1.542615, 20.788637, 32.2739], "properties": {}}, {"name": "C", "species": [{"element": "C", "occu": 1}], "xyz": [1.277181, 21.074732, 30.815487], "properties": {}}, {"name": "O", "species": [{"element": "O", "occu": 1}], "xyz": [2.334247, 21.924721, 30.353233], "properties": {}}, {"name": "C", "species": [{"element": "C", "occu": 1}], "xyz": [2.039909, 22.559802, 29.101283], "properties": {}}, {"name": "H", "species": [{"element": "H", "occu": 1}], "xyz": [3.037976, 20.745869, 34.435681], "properties": {}}, {"name": "H", "species": [{"element": "H", "occu": 1}], "xyz": [4.316625, 19.722629, 33.714472], "properties": {}}, {"name": "H", "species": [{"element": "H", "occu": 1}], "xyz": [1.369064, 21.675632, 32.890258], "properties": {}}, {"name": "H", "species": [{"element": "H", "occu": 1}], "xyz": [0.903464, 19.97395, 32.621657], "properties": {}}, {"name": "H", "species": [{"element": "H", "occu": 1}], "xyz": [0.317435, 21.583573, 30.704018], "properties": {}}, {"name": "H", "species": [{"element": "H", "occu": 1}], "xyz": [1.272024, 20.158881, 30.2164], "properties": {}}, {"name": "H", "species": [{"element": "H", "occu": 1}], "xyz": [1.819021, 21.804812, 28.343442], "properties": {}}, {"name": "H", "species": [{"element": "H", "occu": 1}], "xyz": [2.917662, 23.132212, 28.812504], "properties": {}}, {"name": "H", "species": [{"element": "H", "occu": 1}], "xyz": [1.182307, 23.221428, 29.22984], "properties": {}}, {"name": "H", "species": [{"element": "H", "occu": 1}], "xyz": [2.672145, 19.064086, 33.947853], "properties": {}}, {"name": "O", "species": [{"element": "O", "occu": 1}], "xyz": [5.155416, 22.027271, 29.373886], "properties": {}}, {"name": "C", "species": [{"element": "C", "occu": 1}], "xyz": [5.895523, 23.250969, 29.260444], "properties": {}}, {"name": "C", "species": [{"element": "C", "occu": 1}], "xyz": [5.640542, 20.997907, 28.503173], "properties": {}}, {"name": "C", "species": [{"element": "C", "occu": 1}], "xyz": [4.610789, 19.89436, 28.493634], "properties": {}}, {"name": "O", "species": [{"element": "O", "occu": 1}], "xyz": [4.264234, 19.627094, 29.858856], "properties": {}}, {"name": "C", "species": [{"element": "C", "occu": 1}], "xyz": [3.591912, 18.372381, 30.032698], "properties": {}}, {"name": "H", "species": [{"element": "H", "occu": 1}], "xyz": [5.502247, 23.936219, 30.007448], "properties": {}}, {"name": "H", "species": [{"element": "H", "occu": 1}], "xyz": [5.757451, 23.661742, 28.259372], "properties": {}}, {"name": "H", "species": [{"element": "H", "occu": 1}], "xyz": [6.601859, 20.639486, 28.883046], "properties": {}}, {"name": "H", "species": [{"element": "H", "occu": 1}], "xyz": [5.774829, 21.398066, 27.495998], "properties": {}}, {"name": "H", "species": [{"element": "H", "occu": 1}], "xyz": [5.031674, 18.996084, 28.036797], "properties": {}}, {"name": "H", "species": [{"element": "H", "occu": 1}], "xyz": [3.708207, 20.188149, 27.950756], "properties": {}}, {"name": "H", "species": [{"element": "H", "occu": 1}], "xyz": [2.689281, 18.347572, 29.418551], "properties": {}}, {"name": "H", "species": [{"element": "H", "occu": 1}], "xyz": [3.333275, 18.285543, 31.084838], "properties": {}}, {"name": "H", "species": [{"element": "H", "occu": 1}], "xyz": [4.261793, 17.56262, 29.739195], "properties": {}}, {"name": "H", "species": [{"element": "H", "occu": 1}], "xyz": [6.95563, 23.060891, 29.442717], "properties": {}}]}, "stationary_type": "Minimum", "corrections": {}, "tensor": {"1": {"type": "Mg", "Isotropic": 571.0507, "Anisotropy": 10.4404, "tensor": [[577.1435, 4.5446, 0.4134], [2.1351, 564.9347, 2.7217]], "eigenvalues": [563.4536, 571.6875, 578.011]}, "2": {"type": "O", "Isotropic": 314.9224, "Anisotropy": 40.6454, "tensor": [[21.0014, 12.3658, 336.0128]], "eigenvalues": [278.1122, 324.6357, 342.0194]}, "3": {"type": "C", "Isotropic": 123.5051, "Anisotropy": 91.4734, "tensor": [], "eigenvalues": [88.6882, 97.3397, 184.4873]}, "4": {"type": "C", "Isotropic": 113.2148, "Anisotropy": 73.7516, "tensor": [], "eigenvalues": [78.1558, 99.1061, 162.3825]}, "5": {"type": "C", "Isotropic": 112.9104, "Anisotropy": 72.4283, "tensor": [[102.4652, 20.8073, 14.2054], [10.1196, 137.5243, 25.1204], [15.6074, 34.8521, 98.7416]], "eigenvalues": [80.4173, 97.1179, 161.1959]}, "6": {"type": "O", "Isotropic": 325.2831, "Anisotropy": 56.2428, "tensor": [[338.3486, 19.1459, 1.8505], [17.7121, 345.5859, 33.217]], "eigenvalues": [286.4457, 326.6253, 362.7783]}, "7": {"type": "C", "Isotropic": 123.6874, "Anisotropy": 88.8644, "tensor": [], "eigenvalues": [90.7069, 97.4248, 182.9303]}, "8": {"type": "H", "Isotropic": 28.5682, "Anisotropy": 9.2534, "tensor": [[0.0524, 2.3408, 25.4867]], "eigenvalues": [25.1483, 25.8191, 34.7371]}, "9": {"type": "H", "Isotropic": 28.5364, "Anisotropy": 8.5954, "tensor": [], "eigenvalues": [24.7871, 26.5554, 34.2666]}, "10": {"type": "H", "Isotropic": 27.3666, "Anisotropy": 6.8736, "tensor": [], "eigenvalues": [23.8038, 26.347, 31.949]}, "11": {"type": "H", "Isotropic": 28.4087, "Anisotropy": 8.0016, "tensor": [[27.9409, 2.22, 4.2771], [3.2527, 3.8618, 27.571]], "eigenvalues": [23.4312, 28.0519, 33.7432]}, "12": {"type": "H", "Isotropic": 28.033, "Anisotropy": 8.5015, "tensor": [[6.2304, 0.1169, 28.5562]], "eigenvalues": [22.6005, 27.7978, 33.7007]}, "13": {"type": "H", "Isotropic": 27.9025, "Anisotropy": 4.8837, "tensor": [[2.6665, 0.5616, 25.9336]], "eigenvalues": [25.0718, 27.4773, 31.1583]}, "14": {"type": "H", "Isotropic": 28.5614, "Anisotropy": 8.9139, "tensor": [], "eigenvalues": [25.2275, 25.9526, 34.504]}, "15": {"type": "H", "Isotropic": 28.1276, "Anisotropy": 6.0907, "tensor": [[1.1273, 30.9847, 2.2514], [1.2694, 2.1334, 26.031]], "eigenvalues": [24.5902, 27.6045, 32.1881]}, "16": {"type": "H", "Isotropic": 28.5539, "Anisotropy": 8.9414, "tensor": [], "eigenvalues": [24.8382, 26.3087, 34.5148]}, "17": {"type": "H", "Isotropic": 27.7727, "Anisotropy": 7.1187, "tensor": [[1.844, 2.9726, 25.6141]], "eigenvalues": [22.2796, 28.5199, 32.5185]}, "18": {"type": "O", "Isotropic": 317.3422, "Anisotropy": 43.7265, "tensor": [], "eigenvalues": [288.2693, 317.2642, 346.4932]}, "19": {"type": "C", "Isotropic": 122.4844, "Anisotropy": 91.1684, "tensor": [], "eigenvalues": [88.4662, 95.7237, 183.2634]}, "20": {"type": "C", "Isotropic": 115.6529, "Anisotropy": 71.7459, "tensor": [], "eigenvalues": [84.2894, 99.1858, 163.4835]}, "21": {"type": "C", "Isotropic": 112.5454, "Anisotropy": 69.9633, "tensor": [], "eigenvalues": [76.1036, 102.3451, 159.1877]}, "22": {"type": "O", "Isotropic": 320.3744, "Anisotropy": 35.6759, "tensor": [[326.1546, 28.1953, 1.5893]], "eigenvalues": [288.9178, 328.047, 344.1584]}, "23": {"type": "C", "Isotropic": 125.5103, "Anisotropy": 88.7481, "tensor": [], "eigenvalues": [91.2432, 100.612, 184.6757]}, "24": {"type": "H", "Isotropic": 28.2607, "Anisotropy": 9.0807, "tensor": [[25.337, 1.6454, 0.5581]], "eigenvalues": [24.2031, 26.2645, 34.3145]}, "25": {"type": "H", "Isotropic": 27.2391, "Anisotropy": 5.4661, "tensor": [], "eigenvalues": [22.211, 28.6232, 30.8832]}, "26": {"type": "H", "Isotropic": 27.668, "Anisotropy": 7.4908, "tensor": [], "eigenvalues": [24.2266, 26.1156, 32.6619]}, "27": {"type": "H", "Isotropic": 28.5264, "Anisotropy": 7.4956, "tensor": [], "eigenvalues": [24.6297, 27.4261, 33.5235]}, "28": {"type": "H", "Isotropic": 27.8928, "Anisotropy": 8.464, "tensor": [], "eigenvalues": [22.787, 27.3559, 33.5355]}, "29": {"type": "H", "Isotropic": 27.7099, "Anisotropy": 6.0701, "tensor": [[28.1816, 4.6435, 0.3462], [1.8739, 28.4628, 1.0368], [0.1082, 1.1568, 26.4852]], "eigenvalues": [24.8284, 26.5446, 31.7566]}, "30": {"type": "H", "Isotropic": 28.5716, "Anisotropy": 9.221, "tensor": [[27.1717, 0.0968, 3.0224], [2.9209, 1.298, 33.5188]], "eigenvalues": [24.8265, 26.1693, 34.7189]}, "31": {"type": "H", "Isotropic": 27.5467, "Anisotropy": 6.0702, "tensor": [[28.5111, 0.6386, 1.7105]], "eigenvalues": [22.5669, 28.4797, 31.5935]}, "32": {"type": "H", "Isotropic": 28.2332, "Anisotropy": 9.8294, "tensor": [], "eigenvalues": [24.7225, 25.191, 34.7862]}, "33": {"type": "H", "Isotropic": 28.0611, "Anisotropy": 9.589, "tensor": [[25.148, 1.3841, 0.1448]], "eigenvalues": [24.2245, 25.5049, 34.4538]}, "34": {"type": "O", "Isotropic": 324.9575, "Anisotropy": 44.9976, "tensor": [], "eigenvalues": [290.3651, 329.5515, 354.9559]}, "35": {"type": "C", "Isotropic": 124.19, "Anisotropy": 93.0102, "tensor": [[112.3117, 46.9327, 1.7779]], "eigenvalues": [87.7549, 98.6183, 186.1969]}, "36": {"type": "C", "Isotropic": 113.6337, "Anisotropy": 69.6541, "tensor": [], "eigenvalues": [81.1866, 99.6447, 160.0698]}, "37": {"type": "C", "Isotropic": 115.0719, "Anisotropy": 73.3746, "tensor": [], "eigenvalues": [80.8968, 100.3306, 163.9883]}, "38": {"type": "O", "Isotropic": 317.8064, "Anisotropy": 46.9377, "tensor": [[11.1137, 300.4325, 5.8515]], "eigenvalues": [285.0436, 319.2774, 349.0982]}, "39": {"type": "C", "Isotropic": 123.1529, "Anisotropy": 90.0423, "tensor": [], "eigenvalues": [87.7519, 98.5257, 183.1811]}, "40": {"type": "H", "Isotropic": 27.8093, "Anisotropy": 6.1779, "tensor": [[0.6968, 31.2009, 1.7756]], "eigenvalues": [23.5865, 27.9136, 31.9279]}, "41": {"type": "H", "Isotropic": 28.3299, "Anisotropy": 10.1016, "tensor": [], "eigenvalues": [24.1515, 25.7738, 35.0643]}, "42": {"type": "H", "Isotropic": 27.8124, "Anisotropy": 7.5343, "tensor": [], "eigenvalues": [24.7399, 25.8621, 32.8353]}, "43": {"type": "H", "Isotropic": 28.347, "Anisotropy": 8.295, "tensor": [[0.4587, 26.4836, 1.7413]], "eigenvalues": [24.2591, 26.9049, 33.877]}, "44": {"type": "H", "Isotropic": 28.3854, "Anisotropy": 8.4218, "tensor": [[0.5343, 28.3549, 2.0571]], "eigenvalues": [24.1869, 26.9694, 33.9999]}, "45": {"type": "H", "Isotropic": 27.9438, "Anisotropy": 8.0327, "tensor": [[27.0591, 0.9271, 0.4077], [3.4909, 0.0652, 32.661]], "eigenvalues": [24.041, 26.4915, 33.2989]}, "46": {"type": "H", "Isotropic": 27.9076, "Anisotropy": 9.9218, "tensor": [[29.3712, 3.6082, 1.0154], [5.6486, 29.4504, 3.4459], [0.0689, 1.4892, 24.9011]], "eigenvalues": [23.2694, 25.9312, 34.5221]}, "47": {"type": "H", "Isotropic": 27.3407, "Anisotropy": 8.1858, "tensor": [], "eigenvalues": [20.8421, 28.3823, 32.7979]}, "48": {"type": "H", "Isotropic": 27.5654, "Anisotropy": 11.0449, "tensor": [], "eigenvalues": [23.3208, 24.4468, 34.9287]}, "49": {"type": "H", "Isotropic": 28.3225, "Anisotropy": 8.8295, "tensor": [[31.3832, 2.8448, 0.5641]], "eigenvalues": [24.4086, 26.3501, 34.2088]}}}}, "functional": "M062X", "basis": "6-311++G**", "phase": "solution", "type": "nmr;scrf", "smiles": "[Mg].O(C)CCOC.O(C)CCOC.O(C)CCOC", "formula": "Mg1 H30 C12 O6", "formula_pretty": "MgH30(C2O)6", "formula_anonymous": "AB6C12D30", "formula_alphabetical": "C12 H30 Mg1 O6", "chemsys": "C-H-Mg-O", "nsites": 49, "nelements": 4, "is_ordered": true, "is_valid": true, "tag": "oplsd_1", "wall_time (s)": 501.60076904436573, "last_updated": "2020-12-27T15:12:46.200215", "_id": null}