{"input": {"molecule": {"charge": 0, "spin_multiplicity": 1, "sites": [{"name": "O", "species": [{"element": "O", "occu": 1}], "xyz": [1.711377, -0.528494, 0.000119], "properties": {}}, {"name": "C", "species": [{"element": "C", "occu": 1}], "xyz": [2.969251, 0.111276, 7.6e-05], "properties": {}}, {"name": "C", "species": [{"element": "C", "occu": 1}], "xyz": [0.64635, 0.394401, 0.000163], "properties": {}}, {"name": "C", "species": [{"element": "C", "occu": 1}], "xyz": [-0.64635, -0.394151, 0.000208], "properties": {}}, {"name": "O", "species": [{"element": "O", "occu": 1}], "xyz": [-1.711377, 0.528744, 0.000247], "properties": {}}, {"name": "C", "species": [{"element": "C", "occu": 1}], "xyz": [-2.969251, -0.111026, 0.000301], "properties": {}}, {"name": "H", "species": [{"element": "H", "occu": 1}], "xyz": [3.090274, 0.73755, 0.891614], "properties": {}}, {"name": "H", "species": [{"element": "H", "occu": 1}], "xyz": [3.090207, 0.737564, -0.89146], "properties": {}}, {"name": "H", "species": [{"element": "H", "occu": 1}], "xyz": [0.691698, 1.036786, -0.889251], "properties": {}}, {"name": "H", "species": [{"element": "H", "occu": 1}], "xyz": [0.691765, 1.036778, 0.889579], "properties": {}}, {"name": "H", "species": [{"element": "H", "occu": 1}], "xyz": [-0.6917, -1.036533, 0.889624], "properties": {}}, {"name": "H", "species": [{"element": "H", "occu": 1}], "xyz": [-0.691763, -1.036531, -0.889206], "properties": {}}, {"name": "H", "species": [{"element": "H", "occu": 1}], "xyz": [-3.090207, -0.737298, 0.891848], "properties": {}}, {"name": "H", "species": [{"element": "H", "occu": 1}], "xyz": [-3.090274, -0.737316, -0.891225], "properties": {}}, {"name": "H", "species": [{"element": "H", "occu": 1}], "xyz": [-3.732666, 0.665259, 0.000321], "properties": {}}, {"name": "H", "species": [{"element": "H", "occu": 1}], "xyz": [3.732666, -0.665009, 4.1e-05], "properties": {}}]}, "functional": "M062X", "basis_set": "6-311++G**", "route_parameters": {"NMR": "GIAO", "iop(7/33=1)": null, "int": "ultrafine", "EmpiricalDispersion": "GD3", "NoSymmetry": null, "test": null, "SCRF": "(Solvent=TetraHydroFuran)"}, "title": "H10 C4 O2", "charge": 0, "spin_multiplicity": 1, "input_parameters": {}, "link0_parameters": {"%chk": "checkpoint.chk", "%mem": "100GB", "%NProcShared": "28"}, "dieze_tag": "#P", "nbasisfunctions": 202, "pcm_parameters": {}}, "output": {"has_gaussian_completed": true, "is_pcm": true, "errors": [], "Mulliken_charges": {"1": ["O", -0.189384], "2": ["C", -0.336886], "3": ["C", -0.301626], "4": ["C", -0.301626], "5": ["O", -0.189384], "6": ["C", -0.336886], "7": ["H", 0.151366], "8": ["H", 0.151366], "9": ["H", 0.179276], "10": ["H", 0.179276], "11": ["H", 0.179276], "12": ["H", 0.179277], "13": ["H", 0.151366], "14": ["H", 0.151366], "15": ["H", 0.16661], "16": ["H", 0.16661]}, "tensor": {"1": {"type": "O", "Isotropic": 321.505, "Anisotropy": 32.2718, "tensor": [], "eigenvalues": [295.3833, 326.1121, 343.0195]}, "2": {"type": "C", "Isotropic": 127.8902, "Anisotropy": 90.666, "tensor": [], "eigenvalues": [97.3988, 97.9377, 188.3342]}, "3": {"type": "C", "Isotropic": 114.1298, "Anisotropy": 81.4158, "tensor": [], "eigenvalues": [80.243, 93.7393, 168.407]}, "4": {"type": "C", "Isotropic": 114.1298, "Anisotropy": 81.4158, "tensor": [], "eigenvalues": [80.243, 93.7393, 168.407]}, "5": {"type": "O", "Isotropic": 321.5051, "Anisotropy": 32.2718, "tensor": [], "eigenvalues": [295.3834, 326.1122, 343.0196]}, "6": {"type": "C", "Isotropic": 127.8903, "Anisotropy": 90.666, "tensor": [], "eigenvalues": [97.3988, 97.9378, 188.3343]}, "7": {"type": "H", "Isotropic": 28.8075, "Anisotropy": 8.5131, "tensor": [[30.5073, 4.2853, 3.7042], [2.3035, 27.5273, 2.5315], [1.6532, 1.5447, 28.3879]], "eigenvalues": [25.356, 26.5836, 34.4829]}, "8": {"type": "H", "Isotropic": 28.8075, "Anisotropy": 8.5131, "tensor": [], "eigenvalues": [25.356, 26.5836, 34.4829]}, "9": {"type": "H", "Isotropic": 28.6505, "Anisotropy": 4.3684, "tensor": [], "eigenvalues": [25.5425, 28.8463, 31.5628]}, "10": {"type": "H", "Isotropic": 28.6505, "Anisotropy": 4.3684, "tensor": [[0.1938, 2.0266, 27.8844]], "eigenvalues": [25.5425, 28.8463, 31.5628]}, "11": {"type": "H", "Isotropic": 28.6505, "Anisotropy": 4.3684, "tensor": [], "eigenvalues": [25.5425, 28.8463, 31.5628]}, "12": {"type": "H", "Isotropic": 28.6505, "Anisotropy": 4.3684, "tensor": [[0.1938, 2.0266, 27.8844]], "eigenvalues": [25.5425, 28.8463, 31.5628]}, "13": {"type": "H", "Isotropic": 28.8075, "Anisotropy": 8.5131, "tensor": [], "eigenvalues": [25.356, 26.5836, 34.483]}, "14": {"type": "H", "Isotropic": 28.8075, "Anisotropy": 8.5131, "tensor": [[30.5073, 4.2853, 3.7041], [2.3036, 27.5274, 2.5315], [1.6532, 1.5447, 28.3878]], "eigenvalues": [25.356, 26.5836, 34.4829]}, "15": {"type": "H", "Isotropic": 28.3896, "Anisotropy": 9.2444, "tensor": [], "eigenvalues": [24.6793, 25.9369, 34.5525]}, "16": {"type": "H", "Isotropic": 28.3896, "Anisotropy": 9.2444, "tensor": [], "eigenvalues": [24.6793, 25.9368, 34.5525]}}, "output": {"energies": [-308.812006201], "final_energy": -308.812006201, "final_energy_per_atom": -19.3007503875625, "molecule": {"charge": 0.0, "spin_multiplicity": 1, "sites": [{"name": "O", "species": [{"element": "O", "occu": 1}], "xyz": [1.711377, -0.528494, 0.000119], "properties": {}}, {"name": "C", "species": [{"element": "C", "occu": 1}], "xyz": [2.969251, 0.111276, 7.6e-05], "properties": {}}, {"name": "C", "species": [{"element": "C", "occu": 1}], "xyz": [0.64635, 0.394401, 0.000163], "properties": {}}, {"name": "C", "species": [{"element": "C", "occu": 1}], "xyz": [-0.64635, -0.394151, 0.000208], "properties": {}}, {"name": "O", "species": [{"element": "O", "occu": 1}], "xyz": [-1.711377, 0.528744, 0.000247], "properties": {}}, {"name": "C", "species": [{"element": "C", "occu": 1}], "xyz": [-2.969251, -0.111026, 0.000301], "properties": {}}, {"name": "H", "species": [{"element": "H", "occu": 1}], "xyz": [3.090274, 0.73755, 0.891614], "properties": {}}, {"name": "H", "species": [{"element": "H", "occu": 1}], "xyz": [3.090207, 0.737564, -0.89146], "properties": {}}, {"name": "H", "species": [{"element": "H", "occu": 1}], "xyz": [0.691698, 1.036786, -0.889251], "properties": {}}, {"name": "H", "species": [{"element": "H", "occu": 1}], "xyz": [0.691765, 1.036778, 0.889579], "properties": {}}, {"name": "H", "species": [{"element": "H", "occu": 1}], "xyz": [-0.6917, -1.036533, 0.889624], "properties": {}}, {"name": "H", "species": [{"element": "H", "occu": 1}], "xyz": [-0.691763, -1.036531, -0.889206], "properties": {}}, {"name": "H", "species": [{"element": "H", "occu": 1}], "xyz": [-3.090207, -0.737298, 0.891848], "properties": {}}, {"name": "H", "species": [{"element": "H", "occu": 1}], "xyz": [-3.090274, -0.737316, -0.891225], "properties": {}}, {"name": "H", "species": [{"element": "H", "occu": 1}], "xyz": [-3.732666, 0.665259, 0.000321], "properties": {}}, {"name": "H", "species": [{"element": "H", "occu": 1}], "xyz": [3.732666, -0.665009, 4.1e-05], "properties": {}}]}, "stationary_type": "Minimum", "corrections": {}, "tensor": {"1": {"type": "O", "Isotropic": 321.505, "Anisotropy": 32.2718, "tensor": [], "eigenvalues": [295.3833, 326.1121, 343.0195]}, "2": {"type": "C", "Isotropic": 127.8902, "Anisotropy": 90.666, "tensor": [], "eigenvalues": [97.3988, 97.9377, 188.3342]}, "3": {"type": "C", "Isotropic": 114.1298, "Anisotropy": 81.4158, "tensor": [], "eigenvalues": [80.243, 93.7393, 168.407]}, "4": {"type": "C", "Isotropic": 114.1298, "Anisotropy": 81.4158, "tensor": [], "eigenvalues": [80.243, 93.7393, 168.407]}, "5": {"type": "O", "Isotropic": 321.5051, "Anisotropy": 32.2718, "tensor": [], "eigenvalues": [295.3834, 326.1122, 343.0196]}, "6": {"type": "C", "Isotropic": 127.8903, "Anisotropy": 90.666, "tensor": [], "eigenvalues": [97.3988, 97.9378, 188.3343]}, "7": {"type": "H", "Isotropic": 28.8075, "Anisotropy": 8.5131, "tensor": [[30.5073, 4.2853, 3.7042], [2.3035, 27.5273, 2.5315], [1.6532, 1.5447, 28.3879]], "eigenvalues": [25.356, 26.5836, 34.4829]}, "8": {"type": "H", "Isotropic": 28.8075, "Anisotropy": 8.5131, "tensor": [], "eigenvalues": [25.356, 26.5836, 34.4829]}, "9": {"type": "H", "Isotropic": 28.6505, "Anisotropy": 4.3684, "tensor": [], "eigenvalues": [25.5425, 28.8463, 31.5628]}, "10": {"type": "H", "Isotropic": 28.6505, "Anisotropy": 4.3684, "tensor": [[0.1938, 2.0266, 27.8844]], "eigenvalues": [25.5425, 28.8463, 31.5628]}, "11": {"type": "H", "Isotropic": 28.6505, "Anisotropy": 4.3684, "tensor": [], "eigenvalues": [25.5425, 28.8463, 31.5628]}, "12": {"type": "H", "Isotropic": 28.6505, "Anisotropy": 4.3684, "tensor": [[0.1938, 2.0266, 27.8844]], "eigenvalues": [25.5425, 28.8463, 31.5628]}, "13": {"type": "H", "Isotropic": 28.8075, "Anisotropy": 8.5131, "tensor": [], "eigenvalues": [25.356, 26.5836, 34.483]}, "14": {"type": "H", "Isotropic": 28.8075, "Anisotropy": 8.5131, "tensor": [[30.5073, 4.2853, 3.7041], [2.3036, 27.5274, 2.5315], [1.6532, 1.5447, 28.3878]], "eigenvalues": [25.356, 26.5836, 34.4829]}, "15": {"type": "H", "Isotropic": 28.3896, "Anisotropy": 9.2444, "tensor": [], "eigenvalues": [24.6793, 25.9369, 34.5525]}, "16": {"type": "H", "Isotropic": 28.3896, "Anisotropy": 9.2444, "tensor": [], "eigenvalues": [24.6793, 25.9368, 34.5525]}}}}, "functional": "M062X", "basis": "6-311++G**", "phase": "solution", "type": "nmr;scrf", "smiles": "O(C)CCOC", "formula": "H10 C4 O2", "formula_pretty": "H5C2O", "formula_anonymous": "AB2C5", "formula_alphabetical": "C4 H10 O2", "chemsys": "C-H-O", "nsites": 16, "nelements": 3, "is_ordered": true, "is_valid": true, "tag": "oplsd_ref", "wall_time (s)": 25.673298918642104, "last_updated": "2021-01-20T10:25:01.927904", "_id": null}