{"input": {"molecule": {"charge": 0, "spin_multiplicity": 1, "sites": [{"name": "O", "species": [{"element": "O", "occu": 1}], "xyz": [1.319683, -0.407847, -0.332623], "properties": {}}, {"name": "C", "species": [{"element": "C", "occu": 1}], "xyz": [2.573617, 0.227104, -0.451373], "properties": {}}, {"name": "C", "species": [{"element": "C", "occu": 1}], "xyz": [0.362742, 0.447667, 0.249521], "properties": {}}, {"name": "C", "species": [{"element": "C", "occu": 1}], "xyz": [-0.955148, -0.292115, 0.325483], "properties": {}}, {"name": "O", "species": [{"element": "O", "occu": 1}], "xyz": [-1.889353, 0.58031, 0.923173], "properties": {}}, {"name": "C", "species": [{"element": "C", "occu": 1}], "xyz": [-3.197949, 0.05357, 0.912495], "properties": {}}, {"name": "H", "species": [{"element": "H", "occu": 1}], "xyz": [2.948179, 0.54138, 0.531058], "properties": {}}, {"name": "H", "species": [{"element": "H", "occu": 1}], "xyz": [2.505233, 1.110489, -1.099505], "properties": {}}, {"name": "H", "species": [{"element": "H", "occu": 1}], "xyz": [0.235397, 1.35154, -0.361767], "properties": {}}, {"name": "H", "species": [{"element": "H", "occu": 1}], "xyz": [0.68645, 0.759073, 1.251136], "properties": {}}, {"name": "H", "species": [{"element": "H", "occu": 1}], "xyz": [-0.84613, -1.208384, 0.920284], "properties": {}}, {"name": "H", "species": [{"element": "H", "occu": 1}], "xyz": [-1.282695, -0.573241, -0.683973], "properties": {}}, {"name": "H", "species": [{"element": "H", "occu": 1}], "xyz": [-3.245846, -0.898654, 1.454732], "properties": {}}, {"name": "H", "species": [{"element": "H", "occu": 1}], "xyz": [-3.539912, -0.108982, -0.117275], "properties": {}}, {"name": "H", "species": [{"element": "H", "occu": 1}], "xyz": [-3.854125, 0.774991, 1.401724], "properties": {}}, {"name": "H", "species": [{"element": "H", "occu": 1}], "xyz": [3.265488, -0.488809, -0.892853], "properties": {}}, {"name": "H", "species": [{"element": "H", "occu": 1}], "xyz": [3.423979, 3.040794, 0.153974], "properties": {}}, {"name": "H", "species": [{"element": "H", "occu": 1}], "xyz": [-2.83571, 2.937535, 0.928848], "properties": {}}, {"name": "H", "species": [{"element": "H", "occu": 1}], "xyz": [1.074819, 3.435022, -0.322767], "properties": {}}, {"name": "H", "species": [{"element": "H", "occu": 1}], "xyz": [-0.561115, 2.683398, 1.498342], "properties": {}}, {"name": "C", "species": [{"element": "C", "occu": 1}], "xyz": [1.014144, 3.89827, 0.671789], "properties": {}}, {"name": "C", "species": [{"element": "C", "occu": 1}], "xyz": [-2.635418, 3.984267, 0.669771], "properties": {}}, {"name": "C", "species": [{"element": "C", "occu": 1}], "xyz": [3.256283, 3.444179, 1.158818], "properties": {}}, {"name": "C", "species": [{"element": "C", "occu": 1}], "xyz": [-0.384375, 3.731715, 1.230597], "properties": {}}, {"name": "O", "species": [{"element": "O", "occu": 1}], "xyz": [-1.300285, 4.138881, 0.237003], "properties": {}}, {"name": "O", "species": [{"element": "O", "occu": 1}], "xyz": [1.91266, 3.275557, 1.561138], "properties": {}}, {"name": "H", "species": [{"element": "H", "occu": 1}], "xyz": [-3.292361, 4.288305, -0.145289], "properties": {}}, {"name": "H", "species": [{"element": "H", "occu": 1}], "xyz": [3.887314, 2.909514, 1.867054], "properties": {}}, {"name": "H", "species": [{"element": "H", "occu": 1}], "xyz": [1.257422, 4.963462, 0.560746], "properties": {}}, {"name": "H", "species": [{"element": "H", "occu": 1}], "xyz": [-0.504678, 4.342035, 2.135954], "properties": {}}, {"name": "H", "species": [{"element": "H", "occu": 1}], "xyz": [3.540254, 4.502694, 1.155924], "properties": {}}, {"name": "H", "species": [{"element": "H", "occu": 1}], "xyz": [-2.832955, 4.611956, 1.548751], "properties": {}}, {"name": "H", "species": [{"element": "H", "occu": 1}], "xyz": [7.031802, -1.673963, -0.766073], "properties": {}}, {"name": "O", "species": [{"element": "O", "occu": 1}], "xyz": [6.94841, 0.320708, -0.423786], "properties": {}}, {"name": "H", "species": [{"element": "H", "occu": 1}], "xyz": [7.547547, 2.513944, 0.854594], "properties": {}}, {"name": "C", "species": [{"element": "C", "occu": 1}], "xyz": [6.276155, -0.898786, -0.649862], "properties": {}}, {"name": "H", "species": [{"element": "H", "occu": 1}], "xyz": [5.626263, -1.151544, 0.196634], "properties": {}}, {"name": "C", "species": [{"element": "C", "occu": 1}], "xyz": [6.88858, 2.642432, -0.014254], "properties": {}}, {"name": "H", "species": [{"element": "H", "occu": 1}], "xyz": [7.516336, 2.818679, -0.897675], "properties": {}}, {"name": "H", "species": [{"element": "H", "occu": 1}], "xyz": [7.317807, 4.871081, 1.304661], "properties": {}}, {"name": "C", "species": [{"element": "C", "occu": 1}], "xyz": [6.057923, 1.391932, -0.215781], "properties": {}}, {"name": "H", "species": [{"element": "H", "occu": 1}], "xyz": [5.669747, -0.847751, -1.562098], "properties": {}}, {"name": "C", "species": [{"element": "C", "occu": 1}], "xyz": [6.682959, 4.935276, 0.413334], "properties": {}}, {"name": "H", "species": [{"element": "H", "occu": 1}], "xyz": [7.306987, 5.200345, -0.448005], "properties": {}}, {"name": "H", "species": [{"element": "H", "occu": 1}], "xyz": [5.434768, 1.209489, 0.670672], "properties": {}}, {"name": "O", "species": [{"element": "O", "occu": 1}], "xyz": [6.003079, 3.7191, 0.189557], "properties": {}}, {"name": "H", "species": [{"element": "H", "occu": 1}], "xyz": [5.393055, 1.519426, -1.082428], "properties": {}}, {"name": "H", "species": [{"element": "H", "occu": 1}], "xyz": [5.930468, 5.708391, 0.562928], "properties": {}}, {"name": "H", "species": [{"element": "H", "occu": 1}], "xyz": [-6.62919, 6.261158, 0.714015], "properties": {}}, {"name": "H", "species": [{"element": "H", "occu": 1}], "xyz": [-5.574278, 6.535264, -0.696471], "properties": {}}, {"name": "C", "species": [{"element": "C", "occu": 1}], "xyz": [-5.718296, 5.934062, 0.199772], "properties": {}}, {"name": "H", "species": [{"element": "H", "occu": 1}], "xyz": [-6.905485, 3.989126, 1.455213], "properties": {}}, {"name": "O", "species": [{"element": "O", "occu": 1}], "xyz": [-5.824992, 4.585598, -0.205262], "properties": {}}, {"name": "H", "species": [{"element": "H", "occu": 1}], "xyz": [-4.862645, 6.075243, 0.870701], "properties": {}}, {"name": "C", "species": [{"element": "C", "occu": 1}], "xyz": [-6.006463, 3.715233, 0.887821], "properties": {}}, {"name": "H", "species": [{"element": "H", "occu": 1}], "xyz": [-7.036144, 2.256732, -0.308681], "properties": {}}, {"name": "C", "species": [{"element": "C", "occu": 1}], "xyz": [-6.153034, 2.310979, 0.340767], "properties": {}}, {"name": "H", "species": [{"element": "H", "occu": 1}], "xyz": [-5.146889, 3.763508, 1.570892], "properties": {}}, {"name": "O", "species": [{"element": "O", "occu": 1}], "xyz": [-6.289142, 1.437414, 1.439389], "properties": {}}, {"name": "H", "species": [{"element": "H", "occu": 1}], "xyz": [-7.616693, 0.109934, 0.560855], "properties": {}}, {"name": "H", "species": [{"element": "H", "occu": 1}], "xyz": [-5.269979, 2.045067, -0.257899], "properties": {}}, {"name": "C", "species": [{"element": "C", "occu": 1}], "xyz": [-6.632244, 0.126676, 1.041928], "properties": {}}, {"name": "H", "species": [{"element": "H", "occu": 1}], "xyz": [-6.65697, -0.492123, 1.937649], "properties": {}}, {"name": "H", "species": [{"element": "H", "occu": 1}], "xyz": [-5.893221, -0.279897, 0.341543], "properties": {}}]}, "functional": "M062X", "basis_set": "6-311++G**", "route_parameters": {"NMR": "GIAO", "iop(7/33=1)": null, "int": "ultrafine", "EmpiricalDispersion": "GD3", "NoSymmetry": null, "test": null, "SCRF": "(Solvent=TetraHydroFuran)"}, "title": "H40 C16 O8", "charge": 0, "spin_multiplicity": 1, "input_parameters": {}, "link0_parameters": {"%chk": "checkpoint.chk", "%mem": "100GB", "%NProcShared": "28"}, "dieze_tag": "#P", "nbasisfunctions": 808, "pcm_parameters": {}}, "output": {"has_gaussian_completed": true, "is_pcm": true, "errors": [], "Mulliken_charges": {"1": ["O", -0.103962], "2": ["C", -0.401406], "3": ["C", -0.449658], "4": ["C", -0.364409], "5": ["O", -0.117889], "6": ["C", -0.392619], "7": ["H", 0.196971], "8": ["H", 0.161818], "9": ["H", 0.246576], "10": ["H", 0.236851], "11": ["H", 0.182643], "12": ["H", 0.180498], "13": ["H", 0.164889], "14": ["H", 0.175052], "15": ["H", 0.136318], "16": ["H", 0.200152], "17": ["H", 0.179911], "18": ["H", 0.217465], "19": ["H", 0.163075], "20": ["H", 0.171431], "21": ["C", -0.379651], "22": ["C", -0.421239], "23": ["C", -0.521672], "24": ["C", -0.405362], "25": ["O", -0.063013], "26": ["O", -0.06119], "27": ["H", 0.172301], "28": ["H", 0.196893], "29": ["H", 0.161778], "30": ["H", 0.182052], "31": ["H", 0.186716], "32": ["H", 0.173502], "33": ["H", 0.21164], "34": ["O", -0.13357], "35": ["H", 0.175342], "36": ["C", -0.316323], "37": ["H", 0.142279], "38": ["C", -0.392629], "39": ["H", 0.18213], "40": ["H", 0.160716], "41": ["C", -0.43999], "42": ["H", 0.144282], "43": ["C", -0.331855], "44": ["H", 0.15406], "45": ["H", 0.236407], "46": ["O", -0.154915], "47": ["H", 0.234739], "48": ["H", 0.145997], "49": ["H", 0.154009], "50": ["H", 0.175939], "51": ["C", -0.305587], "52": ["H", 0.18721], "53": ["O", -0.106793], "54": ["H", 0.129579], "55": ["C", -0.413957], "56": ["H", 0.163353], "57": ["C", -0.364917], "58": ["H", 0.15116], "59": ["O", -0.106756], "60": ["H", 0.171263], "61": ["H", 0.16715], "62": ["C", -0.322693], "63": ["H", 0.177055], "64": ["H", 0.120855]}, "tensor": {"1": {"type": "O", "Isotropic": 317.0645, "Anisotropy": 30.5342, "tensor": [], "eigenvalues": [292.0058, 321.7671, 337.4207]}, "2": {"type": "C", "Isotropic": 124.9428, "Anisotropy": 89.1065, "tensor": [], "eigenvalues": [94.2557, 96.2256, 184.3472]}, "3": {"type": "C", "Isotropic": 113.3894, "Anisotropy": 80.0719, "tensor": [], "eigenvalues": [78.8696, 94.5281, 166.7707]}, "4": {"type": "C", "Isotropic": 113.787, "Anisotropy": 81.5399, "tensor": [], "eigenvalues": [78.7554, 94.4587, 168.1469]}, "5": {"type": "O", "Isotropic": 315.4608, "Anisotropy": 35.1223, "tensor": [], "eigenvalues": [292.13, 315.3768, 338.8756]}, "6": {"type": "C", "Isotropic": 127.96, "Anisotropy": 91.1795, "tensor": [[0.1147, 0.6864, 98.8564]], "eigenvalues": [96.2253, 98.9084, 188.7463]}, "7": {"type": "H", "Isotropic": 28.5891, "Anisotropy": 8.7157, "tensor": [[32.9788, 2.8412, 3.2269], [1.553, 27.6817, 2.0967], [0.8955, 0.677, 25.1068]], "eigenvalues": [24.3468, 27.021, 34.3996]}, "8": {"type": "H", "Isotropic": 28.6235, "Anisotropy": 6.7101, "tensor": [], "eigenvalues": [25.9676, 26.8061, 33.0969]}, "9": {"type": "H", "Isotropic": 28.4839, "Anisotropy": 5.7803, "tensor": [], "eigenvalues": [24.1497, 28.9646, 32.3374]}, "10": {"type": "H", "Isotropic": 28.2154, "Anisotropy": 3.4446, "tensor": [[0.6801, 28.79, 2.5678]], "eigenvalues": [25.1008, 29.0337, 30.5118]}, "11": {"type": "H", "Isotropic": 28.4793, "Anisotropy": 5.327, "tensor": [], "eigenvalues": [24.6148, 28.7926, 32.0306]}, "12": {"type": "H", "Isotropic": 28.6343, "Anisotropy": 4.4342, "tensor": [[0.2142, 27.3158, 3.1899], [0.029, 2.4757, 28.99]], "eigenvalues": [25.1734, 29.139, 31.5905]}, "13": {"type": "H", "Isotropic": 28.72, "Anisotropy": 8.431, "tensor": [], "eigenvalues": [24.3056, 27.5138, 34.3407]}, "14": {"type": "H", "Isotropic": 28.7121, "Anisotropy": 8.981, "tensor": [[33.4352, 1.6422, 3.9256], [0.7881, 26.1485, 1.5919], [1.7113, 0.4082, 26.5526]], "eigenvalues": [25.1653, 26.2715, 34.6994]}, "15": {"type": "H", "Isotropic": 28.1251, "Anisotropy": 12.7724, "tensor": [], "eigenvalues": [22.2996, 25.4357, 36.6401]}, "16": {"type": "H", "Isotropic": 28.2043, "Anisotropy": 11.3483, "tensor": [[0.7041, 25.6047, 1.2509]], "eigenvalues": [22.7516, 26.0916, 35.7698]}, "17": {"type": "H", "Isotropic": 28.9697, "Anisotropy": 10.4645, "tensor": [[0.0317, 27.2274, 1.9691]], "eigenvalues": [22.7997, 28.1634, 35.946]}, "18": {"type": "H", "Isotropic": 28.529, "Anisotropy": 8.4129, "tensor": [], "eigenvalues": [21.586, 29.8635, 34.1376]}, "19": {"type": "H", "Isotropic": 28.5787, "Anisotropy": 3.0335, "tensor": [[0.534, 1.2265, 28.2276]], "eigenvalues": [26.8555, 28.2796, 30.601]}, "20": {"type": "H", "Isotropic": 28.4268, "Anisotropy": 5.0806, "tensor": [[0.8074, 31.7723, 0.4044]], "eigenvalues": [23.6906, 29.7759, 31.8139]}, "21": {"type": "C", "Isotropic": 113.6923, "Anisotropy": 80.2279, "tensor": [], "eigenvalues": [81.4618, 92.4376, 167.1775]}, "22": {"type": "C", "Isotropic": 127.8544, "Anisotropy": 92.2858, "tensor": [], "eigenvalues": [95.1903, 98.9947, 189.3783]}, "23": {"type": "C", "Isotropic": 123.4557, "Anisotropy": 95.7223, "tensor": [], "eigenvalues": [90.1382, 92.9584, 187.2706]}, "24": {"type": "C", "Isotropic": 115.5885, "Anisotropy": 81.073, "tensor": [], "eigenvalues": [82.2739, 94.8543, 169.6371]}, "25": {"type": "O", "Isotropic": 321.5795, "Anisotropy": 23.6377, "tensor": [], "eigenvalues": [293.4441, 333.9564, 337.338]}, "26": {"type": "O", "Isotropic": 315.0243, "Anisotropy": 26.0319, "tensor": [], "eigenvalues": [288.6111, 324.083, 332.3789]}, "27": {"type": "H", "Isotropic": 28.3138, "Anisotropy": 13.5533, "tensor": [], "eigenvalues": [22.794, 24.7982, 37.3494]}, "28": {"type": "H", "Isotropic": 28.5495, "Anisotropy": 10.1793, "tensor": [], "eigenvalues": [25.0276, 25.2853, 35.3357]}, "29": {"type": "H", "Isotropic": 28.6115, "Anisotropy": 4.6849, "tensor": [], "eigenvalues": [24.641, 29.4587, 31.7348]}, "30": {"type": "H", "Isotropic": 28.6738, "Anisotropy": 4.3837, "tensor": [[29.7287, 0.1107, 2.2635], [0.4617, 3.1161, 29.456]], "eigenvalues": [25.1482, 29.2768, 31.5962]}, "31": {"type": "H", "Isotropic": 28.9745, "Anisotropy": 10.3592, "tensor": [[2.0464, 28.5222, 1.2077]], "eigenvalues": [23.427, 27.6159, 35.8806]}, "32": {"type": "H", "Isotropic": 28.829, "Anisotropy": 9.2856, "tensor": [], "eigenvalues": [24.2974, 27.1702, 35.0194]}, "33": {"type": "H", "Isotropic": 28.365, "Anisotropy": 9.1966, "tensor": [], "eigenvalues": [24.1865, 26.4124, 34.4961]}, "34": {"type": "O", "Isotropic": 318.7412, "Anisotropy": 35.6822, "tensor": [[0.4212, 2.5054, 293.1181]], "eigenvalues": [292.6767, 321.0176, 342.5293]}, "35": {"type": "H", "Isotropic": 28.7488, "Anisotropy": 4.7692, "tensor": [[1.5493, 0.6032, 27.0055]], "eigenvalues": [25.6308, 28.6873, 31.9282]}, "36": {"type": "C", "Isotropic": 126.81, "Anisotropy": 86.2487, "tensor": [[113.3747, 33.7276, 6.1142], [29.9592, 167.1332, 13.0143], [5.8553, 12.7037, 99.9222]], "eigenvalues": [97.5382, 98.5827, 184.3092]}, "37": {"type": "H", "Isotropic": 28.8, "Anisotropy": 6.6388, "tensor": [], "eigenvalues": [25.6199, 27.5542, 33.2258]}, "38": {"type": "C", "Isotropic": 114.3014, "Anisotropy": 80.7253, "tensor": [], "eigenvalues": [79.7042, 95.0818, 168.1183]}, "39": {"type": "H", "Isotropic": 28.7125, "Anisotropy": 5.1491, "tensor": [], "eigenvalues": [25.2505, 28.7418, 32.1452]}, "40": {"type": "H", "Isotropic": 28.9331, "Anisotropy": 9.1936, "tensor": [[29.0031, 2.4766, 3.2616], [4.5418, 29.0005, 3.775], [2.5002, 1.7716, 28.7959]], "eigenvalues": [25.487, 26.2502, 35.0622]}, "41": {"type": "C", "Isotropic": 113.7774, "Anisotropy": 80.3166, "tensor": [], "eigenvalues": [79.6165, 94.3939, 167.3218]}, "42": {"type": "H", "Isotropic": 28.8232, "Anisotropy": 6.9339, "tensor": [[29.049, 0.677, 1.9979], [3.2104, 28.7069, 4.1646], [1.4848, 2.2162, 28.7136]], "eigenvalues": [25.5114, 27.5123, 33.4458]}, "43": {"type": "C", "Isotropic": 128.0737, "Anisotropy": 90.9403, "tensor": [[114.1126, 36.659, 6.8495], [31.6262, 170.0748, 13.3747], [6.1257, 13.1845, 100.0338]], "eigenvalues": [97.4992, 98.0214, 188.7006]}, "44": {"type": "H", "Isotropic": 28.9135, "Anisotropy": 9.4283, "tensor": [], "eigenvalues": [25.4135, 26.1279, 35.199]}, "45": {"type": "H", "Isotropic": 28.6772, "Anisotropy": 6.3558, "tensor": [], "eigenvalues": [25.1846, 27.9327, 32.9145]}, "46": {"type": "O", "Isotropic": 318.6033, "Anisotropy": 39.5907, "tensor": [[0.8496, 315.8216, 3.3702]], "eigenvalues": [294.8666, 315.9462, 344.9971]}, "47": {"type": "H", "Isotropic": 28.8934, "Anisotropy": 4.2641, "tensor": [[0.4757, 0.9688, 26.572]], "eigenvalues": [26.3414, 28.6028, 31.7362]}, "48": {"type": "H", "Isotropic": 28.509, "Anisotropy": 8.5229, "tensor": [], "eigenvalues": [23.7972, 27.5388, 34.1909]}, "49": {"type": "H", "Isotropic": 28.8602, "Anisotropy": 9.3925, "tensor": [], "eigenvalues": [24.8322, 26.6266, 35.1218]}, "50": {"type": "H", "Isotropic": 28.4349, "Anisotropy": 9.4178, "tensor": [], "eigenvalues": [25.2718, 25.3195, 34.7134]}, "51": {"type": "C", "Isotropic": 127.916, "Anisotropy": 88.2719, "tensor": [[99.7729, 5.1, 0.6772], [6.7674, 182.6704, 15.6253], [0.9121, 19.775, 101.3046]], "eigenvalues": [97.5206, 99.4634, 186.7639]}, "52": {"type": "H", "Isotropic": 28.7789, "Anisotropy": 4.7721, "tensor": [], "eigenvalues": [25.4203, 28.9561, 31.9603]}, "53": {"type": "O", "Isotropic": 319.5584, "Anisotropy": 27.5009, "tensor": [[1.6463, 323.1411, 0.1814]], "eigenvalues": [298.2617, 322.5211, 337.8923]}, "54": {"type": "H", "Isotropic": 28.8227, "Anisotropy": 6.5088, "tensor": [[2.3231, 31.1727, 3.7727], [2.0774, 1.7522, 25.5389]], "eigenvalues": [24.0552, 29.2511, 33.1619]}, "55": {"type": "C", "Isotropic": 114.723, "Anisotropy": 79.9711, "tensor": [], "eigenvalues": [82.6227, 93.5092, 168.0371]}, "56": {"type": "H", "Isotropic": 28.772, "Anisotropy": 4.4939, "tensor": [[28.8994, 0.693, 2.0432]], "eigenvalues": [25.4835, 29.0645, 31.7679]}, "57": {"type": "C", "Isotropic": 114.856, "Anisotropy": 79.3477, "tensor": [], "eigenvalues": [82.3179, 94.4956, 167.7545]}, "58": {"type": "H", "Isotropic": 29.1691, "Anisotropy": 3.3675, "tensor": [[31.1431, 0.4641, 0.0422]], "eigenvalues": [26.3676, 29.7257, 31.4141]}, "59": {"type": "O", "Isotropic": 321.875, "Anisotropy": 24.0343, "tensor": [[298.6402, 2.2777, 3.5663], [5.481, 329.9838, 1.2872]], "eigenvalues": [297.8004, 329.9267, 337.8979]}, "60": {"type": "H", "Isotropic": 28.91, "Anisotropy": 9.3993, "tensor": [[31.609, 2.562, 1.7163], [4.9575, 29.6175, 2.7648], [1.9214, 0.8736, 25.5037]], "eigenvalues": [24.7778, 26.7761, 35.1762]}, "61": {"type": "H", "Isotropic": 28.4855, "Anisotropy": 3.1687, "tensor": [], "eigenvalues": [25.6421, 29.2165, 30.598]}, "62": {"type": "C", "Isotropic": 128.3738, "Anisotropy": 88.5348, "tensor": [[105.0011, 20.225, 6.1909], [21.2925, 178.7135, 13.6557], [4.73, 17.9858, 101.4066]], "eigenvalues": [97.4364, 100.288, 187.3969]}, "63": {"type": "H", "Isotropic": 28.6286, "Anisotropy": 9.3344, "tensor": [], "eigenvalues": [25.0813, 25.9531, 34.8515]}, "64": {"type": "H", "Isotropic": 29.2438, "Anisotropy": 6.1296, "tensor": [[30.4607, 0.3193, 0.3561]], "eigenvalues": [24.1084, 30.2929, 33.3302]}}, "output": {"energies": [-1235.26593376], "final_energy": -1235.26593376, "final_energy_per_atom": -19.301030215, "molecule": {"charge": 0.0, "spin_multiplicity": 1, "sites": [{"name": "O", "species": [{"element": "O", "occu": 1}], "xyz": [1.319683, -0.407847, -0.332623], "properties": {}}, {"name": "C", "species": [{"element": "C", "occu": 1}], "xyz": [2.573617, 0.227104, -0.451373], "properties": {}}, {"name": "C", "species": [{"element": "C", "occu": 1}], "xyz": [0.362742, 0.447667, 0.249521], "properties": {}}, {"name": "C", "species": [{"element": "C", "occu": 1}], "xyz": [-0.955148, -0.292115, 0.325483], "properties": {}}, {"name": "O", "species": [{"element": "O", "occu": 1}], "xyz": [-1.889353, 0.58031, 0.923173], "properties": {}}, {"name": "C", "species": [{"element": "C", "occu": 1}], "xyz": [-3.197949, 0.05357, 0.912495], "properties": {}}, {"name": "H", "species": [{"element": "H", "occu": 1}], "xyz": [2.948179, 0.54138, 0.531058], "properties": {}}, {"name": "H", "species": [{"element": "H", "occu": 1}], "xyz": [2.505233, 1.110489, -1.099505], "properties": {}}, {"name": "H", "species": [{"element": "H", "occu": 1}], "xyz": [0.235397, 1.35154, -0.361767], "properties": {}}, {"name": "H", "species": [{"element": "H", "occu": 1}], "xyz": [0.68645, 0.759073, 1.251136], "properties": {}}, {"name": "H", "species": [{"element": "H", "occu": 1}], "xyz": [-0.84613, -1.208384, 0.920284], "properties": {}}, {"name": "H", "species": [{"element": "H", "occu": 1}], "xyz": [-1.282695, -0.573241, -0.683973], "properties": {}}, {"name": "H", "species": [{"element": "H", "occu": 1}], "xyz": [-3.245846, -0.898654, 1.454732], "properties": {}}, {"name": "H", "species": [{"element": "H", "occu": 1}], "xyz": [-3.539912, -0.108982, -0.117275], "properties": {}}, {"name": "H", "species": [{"element": "H", "occu": 1}], "xyz": [-3.854125, 0.774991, 1.401724], "properties": {}}, {"name": "H", "species": [{"element": "H", "occu": 1}], "xyz": [3.265488, -0.488809, -0.892853], "properties": {}}, {"name": "H", "species": [{"element": "H", "occu": 1}], "xyz": [3.423979, 3.040794, 0.153974], "properties": {}}, {"name": "H", "species": [{"element": "H", "occu": 1}], "xyz": [-2.83571, 2.937535, 0.928848], "properties": {}}, {"name": "H", "species": [{"element": "H", "occu": 1}], "xyz": [1.074819, 3.435022, -0.322767], "properties": {}}, {"name": "H", "species": [{"element": "H", "occu": 1}], "xyz": [-0.561115, 2.683398, 1.498342], "properties": {}}, {"name": "C", "species": [{"element": "C", "occu": 1}], "xyz": [1.014144, 3.89827, 0.671789], "properties": {}}, {"name": "C", "species": [{"element": "C", "occu": 1}], "xyz": [-2.635418, 3.984267, 0.669771], "properties": {}}, {"name": "C", "species": [{"element": "C", "occu": 1}], "xyz": [3.256283, 3.444179, 1.158818], "properties": {}}, {"name": "C", "species": [{"element": "C", "occu": 1}], "xyz": [-0.384375, 3.731715, 1.230597], "properties": {}}, {"name": "O", "species": [{"element": "O", "occu": 1}], "xyz": [-1.300285, 4.138881, 0.237003], "properties": {}}, {"name": "O", "species": [{"element": "O", "occu": 1}], "xyz": [1.91266, 3.275557, 1.561138], "properties": {}}, {"name": "H", "species": [{"element": "H", "occu": 1}], "xyz": [-3.292361, 4.288305, -0.145289], "properties": {}}, {"name": "H", "species": [{"element": "H", "occu": 1}], "xyz": [3.887314, 2.909514, 1.867054], "properties": {}}, {"name": "H", "species": [{"element": "H", "occu": 1}], "xyz": [1.257422, 4.963462, 0.560746], "properties": {}}, {"name": "H", "species": [{"element": "H", "occu": 1}], "xyz": [-0.504678, 4.342035, 2.135954], "properties": {}}, {"name": "H", "species": [{"element": "H", "occu": 1}], "xyz": [3.540254, 4.502694, 1.155924], "properties": {}}, {"name": "H", "species": [{"element": "H", "occu": 1}], "xyz": [-2.832955, 4.611956, 1.548751], "properties": {}}, {"name": "H", "species": [{"element": "H", "occu": 1}], "xyz": [7.031802, -1.673963, -0.766073], "properties": {}}, {"name": "O", "species": [{"element": "O", "occu": 1}], "xyz": [6.94841, 0.320708, -0.423786], "properties": {}}, {"name": "H", "species": [{"element": "H", "occu": 1}], "xyz": [7.547547, 2.513944, 0.854594], "properties": {}}, {"name": "C", "species": [{"element": "C", "occu": 1}], "xyz": [6.276155, -0.898786, -0.649862], "properties": {}}, {"name": "H", "species": [{"element": "H", "occu": 1}], "xyz": [5.626263, -1.151544, 0.196634], "properties": {}}, {"name": "C", "species": [{"element": "C", "occu": 1}], "xyz": [6.88858, 2.642432, -0.014254], "properties": {}}, {"name": "H", "species": [{"element": "H", "occu": 1}], "xyz": [7.516336, 2.818679, -0.897675], "properties": {}}, {"name": "H", "species": [{"element": "H", "occu": 1}], "xyz": [7.317807, 4.871081, 1.304661], "properties": {}}, {"name": "C", "species": [{"element": "C", "occu": 1}], "xyz": [6.057923, 1.391932, -0.215781], "properties": {}}, {"name": "H", "species": [{"element": "H", "occu": 1}], "xyz": [5.669747, -0.847751, -1.562098], "properties": {}}, {"name": "C", "species": [{"element": "C", "occu": 1}], "xyz": [6.682959, 4.935276, 0.413334], "properties": {}}, {"name": "H", "species": [{"element": "H", "occu": 1}], "xyz": [7.306987, 5.200345, -0.448005], "properties": {}}, {"name": "H", "species": [{"element": "H", "occu": 1}], "xyz": [5.434768, 1.209489, 0.670672], "properties": {}}, {"name": "O", "species": [{"element": "O", "occu": 1}], "xyz": [6.003079, 3.7191, 0.189557], "properties": {}}, {"name": "H", "species": [{"element": "H", "occu": 1}], "xyz": [5.393055, 1.519426, -1.082428], "properties": {}}, {"name": "H", "species": [{"element": "H", "occu": 1}], "xyz": [5.930468, 5.708391, 0.562928], "properties": {}}, {"name": "H", "species": [{"element": "H", "occu": 1}], "xyz": [-6.62919, 6.261158, 0.714015], "properties": {}}, {"name": "H", "species": [{"element": "H", "occu": 1}], "xyz": [-5.574278, 6.535264, -0.696471], "properties": {}}, {"name": "C", "species": [{"element": "C", "occu": 1}], "xyz": [-5.718296, 5.934062, 0.199772], "properties": {}}, {"name": "H", "species": [{"element": "H", "occu": 1}], "xyz": [-6.905485, 3.989126, 1.455213], "properties": {}}, {"name": "O", "species": [{"element": "O", "occu": 1}], "xyz": [-5.824992, 4.585598, -0.205262], "properties": {}}, {"name": "H", "species": [{"element": "H", "occu": 1}], "xyz": [-4.862645, 6.075243, 0.870701], "properties": {}}, {"name": "C", "species": [{"element": "C", "occu": 1}], "xyz": [-6.006463, 3.715233, 0.887821], "properties": {}}, {"name": "H", "species": [{"element": "H", "occu": 1}], "xyz": [-7.036144, 2.256732, -0.308681], "properties": {}}, {"name": "C", "species": [{"element": "C", "occu": 1}], "xyz": [-6.153034, 2.310979, 0.340767], "properties": {}}, {"name": "H", "species": [{"element": "H", "occu": 1}], "xyz": [-5.146889, 3.763508, 1.570892], "properties": {}}, {"name": "O", "species": [{"element": "O", "occu": 1}], "xyz": [-6.289142, 1.437414, 1.439389], "properties": {}}, {"name": "H", "species": [{"element": "H", "occu": 1}], "xyz": [-7.616693, 0.109934, 0.560855], "properties": {}}, {"name": "H", "species": [{"element": "H", "occu": 1}], "xyz": [-5.269979, 2.045067, -0.257899], "properties": {}}, {"name": "C", "species": [{"element": "C", "occu": 1}], "xyz": [-6.632244, 0.126676, 1.041928], "properties": {}}, {"name": "H", "species": [{"element": "H", "occu": 1}], "xyz": [-6.65697, -0.492123, 1.937649], "properties": {}}, {"name": "H", "species": [{"element": "H", "occu": 1}], "xyz": [-5.893221, -0.279897, 0.341543], "properties": {}}]}, "stationary_type": "Minimum", "corrections": {}, "tensor": {"1": {"type": "O", "Isotropic": 317.0645, "Anisotropy": 30.5342, "tensor": [], "eigenvalues": [292.0058, 321.7671, 337.4207]}, "2": {"type": "C", "Isotropic": 124.9428, "Anisotropy": 89.1065, "tensor": [], "eigenvalues": [94.2557, 96.2256, 184.3472]}, "3": {"type": "C", "Isotropic": 113.3894, "Anisotropy": 80.0719, "tensor": [], "eigenvalues": [78.8696, 94.5281, 166.7707]}, "4": {"type": "C", "Isotropic": 113.787, "Anisotropy": 81.5399, "tensor": [], "eigenvalues": [78.7554, 94.4587, 168.1469]}, "5": {"type": "O", "Isotropic": 315.4608, "Anisotropy": 35.1223, "tensor": [], "eigenvalues": [292.13, 315.3768, 338.8756]}, "6": {"type": "C", "Isotropic": 127.96, "Anisotropy": 91.1795, "tensor": [[0.1147, 0.6864, 98.8564]], "eigenvalues": [96.2253, 98.9084, 188.7463]}, "7": {"type": "H", "Isotropic": 28.5891, "Anisotropy": 8.7157, "tensor": [[32.9788, 2.8412, 3.2269], [1.553, 27.6817, 2.0967], [0.8955, 0.677, 25.1068]], "eigenvalues": [24.3468, 27.021, 34.3996]}, "8": {"type": "H", "Isotropic": 28.6235, "Anisotropy": 6.7101, "tensor": [], "eigenvalues": [25.9676, 26.8061, 33.0969]}, "9": {"type": "H", "Isotropic": 28.4839, "Anisotropy": 5.7803, "tensor": [], "eigenvalues": [24.1497, 28.9646, 32.3374]}, "10": {"type": "H", "Isotropic": 28.2154, "Anisotropy": 3.4446, "tensor": [[0.6801, 28.79, 2.5678]], "eigenvalues": [25.1008, 29.0337, 30.5118]}, "11": {"type": "H", "Isotropic": 28.4793, "Anisotropy": 5.327, "tensor": [], "eigenvalues": [24.6148, 28.7926, 32.0306]}, "12": {"type": "H", "Isotropic": 28.6343, "Anisotropy": 4.4342, "tensor": [[0.2142, 27.3158, 3.1899], [0.029, 2.4757, 28.99]], "eigenvalues": [25.1734, 29.139, 31.5905]}, "13": {"type": "H", "Isotropic": 28.72, "Anisotropy": 8.431, "tensor": [], "eigenvalues": [24.3056, 27.5138, 34.3407]}, "14": {"type": "H", "Isotropic": 28.7121, "Anisotropy": 8.981, "tensor": [[33.4352, 1.6422, 3.9256], [0.7881, 26.1485, 1.5919], [1.7113, 0.4082, 26.5526]], "eigenvalues": [25.1653, 26.2715, 34.6994]}, "15": {"type": "H", "Isotropic": 28.1251, "Anisotropy": 12.7724, "tensor": [], "eigenvalues": [22.2996, 25.4357, 36.6401]}, "16": {"type": "H", "Isotropic": 28.2043, "Anisotropy": 11.3483, "tensor": [[0.7041, 25.6047, 1.2509]], "eigenvalues": [22.7516, 26.0916, 35.7698]}, "17": {"type": "H", "Isotropic": 28.9697, "Anisotropy": 10.4645, "tensor": [[0.0317, 27.2274, 1.9691]], "eigenvalues": [22.7997, 28.1634, 35.946]}, "18": {"type": "H", "Isotropic": 28.529, "Anisotropy": 8.4129, "tensor": [], "eigenvalues": [21.586, 29.8635, 34.1376]}, "19": {"type": "H", "Isotropic": 28.5787, "Anisotropy": 3.0335, "tensor": [[0.534, 1.2265, 28.2276]], "eigenvalues": [26.8555, 28.2796, 30.601]}, "20": {"type": "H", "Isotropic": 28.4268, "Anisotropy": 5.0806, "tensor": [[0.8074, 31.7723, 0.4044]], "eigenvalues": [23.6906, 29.7759, 31.8139]}, "21": {"type": "C", "Isotropic": 113.6923, "Anisotropy": 80.2279, "tensor": [], "eigenvalues": [81.4618, 92.4376, 167.1775]}, "22": {"type": "C", "Isotropic": 127.8544, "Anisotropy": 92.2858, "tensor": [], "eigenvalues": [95.1903, 98.9947, 189.3783]}, "23": {"type": "C", "Isotropic": 123.4557, "Anisotropy": 95.7223, "tensor": [], "eigenvalues": [90.1382, 92.9584, 187.2706]}, "24": {"type": "C", "Isotropic": 115.5885, "Anisotropy": 81.073, "tensor": [], "eigenvalues": [82.2739, 94.8543, 169.6371]}, "25": {"type": "O", "Isotropic": 321.5795, "Anisotropy": 23.6377, "tensor": [], "eigenvalues": [293.4441, 333.9564, 337.338]}, "26": {"type": "O", "Isotropic": 315.0243, "Anisotropy": 26.0319, "tensor": [], "eigenvalues": [288.6111, 324.083, 332.3789]}, "27": {"type": "H", "Isotropic": 28.3138, "Anisotropy": 13.5533, "tensor": [], "eigenvalues": [22.794, 24.7982, 37.3494]}, "28": {"type": "H", "Isotropic": 28.5495, "Anisotropy": 10.1793, "tensor": [], "eigenvalues": [25.0276, 25.2853, 35.3357]}, "29": {"type": "H", "Isotropic": 28.6115, "Anisotropy": 4.6849, "tensor": [], "eigenvalues": [24.641, 29.4587, 31.7348]}, "30": {"type": "H", "Isotropic": 28.6738, "Anisotropy": 4.3837, "tensor": [[29.7287, 0.1107, 2.2635], [0.4617, 3.1161, 29.456]], "eigenvalues": [25.1482, 29.2768, 31.5962]}, "31": {"type": "H", "Isotropic": 28.9745, "Anisotropy": 10.3592, "tensor": [[2.0464, 28.5222, 1.2077]], "eigenvalues": [23.427, 27.6159, 35.8806]}, "32": {"type": "H", "Isotropic": 28.829, "Anisotropy": 9.2856, "tensor": [], "eigenvalues": [24.2974, 27.1702, 35.0194]}, "33": {"type": "H", "Isotropic": 28.365, "Anisotropy": 9.1966, "tensor": [], "eigenvalues": [24.1865, 26.4124, 34.4961]}, "34": {"type": "O", "Isotropic": 318.7412, "Anisotropy": 35.6822, "tensor": [[0.4212, 2.5054, 293.1181]], "eigenvalues": [292.6767, 321.0176, 342.5293]}, "35": {"type": "H", "Isotropic": 28.7488, "Anisotropy": 4.7692, "tensor": [[1.5493, 0.6032, 27.0055]], "eigenvalues": [25.6308, 28.6873, 31.9282]}, "36": {"type": "C", "Isotropic": 126.81, "Anisotropy": 86.2487, "tensor": [[113.3747, 33.7276, 6.1142], [29.9592, 167.1332, 13.0143], [5.8553, 12.7037, 99.9222]], "eigenvalues": [97.5382, 98.5827, 184.3092]}, "37": {"type": "H", "Isotropic": 28.8, "Anisotropy": 6.6388, "tensor": [], "eigenvalues": [25.6199, 27.5542, 33.2258]}, "38": {"type": "C", "Isotropic": 114.3014, "Anisotropy": 80.7253, "tensor": [], "eigenvalues": [79.7042, 95.0818, 168.1183]}, "39": {"type": "H", "Isotropic": 28.7125, "Anisotropy": 5.1491, "tensor": [], "eigenvalues": [25.2505, 28.7418, 32.1452]}, "40": {"type": "H", "Isotropic": 28.9331, "Anisotropy": 9.1936, "tensor": [[29.0031, 2.4766, 3.2616], [4.5418, 29.0005, 3.775], [2.5002, 1.7716, 28.7959]], "eigenvalues": [25.487, 26.2502, 35.0622]}, "41": {"type": "C", "Isotropic": 113.7774, "Anisotropy": 80.3166, "tensor": [], "eigenvalues": [79.6165, 94.3939, 167.3218]}, "42": {"type": "H", "Isotropic": 28.8232, "Anisotropy": 6.9339, "tensor": [[29.049, 0.677, 1.9979], [3.2104, 28.7069, 4.1646], [1.4848, 2.2162, 28.7136]], "eigenvalues": [25.5114, 27.5123, 33.4458]}, "43": {"type": "C", "Isotropic": 128.0737, "Anisotropy": 90.9403, "tensor": [[114.1126, 36.659, 6.8495], [31.6262, 170.0748, 13.3747], [6.1257, 13.1845, 100.0338]], "eigenvalues": [97.4992, 98.0214, 188.7006]}, "44": {"type": "H", "Isotropic": 28.9135, "Anisotropy": 9.4283, "tensor": [], "eigenvalues": [25.4135, 26.1279, 35.199]}, "45": {"type": "H", "Isotropic": 28.6772, "Anisotropy": 6.3558, "tensor": [], "eigenvalues": [25.1846, 27.9327, 32.9145]}, "46": {"type": "O", "Isotropic": 318.6033, "Anisotropy": 39.5907, "tensor": [[0.8496, 315.8216, 3.3702]], "eigenvalues": [294.8666, 315.9462, 344.9971]}, "47": {"type": "H", "Isotropic": 28.8934, "Anisotropy": 4.2641, "tensor": [[0.4757, 0.9688, 26.572]], "eigenvalues": [26.3414, 28.6028, 31.7362]}, "48": {"type": "H", "Isotropic": 28.509, "Anisotropy": 8.5229, "tensor": [], "eigenvalues": [23.7972, 27.5388, 34.1909]}, "49": {"type": "H", "Isotropic": 28.8602, "Anisotropy": 9.3925, "tensor": [], "eigenvalues": [24.8322, 26.6266, 35.1218]}, "50": {"type": "H", "Isotropic": 28.4349, "Anisotropy": 9.4178, "tensor": [], "eigenvalues": [25.2718, 25.3195, 34.7134]}, "51": {"type": "C", "Isotropic": 127.916, "Anisotropy": 88.2719, "tensor": [[99.7729, 5.1, 0.6772], [6.7674, 182.6704, 15.6253], [0.9121, 19.775, 101.3046]], "eigenvalues": [97.5206, 99.4634, 186.7639]}, "52": {"type": "H", "Isotropic": 28.7789, "Anisotropy": 4.7721, "tensor": [], "eigenvalues": [25.4203, 28.9561, 31.9603]}, "53": {"type": "O", "Isotropic": 319.5584, "Anisotropy": 27.5009, "tensor": [[1.6463, 323.1411, 0.1814]], "eigenvalues": [298.2617, 322.5211, 337.8923]}, "54": {"type": "H", "Isotropic": 28.8227, "Anisotropy": 6.5088, "tensor": [[2.3231, 31.1727, 3.7727], [2.0774, 1.7522, 25.5389]], "eigenvalues": [24.0552, 29.2511, 33.1619]}, "55": {"type": "C", "Isotropic": 114.723, "Anisotropy": 79.9711, "tensor": [], "eigenvalues": [82.6227, 93.5092, 168.0371]}, "56": {"type": "H", "Isotropic": 28.772, "Anisotropy": 4.4939, "tensor": [[28.8994, 0.693, 2.0432]], "eigenvalues": [25.4835, 29.0645, 31.7679]}, "57": {"type": "C", "Isotropic": 114.856, "Anisotropy": 79.3477, "tensor": [], "eigenvalues": [82.3179, 94.4956, 167.7545]}, "58": {"type": "H", "Isotropic": 29.1691, "Anisotropy": 3.3675, "tensor": [[31.1431, 0.4641, 0.0422]], "eigenvalues": [26.3676, 29.7257, 31.4141]}, "59": {"type": "O", "Isotropic": 321.875, "Anisotropy": 24.0343, "tensor": [[298.6402, 2.2777, 3.5663], [5.481, 329.9838, 1.2872]], "eigenvalues": [297.8004, 329.9267, 337.8979]}, "60": {"type": "H", "Isotropic": 28.91, "Anisotropy": 9.3993, "tensor": [[31.609, 2.562, 1.7163], [4.9575, 29.6175, 2.7648], [1.9214, 0.8736, 25.5037]], "eigenvalues": [24.7778, 26.7761, 35.1762]}, "61": {"type": "H", "Isotropic": 28.4855, "Anisotropy": 3.1687, "tensor": [], "eigenvalues": [25.6421, 29.2165, 30.598]}, "62": {"type": "C", "Isotropic": 128.3738, "Anisotropy": 88.5348, "tensor": [[105.0011, 20.225, 6.1909], [21.2925, 178.7135, 13.6557], [4.73, 17.9858, 101.4066]], "eigenvalues": [97.4364, 100.288, 187.3969]}, "63": {"type": "H", "Isotropic": 28.6286, "Anisotropy": 9.3344, "tensor": [], "eigenvalues": [25.0813, 25.9531, 34.8515]}, "64": {"type": "H", "Isotropic": 29.2438, "Anisotropy": 6.1296, "tensor": [[30.4607, 0.3193, 0.3561]], "eigenvalues": [24.1084, 30.2929, 33.3302]}}}}, "functional": "M062X", "basis": "6-311++G**", "phase": "solution", "type": "scrf;nmr", "smiles": "O(C)CCOC.C(COC)OC.O(C)CCOC.COCCOC", "formula": "H40 C16 O8", "formula_pretty": "H5C2O", "formula_anonymous": "AB2C5", "formula_alphabetical": "C16 H40 O8", "chemsys": "C-H-O", "nsites": 64, "nelements": 3, "is_ordered": true, "is_valid": true, "tag": "oplsd_ref", "wall_time (s)": 644.0458041224629, "last_updated": "2021-01-24T23:19:24.195922", "_id": null}