{"input": {"molecule": {"charge": 0, "spin_multiplicity": 1, "sites": [{"name": "S", "species": [{"element": "S", "occu": 1}], "xyz": [0.713684, -0.415184, 0.166538], "properties": {}}, {"name": "O", "species": [{"element": "O", "occu": 1}], "xyz": [0.583952, 1.105281, 0.238507], "properties": {}}, {"name": "C", "species": [{"element": "C", "occu": 1}], "xyz": [-0.760761, -0.98948, -0.703], "properties": {}}, {"name": "C", "species": [{"element": "C", "occu": 1}], "xyz": [0.26924, -1.020414, 1.808629], "properties": {}}, {"name": "H", "species": [{"element": "H", "occu": 1}], "xyz": [-0.686262, -0.625227, -1.726668], "properties": {}}, {"name": "H", "species": [{"element": "H", "occu": 1}], "xyz": [-1.637225, -0.572137, -0.206095], "properties": {}}, {"name": "H", "species": [{"element": "H", "occu": 1}], "xyz": [-0.778426, -2.079753, -0.691583], "properties": {}}, {"name": "H", "species": [{"element": "H", "occu": 1}], "xyz": [0.18568, -2.107434, 1.764373], "properties": {}}, {"name": "H", "species": [{"element": "H", "occu": 1}], "xyz": [-0.670106, -0.559892, 2.125738], "properties": {}}, {"name": "H", "species": [{"element": "H", "occu": 1}], "xyz": [1.078512, -0.736501, 2.480858], "properties": {}}, {"name": "S", "species": [{"element": "S", "occu": 1}], "xyz": [-2.189368, -1.117129, 5.18384], "properties": {}}, {"name": "O", "species": [{"element": "O", "occu": 1}], "xyz": [-2.392384, -0.39272, 3.848559], "properties": {}}, {"name": "C", "species": [{"element": "C", "occu": 1}], "xyz": [-0.772749, -0.281127, 5.930544], "properties": {}}, {"name": "C", "species": [{"element": "C", "occu": 1}], "xyz": [-1.359694, -2.665666, 4.78133], "properties": {}}, {"name": "H", "species": [{"element": "H", "occu": 1}], "xyz": [-1.092137, 0.729373, 6.180567], "properties": {}}, {"name": "H", "species": [{"element": "H", "occu": 1}], "xyz": [0.039662, -0.25538, 5.203544], "properties": {}}, {"name": "H", "species": [{"element": "H", "occu": 1}], "xyz": [-0.477528, -0.815068, 6.833577], "properties": {}}, {"name": "H", "species": [{"element": "H", "occu": 1}], "xyz": [-1.027231, -3.135516, 5.707732], "properties": {}}, {"name": "H", "species": [{"element": "H", "occu": 1}], "xyz": [-0.508744, -2.438349, 4.138117], "properties": {}}, {"name": "H", "species": [{"element": "H", "occu": 1}], "xyz": [-2.086779, -3.305584, 4.282568], "properties": {}}, {"name": "O", "species": [{"element": "O", "occu": 1}], "xyz": [-4.481865, -2.654136, 3.914913], "properties": {}}, {"name": "S", "species": [{"element": "S", "occu": 1}], "xyz": [-4.706564, -1.864862, 2.612868], "properties": {}}, {"name": "H", "species": [{"element": "H", "occu": 1}], "xyz": [-2.450612, -1.84786, 1.980659], "properties": {}}, {"name": "C", "species": [{"element": "C", "occu": 1}], "xyz": [-3.329656, -2.314362, 1.542235], "properties": {}}, {"name": "H", "species": [{"element": "H", "occu": 1}], "xyz": [-3.246292, -3.402668, 1.536696], "properties": {}}, {"name": "C", "species": [{"element": "C", "occu": 1}], "xyz": [-5.982224, -2.795851, 1.736867], "properties": {}}, {"name": "H", "species": [{"element": "H", "occu": 1}], "xyz": [-6.895863, -2.720345, 2.325051], "properties": {}}, {"name": "H", "species": [{"element": "H", "occu": 1}], "xyz": [-5.665049, -3.836112, 1.656696], "properties": {}}, {"name": "H", "species": [{"element": "H", "occu": 1}], "xyz": [-3.542396, -1.904521, 0.555529], "properties": {}}, {"name": "H", "species": [{"element": "H", "occu": 1}], "xyz": [-6.109751, -2.328434, 0.761423], "properties": {}}, {"name": "O", "species": [{"element": "O", "occu": 1}], "xyz": [-2.914773, 2.231251, 0.106953], "properties": {}}, {"name": "H", "species": [{"element": "H", "occu": 1}], "xyz": [-0.624722, 2.192062, 1.887963], "properties": {}}, {"name": "S", "species": [{"element": "S", "occu": 1}], "xyz": [-2.75857, 1.361933, 1.36605], "properties": {}}, {"name": "C", "species": [{"element": "C", "occu": 1}], "xyz": [-1.583035, 2.251762, 2.40388], "properties": {}}, {"name": "H", "species": [{"element": "H", "occu": 1}], "xyz": [-1.924792, 3.283071, 2.499826], "properties": {}}, {"name": "C", "species": [{"element": "C", "occu": 1}], "xyz": [-4.237113, 1.667213, 2.344722], "properties": {}}, {"name": "H", "species": [{"element": "H", "occu": 1}], "xyz": [-4.355482, 2.746682, 2.450402], "properties": {}}, {"name": "H", "species": [{"element": "H", "occu": 1}], "xyz": [-5.058516, 1.219725, 1.787826], "properties": {}}, {"name": "H", "species": [{"element": "H", "occu": 1}], "xyz": [-1.545602, 1.739481, 3.364665], "properties": {}}, {"name": "H", "species": [{"element": "H", "occu": 1}], "xyz": [-4.098902, 1.166362, 3.302023], "properties": {}}, {"name": "H", "species": [{"element": "H", "occu": 1}], "xyz": [-3.939735, -3.600089, 5.778142], "properties": {}}, {"name": "C", "species": [{"element": "C", "occu": 1}], "xyz": [-3.819832, -4.42616, 6.481375], "properties": {}}, {"name": "H", "species": [{"element": "H", "occu": 1}], "xyz": [-4.672405, -4.502033, 7.157158], "properties": {}}, {"name": "H", "species": [{"element": "H", "occu": 1}], "xyz": [-2.899978, -4.337072, 7.057862], "properties": {}}, {"name": "H", "species": [{"element": "H", "occu": 1}], "xyz": [-5.187155, -4.785856, 4.104065], "properties": {}}, {"name": "C", "species": [{"element": "C", "occu": 1}], "xyz": [-5.231322, -5.759075, 4.596933], "properties": {}}, {"name": "H", "species": [{"element": "H", "occu": 1}], "xyz": [-6.075122, -5.824172, 5.284485], "properties": {}}, {"name": "O", "species": [{"element": "O", "occu": 1}], "xyz": [-2.568448, -5.756079, 4.534391], "properties": {}}, {"name": "S", "species": [{"element": "S", "occu": 1}], "xyz": [-3.704583, -5.961905, 5.537306], "properties": {}}, {"name": "H", "species": [{"element": "H", "occu": 1}], "xyz": [-5.272803, -6.576446, 3.878649], "properties": {}}, {"name": "H", "species": [{"element": "H", "occu": 1}], "xyz": [-4.940221, 2.351538, -0.803985], "properties": {}}, {"name": "C", "species": [{"element": "C", "occu": 1}], "xyz": [-5.788567, 1.894998, -1.316868], "properties": {}}, {"name": "H", "species": [{"element": "H", "occu": 1}], "xyz": [-5.91975, 2.289693, -2.324803], "properties": {}}, {"name": "H", "species": [{"element": "H", "occu": 1}], "xyz": [-6.711571, 2.008925, -0.749987], "properties": {}}, {"name": "H", "species": [{"element": "H", "occu": 1}], "xyz": [-3.220765, 0.857912, -1.652966], "properties": {}}, {"name": "C", "species": [{"element": "C", "occu": 1}], "xyz": [-3.866198, 0.223177, -2.263725], "properties": {}}, {"name": "H", "species": [{"element": "H", "occu": 1}], "xyz": [-4.014703, 0.63282, -3.263202], "properties": {}}, {"name": "O", "species": [{"element": "O", "occu": 1}], "xyz": [-5.141402, -0.329623, -0.001965], "properties": {}}, {"name": "S", "species": [{"element": "S", "occu": 1}], "xyz": [-5.462795, 0.123285, -1.430678], "properties": {}}, {"name": "H", "species": [{"element": "H", "occu": 1}], "xyz": [-3.485522, -0.795544, -2.332378], "properties": {}}]}, "functional": "M062X", "basis_set": "6-311++G**", "route_parameters": {"NMR": "GIAO", "iop(7/33=1)": null, "int": "ultrafine", "EmpiricalDispersion": "GD3", "NoSymmetry": null, "test": null, "SCRF": "(Solvent=DiMethylSulfoxide)"}, "title": "H36 C12 S6 O6", "charge": 0, "spin_multiplicity": 1, "input_parameters": {}, "link0_parameters": {"%chk": "checkpoint.chk", "%mem": "100GB", "%NProcShared": "28"}, "dieze_tag": "#P", "nbasisfunctions": 828, "pcm_parameters": {}}, "output": {"has_gaussian_completed": true, "is_pcm": true, "errors": [], "Mulliken_charges": {"1": ["S", 0.858865], "2": ["O", -0.534997], "3": ["C", -0.755038], "4": ["C", -1.112493], "5": ["H", 0.267198], "6": ["H", 0.18829], "7": ["H", 0.209091], "8": ["H", 0.192812], "9": ["H", 0.561483], "10": ["H", 0.295907], "11": ["S", 0.327222], "12": ["O", -0.507126], "13": ["C", -0.460821], "14": ["C", -0.464434], "15": ["H", 0.225875], "16": ["H", 0.173259], "17": ["H", 0.207708], "18": ["H", 0.173546], "19": ["H", 0.209358], "20": ["H", 0.196502], "21": ["O", -0.445781], "22": ["S", 0.165676], "23": ["H", -0.037741], "24": ["C", -0.196934], "25": ["H", 0.267486], "26": ["C", -0.505993], "27": ["H", 0.226866], "28": ["H", 0.172132], "29": ["H", 0.226319], "30": ["H", 0.193831], "31": ["O", -0.478234], "32": ["H", 0.283988], "33": ["S", -0.195187], "34": ["C", -0.304947], "35": ["H", 0.231466], "36": ["C", -0.636374], "37": ["H", 0.249094], "38": ["H", 0.158663], "39": ["H", 0.21837], "40": ["H", 0.218437], "41": ["H", 0.084078], "42": ["C", -0.590559], "43": ["H", 0.216829], "44": ["H", 0.222447], "45": ["H", 0.256168], "46": ["C", -0.654861], "47": ["H", 0.187389], "48": ["O", -0.544611], "49": ["S", 0.557104], "50": ["H", 0.217851], "51": ["H", 0.274557], "52": ["C", -0.62065], "53": ["H", 0.195364], "54": ["H", 0.222047], "55": ["H", 0.235198], "56": ["C", -0.666136], "57": ["H", 0.223638], "58": ["O", -0.518655], "59": ["S", 0.430562], "60": ["H", 0.208898]}, "tensor": {"1": {"type": "S", "Isotropic": 198.0714, "Anisotropy": 378.2467, "tensor": [[6.6458, 42.5852, 85.1673]], "eigenvalues": [57.1085, 86.8698, 450.2359]}, "2": {"type": "O", "Isotropic": 284.4925, "Anisotropy": 241.2001, "tensor": [[54.0884, 19.4974, 424.1136]], "eigenvalues": [121.5678, 286.6173, 445.2926]}, "3": {"type": "C", "Isotropic": 141.9742, "Anisotropy": 60.1223, "tensor": [[160.0161, 18.5387, 29.9116], [8.9839, 137.8442, 5.5049], [26.6997, 9.2807, 128.0624]], "eigenvalues": [111.5222, 132.3447, 182.0557]}, "4": {"type": "C", "Isotropic": 140.9984, "Anisotropy": 62.9513, "tensor": [], "eigenvalues": [109.8218, 130.2075, 182.9659]}, "5": {"type": "H", "Isotropic": 29.3788, "Anisotropy": 7.0471, "tensor": [], "eigenvalues": [24.9121, 29.1475, 34.0769]}, "6": {"type": "H", "Isotropic": 28.5617, "Anisotropy": 7.5368, "tensor": [], "eigenvalues": [24.0866, 28.0123, 33.5863]}, "7": {"type": "H", "Isotropic": 29.9484, "Anisotropy": 6.3299, "tensor": [[1.404, 32.931, 2.4217]], "eigenvalues": [26.9311, 28.7458, 34.1683]}, "8": {"type": "H", "Isotropic": 29.9487, "Anisotropy": 6.7078, "tensor": [], "eigenvalues": [26.9089, 28.5167, 34.4206]}, "9": {"type": "H", "Isotropic": 27.9197, "Anisotropy": 9.417, "tensor": [], "eigenvalues": [22.7792, 26.7822, 34.1977]}, "10": {"type": "H", "Isotropic": 29.1865, "Anisotropy": 6.156, "tensor": [[31.0711, 0.3267, 1.6335]], "eigenvalues": [25.01, 29.259, 33.2905]}, "11": {"type": "S", "Isotropic": 212.9586, "Anisotropy": 375.5871, "tensor": [[82.2331, 8.7145, 9.9566]], "eigenvalues": [73.362, 102.1639, 463.35]}, "12": {"type": "O", "Isotropic": 262.2696, "Anisotropy": 215.6411, "tensor": [[56.507, 336.277, 101.3745]], "eigenvalues": [117.1057, 263.6728, 406.0303]}, "13": {"type": "C", "Isotropic": 143.489, "Anisotropy": 64.8833, "tensor": [[154.6053, 26.2581, 29.1469], [26.8812, 135.5862, 8.0815], [22.4041, 4.1866, 140.2757]], "eigenvalues": [111.7202, 132.0024, 186.7446]}, "14": {"type": "C", "Isotropic": 140.6514, "Anisotropy": 56.0058, "tensor": [], "eigenvalues": [114.5791, 129.3865, 177.9886]}, "15": {"type": "H", "Isotropic": 29.3489, "Anisotropy": 8.1402, "tensor": [[26.435, 1.3727, 1.0197], [0.9279, 3.7218, 29.1449]], "eigenvalues": [26.0443, 27.2267, 34.7757]}, "16": {"type": "H", "Isotropic": 29.6737, "Anisotropy": 4.4342, "tensor": [[0.3823, 1.0438, 29.618]], "eigenvalues": [26.7827, 29.6085, 32.6298]}, "17": {"type": "H", "Isotropic": 29.9791, "Anisotropy": 10.5724, "tensor": [[27.9844, 0.1815, 4.7324]], "eigenvalues": [25.4451, 27.4648, 37.0273]}, "18": {"type": "H", "Isotropic": 30.238, "Anisotropy": 8.6536, "tensor": [], "eigenvalues": [25.2118, 29.4951, 36.007]}, "19": {"type": "H", "Isotropic": 29.9183, "Anisotropy": 5.1113, "tensor": [], "eigenvalues": [27.2799, 29.1491, 33.3258]}, "20": {"type": "H", "Isotropic": 27.568, "Anisotropy": 8.8064, "tensor": [[27.4931, 3.2951, 1.2346]], "eigenvalues": [22.775, 26.4901, 33.4389]}, "21": {"type": "O", "Isotropic": 262.6298, "Anisotropy": 199.1218, "tensor": [[14.9188, 260.0058, 6.162]], "eigenvalues": [131.0768, 261.435, 395.3777]}, "22": {"type": "S", "Isotropic": 189.7362, "Anisotropy": 391.8704, "tensor": [], "eigenvalues": [50.6468, 67.5786, 450.9831]}, "23": {"type": "H", "Isotropic": 28.1795, "Anisotropy": 6.417, "tensor": [[30.5466, 3.3578, 1.7277], [3.0365, 26.1898, 0.742]], "eigenvalues": [24.4934, 27.5876, 32.4575]}, "24": {"type": "C", "Isotropic": 137.1227, "Anisotropy": 61.3969, "tensor": [], "eigenvalues": [106.6205, 126.6937, 178.054]}, "25": {"type": "H", "Isotropic": 29.905, "Anisotropy": 3.8904, "tensor": [], "eigenvalues": [28.1585, 29.0578, 32.4986]}, "26": {"type": "C", "Isotropic": 143.5195, "Anisotropy": 64.3175, "tensor": [[151.5406, 25.2241, 25.2263], [29.8013, 137.7891, 11.0739], [25.4323, 2.5976, 141.2289]], "eigenvalues": [111.2384, 132.9223, 186.3979]}, "27": {"type": "H", "Isotropic": 29.433, "Anisotropy": 8.2328, "tensor": [], "eigenvalues": [26.0281, 27.3494, 34.9215]}, "28": {"type": "H", "Isotropic": 29.6418, "Anisotropy": 5.8398, "tensor": [[28.2156, 2.8028, 1.2648], [0.7414, 0.1043, 27.8306]], "eigenvalues": [26.7032, 28.6872, 33.5351]}, "29": {"type": "H", "Isotropic": 28.6504, "Anisotropy": 9.21, "tensor": [], "eigenvalues": [23.9387, 27.222, 34.7904]}, "30": {"type": "H", "Isotropic": 28.6021, "Anisotropy": 9.4042, "tensor": [[26.6994, 1.8364, 2.8276]], "eigenvalues": [22.0535, 28.8812, 34.8716]}, "31": {"type": "O", "Isotropic": 270.083, "Anisotropy": 214.6283, "tensor": [[403.1283, 39.1173, 12.9929], [33.7715, 248.3119, 43.1628], [3.6326, 76.0496, 158.8089]], "eigenvalues": [128.7294, 268.3511, 413.1686]}, "32": {"type": "H", "Isotropic": 27.9444, "Anisotropy": 8.1106, "tensor": [], "eigenvalues": [22.6084, 27.8733, 33.3515]}, "33": {"type": "S", "Isotropic": 201.7544, "Anisotropy": 381.1395, "tensor": [], "eigenvalues": [56.0016, 93.4141, 455.8474]}, "34": {"type": "C", "Isotropic": 142.6879, "Anisotropy": 61.7053, "tensor": [[142.6258, 20.4112, 28.1955], [25.5992, 139.4903, 13.1164], [28.1008, 3.9095, 145.9475]], "eigenvalues": [110.4887, 133.7501, 183.8248]}, "35": {"type": "H", "Isotropic": 30.015, "Anisotropy": 7.8018, "tensor": [[28.3381, 1.8648, 0.3592], [0.1428, 2.3099, 27.1262]], "eigenvalues": [26.5887, 28.2402, 35.2162]}, "36": {"type": "C", "Isotropic": 140.9583, "Anisotropy": 58.4196, "tensor": [], "eigenvalues": [111.3458, 131.6244, 179.9047]}, "37": {"type": "H", "Isotropic": 30.1085, "Anisotropy": 7.0026, "tensor": [], "eigenvalues": [26.9234, 28.6252, 34.7769]}, "38": {"type": "H", "Isotropic": 28.1432, "Anisotropy": 6.3144, "tensor": [[29.2762, 1.7006, 2.6604], [1.2106, 27.2745, 2.775], [1.6584, 2.3889, 27.8789]], "eigenvalues": [24.9376, 27.1391, 32.3528]}, "39": {"type": "H", "Isotropic": 28.8526, "Anisotropy": 8.8226, "tensor": [[24.9166, 0.8893, 2.5887]], "eigenvalues": [23.4101, 28.4135, 34.7344]}, "40": {"type": "H", "Isotropic": 28.6578, "Anisotropy": 7.6268, "tensor": [], "eigenvalues": [24.4017, 27.8293, 33.7424]}, "41": {"type": "H", "Isotropic": 27.8367, "Anisotropy": 11.6, "tensor": [[23.0561, 0.8914, 1.5024]], "eigenvalues": [22.1282, 25.8119, 35.5701]}, "42": {"type": "C", "Isotropic": 145.8205, "Anisotropy": 53.409, "tensor": [[0.2456, 164.4232, 30.1147]], "eigenvalues": [119.1599, 136.8752, 181.4265]}, "43": {"type": "H", "Isotropic": 30.3265, "Anisotropy": 9.0692, "tensor": [], "eigenvalues": [27.1799, 27.427, 36.3727]}, "44": {"type": "H", "Isotropic": 29.8773, "Anisotropy": 6.3187, "tensor": [[29.3534, 1.6645, 2.9458], [2.971, 28.7401, 0.0431]], "eigenvalues": [25.7028, 29.8392, 34.0898]}, "45": {"type": "H", "Isotropic": 27.4889, "Anisotropy": 13.338, "tensor": [[23.0753, 1.1026, 2.9474]], "eigenvalues": [20.2199, 25.866, 36.3809]}, "46": {"type": "C", "Isotropic": 144.1418, "Anisotropy": 59.3909, "tensor": [], "eigenvalues": [113.5549, 135.1349, 183.7358]}, "47": {"type": "H", "Isotropic": 30.2371, "Anisotropy": 9.0855, "tensor": [], "eigenvalues": [27.0124, 27.4047, 36.294]}, "48": {"type": "O", "Isotropic": 290.3074, "Anisotropy": 252.5466, "tensor": [[232.6852, 36.5465, 151.2235], [81.4035, 322.6097, 29.1046], [126.1766, 65.7026, 315.6273]], "eigenvalues": [127.351, 284.8993, 458.6718]}, "49": {"type": "S", "Isotropic": 204.6076, "Anisotropy": 392.2661, "tensor": [], "eigenvalues": [58.3965, 89.308, 466.1183]}, "50": {"type": "H", "Isotropic": 29.6769, "Anisotropy": 7.6419, "tensor": [[27.447, 2.3008, 2.8311], [2.1138, 31.8444, 2.2177], [1.622, 2.7178, 29.7394]], "eigenvalues": [25.9938, 28.2655, 34.7715]}, "51": {"type": "H", "Isotropic": 27.568, "Anisotropy": 10.0207, "tensor": [[1.3625, 26.6364, 1.489], [6.1006, 0.412, 25.7814]], "eigenvalues": [21.8411, 26.6145, 34.2485]}, "52": {"type": "C", "Isotropic": 146.7056, "Anisotropy": 57.5564, "tensor": [], "eigenvalues": [116.1451, 138.8952, 185.0765]}, "53": {"type": "H", "Isotropic": 30.2745, "Anisotropy": 11.1416, "tensor": [], "eigenvalues": [26.082, 27.0393, 37.7022]}, "54": {"type": "H", "Isotropic": 29.7518, "Anisotropy": 7.9225, "tensor": [], "eigenvalues": [26.774, 27.4479, 35.0335]}, "55": {"type": "H", "Isotropic": 27.5891, "Anisotropy": 8.2176, "tensor": [[28.5042, 1.9623, 3.7355], [1.038, 25.1311, 3.3918], [1.7293, 3.0857, 29.1319]], "eigenvalues": [23.3247, 26.3751, 33.0675]}, "56": {"type": "C", "Isotropic": 144.3446, "Anisotropy": 58.1475, "tensor": [], "eigenvalues": [111.5056, 138.4186, 183.1096]}, "57": {"type": "H", "Isotropic": 30.1896, "Anisotropy": 10.6152, "tensor": [], "eigenvalues": [26.0011, 27.3013, 37.2664]}, "58": {"type": "O", "Isotropic": 267.167, "Anisotropy": 246.6288, "tensor": [], "eigenvalues": [110.5468, 259.368, 431.5862]}, "59": {"type": "S", "Isotropic": 204.0493, "Anisotropy": 392.2892, "tensor": [], "eigenvalues": [62.7156, 83.8569, 465.5755]}, "60": {"type": "H", "Isotropic": 29.7062, "Anisotropy": 5.4703, "tensor": [], "eigenvalues": [26.4808, 29.2848, 33.3531]}}, "output": {"energies": [-3319.04539965], "final_energy": -3319.04539965, "final_energy_per_atom": -55.3174233275, "molecule": {"charge": 0.0, "spin_multiplicity": 1, "sites": [{"name": "S", "species": [{"element": "S", "occu": 1}], "xyz": [0.713684, -0.415184, 0.166538], "properties": {}}, {"name": "O", "species": [{"element": "O", "occu": 1}], "xyz": [0.583952, 1.105281, 0.238507], "properties": {}}, {"name": "C", "species": [{"element": "C", "occu": 1}], "xyz": [-0.760761, -0.98948, -0.703], "properties": {}}, {"name": "C", "species": [{"element": "C", "occu": 1}], "xyz": [0.26924, -1.020414, 1.808629], "properties": {}}, {"name": "H", "species": [{"element": "H", "occu": 1}], "xyz": [-0.686262, -0.625227, -1.726668], "properties": {}}, {"name": "H", "species": [{"element": "H", "occu": 1}], "xyz": [-1.637225, -0.572137, -0.206095], "properties": {}}, {"name": "H", "species": [{"element": "H", "occu": 1}], "xyz": [-0.778426, -2.079753, -0.691583], "properties": {}}, {"name": "H", "species": [{"element": "H", "occu": 1}], "xyz": [0.18568, -2.107434, 1.764373], "properties": {}}, {"name": "H", "species": [{"element": "H", "occu": 1}], "xyz": [-0.670106, -0.559892, 2.125738], "properties": {}}, {"name": "H", "species": [{"element": "H", "occu": 1}], "xyz": [1.078512, -0.736501, 2.480858], "properties": {}}, {"name": "S", "species": [{"element": "S", "occu": 1}], "xyz": [-2.189368, -1.117129, 5.18384], "properties": {}}, {"name": "O", "species": [{"element": "O", "occu": 1}], "xyz": [-2.392384, -0.39272, 3.848559], "properties": {}}, {"name": "C", "species": [{"element": "C", "occu": 1}], "xyz": [-0.772749, -0.281127, 5.930544], "properties": {}}, {"name": "C", "species": [{"element": "C", "occu": 1}], "xyz": [-1.359694, -2.665666, 4.78133], "properties": {}}, {"name": "H", "species": [{"element": "H", "occu": 1}], "xyz": [-1.092137, 0.729373, 6.180567], "properties": {}}, {"name": "H", "species": [{"element": "H", "occu": 1}], "xyz": [0.039662, -0.25538, 5.203544], "properties": {}}, {"name": "H", "species": [{"element": "H", "occu": 1}], "xyz": [-0.477528, -0.815068, 6.833577], "properties": {}}, {"name": "H", "species": [{"element": "H", "occu": 1}], "xyz": [-1.027231, -3.135516, 5.707732], "properties": {}}, {"name": "H", "species": [{"element": "H", "occu": 1}], "xyz": [-0.508744, -2.438349, 4.138117], "properties": {}}, {"name": "H", "species": [{"element": "H", "occu": 1}], "xyz": [-2.086779, -3.305584, 4.282568], "properties": {}}, {"name": "O", "species": [{"element": "O", "occu": 1}], "xyz": [-4.481865, -2.654136, 3.914913], "properties": {}}, {"name": "S", "species": [{"element": "S", "occu": 1}], "xyz": [-4.706564, -1.864862, 2.612868], "properties": {}}, {"name": "H", "species": [{"element": "H", "occu": 1}], "xyz": [-2.450612, -1.84786, 1.980659], "properties": {}}, {"name": "C", "species": [{"element": "C", "occu": 1}], "xyz": [-3.329656, -2.314362, 1.542235], "properties": {}}, {"name": "H", "species": [{"element": "H", "occu": 1}], "xyz": [-3.246292, -3.402668, 1.536696], "properties": {}}, {"name": "C", "species": [{"element": "C", "occu": 1}], "xyz": [-5.982224, -2.795851, 1.736867], "properties": {}}, {"name": "H", "species": [{"element": "H", "occu": 1}], "xyz": [-6.895863, -2.720345, 2.325051], "properties": {}}, {"name": "H", "species": [{"element": "H", "occu": 1}], "xyz": [-5.665049, -3.836112, 1.656696], "properties": {}}, {"name": "H", "species": [{"element": "H", "occu": 1}], "xyz": [-3.542396, -1.904521, 0.555529], "properties": {}}, {"name": "H", "species": [{"element": "H", "occu": 1}], "xyz": [-6.109751, -2.328434, 0.761423], "properties": {}}, {"name": "O", "species": [{"element": "O", "occu": 1}], "xyz": [-2.914773, 2.231251, 0.106953], "properties": {}}, {"name": "H", "species": [{"element": "H", "occu": 1}], "xyz": [-0.624722, 2.192062, 1.887963], "properties": {}}, {"name": "S", "species": [{"element": "S", "occu": 1}], "xyz": [-2.75857, 1.361933, 1.36605], "properties": {}}, {"name": "C", "species": [{"element": "C", "occu": 1}], "xyz": [-1.583035, 2.251762, 2.40388], "properties": {}}, {"name": "H", "species": [{"element": "H", "occu": 1}], "xyz": [-1.924792, 3.283071, 2.499826], "properties": {}}, {"name": "C", "species": [{"element": "C", "occu": 1}], "xyz": [-4.237113, 1.667213, 2.344722], "properties": {}}, {"name": "H", "species": [{"element": "H", "occu": 1}], "xyz": [-4.355482, 2.746682, 2.450402], "properties": {}}, {"name": "H", "species": [{"element": "H", "occu": 1}], "xyz": [-5.058516, 1.219725, 1.787826], "properties": {}}, {"name": "H", "species": [{"element": "H", "occu": 1}], "xyz": [-1.545602, 1.739481, 3.364665], "properties": {}}, {"name": "H", "species": [{"element": "H", "occu": 1}], "xyz": [-4.098902, 1.166362, 3.302023], "properties": {}}, {"name": "H", "species": [{"element": "H", "occu": 1}], "xyz": [-3.939735, -3.600089, 5.778142], "properties": {}}, {"name": "C", "species": [{"element": "C", "occu": 1}], "xyz": [-3.819832, -4.42616, 6.481375], "properties": {}}, {"name": "H", "species": [{"element": "H", "occu": 1}], "xyz": [-4.672405, -4.502033, 7.157158], "properties": {}}, {"name": "H", "species": [{"element": "H", "occu": 1}], "xyz": [-2.899978, -4.337072, 7.057862], "properties": {}}, {"name": "H", "species": [{"element": "H", "occu": 1}], "xyz": [-5.187155, -4.785856, 4.104065], "properties": {}}, {"name": "C", "species": [{"element": "C", "occu": 1}], "xyz": [-5.231322, -5.759075, 4.596933], "properties": {}}, {"name": "H", "species": [{"element": "H", "occu": 1}], "xyz": [-6.075122, -5.824172, 5.284485], "properties": {}}, {"name": "O", "species": [{"element": "O", "occu": 1}], "xyz": [-2.568448, -5.756079, 4.534391], "properties": {}}, {"name": "S", "species": [{"element": "S", "occu": 1}], "xyz": [-3.704583, -5.961905, 5.537306], "properties": {}}, {"name": "H", "species": [{"element": "H", "occu": 1}], "xyz": [-5.272803, -6.576446, 3.878649], "properties": {}}, {"name": "H", "species": [{"element": "H", "occu": 1}], "xyz": [-4.940221, 2.351538, -0.803985], "properties": {}}, {"name": "C", "species": [{"element": "C", "occu": 1}], "xyz": [-5.788567, 1.894998, -1.316868], "properties": {}}, {"name": "H", "species": [{"element": "H", "occu": 1}], "xyz": [-5.91975, 2.289693, -2.324803], "properties": {}}, {"name": "H", "species": [{"element": "H", "occu": 1}], "xyz": [-6.711571, 2.008925, -0.749987], "properties": {}}, {"name": "H", "species": [{"element": "H", "occu": 1}], "xyz": [-3.220765, 0.857912, -1.652966], "properties": {}}, {"name": "C", "species": [{"element": "C", "occu": 1}], "xyz": [-3.866198, 0.223177, -2.263725], "properties": {}}, {"name": "H", "species": [{"element": "H", "occu": 1}], "xyz": [-4.014703, 0.63282, -3.263202], "properties": {}}, {"name": "O", "species": [{"element": "O", "occu": 1}], "xyz": [-5.141402, -0.329623, -0.001965], "properties": {}}, {"name": "S", "species": [{"element": "S", "occu": 1}], "xyz": [-5.462795, 0.123285, -1.430678], "properties": {}}, {"name": "H", "species": [{"element": "H", "occu": 1}], "xyz": [-3.485522, -0.795544, -2.332378], "properties": {}}]}, "stationary_type": "Minimum", "corrections": {}, "tensor": {"1": {"type": "S", "Isotropic": 198.0714, "Anisotropy": 378.2467, "tensor": [[6.6458, 42.5852, 85.1673]], "eigenvalues": [57.1085, 86.8698, 450.2359]}, "2": {"type": "O", "Isotropic": 284.4925, "Anisotropy": 241.2001, "tensor": [[54.0884, 19.4974, 424.1136]], "eigenvalues": [121.5678, 286.6173, 445.2926]}, "3": {"type": "C", "Isotropic": 141.9742, "Anisotropy": 60.1223, "tensor": [[160.0161, 18.5387, 29.9116], [8.9839, 137.8442, 5.5049], [26.6997, 9.2807, 128.0624]], "eigenvalues": [111.5222, 132.3447, 182.0557]}, "4": {"type": "C", "Isotropic": 140.9984, "Anisotropy": 62.9513, "tensor": [], "eigenvalues": [109.8218, 130.2075, 182.9659]}, "5": {"type": "H", "Isotropic": 29.3788, "Anisotropy": 7.0471, "tensor": [], "eigenvalues": [24.9121, 29.1475, 34.0769]}, "6": {"type": "H", "Isotropic": 28.5617, "Anisotropy": 7.5368, "tensor": [], "eigenvalues": [24.0866, 28.0123, 33.5863]}, "7": {"type": "H", "Isotropic": 29.9484, "Anisotropy": 6.3299, "tensor": [[1.404, 32.931, 2.4217]], "eigenvalues": [26.9311, 28.7458, 34.1683]}, "8": {"type": "H", "Isotropic": 29.9487, "Anisotropy": 6.7078, "tensor": [], "eigenvalues": [26.9089, 28.5167, 34.4206]}, "9": {"type": "H", "Isotropic": 27.9197, "Anisotropy": 9.417, "tensor": [], "eigenvalues": [22.7792, 26.7822, 34.1977]}, "10": {"type": "H", "Isotropic": 29.1865, "Anisotropy": 6.156, "tensor": [[31.0711, 0.3267, 1.6335]], "eigenvalues": [25.01, 29.259, 33.2905]}, "11": {"type": "S", "Isotropic": 212.9586, "Anisotropy": 375.5871, "tensor": [[82.2331, 8.7145, 9.9566]], "eigenvalues": [73.362, 102.1639, 463.35]}, "12": {"type": "O", "Isotropic": 262.2696, "Anisotropy": 215.6411, "tensor": [[56.507, 336.277, 101.3745]], "eigenvalues": [117.1057, 263.6728, 406.0303]}, "13": {"type": "C", "Isotropic": 143.489, "Anisotropy": 64.8833, "tensor": [[154.6053, 26.2581, 29.1469], [26.8812, 135.5862, 8.0815], [22.4041, 4.1866, 140.2757]], "eigenvalues": [111.7202, 132.0024, 186.7446]}, "14": {"type": "C", "Isotropic": 140.6514, "Anisotropy": 56.0058, "tensor": [], "eigenvalues": [114.5791, 129.3865, 177.9886]}, "15": {"type": "H", "Isotropic": 29.3489, "Anisotropy": 8.1402, "tensor": [[26.435, 1.3727, 1.0197], [0.9279, 3.7218, 29.1449]], "eigenvalues": [26.0443, 27.2267, 34.7757]}, "16": {"type": "H", "Isotropic": 29.6737, "Anisotropy": 4.4342, "tensor": [[0.3823, 1.0438, 29.618]], "eigenvalues": [26.7827, 29.6085, 32.6298]}, "17": {"type": "H", "Isotropic": 29.9791, "Anisotropy": 10.5724, "tensor": [[27.9844, 0.1815, 4.7324]], "eigenvalues": [25.4451, 27.4648, 37.0273]}, "18": {"type": "H", "Isotropic": 30.238, "Anisotropy": 8.6536, "tensor": [], "eigenvalues": [25.2118, 29.4951, 36.007]}, "19": {"type": "H", "Isotropic": 29.9183, "Anisotropy": 5.1113, "tensor": [], "eigenvalues": [27.2799, 29.1491, 33.3258]}, "20": {"type": "H", "Isotropic": 27.568, "Anisotropy": 8.8064, "tensor": [[27.4931, 3.2951, 1.2346]], "eigenvalues": [22.775, 26.4901, 33.4389]}, "21": {"type": "O", "Isotropic": 262.6298, "Anisotropy": 199.1218, "tensor": [[14.9188, 260.0058, 6.162]], "eigenvalues": [131.0768, 261.435, 395.3777]}, "22": {"type": "S", "Isotropic": 189.7362, "Anisotropy": 391.8704, "tensor": [], "eigenvalues": [50.6468, 67.5786, 450.9831]}, "23": {"type": "H", "Isotropic": 28.1795, "Anisotropy": 6.417, "tensor": [[30.5466, 3.3578, 1.7277], [3.0365, 26.1898, 0.742]], "eigenvalues": [24.4934, 27.5876, 32.4575]}, "24": {"type": "C", "Isotropic": 137.1227, "Anisotropy": 61.3969, "tensor": [], "eigenvalues": [106.6205, 126.6937, 178.054]}, "25": {"type": "H", "Isotropic": 29.905, "Anisotropy": 3.8904, "tensor": [], "eigenvalues": [28.1585, 29.0578, 32.4986]}, "26": {"type": "C", "Isotropic": 143.5195, "Anisotropy": 64.3175, "tensor": [[151.5406, 25.2241, 25.2263], [29.8013, 137.7891, 11.0739], [25.4323, 2.5976, 141.2289]], "eigenvalues": [111.2384, 132.9223, 186.3979]}, "27": {"type": "H", "Isotropic": 29.433, "Anisotropy": 8.2328, "tensor": [], "eigenvalues": [26.0281, 27.3494, 34.9215]}, "28": {"type": "H", "Isotropic": 29.6418, "Anisotropy": 5.8398, "tensor": [[28.2156, 2.8028, 1.2648], [0.7414, 0.1043, 27.8306]], "eigenvalues": [26.7032, 28.6872, 33.5351]}, "29": {"type": "H", "Isotropic": 28.6504, "Anisotropy": 9.21, "tensor": [], "eigenvalues": [23.9387, 27.222, 34.7904]}, "30": {"type": "H", "Isotropic": 28.6021, "Anisotropy": 9.4042, "tensor": [[26.6994, 1.8364, 2.8276]], "eigenvalues": [22.0535, 28.8812, 34.8716]}, "31": {"type": "O", "Isotropic": 270.083, "Anisotropy": 214.6283, "tensor": [[403.1283, 39.1173, 12.9929], [33.7715, 248.3119, 43.1628], [3.6326, 76.0496, 158.8089]], "eigenvalues": [128.7294, 268.3511, 413.1686]}, "32": {"type": "H", "Isotropic": 27.9444, "Anisotropy": 8.1106, "tensor": [], "eigenvalues": [22.6084, 27.8733, 33.3515]}, "33": {"type": "S", "Isotropic": 201.7544, "Anisotropy": 381.1395, "tensor": [], "eigenvalues": [56.0016, 93.4141, 455.8474]}, "34": {"type": "C", "Isotropic": 142.6879, "Anisotropy": 61.7053, "tensor": [[142.6258, 20.4112, 28.1955], [25.5992, 139.4903, 13.1164], [28.1008, 3.9095, 145.9475]], "eigenvalues": [110.4887, 133.7501, 183.8248]}, "35": {"type": "H", "Isotropic": 30.015, "Anisotropy": 7.8018, "tensor": [[28.3381, 1.8648, 0.3592], [0.1428, 2.3099, 27.1262]], "eigenvalues": [26.5887, 28.2402, 35.2162]}, "36": {"type": "C", "Isotropic": 140.9583, "Anisotropy": 58.4196, "tensor": [], "eigenvalues": [111.3458, 131.6244, 179.9047]}, "37": {"type": "H", "Isotropic": 30.1085, "Anisotropy": 7.0026, "tensor": [], "eigenvalues": [26.9234, 28.6252, 34.7769]}, "38": {"type": "H", "Isotropic": 28.1432, "Anisotropy": 6.3144, "tensor": [[29.2762, 1.7006, 2.6604], [1.2106, 27.2745, 2.775], [1.6584, 2.3889, 27.8789]], "eigenvalues": [24.9376, 27.1391, 32.3528]}, "39": {"type": "H", "Isotropic": 28.8526, "Anisotropy": 8.8226, "tensor": [[24.9166, 0.8893, 2.5887]], "eigenvalues": [23.4101, 28.4135, 34.7344]}, "40": {"type": "H", "Isotropic": 28.6578, "Anisotropy": 7.6268, "tensor": [], "eigenvalues": [24.4017, 27.8293, 33.7424]}, "41": {"type": "H", "Isotropic": 27.8367, "Anisotropy": 11.6, "tensor": [[23.0561, 0.8914, 1.5024]], "eigenvalues": [22.1282, 25.8119, 35.5701]}, "42": {"type": "C", "Isotropic": 145.8205, "Anisotropy": 53.409, "tensor": [[0.2456, 164.4232, 30.1147]], "eigenvalues": [119.1599, 136.8752, 181.4265]}, "43": {"type": "H", "Isotropic": 30.3265, "Anisotropy": 9.0692, "tensor": [], "eigenvalues": [27.1799, 27.427, 36.3727]}, "44": {"type": "H", "Isotropic": 29.8773, "Anisotropy": 6.3187, "tensor": [[29.3534, 1.6645, 2.9458], [2.971, 28.7401, 0.0431]], "eigenvalues": [25.7028, 29.8392, 34.0898]}, "45": {"type": "H", "Isotropic": 27.4889, "Anisotropy": 13.338, "tensor": [[23.0753, 1.1026, 2.9474]], "eigenvalues": [20.2199, 25.866, 36.3809]}, "46": {"type": "C", "Isotropic": 144.1418, "Anisotropy": 59.3909, "tensor": [], "eigenvalues": [113.5549, 135.1349, 183.7358]}, "47": {"type": "H", "Isotropic": 30.2371, "Anisotropy": 9.0855, "tensor": [], "eigenvalues": [27.0124, 27.4047, 36.294]}, "48": {"type": "O", "Isotropic": 290.3074, "Anisotropy": 252.5466, "tensor": [[232.6852, 36.5465, 151.2235], [81.4035, 322.6097, 29.1046], [126.1766, 65.7026, 315.6273]], "eigenvalues": [127.351, 284.8993, 458.6718]}, "49": {"type": "S", "Isotropic": 204.6076, "Anisotropy": 392.2661, "tensor": [], "eigenvalues": [58.3965, 89.308, 466.1183]}, "50": {"type": "H", "Isotropic": 29.6769, "Anisotropy": 7.6419, "tensor": [[27.447, 2.3008, 2.8311], [2.1138, 31.8444, 2.2177], [1.622, 2.7178, 29.7394]], "eigenvalues": [25.9938, 28.2655, 34.7715]}, "51": {"type": "H", "Isotropic": 27.568, "Anisotropy": 10.0207, "tensor": [[1.3625, 26.6364, 1.489], [6.1006, 0.412, 25.7814]], "eigenvalues": [21.8411, 26.6145, 34.2485]}, "52": {"type": "C", "Isotropic": 146.7056, "Anisotropy": 57.5564, "tensor": [], "eigenvalues": [116.1451, 138.8952, 185.0765]}, "53": {"type": "H", "Isotropic": 30.2745, "Anisotropy": 11.1416, "tensor": [], "eigenvalues": [26.082, 27.0393, 37.7022]}, "54": {"type": "H", "Isotropic": 29.7518, "Anisotropy": 7.9225, "tensor": [], "eigenvalues": [26.774, 27.4479, 35.0335]}, "55": {"type": "H", "Isotropic": 27.5891, "Anisotropy": 8.2176, "tensor": [[28.5042, 1.9623, 3.7355], [1.038, 25.1311, 3.3918], [1.7293, 3.0857, 29.1319]], "eigenvalues": [23.3247, 26.3751, 33.0675]}, "56": {"type": "C", "Isotropic": 144.3446, "Anisotropy": 58.1475, "tensor": [], "eigenvalues": [111.5056, 138.4186, 183.1096]}, "57": {"type": "H", "Isotropic": 30.1896, "Anisotropy": 10.6152, "tensor": [], "eigenvalues": [26.0011, 27.3013, 37.2664]}, "58": {"type": "O", "Isotropic": 267.167, "Anisotropy": 246.6288, "tensor": [], "eigenvalues": [110.5468, 259.368, 431.5862]}, "59": {"type": "S", "Isotropic": 204.0493, "Anisotropy": 392.2892, "tensor": [], "eigenvalues": [62.7156, 83.8569, 465.5755]}, "60": {"type": "H", "Isotropic": 29.7062, "Anisotropy": 5.4703, "tensor": [], "eigenvalues": [26.4808, 29.2848, 33.3531]}}}}, "functional": "M062X", "basis": "6-311++G**", "phase": "solution", "type": "nmr;scrf", "smiles": "S(=O)(C)C.S(=O)(C)C.O=S(C)C.O=S(C)C.CS(=O)C.CS(=O)C", "formula": "H36 C12 S6 O6", "formula_pretty": "H6C2SO", "formula_anonymous": "ABC2D6", "formula_alphabetical": "C12 H36 O6 S6", "chemsys": "C-H-O-S", "nsites": 60, "nelements": 4, "is_ordered": true, "is_valid": true, "tag": "oplsd_ref", "wall_time (s)": 1017.5933924750425, "last_updated": "2021-01-22T13:07:48.504561", "_id": null}