{"input": {"molecule": {"charge": 0, "spin_multiplicity": 1, "sites": [{"name": "S", "species": [{"element": "S", "occu": 1}], "xyz": [0.239521, -1.867769, 0.023661], "properties": {}}, {"name": "O", "species": [{"element": "O", "occu": 1}], "xyz": [1.456426, -1.627741, -0.868482], "properties": {}}, {"name": "C", "species": [{"element": "C", "occu": 1}], "xyz": [-0.511896, -0.251612, 0.306194], "properties": {}}, {"name": "C", "species": [{"element": "C", "occu": 1}], "xyz": [0.869724, -2.08195, 1.700899], "properties": {}}, {"name": "H", "species": [{"element": "H", "occu": 1}], "xyz": [-1.01541, 0.050896, -0.610834], "properties": {}}, {"name": "H", "species": [{"element": "H", "occu": 1}], "xyz": [0.288603, 0.448152, 0.553603], "properties": {}}, {"name": "H", "species": [{"element": "H", "occu": 1}], "xyz": [-1.216851, -0.342748, 1.134953], "properties": {}}, {"name": "H", "species": [{"element": "H", "occu": 1}], "xyz": [0.025055, -2.00284, 2.386326], "properties": {}}, {"name": "H", "species": [{"element": "H", "occu": 1}], "xyz": [1.599992, -1.293113, 1.88684], "properties": {}}, {"name": "H", "species": [{"element": "H", "occu": 1}], "xyz": [1.337407, -3.063112, 1.760776], "properties": {}}, {"name": "S", "species": [{"element": "S", "occu": 1}], "xyz": [-2.286535, -1.092213, 4.623597], "properties": {}}, {"name": "O", "species": [{"element": "O", "occu": 1}], "xyz": [-1.862631, -0.616703, 3.223329], "properties": {}}, {"name": "C", "species": [{"element": "C", "occu": 1}], "xyz": [-1.507291, 0.09002, 5.743626], "properties": {}}, {"name": "C", "species": [{"element": "C", "occu": 1}], "xyz": [-1.233616, -2.506, 4.991938], "properties": {}}, {"name": "H", "species": [{"element": "H", "occu": 1}], "xyz": [-2.010508, 1.046407, 5.606483], "properties": {}}, {"name": "H", "species": [{"element": "H", "occu": 1}], "xyz": [-0.451591, 0.171754, 5.483741], "properties": {}}, {"name": "H", "species": [{"element": "H", "occu": 1}], "xyz": [-1.636838, -0.254502, 6.769477], "properties": {}}, {"name": "H", "species": [{"element": "H", "occu": 1}], "xyz": [-1.412023, -2.813451, 6.022424], "properties": {}}, {"name": "H", "species": [{"element": "H", "occu": 1}], "xyz": [-0.193005, -2.215015, 4.845816], "properties": {}}, {"name": "H", "species": [{"element": "H", "occu": 1}], "xyz": [-1.537413, -3.291667, 4.302848], "properties": {}}, {"name": "O", "species": [{"element": "O", "occu": 1}], "xyz": [-3.461303, -3.250099, 2.854012], "properties": {}}, {"name": "S", "species": [{"element": "S", "occu": 1}], "xyz": [-2.793799, -2.896576, 1.524835], "properties": {}}, {"name": "H", "species": [{"element": "H", "occu": 1}], "xyz": [-2.85272, -5.108635, 0.685299], "properties": {}}, {"name": "C", "species": [{"element": "C", "occu": 1}], "xyz": [-3.314565, -4.176428, 0.364693], "properties": {}}, {"name": "H", "species": [{"element": "H", "occu": 1}], "xyz": [-4.401244, -4.25712, 0.39115], "properties": {}}, {"name": "C", "species": [{"element": "C", "occu": 1}], "xyz": [-3.760089, -1.54096, 0.832348], "properties": {}}, {"name": "H", "species": [{"element": "H", "occu": 1}], "xyz": [-3.593906, -0.692358, 1.493525], "properties": {}}, {"name": "H", "species": [{"element": "H", "occu": 1}], "xyz": [-4.810165, -1.834255, 0.819262], "properties": {}}, {"name": "H", "species": [{"element": "H", "occu": 1}], "xyz": [-2.961898, -3.907436, -0.631242], "properties": {}}, {"name": "H", "species": [{"element": "H", "occu": 1}], "xyz": [-3.399103, -1.320725, -0.1733], "properties": {}}, {"name": "O", "species": [{"element": "O", "occu": 1}], "xyz": [-3.028577, 3.635838, 0.867999], "properties": {}}, {"name": "H", "species": [{"element": "H", "occu": 1}], "xyz": [-0.437775, 2.721671, 1.823032], "properties": {}}, {"name": "S", "species": [{"element": "S", "occu": 1}], "xyz": [-2.721063, 2.251972, 1.439682], "properties": {}}, {"name": "C", "species": [{"element": "C", "occu": 1}], "xyz": [-1.26176, 2.447482, 2.480681], "properties": {}}, {"name": "H", "species": [{"element": "H", "occu": 1}], "xyz": [-1.4528, 3.240029, 3.205095], "properties": {}}, {"name": "C", "species": [{"element": "C", "occu": 1}], "xyz": [-3.92327, 1.985758, 2.757059], "properties": {}}, {"name": "H", "species": [{"element": "H", "occu": 1}], "xyz": [-3.883687, 2.831052, 3.444716], "properties": {}}, {"name": "H", "species": [{"element": "H", "occu": 1}], "xyz": [-4.902826, 1.918272, 2.286191], "properties": {}}, {"name": "H", "species": [{"element": "H", "occu": 1}], "xyz": [-1.071997, 1.486438, 2.962065], "properties": {}}, {"name": "H", "species": [{"element": "H", "occu": 1}], "xyz": [-3.673741, 1.048386, 3.253013], "properties": {}}]}, "functional": "M062X", "basis_set": "6-311++G**", "route_parameters": {"NMR": "GIAO", "iop(7/33=1)": null, "int": "ultrafine", "EmpiricalDispersion": "GD3", "NoSymmetry": null, "test": null, "SCRF": "(Solvent=DiMethylSulfoxide)"}, "title": "H24 C8 S4 O4", "charge": 0, "spin_multiplicity": 1, "input_parameters": {}, "link0_parameters": {"%chk": "checkpoint.chk", "%mem": "100GB", "%NProcShared": "28"}, "dieze_tag": "#P", "nbasisfunctions": 552, "pcm_parameters": {}}, "output": {"has_gaussian_completed": true, "is_pcm": true, "errors": [], "Mulliken_charges": {"1": ["S", 0.785466], "2": ["O", -0.578893], "3": ["C", -0.767707], "4": ["C", -0.559848], "5": ["H", 0.266691], "6": ["H", 0.274456], "7": ["H", 0.117994], "8": ["H", -0.027013], "9": ["H", 0.209708], "10": ["H", 0.28449], "11": ["S", 0.214083], "12": ["O", -0.551509], "13": ["C", -0.516925], "14": ["C", -0.413096], "15": ["H", 0.185854], "16": ["H", 0.224915], "17": ["H", 0.211022], "18": ["H", 0.229421], "19": ["H", 0.207483], "20": ["H", 0.222649], "21": ["O", -0.487984], "22": ["S", 0.69045], "23": ["H", 0.21796], "24": ["C", -0.751843], "25": ["H", 0.216091], "26": ["C", -0.528948], "27": ["H", 0.02921], "28": ["H", 0.280881], "29": ["H", 0.190421], "30": ["H", 0.175594], "31": ["O", -0.549233], "32": ["H", 0.234949], "33": ["S", 0.620629], "34": ["C", -0.679179], "35": ["H", 0.242629], "36": ["C", -0.585167], "37": ["H", 0.259613], "38": ["H", 0.24534], "39": ["H", 0.181016], "40": ["H", -0.021673]}, "tensor": {"1": {"type": "S", "Isotropic": 206.4963, "Anisotropy": 399.305, "tensor": [], "eigenvalues": [50.0489, 96.7404, 472.6996]}, "2": {"type": "O", "Isotropic": 289.5831, "Anisotropy": 219.8035, "tensor": [], "eigenvalues": [149.6278, 283.0029, 436.1188]}, "3": {"type": "C", "Isotropic": 140.5345, "Anisotropy": 63.3856, "tensor": [], "eigenvalues": [106.7354, 132.0765, 182.7915]}, "4": {"type": "C", "Isotropic": 142.3289, "Anisotropy": 62.0153, "tensor": [], "eigenvalues": [109.3807, 133.9335, 183.6724]}, "5": {"type": "H", "Isotropic": 29.6293, "Anisotropy": 5.5533, "tensor": [], "eigenvalues": [27.1758, 28.3806, 33.3315]}, "6": {"type": "H", "Isotropic": 29.9251, "Anisotropy": 4.5203, "tensor": [[1.7044, 32.6, 1.2837]], "eigenvalues": [27.3728, 29.464, 32.9387]}, "7": {"type": "H", "Isotropic": 29.095, "Anisotropy": 11.0777, "tensor": [], "eigenvalues": [24.1522, 26.6527, 36.4801]}, "8": {"type": "H", "Isotropic": 28.9758, "Anisotropy": 12.0819, "tensor": [], "eigenvalues": [23.0994, 26.7976, 37.0304]}, "9": {"type": "H", "Isotropic": 29.8874, "Anisotropy": 4.9695, "tensor": [[32.1075, 1.6088, 1.3775], [2.3028, 1.4503, 28.728]], "eigenvalues": [27.5708, 28.891, 33.2004]}, "10": {"type": "H", "Isotropic": 29.5272, "Anisotropy": 7.811, "tensor": [], "eigenvalues": [26.6726, 27.1744, 34.7345]}, "11": {"type": "S", "Isotropic": 207.3285, "Anisotropy": 371.4549, "tensor": [], "eigenvalues": [71.5329, 95.4875, 454.9651]}, "12": {"type": "O", "Isotropic": 258.0526, "Anisotropy": 211.1137, "tensor": [[26.3826, 82.8389, 143.0567]], "eigenvalues": [117.4286, 257.9341, 398.7951]}, "13": {"type": "C", "Isotropic": 144.5281, "Anisotropy": 63.1212, "tensor": [[127.8502, 22.3774, 16.1012], [20.0466, 149.4615, 25.3591], [10.0902, 22.0555, 156.2725]], "eigenvalues": [114.793, 132.1823, 186.6089]}, "14": {"type": "C", "Isotropic": 143.3905, "Anisotropy": 63.9931, "tensor": [], "eigenvalues": [115.2758, 128.8431, 186.0525]}, "15": {"type": "H", "Isotropic": 29.4412, "Anisotropy": 7.0962, "tensor": [[0.6211, 2.1848, 28.7495]], "eigenvalues": [25.4314, 28.7202, 34.172]}, "16": {"type": "H", "Isotropic": 29.8188, "Anisotropy": 4.612, "tensor": [[31.5751, 0.6812, 0.6333], [2.4302, 29.287, 0.3823], [1.9617, 1.1819, 28.5943]], "eigenvalues": [28.039, 28.524, 32.8934]}, "17": {"type": "H", "Isotropic": 29.9442, "Anisotropy": 10.8163, "tensor": [[0.0835, 1.0983, 37.0607]], "eigenvalues": [25.4988, 27.1787, 37.155]}, "18": {"type": "H", "Isotropic": 30.0087, "Anisotropy": 10.7238, "tensor": [], "eigenvalues": [25.7282, 27.1401, 37.158]}, "19": {"type": "H", "Isotropic": 29.84, "Anisotropy": 4.4748, "tensor": [], "eigenvalues": [27.5119, 29.1849, 32.8232]}, "20": {"type": "H", "Isotropic": 28.5314, "Anisotropy": 6.2373, "tensor": [[0.5395, 30.8101, 2.4164], [3.6349, 1.6616, 28.797]], "eigenvalues": [23.7408, 29.1639, 32.6897]}, "21": {"type": "O", "Isotropic": 281.7792, "Anisotropy": 219.9926, "tensor": [[51.0752, 63.9201, 163.5438]], "eigenvalues": [140.945, 275.9517, 428.441]}, "22": {"type": "S", "Isotropic": 211.2691, "Anisotropy": 367.5308, "tensor": [], "eigenvalues": [65.5902, 111.9274, 456.2896]}, "23": {"type": "H", "Isotropic": 29.5933, "Anisotropy": 8.9706, "tensor": [[0.844, 1.6132, 26.137]], "eigenvalues": [25.5301, 27.676, 35.5737]}, "24": {"type": "C", "Isotropic": 145.2339, "Anisotropy": 65.3449, "tensor": [[123.3898, 19.0332, 9.4055], [15.7517, 156.1584, 31.0321], [2.3167, 25.843, 156.1535]], "eigenvalues": [114.5024, 132.402, 188.7971]}, "25": {"type": "H", "Isotropic": 29.8189, "Anisotropy": 7.4347, "tensor": [[32.1785, 1.7312, 1.3914], [3.5227, 30.1853, 1.4894], [2.3237, 1.761, 27.0929]], "eigenvalues": [26.2757, 28.4057, 34.7754]}, "26": {"type": "C", "Isotropic": 141.9767, "Anisotropy": 62.3741, "tensor": [], "eigenvalues": [115.1738, 127.1969, 183.5594]}, "27": {"type": "H", "Isotropic": 29.0424, "Anisotropy": 8.9682, "tensor": [[0.9659, 33.2426, 4.1132], [3.0058, 2.8463, 27.0659]], "eigenvalues": [23.6572, 28.4489, 35.0212]}, "28": {"type": "H", "Isotropic": 30.0435, "Anisotropy": 6.5207, "tensor": [[33.7644, 0.6248, 1.9089], [2.3014, 0.6344, 27.3002]], "eigenvalues": [26.3814, 29.3583, 34.3906]}, "29": {"type": "H", "Isotropic": 30.0031, "Anisotropy": 8.7237, "tensor": [[0.6597, 28.1995, 2.5483]], "eigenvalues": [26.0366, 28.1538, 35.8188]}, "30": {"type": "H", "Isotropic": 30.106, "Anisotropy": 6.4952, "tensor": [[27.9639, 0.9603, 0.8218]], "eigenvalues": [26.8097, 29.0721, 34.4361]}, "31": {"type": "O", "Isotropic": 293.324, "Anisotropy": 236.3967, "tensor": [[44.4369, 201.0932, 29.1126]], "eigenvalues": [151.8715, 277.1788, 450.9218]}, "32": {"type": "H", "Isotropic": 29.5891, "Anisotropy": 6.5452, "tensor": [], "eigenvalues": [26.0388, 28.7758, 33.9525]}, "33": {"type": "S", "Isotropic": 202.5715, "Anisotropy": 396.4033, "tensor": [], "eigenvalues": [52.6165, 88.2576, 466.8404]}, "34": {"type": "C", "Isotropic": 141.6356, "Anisotropy": 61.4828, "tensor": [[158.3273, 2.1875, 32.8069], [9.7788, 131.8754, 2.542]], "eigenvalues": [109.7352, 132.5475, 182.6242]}, "35": {"type": "H", "Isotropic": 29.8915, "Anisotropy": 6.0378, "tensor": [[28.4044, 2.3774, 1.2818], [0.5915, 31.2503, 2.6263], [0.1712, 2.8531, 30.0199]], "eigenvalues": [27.529, 28.2288, 33.9167]}, "36": {"type": "C", "Isotropic": 143.0348, "Anisotropy": 62.4783, "tensor": [], "eigenvalues": [111.8307, 132.5866, 184.687]}, "37": {"type": "H", "Isotropic": 29.7817, "Anisotropy": 6.4403, "tensor": [], "eigenvalues": [27.0415, 28.2284, 34.0753]}, "38": {"type": "H", "Isotropic": 29.4734, "Anisotropy": 7.5323, "tensor": [[0.0574, 0.9195, 26.477]], "eigenvalues": [26.0943, 27.8311, 34.495]}, "39": {"type": "H", "Isotropic": 28.432, "Anisotropy": 11.3348, "tensor": [], "eigenvalues": [23.8671, 25.4405, 35.9886]}, "40": {"type": "H", "Isotropic": 29.3546, "Anisotropy": 9.7955, "tensor": [], "eigenvalues": [24.965, 27.2138, 35.8849]}}, "output": {"energies": [-2212.68911735], "final_energy": -2212.68911735, "final_energy_per_atom": -55.31722793375, "molecule": {"charge": 0.0, "spin_multiplicity": 1, "sites": [{"name": "S", "species": [{"element": "S", "occu": 1}], "xyz": [0.239521, -1.867769, 0.023661], "properties": {}}, {"name": "O", "species": [{"element": "O", "occu": 1}], "xyz": [1.456426, -1.627741, -0.868482], "properties": {}}, {"name": "C", "species": [{"element": "C", "occu": 1}], "xyz": [-0.511896, -0.251612, 0.306194], "properties": {}}, {"name": "C", "species": [{"element": "C", "occu": 1}], "xyz": [0.869724, -2.08195, 1.700899], "properties": {}}, {"name": "H", "species": [{"element": "H", "occu": 1}], "xyz": [-1.01541, 0.050896, -0.610834], "properties": {}}, {"name": "H", "species": [{"element": "H", "occu": 1}], "xyz": [0.288603, 0.448152, 0.553603], "properties": {}}, {"name": "H", "species": [{"element": "H", "occu": 1}], "xyz": [-1.216851, -0.342748, 1.134953], "properties": {}}, {"name": "H", "species": [{"element": "H", "occu": 1}], "xyz": [0.025055, -2.00284, 2.386326], "properties": {}}, {"name": "H", "species": [{"element": "H", "occu": 1}], "xyz": [1.599992, -1.293113, 1.88684], "properties": {}}, {"name": "H", "species": [{"element": "H", "occu": 1}], "xyz": [1.337407, -3.063112, 1.760776], "properties": {}}, {"name": "S", "species": [{"element": "S", "occu": 1}], "xyz": [-2.286535, -1.092213, 4.623597], "properties": {}}, {"name": "O", "species": [{"element": "O", "occu": 1}], "xyz": [-1.862631, -0.616703, 3.223329], "properties": {}}, {"name": "C", "species": [{"element": "C", "occu": 1}], "xyz": [-1.507291, 0.09002, 5.743626], "properties": {}}, {"name": "C", "species": [{"element": "C", "occu": 1}], "xyz": [-1.233616, -2.506, 4.991938], "properties": {}}, {"name": "H", "species": [{"element": "H", "occu": 1}], "xyz": [-2.010508, 1.046407, 5.606483], "properties": {}}, {"name": "H", "species": [{"element": "H", "occu": 1}], "xyz": [-0.451591, 0.171754, 5.483741], "properties": {}}, {"name": "H", "species": [{"element": "H", "occu": 1}], "xyz": [-1.636838, -0.254502, 6.769477], "properties": {}}, {"name": "H", "species": [{"element": "H", "occu": 1}], "xyz": [-1.412023, -2.813451, 6.022424], "properties": {}}, {"name": "H", "species": [{"element": "H", "occu": 1}], "xyz": [-0.193005, -2.215015, 4.845816], "properties": {}}, {"name": "H", "species": [{"element": "H", "occu": 1}], "xyz": [-1.537413, -3.291667, 4.302848], "properties": {}}, {"name": "O", "species": [{"element": "O", "occu": 1}], "xyz": [-3.461303, -3.250099, 2.854012], "properties": {}}, {"name": "S", "species": [{"element": "S", "occu": 1}], "xyz": [-2.793799, -2.896576, 1.524835], "properties": {}}, {"name": "H", "species": [{"element": "H", "occu": 1}], "xyz": [-2.85272, -5.108635, 0.685299], "properties": {}}, {"name": "C", "species": [{"element": "C", "occu": 1}], "xyz": [-3.314565, -4.176428, 0.364693], "properties": {}}, {"name": "H", "species": [{"element": "H", "occu": 1}], "xyz": [-4.401244, -4.25712, 0.39115], "properties": {}}, {"name": "C", "species": [{"element": "C", "occu": 1}], "xyz": [-3.760089, -1.54096, 0.832348], "properties": {}}, {"name": "H", "species": [{"element": "H", "occu": 1}], "xyz": [-3.593906, -0.692358, 1.493525], "properties": {}}, {"name": "H", "species": [{"element": "H", "occu": 1}], "xyz": [-4.810165, -1.834255, 0.819262], "properties": {}}, {"name": "H", "species": [{"element": "H", "occu": 1}], "xyz": [-2.961898, -3.907436, -0.631242], "properties": {}}, {"name": "H", "species": [{"element": "H", "occu": 1}], "xyz": [-3.399103, -1.320725, -0.1733], "properties": {}}, {"name": "O", "species": [{"element": "O", "occu": 1}], "xyz": [-3.028577, 3.635838, 0.867999], "properties": {}}, {"name": "H", "species": [{"element": "H", "occu": 1}], "xyz": [-0.437775, 2.721671, 1.823032], "properties": {}}, {"name": "S", "species": [{"element": "S", "occu": 1}], "xyz": [-2.721063, 2.251972, 1.439682], "properties": {}}, {"name": "C", "species": [{"element": "C", "occu": 1}], "xyz": [-1.26176, 2.447482, 2.480681], "properties": {}}, {"name": "H", "species": [{"element": "H", "occu": 1}], "xyz": [-1.4528, 3.240029, 3.205095], "properties": {}}, {"name": "C", "species": [{"element": "C", "occu": 1}], "xyz": [-3.92327, 1.985758, 2.757059], "properties": {}}, {"name": "H", "species": [{"element": "H", "occu": 1}], "xyz": [-3.883687, 2.831052, 3.444716], "properties": {}}, {"name": "H", "species": [{"element": "H", "occu": 1}], "xyz": [-4.902826, 1.918272, 2.286191], "properties": {}}, {"name": "H", "species": [{"element": "H", "occu": 1}], "xyz": [-1.071997, 1.486438, 2.962065], "properties": {}}, {"name": "H", "species": [{"element": "H", "occu": 1}], "xyz": [-3.673741, 1.048386, 3.253013], "properties": {}}]}, "stationary_type": "Minimum", "corrections": {}, "tensor": {"1": {"type": "S", "Isotropic": 206.4963, "Anisotropy": 399.305, "tensor": [], "eigenvalues": [50.0489, 96.7404, 472.6996]}, "2": {"type": "O", "Isotropic": 289.5831, "Anisotropy": 219.8035, "tensor": [], "eigenvalues": [149.6278, 283.0029, 436.1188]}, "3": {"type": "C", "Isotropic": 140.5345, "Anisotropy": 63.3856, "tensor": [], "eigenvalues": [106.7354, 132.0765, 182.7915]}, "4": {"type": "C", "Isotropic": 142.3289, "Anisotropy": 62.0153, "tensor": [], "eigenvalues": [109.3807, 133.9335, 183.6724]}, "5": {"type": "H", "Isotropic": 29.6293, "Anisotropy": 5.5533, "tensor": [], "eigenvalues": [27.1758, 28.3806, 33.3315]}, "6": {"type": "H", "Isotropic": 29.9251, "Anisotropy": 4.5203, "tensor": [[1.7044, 32.6, 1.2837]], "eigenvalues": [27.3728, 29.464, 32.9387]}, "7": {"type": "H", "Isotropic": 29.095, "Anisotropy": 11.0777, "tensor": [], "eigenvalues": [24.1522, 26.6527, 36.4801]}, "8": {"type": "H", "Isotropic": 28.9758, "Anisotropy": 12.0819, "tensor": [], "eigenvalues": [23.0994, 26.7976, 37.0304]}, "9": {"type": "H", "Isotropic": 29.8874, "Anisotropy": 4.9695, "tensor": [[32.1075, 1.6088, 1.3775], [2.3028, 1.4503, 28.728]], "eigenvalues": [27.5708, 28.891, 33.2004]}, "10": {"type": "H", "Isotropic": 29.5272, "Anisotropy": 7.811, "tensor": [], "eigenvalues": [26.6726, 27.1744, 34.7345]}, "11": {"type": "S", "Isotropic": 207.3285, "Anisotropy": 371.4549, "tensor": [], "eigenvalues": [71.5329, 95.4875, 454.9651]}, "12": {"type": "O", "Isotropic": 258.0526, "Anisotropy": 211.1137, "tensor": [[26.3826, 82.8389, 143.0567]], "eigenvalues": [117.4286, 257.9341, 398.7951]}, "13": {"type": "C", "Isotropic": 144.5281, "Anisotropy": 63.1212, "tensor": [[127.8502, 22.3774, 16.1012], [20.0466, 149.4615, 25.3591], [10.0902, 22.0555, 156.2725]], "eigenvalues": [114.793, 132.1823, 186.6089]}, "14": {"type": "C", "Isotropic": 143.3905, "Anisotropy": 63.9931, "tensor": [], "eigenvalues": [115.2758, 128.8431, 186.0525]}, "15": {"type": "H", "Isotropic": 29.4412, "Anisotropy": 7.0962, "tensor": [[0.6211, 2.1848, 28.7495]], "eigenvalues": [25.4314, 28.7202, 34.172]}, "16": {"type": "H", "Isotropic": 29.8188, "Anisotropy": 4.612, "tensor": [[31.5751, 0.6812, 0.6333], [2.4302, 29.287, 0.3823], [1.9617, 1.1819, 28.5943]], "eigenvalues": [28.039, 28.524, 32.8934]}, "17": {"type": "H", "Isotropic": 29.9442, "Anisotropy": 10.8163, "tensor": [[0.0835, 1.0983, 37.0607]], "eigenvalues": [25.4988, 27.1787, 37.155]}, "18": {"type": "H", "Isotropic": 30.0087, "Anisotropy": 10.7238, "tensor": [], "eigenvalues": [25.7282, 27.1401, 37.158]}, "19": {"type": "H", "Isotropic": 29.84, "Anisotropy": 4.4748, "tensor": [], "eigenvalues": [27.5119, 29.1849, 32.8232]}, "20": {"type": "H", "Isotropic": 28.5314, "Anisotropy": 6.2373, "tensor": [[0.5395, 30.8101, 2.4164], [3.6349, 1.6616, 28.797]], "eigenvalues": [23.7408, 29.1639, 32.6897]}, "21": {"type": "O", "Isotropic": 281.7792, "Anisotropy": 219.9926, "tensor": [[51.0752, 63.9201, 163.5438]], "eigenvalues": [140.945, 275.9517, 428.441]}, "22": {"type": "S", "Isotropic": 211.2691, "Anisotropy": 367.5308, "tensor": [], "eigenvalues": [65.5902, 111.9274, 456.2896]}, "23": {"type": "H", "Isotropic": 29.5933, "Anisotropy": 8.9706, "tensor": [[0.844, 1.6132, 26.137]], "eigenvalues": [25.5301, 27.676, 35.5737]}, "24": {"type": "C", "Isotropic": 145.2339, "Anisotropy": 65.3449, "tensor": [[123.3898, 19.0332, 9.4055], [15.7517, 156.1584, 31.0321], [2.3167, 25.843, 156.1535]], "eigenvalues": [114.5024, 132.402, 188.7971]}, "25": {"type": "H", "Isotropic": 29.8189, "Anisotropy": 7.4347, "tensor": [[32.1785, 1.7312, 1.3914], [3.5227, 30.1853, 1.4894], [2.3237, 1.761, 27.0929]], "eigenvalues": [26.2757, 28.4057, 34.7754]}, "26": {"type": "C", "Isotropic": 141.9767, "Anisotropy": 62.3741, "tensor": [], "eigenvalues": [115.1738, 127.1969, 183.5594]}, "27": {"type": "H", "Isotropic": 29.0424, "Anisotropy": 8.9682, "tensor": [[0.9659, 33.2426, 4.1132], [3.0058, 2.8463, 27.0659]], "eigenvalues": [23.6572, 28.4489, 35.0212]}, "28": {"type": "H", "Isotropic": 30.0435, "Anisotropy": 6.5207, "tensor": [[33.7644, 0.6248, 1.9089], [2.3014, 0.6344, 27.3002]], "eigenvalues": [26.3814, 29.3583, 34.3906]}, "29": {"type": "H", "Isotropic": 30.0031, "Anisotropy": 8.7237, "tensor": [[0.6597, 28.1995, 2.5483]], "eigenvalues": [26.0366, 28.1538, 35.8188]}, "30": {"type": "H", "Isotropic": 30.106, "Anisotropy": 6.4952, "tensor": [[27.9639, 0.9603, 0.8218]], "eigenvalues": [26.8097, 29.0721, 34.4361]}, "31": {"type": "O", "Isotropic": 293.324, "Anisotropy": 236.3967, "tensor": [[44.4369, 201.0932, 29.1126]], "eigenvalues": [151.8715, 277.1788, 450.9218]}, "32": {"type": "H", "Isotropic": 29.5891, "Anisotropy": 6.5452, "tensor": [], "eigenvalues": [26.0388, 28.7758, 33.9525]}, "33": {"type": "S", "Isotropic": 202.5715, "Anisotropy": 396.4033, "tensor": [], "eigenvalues": [52.6165, 88.2576, 466.8404]}, "34": {"type": "C", "Isotropic": 141.6356, "Anisotropy": 61.4828, "tensor": [[158.3273, 2.1875, 32.8069], [9.7788, 131.8754, 2.542]], "eigenvalues": [109.7352, 132.5475, 182.6242]}, "35": {"type": "H", "Isotropic": 29.8915, "Anisotropy": 6.0378, "tensor": [[28.4044, 2.3774, 1.2818], [0.5915, 31.2503, 2.6263], [0.1712, 2.8531, 30.0199]], "eigenvalues": [27.529, 28.2288, 33.9167]}, "36": {"type": "C", "Isotropic": 143.0348, "Anisotropy": 62.4783, "tensor": [], "eigenvalues": [111.8307, 132.5866, 184.687]}, "37": {"type": "H", "Isotropic": 29.7817, "Anisotropy": 6.4403, "tensor": [], "eigenvalues": [27.0415, 28.2284, 34.0753]}, "38": {"type": "H", "Isotropic": 29.4734, "Anisotropy": 7.5323, "tensor": [[0.0574, 0.9195, 26.477]], "eigenvalues": [26.0943, 27.8311, 34.495]}, "39": {"type": "H", "Isotropic": 28.432, "Anisotropy": 11.3348, "tensor": [], "eigenvalues": [23.8671, 25.4405, 35.9886]}, "40": {"type": "H", "Isotropic": 29.3546, "Anisotropy": 9.7955, "tensor": [], "eigenvalues": [24.965, 27.2138, 35.8849]}}}}, "functional": "M062X", "basis": "6-311++G**", "phase": "solution", "type": "scrf;nmr", "smiles": "S(=O)(C)C.S(=O)(C)C.O=S(C)C.O=S(C)C", "formula": "H24 C8 S4 O4", "formula_pretty": "H6C2SO", "formula_anonymous": "ABC2D6", "formula_alphabetical": "C8 H24 O4 S4", "chemsys": "C-H-O-S", "nsites": 40, "nelements": 4, "is_ordered": true, "is_valid": true, "tag": "oplsd_ref", "wall_time (s)": 317.4340755911544, "last_updated": "2021-01-19T08:51:56.456043", "_id": null}