{"input": {"molecule": {"charge": 0, "spin_multiplicity": 1, "sites": [{"name": "O", "species": [{"element": "O", "occu": 1}], "xyz": [-0.294527, 0.804697, 0.422395], "properties": {}}, {"name": "H", "species": [{"element": "H", "occu": 1}], "xyz": [-0.220515, -0.154093, 0.399037], "properties": {}}, {"name": "H", "species": [{"element": "H", "occu": 1}], "xyz": [-1.226187, 1.031424, 0.175728], "properties": {}}, {"name": "O", "species": [{"element": "O", "occu": 1}], "xyz": [-2.762001, 1.709435, -0.044272], "properties": {}}, {"name": "H", "species": [{"element": "H", "occu": 1}], "xyz": [-3.466574, 1.154501, 0.337683], "properties": {}}, {"name": "H", "species": [{"element": "H", "occu": 1}], "xyz": [-2.735524, 2.482505, 0.55205], "properties": {}}, {"name": "O", "species": [{"element": "O", "occu": 1}], "xyz": [-2.584872, 3.57534, 2.020807], "properties": {}}, {"name": "H", "species": [{"element": "H", "occu": 1}], "xyz": [-1.724308, 3.285309, 2.36475], "properties": {}}, {"name": "H", "species": [{"element": "H", "occu": 1}], "xyz": [-3.236513, 3.19347, 2.631255], "properties": {}}, {"name": "H", "species": [{"element": "H", "occu": 1}], "xyz": [0.652154, 2.586872, 2.969415], "properties": {}}, {"name": "O", "species": [{"element": "O", "occu": 1}], "xyz": [-0.207883, 2.200368, 2.7785], "properties": {}}, {"name": "H", "species": [{"element": "H", "occu": 1}], "xyz": [-0.099634, 1.646318, 1.977882], "properties": {}}, {"name": "H", "species": [{"element": "H", "occu": 1}], "xyz": [-4.821452, -0.488295, 1.609656], "properties": {}}, {"name": "O", "species": [{"element": "O", "occu": 1}], "xyz": [-4.7745, 0.452554, 1.419704], "properties": {}}, {"name": "H", "species": [{"element": "H", "occu": 1}], "xyz": [-4.657964, 0.895023, 2.280654], "properties": {}}, {"name": "H", "species": [{"element": "H", "occu": 1}], "xyz": [-1.160826, 1.395693, 4.092482], "properties": {}}, {"name": "H", "species": [{"element": "H", "occu": 1}], "xyz": [-1.537347, 1.111354, 5.56913], "properties": {}}, {"name": "O", "species": [{"element": "O", "occu": 1}], "xyz": [-1.84448, 1.000276, 4.665117], "properties": {}}, {"name": "H", "species": [{"element": "H", "occu": 1}], "xyz": [-3.424947, 1.571484, 4.192493], "properties": {}}, {"name": "O", "species": [{"element": "O", "occu": 1}], "xyz": [-4.191975, 1.935659, 3.699626], "properties": {}}, {"name": "H", "species": [{"element": "H", "occu": 1}], "xyz": [-4.846209, 2.202386, 4.352137], "properties": {}}, {"name": "H", "species": [{"element": "H", "occu": 1}], "xyz": [1.028805, 1.797519, -0.417186], "properties": {}}, {"name": "O", "species": [{"element": "O", "occu": 1}], "xyz": [1.749136, 2.352197, -0.758543], "properties": {}}, {"name": "H", "species": [{"element": "H", "occu": 1}], "xyz": [1.444412, 2.65642, -1.61687], "properties": {}}]}, "functional": "M062X", "basis_set": "6-311++G**", "route_parameters": {"NMR": "GIAO", "iop(7/33=1)": null, "int": "ultrafine", "EmpiricalDispersion": "GD3", "NoSymmetry": null, "test": null, "SCRF": "(Solvent=Water)"}, "title": "H16 O8", "charge": 0, "spin_multiplicity": 1, "input_parameters": {}, "link0_parameters": {"%chk": "checkpoint.chk", "%mem": "100GB", "%NProcShared": "24"}, "dieze_tag": "#P", "nbasisfunctions": 288, "pcm_parameters": {}}, "output": {"has_gaussian_completed": true, "is_pcm": true, "errors": [], "Mulliken_charges": {"1": ["O", -0.699514], "2": ["H", 0.323105], "3": ["H", 0.368628], "4": ["O", -0.723592], "5": ["H", 0.378819], "6": ["H", 0.352976], "7": ["O", -0.673974], "8": ["H", 0.334284], "9": ["H", 0.346561], "10": ["H", 0.335108], "11": ["O", -0.692985], "12": ["H", 0.343847], "13": ["H", 0.310985], "14": ["O", -0.654726], "15": ["H", 0.342991], "16": ["H", 0.354166], "17": ["H", 0.318923], "18": ["O", -0.647969], "19": ["H", 0.367204], "20": ["O", -0.71456], "21": ["H", 0.334147], "22": ["H", 0.339392], "23": ["O", -0.635087], "24": ["H", 0.291273]}, "tensor": {"1": {"type": "O", "Isotropic": 289.6413, "Anisotropy": 40.8765, "tensor": [[3.7531, 1.4997, 273.8654]], "eigenvalues": [272.0753, 279.9564, 316.8923]}, "2": {"type": "H", "Isotropic": 29.9855, "Anisotropy": 18.4622, "tensor": [], "eigenvalues": [23.1178, 24.5451, 42.2936]}, "3": {"type": "H", "Isotropic": 23.2779, "Anisotropy": 35.2431, "tensor": [], "eigenvalues": [10.3955, 12.665, 46.7734]}, "4": {"type": "O", "Isotropic": 287.4813, "Anisotropy": 32.4829, "tensor": [[12.6517, 295.8601, 10.2206]], "eigenvalues": [268.0238, 285.2834, 309.1365]}, "5": {"type": "H", "Isotropic": 26.3898, "Anisotropy": 29.2723, "tensor": [], "eigenvalues": [14.8879, 18.3769, 45.9046]}, "6": {"type": "H", "Isotropic": 26.3002, "Anisotropy": 27.8578, "tensor": [[17.3058, 1.428, 0.3329], [2.0678, 31.8774, 13.8778], [1.0483, 13.9651, 29.7174]], "eigenvalues": [16.3118, 17.7167, 44.8721]}, "7": {"type": "O", "Isotropic": 295.278, "Anisotropy": 37.5359, "tensor": [[1.3534, 281.6886, 0.262]], "eigenvalues": [281.3621, 284.1699, 320.3019]}, "8": {"type": "H", "Isotropic": 27.491, "Anisotropy": 26.4926, "tensor": [], "eigenvalues": [18.1503, 19.17, 45.1527]}, "9": {"type": "H", "Isotropic": 27.4975, "Anisotropy": 26.948, "tensor": [], "eigenvalues": [17.8697, 19.16, 45.4628]}, "10": {"type": "H", "Isotropic": 29.9184, "Anisotropy": 19.8866, "tensor": [[38.5787, 7.792, 4.0843], [7.0696, 25.6681, 2.7173], [3.6208, 2.6485, 25.5085]], "eigenvalues": [21.9903, 24.5889, 43.1761]}, "11": {"type": "O", "Isotropic": 296.3745, "Anisotropy": 37.6564, "tensor": [[294.9539, 7.8798, 4.9613], [9.3392, 287.9323, 16.8524], [8.6314, 19.4862, 306.2373]], "eigenvalues": [275.8818, 291.7629, 321.4788]}, "12": {"type": "H", "Isotropic": 24.9728, "Anisotropy": 32.0333, "tensor": [[0.2944, 21.5091, 14.8959]], "eigenvalues": [12.3167, 16.2734, 46.3284]}, "13": {"type": "H", "Isotropic": 30.5403, "Anisotropy": 19.1853, "tensor": [], "eigenvalues": [23.7112, 24.5793, 43.3305]}, "14": {"type": "O", "Isotropic": 307.798, "Anisotropy": 51.6626, "tensor": [[12.1409, 326.056, 18.8603]], "eigenvalues": [280.2165, 300.9379, 342.2397]}, "15": {"type": "H", "Isotropic": 26.1627, "Anisotropy": 31.2373, "tensor": [[16.7018, 4.3585, 3.5418], [4.2503, 23.9519, 12.9264], [3.6991, 14.0121, 37.8343]], "eigenvalues": [13.9867, 17.5138, 46.9876]}, "16": {"type": "H", "Isotropic": 25.9224, "Anisotropy": 31.7588, "tensor": [], "eigenvalues": [13.3657, 17.3065, 47.095]}, "17": {"type": "H", "Isotropic": 30.3893, "Anisotropy": 20.498, "tensor": [[25.6449, 0.4998, 5.4275], [0.498, 22.8396, 0.1879]], "eigenvalues": [22.698, 24.4152, 44.0547]}, "18": {"type": "O", "Isotropic": 306.0482, "Anisotropy": 48.8993, "tensor": [], "eigenvalues": [276.9378, 302.5591, 338.6477]}, "19": {"type": "H", "Isotropic": 24.6783, "Anisotropy": 32.2045, "tensor": [], "eigenvalues": [12.042, 15.845, 46.148]}, "20": {"type": "O", "Isotropic": 296.0599, "Anisotropy": 39.7084, "tensor": [], "eigenvalues": [276.5831, 289.0644, 322.5321]}, "21": {"type": "H", "Isotropic": 30.0208, "Anisotropy": 20.7005, "tensor": [], "eigenvalues": [22.4671, 23.7742, 43.8212]}, "22": {"type": "H", "Isotropic": 27.1613, "Anisotropy": 33.1413, "tensor": [], "eigenvalues": [15.4827, 16.7458, 49.2555]}, "23": {"type": "O", "Isotropic": 321.9188, "Anisotropy": 67.8505, "tensor": [], "eigenvalues": [292.6604, 305.9436, 367.1525]}, "24": {"type": "H", "Isotropic": 31.2211, "Anisotropy": 18.9731, "tensor": [], "eigenvalues": [23.6022, 26.1913, 43.8699]}}, "output": {"energies": [-611.512352549], "final_energy": -611.512352549, "final_energy_per_atom": -25.47968135620833, "molecule": {"charge": 0.0, "spin_multiplicity": 1, "sites": [{"name": "O", "species": [{"element": "O", "occu": 1}], "xyz": [-0.294527, 0.804697, 0.422395], "properties": {}}, {"name": "H", "species": [{"element": "H", "occu": 1}], "xyz": [-0.220515, -0.154093, 0.399037], "properties": {}}, {"name": "H", "species": [{"element": "H", "occu": 1}], "xyz": [-1.226187, 1.031424, 0.175728], "properties": {}}, {"name": "O", "species": [{"element": "O", "occu": 1}], "xyz": [-2.762001, 1.709435, -0.044272], "properties": {}}, {"name": "H", "species": [{"element": "H", "occu": 1}], "xyz": [-3.466574, 1.154501, 0.337683], "properties": {}}, {"name": "H", "species": [{"element": "H", "occu": 1}], "xyz": [-2.735524, 2.482505, 0.55205], "properties": {}}, {"name": "O", "species": [{"element": "O", "occu": 1}], "xyz": [-2.584872, 3.57534, 2.020807], "properties": {}}, {"name": "H", "species": [{"element": "H", "occu": 1}], "xyz": [-1.724308, 3.285309, 2.36475], "properties": {}}, {"name": "H", "species": [{"element": "H", "occu": 1}], "xyz": [-3.236513, 3.19347, 2.631255], "properties": {}}, {"name": "H", "species": [{"element": "H", "occu": 1}], "xyz": [0.652154, 2.586872, 2.969415], "properties": {}}, {"name": "O", "species": [{"element": "O", "occu": 1}], "xyz": [-0.207883, 2.200368, 2.7785], "properties": {}}, {"name": "H", "species": [{"element": "H", "occu": 1}], "xyz": [-0.099634, 1.646318, 1.977882], "properties": {}}, {"name": "H", "species": [{"element": "H", "occu": 1}], "xyz": [-4.821452, -0.488295, 1.609656], "properties": {}}, {"name": "O", "species": [{"element": "O", "occu": 1}], "xyz": [-4.7745, 0.452554, 1.419704], "properties": {}}, {"name": "H", "species": [{"element": "H", "occu": 1}], "xyz": [-4.657964, 0.895023, 2.280654], "properties": {}}, {"name": "H", "species": [{"element": "H", "occu": 1}], "xyz": [-1.160826, 1.395693, 4.092482], "properties": {}}, {"name": "H", "species": [{"element": "H", "occu": 1}], "xyz": [-1.537347, 1.111354, 5.56913], "properties": {}}, {"name": "O", "species": [{"element": "O", "occu": 1}], "xyz": [-1.84448, 1.000276, 4.665117], "properties": {}}, {"name": "H", "species": [{"element": "H", "occu": 1}], "xyz": [-3.424947, 1.571484, 4.192493], "properties": {}}, {"name": "O", "species": [{"element": "O", "occu": 1}], "xyz": [-4.191975, 1.935659, 3.699626], "properties": {}}, {"name": "H", "species": [{"element": "H", "occu": 1}], "xyz": [-4.846209, 2.202386, 4.352137], "properties": {}}, {"name": "H", "species": [{"element": "H", "occu": 1}], "xyz": [1.028805, 1.797519, -0.417186], "properties": {}}, {"name": "O", "species": [{"element": "O", "occu": 1}], "xyz": [1.749136, 2.352197, -0.758543], "properties": {}}, {"name": "H", "species": [{"element": "H", "occu": 1}], "xyz": [1.444412, 2.65642, -1.61687], "properties": {}}]}, "stationary_type": "Minimum", "corrections": {}, "tensor": {"1": {"type": "O", "Isotropic": 289.6413, "Anisotropy": 40.8765, "tensor": [[3.7531, 1.4997, 273.8654]], "eigenvalues": [272.0753, 279.9564, 316.8923]}, "2": {"type": "H", "Isotropic": 29.9855, "Anisotropy": 18.4622, "tensor": [], "eigenvalues": [23.1178, 24.5451, 42.2936]}, "3": {"type": "H", "Isotropic": 23.2779, "Anisotropy": 35.2431, "tensor": [], "eigenvalues": [10.3955, 12.665, 46.7734]}, "4": {"type": "O", "Isotropic": 287.4813, "Anisotropy": 32.4829, "tensor": [[12.6517, 295.8601, 10.2206]], "eigenvalues": [268.0238, 285.2834, 309.1365]}, "5": {"type": "H", "Isotropic": 26.3898, "Anisotropy": 29.2723, "tensor": [], "eigenvalues": [14.8879, 18.3769, 45.9046]}, "6": {"type": "H", "Isotropic": 26.3002, "Anisotropy": 27.8578, "tensor": [[17.3058, 1.428, 0.3329], [2.0678, 31.8774, 13.8778], [1.0483, 13.9651, 29.7174]], "eigenvalues": [16.3118, 17.7167, 44.8721]}, "7": {"type": "O", "Isotropic": 295.278, "Anisotropy": 37.5359, "tensor": [[1.3534, 281.6886, 0.262]], "eigenvalues": [281.3621, 284.1699, 320.3019]}, "8": {"type": "H", "Isotropic": 27.491, "Anisotropy": 26.4926, "tensor": [], "eigenvalues": [18.1503, 19.17, 45.1527]}, "9": {"type": "H", "Isotropic": 27.4975, "Anisotropy": 26.948, "tensor": [], "eigenvalues": [17.8697, 19.16, 45.4628]}, "10": {"type": "H", "Isotropic": 29.9184, "Anisotropy": 19.8866, "tensor": [[38.5787, 7.792, 4.0843], [7.0696, 25.6681, 2.7173], [3.6208, 2.6485, 25.5085]], "eigenvalues": [21.9903, 24.5889, 43.1761]}, "11": {"type": "O", "Isotropic": 296.3745, "Anisotropy": 37.6564, "tensor": [[294.9539, 7.8798, 4.9613], [9.3392, 287.9323, 16.8524], [8.6314, 19.4862, 306.2373]], "eigenvalues": [275.8818, 291.7629, 321.4788]}, "12": {"type": "H", "Isotropic": 24.9728, "Anisotropy": 32.0333, "tensor": [[0.2944, 21.5091, 14.8959]], "eigenvalues": [12.3167, 16.2734, 46.3284]}, "13": {"type": "H", "Isotropic": 30.5403, "Anisotropy": 19.1853, "tensor": [], "eigenvalues": [23.7112, 24.5793, 43.3305]}, "14": {"type": "O", "Isotropic": 307.798, "Anisotropy": 51.6626, "tensor": [[12.1409, 326.056, 18.8603]], "eigenvalues": [280.2165, 300.9379, 342.2397]}, "15": {"type": "H", "Isotropic": 26.1627, "Anisotropy": 31.2373, "tensor": [[16.7018, 4.3585, 3.5418], [4.2503, 23.9519, 12.9264], [3.6991, 14.0121, 37.8343]], "eigenvalues": [13.9867, 17.5138, 46.9876]}, "16": {"type": "H", "Isotropic": 25.9224, "Anisotropy": 31.7588, "tensor": [], "eigenvalues": [13.3657, 17.3065, 47.095]}, "17": {"type": "H", "Isotropic": 30.3893, "Anisotropy": 20.498, "tensor": [[25.6449, 0.4998, 5.4275], [0.498, 22.8396, 0.1879]], "eigenvalues": [22.698, 24.4152, 44.0547]}, "18": {"type": "O", "Isotropic": 306.0482, "Anisotropy": 48.8993, "tensor": [], "eigenvalues": [276.9378, 302.5591, 338.6477]}, "19": {"type": "H", "Isotropic": 24.6783, "Anisotropy": 32.2045, "tensor": [], "eigenvalues": [12.042, 15.845, 46.148]}, "20": {"type": "O", "Isotropic": 296.0599, "Anisotropy": 39.7084, "tensor": [], "eigenvalues": [276.5831, 289.0644, 322.5321]}, "21": {"type": "H", "Isotropic": 30.0208, "Anisotropy": 20.7005, "tensor": [], "eigenvalues": [22.4671, 23.7742, 43.8212]}, "22": {"type": "H", "Isotropic": 27.1613, "Anisotropy": 33.1413, "tensor": [], "eigenvalues": [15.4827, 16.7458, 49.2555]}, "23": {"type": "O", "Isotropic": 321.9188, "Anisotropy": 67.8505, "tensor": [], "eigenvalues": [292.6604, 305.9436, 367.1525]}, "24": {"type": "H", "Isotropic": 31.2211, "Anisotropy": 18.9731, "tensor": [], "eigenvalues": [23.6022, 26.1913, 43.8699]}}}}, "functional": "M062X", "basis": "6-311++G**", "phase": "solution", "type": "scrf;nmr", "smiles": "O.O.O.O.O.O.O.O", "formula": "H16 O8", "formula_pretty": "H2O", "formula_anonymous": "AB2", "formula_alphabetical": "H16 O8", "chemsys": "H-O", "nsites": 24, "nelements": 2, "is_ordered": true, "is_valid": true, "tag": "unknown", "wall_time (s)": 44.62293395027518, "last_updated": "2021-02-11T20:13:27.053426", "_id": null}