{"input": {"molecule": {"charge": 0, "spin_multiplicity": 1, "sites": [{"name": "O", "species": [{"element": "O", "occu": 1}], "xyz": [-0.386107, 0.995646, -0.367697], "properties": {}}, {"name": "H", "species": [{"element": "H", "occu": 1}], "xyz": [-0.047384, 0.096575, -0.357026], "properties": {}}, {"name": "H", "species": [{"element": "H", "occu": 1}], "xyz": [-1.360201, 0.924, -0.420747], "properties": {}}, {"name": "O", "species": [{"element": "O", "occu": 1}], "xyz": [-3.124319, 1.209253, -0.234007], "properties": {}}, {"name": "H", "species": [{"element": "H", "occu": 1}], "xyz": [-3.374893, 0.897026, 0.650797], "properties": {}}, {"name": "H", "species": [{"element": "H", "occu": 1}], "xyz": [-3.181288, 2.171882, -0.123086], "properties": {}}, {"name": "O", "species": [{"element": "O", "occu": 1}], "xyz": [-3.101967, 3.662264, 1.226918], "properties": {}}, {"name": "H", "species": [{"element": "H", "occu": 1}], "xyz": [-2.1659, 3.476152, 1.429865], "properties": {}}, {"name": "H", "species": [{"element": "H", "occu": 1}], "xyz": [-3.572476, 3.065393, 1.826081], "properties": {}}, {"name": "H", "species": [{"element": "H", "occu": 1}], "xyz": [-0.689367, 2.14085, 2.612307], "properties": {}}, {"name": "O", "species": [{"element": "O", "occu": 1}], "xyz": [-0.540309, 2.701238, 1.836454], "properties": {}}, {"name": "H", "species": [{"element": "H", "occu": 1}], "xyz": [-0.343816, 2.084523, 1.108182], "properties": {}}, {"name": "H", "species": [{"element": "H", "occu": 1}], "xyz": [-2.966458, 1.020419, 3.125434], "properties": {}}, {"name": "O", "species": [{"element": "O", "occu": 1}], "xyz": [-3.724809, 1.163598, 2.532344], "properties": {}}, {"name": "H", "species": [{"element": "H", "occu": 1}], "xyz": [-4.487641, 0.777366, 2.972632], "properties": {}}, {"name": "H", "species": [{"element": "H", "occu": 1}], "xyz": [-0.905887, 0.147466, 4.108865], "properties": {}}, {"name": "H", "species": [{"element": "H", "occu": 1}], "xyz": [-1.350453, 1.379207, 4.908753], "properties": {}}, {"name": "O", "species": [{"element": "O", "occu": 1}], "xyz": [-1.349703, 0.998412, 4.023662], "properties": {}}]}, "functional": "M062X", "basis_set": "6-311++G**", "route_parameters": {"NMR": "GIAO", "iop(7/33=1)": null, "int": "ultrafine", "EmpiricalDispersion": "GD3", "NoSymmetry": null, "test": null, "SCRF": "(Solvent=Water)"}, "title": "H12 O6", "charge": 0, "spin_multiplicity": 1, "input_parameters": {}, "link0_parameters": {"%chk": "checkpoint.chk", "%mem": "100GB", "%NProcShared": "24"}, "dieze_tag": "#P", "nbasisfunctions": 216, "pcm_parameters": {}}, "output": {"has_gaussian_completed": true, "is_pcm": true, "errors": [], "Mulliken_charges": {"1": ["O", -0.679059], "2": ["H", 0.311773], "3": ["H", 0.366189], "4": ["O", -0.695415], "5": ["H", 0.357319], "6": ["H", 0.341395], "7": ["O", -0.689868], "8": ["H", 0.372162], "9": ["H", 0.326044], "10": ["H", 0.342742], "11": ["O", -0.727007], "12": ["H", 0.367417], "13": ["H", 0.348248], "14": ["O", -0.71569], "15": ["H", 0.335146], "16": ["H", 0.325062], "17": ["H", 0.326663], "18": ["O", -0.613119]}, "tensor": {"1": {"type": "O", "Isotropic": 305.6408, "Anisotropy": 57.3243, "tensor": [], "eigenvalues": [278.0655, 294.9999, 343.857]}, "2": {"type": "H", "Isotropic": 30.6128, "Anisotropy": 19.4773, "tensor": [], "eigenvalues": [23.8859, 24.3548, 43.5977]}, "3": {"type": "H", "Isotropic": 25.6194, "Anisotropy": 31.5674, "tensor": [], "eigenvalues": [13.1307, 17.0633, 46.6644]}, "4": {"type": "O", "Isotropic": 290.2289, "Anisotropy": 22.8738, "tensor": [], "eigenvalues": [272.3143, 292.8943, 305.4782]}, "5": {"type": "H", "Isotropic": 27.629, "Anisotropy": 24.8944, "tensor": [], "eigenvalues": [17.538, 21.1237, 44.2252]}, "6": {"type": "H", "Isotropic": 28.1349, "Anisotropy": 21.682, "tensor": [[0.2566, 4.9122, 24.0963]], "eigenvalues": [18.8456, 22.9696, 42.5895]}, "7": {"type": "O", "Isotropic": 295.4281, "Anisotropy": 35.568, "tensor": [], "eigenvalues": [273.5926, 293.5517, 319.1401]}, "8": {"type": "H", "Isotropic": 26.5716, "Anisotropy": 28.5047, "tensor": [], "eigenvalues": [15.498, 18.6421, 45.5747]}, "9": {"type": "H", "Isotropic": 29.0691, "Anisotropy": 21.6159, "tensor": [], "eigenvalues": [20.1483, 23.5794, 43.4797]}, "10": {"type": "H", "Isotropic": 27.9747, "Anisotropy": 27.1475, "tensor": [], "eigenvalues": [17.9904, 19.8607, 46.073]}, "11": {"type": "O", "Isotropic": 296.935, "Anisotropy": 43.7544, "tensor": [], "eigenvalues": [278.3659, 286.3345, 326.1045]}, "12": {"type": "H", "Isotropic": 26.4939, "Anisotropy": 29.5939, "tensor": [], "eigenvalues": [15.8255, 17.433, 46.2231]}, "13": {"type": "H", "Isotropic": 26.4789, "Anisotropy": 30.1182, "tensor": [], "eigenvalues": [13.9052, 18.9737, 46.5577]}, "14": {"type": "O", "Isotropic": 303.7203, "Anisotropy": 40.4184, "tensor": [[328.3437, 8.5025, 5.08]], "eigenvalues": [279.4315, 301.0635, 330.6659]}, "15": {"type": "H", "Isotropic": 30.2316, "Anisotropy": 20.9751, "tensor": [], "eigenvalues": [22.2591, 24.2207, 44.215]}, "16": {"type": "H", "Isotropic": 29.5931, "Anisotropy": 19.3848, "tensor": [], "eigenvalues": [22.0204, 24.2426, 42.5163]}, "17": {"type": "H", "Isotropic": 29.571, "Anisotropy": 20.0503, "tensor": [[0.2308, 7.5004, 40.2007]], "eigenvalues": [22.0144, 23.7607, 42.9378]}, "18": {"type": "O", "Isotropic": 310.1224, "Anisotropy": 25.1813, "tensor": [[0.6169, 8.8911, 314.4009]], "eigenvalues": [292.9987, 310.4587, 326.91]}}, "output": {"energies": [-458.629464277], "final_energy": -458.629464277, "final_energy_per_atom": -25.479414682055555, "molecule": {"charge": 0.0, "spin_multiplicity": 1, "sites": [{"name": "O", "species": [{"element": "O", "occu": 1}], "xyz": [-0.386107, 0.995646, -0.367697], "properties": {}}, {"name": "H", "species": [{"element": "H", "occu": 1}], "xyz": [-0.047384, 0.096575, -0.357026], "properties": {}}, {"name": "H", "species": [{"element": "H", "occu": 1}], "xyz": [-1.360201, 0.924, -0.420747], "properties": {}}, {"name": "O", "species": [{"element": "O", "occu": 1}], "xyz": [-3.124319, 1.209253, -0.234007], "properties": {}}, {"name": "H", "species": [{"element": "H", "occu": 1}], "xyz": [-3.374893, 0.897026, 0.650797], "properties": {}}, {"name": "H", "species": [{"element": "H", "occu": 1}], "xyz": [-3.181288, 2.171882, -0.123086], "properties": {}}, {"name": "O", "species": [{"element": "O", "occu": 1}], "xyz": [-3.101967, 3.662264, 1.226918], "properties": {}}, {"name": "H", "species": [{"element": "H", "occu": 1}], "xyz": [-2.1659, 3.476152, 1.429865], "properties": {}}, {"name": "H", "species": [{"element": "H", "occu": 1}], "xyz": [-3.572476, 3.065393, 1.826081], "properties": {}}, {"name": "H", "species": [{"element": "H", "occu": 1}], "xyz": [-0.689367, 2.14085, 2.612307], "properties": {}}, {"name": "O", "species": [{"element": "O", "occu": 1}], "xyz": [-0.540309, 2.701238, 1.836454], "properties": {}}, {"name": "H", "species": [{"element": "H", "occu": 1}], "xyz": [-0.343816, 2.084523, 1.108182], "properties": {}}, {"name": "H", "species": [{"element": "H", "occu": 1}], "xyz": [-2.966458, 1.020419, 3.125434], "properties": {}}, {"name": "O", "species": [{"element": "O", "occu": 1}], "xyz": [-3.724809, 1.163598, 2.532344], "properties": {}}, {"name": "H", "species": [{"element": "H", "occu": 1}], "xyz": [-4.487641, 0.777366, 2.972632], "properties": {}}, {"name": "H", "species": [{"element": "H", "occu": 1}], "xyz": [-0.905887, 0.147466, 4.108865], "properties": {}}, {"name": "H", "species": [{"element": "H", "occu": 1}], "xyz": [-1.350453, 1.379207, 4.908753], "properties": {}}, {"name": "O", "species": [{"element": "O", "occu": 1}], "xyz": [-1.349703, 0.998412, 4.023662], "properties": {}}]}, "stationary_type": "Minimum", "corrections": {}, "tensor": {"1": {"type": "O", "Isotropic": 305.6408, "Anisotropy": 57.3243, "tensor": [], "eigenvalues": [278.0655, 294.9999, 343.857]}, "2": {"type": "H", "Isotropic": 30.6128, "Anisotropy": 19.4773, "tensor": [], "eigenvalues": [23.8859, 24.3548, 43.5977]}, "3": {"type": "H", "Isotropic": 25.6194, "Anisotropy": 31.5674, "tensor": [], "eigenvalues": [13.1307, 17.0633, 46.6644]}, "4": {"type": "O", "Isotropic": 290.2289, "Anisotropy": 22.8738, "tensor": [], "eigenvalues": [272.3143, 292.8943, 305.4782]}, "5": {"type": "H", "Isotropic": 27.629, "Anisotropy": 24.8944, "tensor": [], "eigenvalues": [17.538, 21.1237, 44.2252]}, "6": {"type": "H", "Isotropic": 28.1349, "Anisotropy": 21.682, "tensor": [[0.2566, 4.9122, 24.0963]], "eigenvalues": [18.8456, 22.9696, 42.5895]}, "7": {"type": "O", "Isotropic": 295.4281, "Anisotropy": 35.568, "tensor": [], "eigenvalues": [273.5926, 293.5517, 319.1401]}, "8": {"type": "H", "Isotropic": 26.5716, "Anisotropy": 28.5047, "tensor": [], "eigenvalues": [15.498, 18.6421, 45.5747]}, "9": {"type": "H", "Isotropic": 29.0691, "Anisotropy": 21.6159, "tensor": [], "eigenvalues": [20.1483, 23.5794, 43.4797]}, "10": {"type": "H", "Isotropic": 27.9747, "Anisotropy": 27.1475, "tensor": [], "eigenvalues": [17.9904, 19.8607, 46.073]}, "11": {"type": "O", "Isotropic": 296.935, "Anisotropy": 43.7544, "tensor": [], "eigenvalues": [278.3659, 286.3345, 326.1045]}, "12": {"type": "H", "Isotropic": 26.4939, "Anisotropy": 29.5939, "tensor": [], "eigenvalues": [15.8255, 17.433, 46.2231]}, "13": {"type": "H", "Isotropic": 26.4789, "Anisotropy": 30.1182, "tensor": [], "eigenvalues": [13.9052, 18.9737, 46.5577]}, "14": {"type": "O", "Isotropic": 303.7203, "Anisotropy": 40.4184, "tensor": [[328.3437, 8.5025, 5.08]], "eigenvalues": [279.4315, 301.0635, 330.6659]}, "15": {"type": "H", "Isotropic": 30.2316, "Anisotropy": 20.9751, "tensor": [], "eigenvalues": [22.2591, 24.2207, 44.215]}, "16": {"type": "H", "Isotropic": 29.5931, "Anisotropy": 19.3848, "tensor": [], "eigenvalues": [22.0204, 24.2426, 42.5163]}, "17": {"type": "H", "Isotropic": 29.571, "Anisotropy": 20.0503, "tensor": [[0.2308, 7.5004, 40.2007]], "eigenvalues": [22.0144, 23.7607, 42.9378]}, "18": {"type": "O", "Isotropic": 310.1224, "Anisotropy": 25.1813, "tensor": [[0.6169, 8.8911, 314.4009]], "eigenvalues": [292.9987, 310.4587, 326.91]}}}}, "functional": "M062X", "basis": "6-311++G**", "phase": "solution", "type": "nmr;scrf", "smiles": "O.O.O.O.O.O", "formula": "H12 O6", "formula_pretty": "H2O", "formula_anonymous": "AB2", "formula_alphabetical": "H12 O6", "chemsys": "H-O", "nsites": 18, "nelements": 2, "is_ordered": true, "is_valid": true, "tag": "unknown", "wall_time (s)": 26.062234222888947, "last_updated": "2021-02-09T23:06:32.128907", "_id": null}