{"input": {"molecule": {"charge": 0, "spin_multiplicity": 1, "sites": [{"name": "O", "species": [{"element": "O", "occu": 1}], "xyz": [-0.40795, 1.344285, 0.454769], "properties": {}}, {"name": "H", "species": [{"element": "H", "occu": 1}], "xyz": [-0.016659, 0.7247, -0.165761], "properties": {}}, {"name": "H", "species": [{"element": "H", "occu": 1}], "xyz": [-1.366429, 1.249147, 0.334936], "properties": {}}, {"name": "O", "species": [{"element": "O", "occu": 1}], "xyz": [-3.201052, 1.085924, 0.121347], "properties": {}}, {"name": "H", "species": [{"element": "H", "occu": 1}], "xyz": [-3.697415, 1.815558, -0.261558], "properties": {}}, {"name": "H", "species": [{"element": "H", "occu": 1}], "xyz": [-3.739414, 0.769297, 0.853036], "properties": {}}]}, "functional": "M062X", "basis_set": "6-311++G**", "route_parameters": {"NMR": "GIAO", "iop(7/33=1)": null, "int": "ultrafine", "EmpiricalDispersion": "GD3", "NoSymmetry": null, "test": null, "SCRF": "(Solvent=Water)"}, "title": "H4 O2", "charge": 0, "spin_multiplicity": 1, "input_parameters": {}, "link0_parameters": {"%chk": "checkpoint.chk", "%mem": "100GB", "%NProcShared": "28"}, "dieze_tag": "#P", "nbasisfunctions": 72, "pcm_parameters": {}}, "output": {"has_gaussian_completed": true, "is_pcm": true, "errors": [], "Mulliken_charges": {"1": ["O", -0.648513], "2": ["H", 0.289846], "3": ["H", 0.352906], "4": ["O", -0.627593], "5": ["H", 0.316662], "6": ["H", 0.316692]}, "tensor": {"1": {"type": "O", "Isotropic": 323.2933, "Anisotropy": 64.6877, "tensor": [], "eigenvalues": [294.7343, 308.7271, 366.4184]}, "2": {"type": "H", "Isotropic": 31.2089, "Anisotropy": 19.0817, "tensor": [], "eigenvalues": [23.8158, 25.8809, 43.9301]}, "3": {"type": "H", "Isotropic": 27.1637, "Anisotropy": 32.3817, "tensor": [[48.4855, 1.1671, 2.0253], [1.9719, 16.4469, 0.9322], [2.8266, 0.9093, 16.5588]], "eigenvalues": [15.5709, 17.1687, 48.7516]}, "4": {"type": "O", "Isotropic": 319.5264, "Anisotropy": 39.7589, "tensor": [], "eigenvalues": [295.2252, 317.3217, 346.0323]}, "5": {"type": "H", "Isotropic": 30.1274, "Anisotropy": 19.5458, "tensor": [], "eigenvalues": [22.7315, 24.4928, 43.1579]}, "6": {"type": "H", "Isotropic": 30.1221, "Anisotropy": 19.5703, "tensor": [], "eigenvalues": [22.7237, 24.4737, 43.169]}}, "output": {"energies": [-152.865732894], "final_energy": -152.865732894, "final_energy_per_atom": -25.477622149, "molecule": {"charge": 0.0, "spin_multiplicity": 1, "sites": [{"name": "O", "species": [{"element": "O", "occu": 1}], "xyz": [-0.40795, 1.344285, 0.454769], "properties": {}}, {"name": "H", "species": [{"element": "H", "occu": 1}], "xyz": [-0.016659, 0.7247, -0.165761], "properties": {}}, {"name": "H", "species": [{"element": "H", "occu": 1}], "xyz": [-1.366429, 1.249147, 0.334936], "properties": {}}, {"name": "O", "species": [{"element": "O", "occu": 1}], "xyz": [-3.201052, 1.085924, 0.121347], "properties": {}}, {"name": "H", "species": [{"element": "H", "occu": 1}], "xyz": [-3.697415, 1.815558, -0.261558], "properties": {}}, {"name": "H", "species": [{"element": "H", "occu": 1}], "xyz": [-3.739414, 0.769297, 0.853036], "properties": {}}]}, "stationary_type": "Minimum", "corrections": {}, "tensor": {"1": {"type": "O", "Isotropic": 323.2933, "Anisotropy": 64.6877, "tensor": [], "eigenvalues": [294.7343, 308.7271, 366.4184]}, "2": {"type": "H", "Isotropic": 31.2089, "Anisotropy": 19.0817, "tensor": [], "eigenvalues": [23.8158, 25.8809, 43.9301]}, "3": {"type": "H", "Isotropic": 27.1637, "Anisotropy": 32.3817, "tensor": [[48.4855, 1.1671, 2.0253], [1.9719, 16.4469, 0.9322], [2.8266, 0.9093, 16.5588]], "eigenvalues": [15.5709, 17.1687, 48.7516]}, "4": {"type": "O", "Isotropic": 319.5264, "Anisotropy": 39.7589, "tensor": [], "eigenvalues": [295.2252, 317.3217, 346.0323]}, "5": {"type": "H", "Isotropic": 30.1274, "Anisotropy": 19.5458, "tensor": [], "eigenvalues": [22.7315, 24.4928, 43.1579]}, "6": {"type": "H", "Isotropic": 30.1221, "Anisotropy": 19.5703, "tensor": [], "eigenvalues": [22.7237, 24.4737, 43.169]}}}}, "functional": "M062X", "basis": "6-311++G**", "phase": "solution", "type": "nmr;scrf", "smiles": "O.O", "formula": "H4 O2", "formula_pretty": "H2O", "formula_anonymous": "AB2", "formula_alphabetical": "H4 O2", "chemsys": "H-O", "nsites": 6, "nelements": 2, "is_ordered": true, "is_valid": true, "tag": "unknown", "wall_time (s)": 6.543635152280331, "last_updated": "2021-02-04T08:44:53.461662", "_id": null}