{"input": {"molecule": {"charge": 1, "spin_multiplicity": 1, "sites": [{"name": "Mg", "species": [{"element": "Mg", "occu": 1}], "xyz": [15.383158, 13.109421, 31.823838], "properties": {}}, {"name": "O", "species": [{"element": "O", "occu": 1}], "xyz": [15.175559, 12.657776, 29.805927], "properties": {}}, {"name": "C", "species": [{"element": "C", "occu": 1}], "xyz": [14.01079, 12.076967, 29.177426], "properties": {}}, {"name": "C", "species": [{"element": "C", "occu": 1}], "xyz": [15.927997, 13.532778, 28.933983], "properties": {}}, {"name": "C", "species": [{"element": "C", "occu": 1}], "xyz": [17.180672, 13.936143, 29.680035], "properties": {}}, {"name": "O", "species": [{"element": "O", "occu": 1}], "xyz": [16.76059, 14.418077, 30.974826], "properties": {}}, {"name": "C", "species": [{"element": "C", "occu": 1}], "xyz": [17.779349, 15.157028, 31.683668], "properties": {}}, {"name": "H", "species": [{"element": "H", "occu": 1}], "xyz": [13.527584, 11.458187, 29.931361], "properties": {}}, {"name": "H", "species": [{"element": "H", "occu": 1}], "xyz": [14.327174, 11.46337, 28.32881], "properties": {}}, {"name": "H", "species": [{"element": "H", "occu": 1}], "xyz": [15.309701, 14.405104, 28.69312], "properties": {}}, {"name": "H", "species": [{"element": "H", "occu": 1}], "xyz": [16.189116, 12.998975, 28.014313], "properties": {}}, {"name": "H", "species": [{"element": "H", "occu": 1}], "xyz": [17.699259, 14.7324, 29.136399], "properties": {}}, {"name": "H", "species": [{"element": "H", "occu": 1}], "xyz": [17.857344, 13.085965, 29.825994], "properties": {}}, {"name": "H", "species": [{"element": "H", "occu": 1}], "xyz": [18.675789, 14.538973, 31.800981], "properties": {}}, {"name": "H", "species": [{"element": "H", "occu": 1}], "xyz": [17.359541, 15.408798, 32.65573], "properties": {}}, {"name": "H", "species": [{"element": "H", "occu": 1}], "xyz": [18.018445, 16.066976, 31.125816], "properties": {}}, {"name": "H", "species": [{"element": "H", "occu": 1}], "xyz": [13.333713, 12.869749, 28.84283], "properties": {}}, {"name": "O", "species": [{"element": "O", "occu": 1}], "xyz": [16.7994, 11.651393, 32.224741], "properties": {}}, {"name": "C", "species": [{"element": "C", "occu": 1}], "xyz": [17.688401, 11.70492, 33.367273], "properties": {}}, {"name": "C", "species": [{"element": "C", "occu": 1}], "xyz": [16.166754, 10.36508, 32.005551], "properties": {}}, {"name": "C", "species": [{"element": "C", "occu": 1}], "xyz": [14.828821, 10.327419, 32.721759], "properties": {}}, {"name": "O", "species": [{"element": "O", "occu": 1}], "xyz": [14.128114, 11.533465, 32.33445], "properties": {}}, {"name": "C", "species": [{"element": "C", "occu": 1}], "xyz": [12.755829, 11.583248, 32.786437], "properties": {}}, {"name": "H", "species": [{"element": "H", "occu": 1}], "xyz": [18.528789, 11.026894, 33.195943], "properties": {}}, {"name": "H", "species": [{"element": "H", "occu": 1}], "xyz": [17.15178, 11.443209, 34.280796], "properties": {}}, {"name": "H", "species": [{"element": "H", "occu": 1}], "xyz": [16.822216, 9.559588, 32.347666], "properties": {}}, {"name": "H", "species": [{"element": "H", "occu": 1}], "xyz": [16.033426, 10.28878, 30.924079], "properties": {}}, {"name": "H", "species": [{"element": "H", "occu": 1}], "xyz": [14.932232, 10.322093, 33.809824], "properties": {}}, {"name": "H", "species": [{"element": "H", "occu": 1}], "xyz": [14.251548, 9.452465, 32.402315], "properties": {}}, {"name": "H", "species": [{"element": "H", "occu": 1}], "xyz": [12.715132, 11.409251, 33.863942], "properties": {}}, {"name": "H", "species": [{"element": "H", "occu": 1}], "xyz": [12.172618, 10.826008, 32.253587], "properties": {}}, {"name": "H", "species": [{"element": "H", "occu": 1}], "xyz": [12.383268, 12.581091, 32.550608], "properties": {}}, {"name": "H", "species": [{"element": "H", "occu": 1}], "xyz": [18.04499, 12.732749, 33.4335], "properties": {}}, {"name": "N", "species": [{"element": "N", "occu": 1}], "xyz": [14.971362, 12.568153, 35.22918], "properties": {}}, {"name": "S", "species": [{"element": "S", "occu": 1}], "xyz": [14.287451, 11.837266, 36.529803], "properties": {}}, {"name": "O", "species": [{"element": "O", "occu": 1}], "xyz": [13.617847, 12.725634, 37.482551], "properties": {}}, {"name": "O", "species": [{"element": "O", "occu": 1}], "xyz": [13.629929, 10.609171, 36.071495], "properties": {}}, {"name": "C", "species": [{"element": "C", "occu": 1}], "xyz": [15.863595, 11.2458, 37.383146], "properties": {}}, {"name": "F", "species": [{"element": "F", "occu": 1}], "xyz": [15.533396, 10.560879, 38.482553], "properties": {}}, {"name": "F", "species": [{"element": "F", "occu": 1}], "xyz": [16.625377, 12.292184, 37.725125], "properties": {}}, {"name": "F", "species": [{"element": "F", "occu": 1}], "xyz": [16.562299, 10.447529, 36.561498], "properties": {}}, {"name": "S", "species": [{"element": "S", "occu": 1}], "xyz": [14.780565, 14.101217, 34.861392], "properties": {}}, {"name": "O", "species": [{"element": "O", "occu": 1}], "xyz": [13.48354, 14.723644, 35.1117], "properties": {}}, {"name": "O", "species": [{"element": "O", "occu": 1}], "xyz": [15.342822, 14.246539, 33.474137], "properties": {}}, {"name": "C", "species": [{"element": "C", "occu": 1}], "xyz": [16.049135, 15.103243, 35.841314], "properties": {}}, {"name": "F", "species": [{"element": "F", "occu": 1}], "xyz": [17.271679, 14.590872, 35.64914], "properties": {}}, {"name": "F", "species": [{"element": "F", "occu": 1}], "xyz": [16.030905, 16.371035, 35.41793], "properties": {}}, {"name": "F", "species": [{"element": "F", "occu": 1}], "xyz": [15.7466, 15.058023, 37.139109], "properties": {}}]}, "functional": "B3LYP", "basis_set": "6-31+G*", "route_parameters": {"NMR": "GIAO", "iop(7/33=1)": null, "int": "ultrafine", "EmpiricalDispersion": "GD3", "NoSymmetry": null, "test": null, "SCRF": "(Solvent=TetraHydroFuran)"}, "title": "Mg1 H20 C10 S2 N1 O8 F6", "charge": 1, "spin_multiplicity": 1, "input_parameters": {}, "link0_parameters": {"%chk": "checkpoint.chk", "%mem": "100GB", "%NProcShared": "28"}, "dieze_tag": "#P", "nbasisfunctions": 584, "pcm_parameters": {}}, "output": {"has_gaussian_completed": true, "is_pcm": true, "errors": [], "Mulliken_charges": {"1": ["Mg", -0.07924], "2": ["O", -0.280287], "3": ["C", -0.359608], "4": ["C", -0.250256], "5": ["C", -0.049094], "6": ["O", -0.269759], "7": ["C", -0.346178], "8": ["H", 0.255344], "9": ["H", 0.236987], "10": ["H", 0.24319], "11": ["H", 0.243632], "12": ["H", 0.240193], "13": ["H", 0.249638], "14": ["H", 0.230589], "15": ["H", 0.253724], "16": ["H", 0.234314], "17": ["H", 0.233093], "18": ["O", -0.163071], "19": ["C", -0.387953], "20": ["C", -0.27464], "21": ["C", -0.131421], "22": ["O", -0.294388], "23": ["C", -0.364364], "24": ["H", 0.236244], "25": ["H", 0.25181], "26": ["H", 0.247304], "27": ["H", 0.255491], "28": ["H", 0.269783], "29": ["H", 0.238554], "30": ["H", 0.261739], "31": ["H", 0.239088], "32": ["H", 0.236484], "33": ["H", 0.235924], "34": ["N", -0.860017], "35": ["S", 1.12498], "36": ["O", -0.502629], "37": ["O", -0.538127], "38": ["C", 0.949516], "39": ["F", -0.27924], "40": ["F", -0.253347], "41": ["F", -0.26317], "42": ["S", 0.449671], "43": ["O", -0.375254], "44": ["O", -0.44341], "45": ["C", 1.074464], "46": ["F", -0.232239], "47": ["F", -0.253146], "48": ["F", -0.240915]}, "tensor": {"1": {"type": "Mg", "Isotropic": 604.593, "Anisotropy": 12.0001, "tensor": [], "eigenvalues": [596.624, 604.562, 612.5931]}, "2": {"type": "O", "Isotropic": 310.3613, "Anisotropy": 44.4802, "tensor": [[306.2684, 12.4379, 12.2836]], "eigenvalues": [275.9581, 315.1111, 340.0148]}, "3": {"type": "C", "Isotropic": 130.3508, "Anisotropy": 89.616, "tensor": [[159.0714, 32.6021, 26.4728], [30.1108, 116.1746, 15.4778], [30.7331, 16.6667, 115.8064]], "eigenvalues": [99.3166, 101.641, 190.0948]}, "4": {"type": "C", "Isotropic": 118.9192, "Anisotropy": 67.2484, "tensor": [], "eigenvalues": [89.0735, 103.9327, 163.7515]}, "5": {"type": "C", "Isotropic": 120.8215, "Anisotropy": 66.6221, "tensor": [[4.1543, 103.8383, 17.5504]], "eigenvalues": [92.7994, 104.4289, 165.2362]}, "6": {"type": "O", "Isotropic": 311.9495, "Anisotropy": 41.8419, "tensor": [[4.4637, 289.5592, 20.9014]], "eigenvalues": [280.7582, 315.2461, 339.8441]}, "7": {"type": "C", "Isotropic": 129.9935, "Anisotropy": 87.7171, "tensor": [[137.7775, 33.5255, 32.7109], [33.0851, 124.6636, 22.4157], [27.6673, 22.7915, 127.5393]], "eigenvalues": [96.974, 104.5349, 188.4716]}, "8": {"type": "H", "Isotropic": 27.6627, "Anisotropy": 6.3871, "tensor": [[28.2667, 5.157, 0.1537], [2.7069, 0.1367, 29.8586]], "eigenvalues": [21.3654, 29.7019, 31.9208]}, "9": {"type": "H", "Isotropic": 28.284, "Anisotropy": 9.9405, "tensor": [[26.4904, 2.7699, 3.7946], [1.5774, 27.7602, 4.3096], [1.5987, 3.8286, 30.6016]], "eigenvalues": [24.7511, 25.19, 34.911]}, "10": {"type": "H", "Isotropic": 27.9254, "Anisotropy": 8.5244, "tensor": [[25.7386, 1.5334, 0.2441]], "eigenvalues": [23.5546, 26.6132, 33.6083]}, "11": {"type": "H", "Isotropic": 28.2615, "Anisotropy": 8.152, "tensor": [], "eigenvalues": [24.1283, 26.9601, 33.6962]}, "12": {"type": "H", "Isotropic": 28.2969, "Anisotropy": 8.2475, "tensor": [], "eigenvalues": [23.7702, 27.3253, 33.7953]}, "13": {"type": "H", "Isotropic": 27.7632, "Anisotropy": 7.207, "tensor": [], "eigenvalues": [24.871, 25.8506, 32.5678]}, "14": {"type": "H", "Isotropic": 28.5052, "Anisotropy": 7.5788, "tensor": [[32.213, 0.7968, 1.6844]], "eigenvalues": [24.8469, 27.111, 33.5577]}, "15": {"type": "H", "Isotropic": 27.9511, "Anisotropy": 6.9069, "tensor": [[25.8476, 4.2291, 0.2328], [3.3974, 26.5332, 2.881]], "eigenvalues": [21.7331, 29.5646, 32.5558]}, "16": {"type": "H", "Isotropic": 28.4245, "Anisotropy": 9.3784, "tensor": [[1.1213, 0.5092, 26.0619]], "eigenvalues": [24.423, 26.1738, 34.6768]}, "17": {"type": "H", "Isotropic": 28.2967, "Anisotropy": 9.4969, "tensor": [[0.6763, 24.9679, 0.2492]], "eigenvalues": [24.9035, 25.3586, 34.6279]}, "18": {"type": "O", "Isotropic": 327.7613, "Anisotropy": 51.097, "tensor": [[313.3559, 13.2406, 20.2553]], "eigenvalues": [293.7484, 327.7094, 361.8259]}, "19": {"type": "C", "Isotropic": 131.6808, "Anisotropy": 82.474, "tensor": [[135.2915, 2.597, 40.4474], [2.0007, 109.306, 4.252], [44.7005, 8.9432, 150.4449]], "eigenvalues": [99.0013, 109.3776, 186.6634]}, "20": {"type": "C", "Isotropic": 120.529, "Anisotropy": 67.5006, "tensor": [[117.0647, 23.6247, 5.64], [27.461, 148.2228, 18.4175], [4.3747, 8.8109, 96.2995]], "eigenvalues": [92.8244, 103.2331, 165.5294]}, "21": {"type": "C", "Isotropic": 121.5462, "Anisotropy": 71.6015, "tensor": [], "eigenvalues": [92.4118, 102.9462, 169.2805]}, "22": {"type": "O", "Isotropic": 312.6523, "Anisotropy": 28.2743, "tensor": [], "eigenvalues": [279.3243, 327.1308, 331.5018]}, "23": {"type": "C", "Isotropic": 131.1732, "Anisotropy": 84.2547, "tensor": [], "eigenvalues": [101.6873, 104.4893, 187.343]}, "24": {"type": "H", "Isotropic": 28.4286, "Anisotropy": 9.0158, "tensor": [], "eigenvalues": [23.9214, 26.9254, 34.4392]}, "25": {"type": "H", "Isotropic": 27.9288, "Anisotropy": 8.6052, "tensor": [], "eigenvalues": [23.1617, 26.9592, 33.6656]}, "26": {"type": "H", "Isotropic": 28.3123, "Anisotropy": 8.2484, "tensor": [[0.0963, 1.5705, 24.8168]], "eigenvalues": [24.5183, 26.6073, 33.8112]}, "27": {"type": "H", "Isotropic": 27.4651, "Anisotropy": 7.9156, "tensor": [[24.6822, 0.873, 0.7021], [1.1141, 28.4406, 5.0374], [0.1302, 2.452, 29.2726]], "eigenvalues": [24.2978, 25.3554, 32.7421]}, "28": {"type": "H", "Isotropic": 27.5497, "Anisotropy": 5.5386, "tensor": [], "eigenvalues": [24.031, 27.376, 31.242]}, "29": {"type": "H", "Isotropic": 28.4854, "Anisotropy": 7.5803, "tensor": [[2.7968, 33.1824, 1.3774], [0.4507, 0.5036, 25.6641]], "eigenvalues": [25.5145, 26.4028, 33.539]}, "30": {"type": "H", "Isotropic": 27.7467, "Anisotropy": 6.2339, "tensor": [[1.1578, 23.0493, 0.6695]], "eigenvalues": [22.709, 28.6284, 31.9026]}, "31": {"type": "H", "Isotropic": 28.2552, "Anisotropy": 9.5956, "tensor": [[33.217, 4.4605, 1.8041], [2.296, 25.161, 0.9818], [0.3971, 0.5975, 26.3875]], "eigenvalues": [23.875, 26.2383, 34.6523]}, "32": {"type": "H", "Isotropic": 28.2412, "Anisotropy": 8.5504, "tensor": [], "eigenvalues": [24.9998, 25.7823, 33.9415]}, "33": {"type": "H", "Isotropic": 28.5035, "Anisotropy": 5.7542, "tensor": [[29.2051, 2.0796, 2.0706], [1.528, 27.7118, 0.1071], [2.4437, 2.8132, 28.5938]], "eigenvalues": [26.4996, 26.6713, 32.3396]}, "34": {"type": "N", "Isotropic": 95.3167, "Anisotropy": 49.6075, "tensor": [], "eigenvalues": [69.693, 87.8687, 128.3883]}, "35": {"type": "S", "Isotropic": 232.7602, "Anisotropy": 261.7329, "tensor": [[50.1058, 295.7742, 128.9894]], "eigenvalues": [80.8424, 210.1893, 407.2488]}, "36": {"type": "O", "Isotropic": 120.0651, "Anisotropy": 93.0835, "tensor": [[87.846, 27.7656, 5.8956], [14.039, 124.2541, 38.8928]], "eigenvalues": [68.7861, 109.2883, 182.1207]}, "37": {"type": "O", "Isotropic": 106.9125, "Anisotropy": 54.1194, "tensor": [[10.6293, 141.8679, 10.5367]], "eigenvalues": [74.4223, 103.323, 142.9921]}, "38": {"type": "C", "Isotropic": 63.7575, "Anisotropy": 7.7035, "tensor": [[3.2054, 68.1137, 0.8735]], "eigenvalues": [55.5875, 66.7918, 68.8931]}, "39": {"type": "F", "Isotropic": 267.7706, "Anisotropy": 130.583, "tensor": [], "eigenvalues": [199.8295, 248.6563, 354.826]}, "40": {"type": "F", "Isotropic": 263.6121, "Anisotropy": 130.3497, "tensor": [[256.3824, 65.7389, 3.129], [66.9066, 292.407, 31.1046], [7.3655, 31.6552, 242.0468]], "eigenvalues": [199.6561, 240.6683, 350.5118]}, "41": {"type": "F", "Isotropic": 261.5988, "Anisotropy": 133.8372, "tensor": [], "eigenvalues": [197.8139, 236.159, 350.8236]}, "42": {"type": "S", "Isotropic": 230.5655, "Anisotropy": 194.5292, "tensor": [], "eigenvalues": [110.9689, 220.476, 360.2517]}, "43": {"type": "O", "Isotropic": 111.7648, "Anisotropy": 51.6135, "tensor": [], "eigenvalues": [74.6273, 114.4933, 146.1738]}, "44": {"type": "O", "Isotropic": 152.7245, "Anisotropy": 122.8312, "tensor": [], "eigenvalues": [84.0218, 139.5397, 234.6119]}, "45": {"type": "C", "Isotropic": 62.9519, "Anisotropy": 7.1252, "tensor": [], "eigenvalues": [55.0572, 66.0965, 67.7021]}, "46": {"type": "F", "Isotropic": 260.2185, "Anisotropy": 135.8179, "tensor": [], "eigenvalues": [197.849, 232.0428, 350.7638]}, "47": {"type": "F", "Isotropic": 259.8911, "Anisotropy": 135.7889, "tensor": [], "eigenvalues": [195.9604, 233.296, 350.4171]}, "48": {"type": "F", "Isotropic": 261.3222, "Anisotropy": 125.9926, "tensor": [], "eigenvalues": [201.6855, 236.9639, 345.3173]}}, "output": {"energies": [-2645.10955711], "final_energy": -2645.10955711, "final_energy_per_atom": -55.106449106458335, "molecule": {"charge": 0.0, "spin_multiplicity": 2, "sites": [{"name": "Mg", "species": [{"element": "Mg", "occu": 1}], "xyz": [15.383158, 13.109421, 31.823838], "properties": {}}, {"name": "O", "species": [{"element": "O", "occu": 1}], "xyz": [15.175559, 12.657776, 29.805927], "properties": {}}, {"name": "C", "species": [{"element": "C", "occu": 1}], "xyz": [14.01079, 12.076967, 29.177426], "properties": {}}, {"name": "C", "species": [{"element": "C", "occu": 1}], "xyz": [15.927997, 13.532778, 28.933983], "properties": {}}, {"name": "C", "species": [{"element": "C", "occu": 1}], "xyz": [17.180672, 13.936143, 29.680035], "properties": {}}, {"name": "O", "species": [{"element": "O", "occu": 1}], "xyz": [16.76059, 14.418077, 30.974826], "properties": {}}, {"name": "C", "species": [{"element": "C", "occu": 1}], "xyz": [17.779349, 15.157028, 31.683668], "properties": {}}, {"name": "H", "species": [{"element": "H", "occu": 1}], "xyz": [13.527584, 11.458187, 29.931361], "properties": {}}, {"name": "H", "species": [{"element": "H", "occu": 1}], "xyz": [14.327174, 11.46337, 28.32881], "properties": {}}, {"name": "H", "species": [{"element": "H", "occu": 1}], "xyz": [15.309701, 14.405104, 28.69312], "properties": {}}, {"name": "H", "species": [{"element": "H", "occu": 1}], "xyz": [16.189116, 12.998975, 28.014313], "properties": {}}, {"name": "H", "species": [{"element": "H", "occu": 1}], "xyz": [17.699259, 14.7324, 29.136399], "properties": {}}, {"name": "H", "species": [{"element": "H", "occu": 1}], "xyz": [17.857344, 13.085965, 29.825994], "properties": {}}, {"name": "H", "species": [{"element": "H", "occu": 1}], "xyz": [18.675789, 14.538973, 31.800981], "properties": {}}, {"name": "H", "species": [{"element": "H", "occu": 1}], "xyz": [17.359541, 15.408798, 32.65573], "properties": {}}, {"name": "H", "species": [{"element": "H", "occu": 1}], "xyz": [18.018445, 16.066976, 31.125816], "properties": {}}, {"name": "H", "species": [{"element": "H", "occu": 1}], "xyz": [13.333713, 12.869749, 28.84283], "properties": {}}, {"name": "O", "species": [{"element": "O", "occu": 1}], "xyz": [16.7994, 11.651393, 32.224741], "properties": {}}, {"name": "C", "species": [{"element": "C", "occu": 1}], "xyz": [17.688401, 11.70492, 33.367273], "properties": {}}, {"name": "C", "species": [{"element": "C", "occu": 1}], "xyz": [16.166754, 10.36508, 32.005551], "properties": {}}, {"name": "C", "species": [{"element": "C", "occu": 1}], "xyz": [14.828821, 10.327419, 32.721759], "properties": {}}, {"name": "O", "species": [{"element": "O", "occu": 1}], "xyz": [14.128114, 11.533465, 32.33445], "properties": {}}, {"name": "C", "species": [{"element": "C", "occu": 1}], "xyz": [12.755829, 11.583248, 32.786437], "properties": {}}, {"name": "H", "species": [{"element": "H", "occu": 1}], "xyz": [18.528789, 11.026894, 33.195943], "properties": {}}, {"name": "H", "species": [{"element": "H", "occu": 1}], "xyz": [17.15178, 11.443209, 34.280796], "properties": {}}, {"name": "H", "species": [{"element": "H", "occu": 1}], "xyz": [16.822216, 9.559588, 32.347666], "properties": {}}, {"name": "H", "species": [{"element": "H", "occu": 1}], "xyz": [16.033426, 10.28878, 30.924079], "properties": {}}, {"name": "H", "species": [{"element": "H", "occu": 1}], "xyz": [14.932232, 10.322093, 33.809824], "properties": {}}, {"name": "H", "species": [{"element": "H", "occu": 1}], "xyz": [14.251548, 9.452465, 32.402315], "properties": {}}, {"name": "H", "species": [{"element": "H", "occu": 1}], "xyz": [12.715132, 11.409251, 33.863942], "properties": {}}, {"name": "H", "species": [{"element": "H", "occu": 1}], "xyz": [12.172618, 10.826008, 32.253587], "properties": {}}, {"name": "H", "species": [{"element": "H", "occu": 1}], "xyz": [12.383268, 12.581091, 32.550608], "properties": {}}, {"name": "H", "species": [{"element": "H", "occu": 1}], "xyz": [18.04499, 12.732749, 33.4335], "properties": {}}, {"name": "N", "species": [{"element": "N", "occu": 1}], "xyz": [14.971362, 12.568153, 35.22918], "properties": {}}, {"name": "S", "species": [{"element": "S", "occu": 1}], "xyz": [14.287451, 11.837266, 36.529803], "properties": {}}, {"name": "O", "species": [{"element": "O", "occu": 1}], "xyz": [13.617847, 12.725634, 37.482551], "properties": {}}, {"name": "O", "species": [{"element": "O", "occu": 1}], "xyz": [13.629929, 10.609171, 36.071495], "properties": {}}, {"name": "C", "species": [{"element": "C", "occu": 1}], "xyz": [15.863595, 11.2458, 37.383146], "properties": {}}, {"name": "F", "species": [{"element": "F", "occu": 1}], "xyz": [15.533396, 10.560879, 38.482553], "properties": {}}, {"name": "F", "species": [{"element": "F", "occu": 1}], "xyz": [16.625377, 12.292184, 37.725125], "properties": {}}, {"name": "F", "species": [{"element": "F", "occu": 1}], "xyz": [16.562299, 10.447529, 36.561498], "properties": {}}, {"name": "S", "species": [{"element": "S", "occu": 1}], "xyz": [14.780565, 14.101217, 34.861392], "properties": {}}, {"name": "O", "species": [{"element": "O", "occu": 1}], "xyz": [13.48354, 14.723644, 35.1117], "properties": {}}, {"name": "O", "species": [{"element": "O", "occu": 1}], "xyz": [15.342822, 14.246539, 33.474137], "properties": {}}, {"name": "C", "species": [{"element": "C", "occu": 1}], "xyz": [16.049135, 15.103243, 35.841314], "properties": {}}, {"name": "F", "species": [{"element": "F", "occu": 1}], "xyz": [17.271679, 14.590872, 35.64914], "properties": {}}, {"name": "F", "species": [{"element": "F", "occu": 1}], "xyz": [16.030905, 16.371035, 35.41793], "properties": {}}, {"name": "F", "species": [{"element": "F", "occu": 1}], "xyz": [15.7466, 15.058023, 37.139109], "properties": {}}]}, "stationary_type": "Minimum", "corrections": {}, "tensor": {"1": {"type": "Mg", "Isotropic": 604.593, "Anisotropy": 12.0001, "tensor": [], "eigenvalues": [596.624, 604.562, 612.5931]}, "2": {"type": "O", "Isotropic": 310.3613, "Anisotropy": 44.4802, "tensor": [[306.2684, 12.4379, 12.2836]], "eigenvalues": [275.9581, 315.1111, 340.0148]}, "3": {"type": "C", "Isotropic": 130.3508, "Anisotropy": 89.616, "tensor": [[159.0714, 32.6021, 26.4728], [30.1108, 116.1746, 15.4778], [30.7331, 16.6667, 115.8064]], "eigenvalues": [99.3166, 101.641, 190.0948]}, "4": {"type": "C", "Isotropic": 118.9192, "Anisotropy": 67.2484, "tensor": [], "eigenvalues": [89.0735, 103.9327, 163.7515]}, "5": {"type": "C", "Isotropic": 120.8215, "Anisotropy": 66.6221, "tensor": [[4.1543, 103.8383, 17.5504]], "eigenvalues": [92.7994, 104.4289, 165.2362]}, "6": {"type": "O", "Isotropic": 311.9495, "Anisotropy": 41.8419, "tensor": [[4.4637, 289.5592, 20.9014]], "eigenvalues": [280.7582, 315.2461, 339.8441]}, "7": {"type": "C", "Isotropic": 129.9935, "Anisotropy": 87.7171, "tensor": [[137.7775, 33.5255, 32.7109], [33.0851, 124.6636, 22.4157], [27.6673, 22.7915, 127.5393]], "eigenvalues": [96.974, 104.5349, 188.4716]}, "8": {"type": "H", "Isotropic": 27.6627, "Anisotropy": 6.3871, "tensor": [[28.2667, 5.157, 0.1537], [2.7069, 0.1367, 29.8586]], "eigenvalues": [21.3654, 29.7019, 31.9208]}, "9": {"type": "H", "Isotropic": 28.284, "Anisotropy": 9.9405, "tensor": [[26.4904, 2.7699, 3.7946], [1.5774, 27.7602, 4.3096], [1.5987, 3.8286, 30.6016]], "eigenvalues": [24.7511, 25.19, 34.911]}, "10": {"type": "H", "Isotropic": 27.9254, "Anisotropy": 8.5244, "tensor": [[25.7386, 1.5334, 0.2441]], "eigenvalues": [23.5546, 26.6132, 33.6083]}, "11": {"type": "H", "Isotropic": 28.2615, "Anisotropy": 8.152, "tensor": [], "eigenvalues": [24.1283, 26.9601, 33.6962]}, "12": {"type": "H", "Isotropic": 28.2969, "Anisotropy": 8.2475, "tensor": [], "eigenvalues": [23.7702, 27.3253, 33.7953]}, "13": {"type": "H", "Isotropic": 27.7632, "Anisotropy": 7.207, "tensor": [], "eigenvalues": [24.871, 25.8506, 32.5678]}, "14": {"type": "H", "Isotropic": 28.5052, "Anisotropy": 7.5788, "tensor": [[32.213, 0.7968, 1.6844]], "eigenvalues": [24.8469, 27.111, 33.5577]}, "15": {"type": "H", "Isotropic": 27.9511, "Anisotropy": 6.9069, "tensor": [[25.8476, 4.2291, 0.2328], [3.3974, 26.5332, 2.881]], "eigenvalues": [21.7331, 29.5646, 32.5558]}, "16": {"type": "H", "Isotropic": 28.4245, "Anisotropy": 9.3784, "tensor": [[1.1213, 0.5092, 26.0619]], "eigenvalues": [24.423, 26.1738, 34.6768]}, "17": {"type": "H", "Isotropic": 28.2967, "Anisotropy": 9.4969, "tensor": [[0.6763, 24.9679, 0.2492]], "eigenvalues": [24.9035, 25.3586, 34.6279]}, "18": {"type": "O", "Isotropic": 327.7613, "Anisotropy": 51.097, "tensor": [[313.3559, 13.2406, 20.2553]], "eigenvalues": [293.7484, 327.7094, 361.8259]}, "19": {"type": "C", "Isotropic": 131.6808, "Anisotropy": 82.474, "tensor": [[135.2915, 2.597, 40.4474], [2.0007, 109.306, 4.252], [44.7005, 8.9432, 150.4449]], "eigenvalues": [99.0013, 109.3776, 186.6634]}, "20": {"type": "C", "Isotropic": 120.529, "Anisotropy": 67.5006, "tensor": [[117.0647, 23.6247, 5.64], [27.461, 148.2228, 18.4175], [4.3747, 8.8109, 96.2995]], "eigenvalues": [92.8244, 103.2331, 165.5294]}, "21": {"type": "C", "Isotropic": 121.5462, "Anisotropy": 71.6015, "tensor": [], "eigenvalues": [92.4118, 102.9462, 169.2805]}, "22": {"type": "O", "Isotropic": 312.6523, "Anisotropy": 28.2743, "tensor": [], "eigenvalues": [279.3243, 327.1308, 331.5018]}, "23": {"type": "C", "Isotropic": 131.1732, "Anisotropy": 84.2547, "tensor": [], "eigenvalues": [101.6873, 104.4893, 187.343]}, "24": {"type": "H", "Isotropic": 28.4286, "Anisotropy": 9.0158, "tensor": [], "eigenvalues": [23.9214, 26.9254, 34.4392]}, "25": {"type": "H", "Isotropic": 27.9288, "Anisotropy": 8.6052, "tensor": [], "eigenvalues": [23.1617, 26.9592, 33.6656]}, "26": {"type": "H", "Isotropic": 28.3123, "Anisotropy": 8.2484, "tensor": [[0.0963, 1.5705, 24.8168]], "eigenvalues": [24.5183, 26.6073, 33.8112]}, "27": {"type": "H", "Isotropic": 27.4651, "Anisotropy": 7.9156, "tensor": [[24.6822, 0.873, 0.7021], [1.1141, 28.4406, 5.0374], [0.1302, 2.452, 29.2726]], "eigenvalues": [24.2978, 25.3554, 32.7421]}, "28": {"type": "H", "Isotropic": 27.5497, "Anisotropy": 5.5386, "tensor": [], "eigenvalues": [24.031, 27.376, 31.242]}, "29": {"type": "H", "Isotropic": 28.4854, "Anisotropy": 7.5803, "tensor": [[2.7968, 33.1824, 1.3774], [0.4507, 0.5036, 25.6641]], "eigenvalues": [25.5145, 26.4028, 33.539]}, "30": {"type": "H", "Isotropic": 27.7467, "Anisotropy": 6.2339, "tensor": [[1.1578, 23.0493, 0.6695]], "eigenvalues": [22.709, 28.6284, 31.9026]}, "31": {"type": "H", "Isotropic": 28.2552, "Anisotropy": 9.5956, "tensor": [[33.217, 4.4605, 1.8041], [2.296, 25.161, 0.9818], [0.3971, 0.5975, 26.3875]], "eigenvalues": [23.875, 26.2383, 34.6523]}, "32": {"type": "H", "Isotropic": 28.2412, "Anisotropy": 8.5504, "tensor": [], "eigenvalues": [24.9998, 25.7823, 33.9415]}, "33": {"type": "H", "Isotropic": 28.5035, "Anisotropy": 5.7542, "tensor": [[29.2051, 2.0796, 2.0706], [1.528, 27.7118, 0.1071], [2.4437, 2.8132, 28.5938]], "eigenvalues": [26.4996, 26.6713, 32.3396]}, "34": {"type": "N", "Isotropic": 95.3167, "Anisotropy": 49.6075, "tensor": [], "eigenvalues": [69.693, 87.8687, 128.3883]}, "35": {"type": "S", "Isotropic": 232.7602, "Anisotropy": 261.7329, "tensor": [[50.1058, 295.7742, 128.9894]], "eigenvalues": [80.8424, 210.1893, 407.2488]}, "36": {"type": "O", "Isotropic": 120.0651, "Anisotropy": 93.0835, "tensor": [[87.846, 27.7656, 5.8956], [14.039, 124.2541, 38.8928]], "eigenvalues": [68.7861, 109.2883, 182.1207]}, "37": {"type": "O", "Isotropic": 106.9125, "Anisotropy": 54.1194, "tensor": [[10.6293, 141.8679, 10.5367]], "eigenvalues": [74.4223, 103.323, 142.9921]}, "38": {"type": "C", "Isotropic": 63.7575, "Anisotropy": 7.7035, "tensor": [[3.2054, 68.1137, 0.8735]], "eigenvalues": [55.5875, 66.7918, 68.8931]}, "39": {"type": "F", "Isotropic": 267.7706, "Anisotropy": 130.583, "tensor": [], "eigenvalues": [199.8295, 248.6563, 354.826]}, "40": {"type": "F", "Isotropic": 263.6121, "Anisotropy": 130.3497, "tensor": [[256.3824, 65.7389, 3.129], [66.9066, 292.407, 31.1046], [7.3655, 31.6552, 242.0468]], "eigenvalues": [199.6561, 240.6683, 350.5118]}, "41": {"type": "F", "Isotropic": 261.5988, "Anisotropy": 133.8372, "tensor": [], "eigenvalues": [197.8139, 236.159, 350.8236]}, "42": {"type": "S", "Isotropic": 230.5655, "Anisotropy": 194.5292, "tensor": [], "eigenvalues": [110.9689, 220.476, 360.2517]}, "43": {"type": "O", "Isotropic": 111.7648, "Anisotropy": 51.6135, "tensor": [], "eigenvalues": [74.6273, 114.4933, 146.1738]}, "44": {"type": "O", "Isotropic": 152.7245, "Anisotropy": 122.8312, "tensor": [], "eigenvalues": [84.0218, 139.5397, 234.6119]}, "45": {"type": "C", "Isotropic": 62.9519, "Anisotropy": 7.1252, "tensor": [], "eigenvalues": [55.0572, 66.0965, 67.7021]}, "46": {"type": "F", "Isotropic": 260.2185, "Anisotropy": 135.8179, "tensor": [], "eigenvalues": [197.849, 232.0428, 350.7638]}, "47": {"type": "F", "Isotropic": 259.8911, "Anisotropy": 135.7889, "tensor": [], "eigenvalues": [195.9604, 233.296, 350.4171]}, "48": {"type": "F", "Isotropic": 261.3222, "Anisotropy": 125.9926, "tensor": [], "eigenvalues": [201.6855, 236.9639, 345.3173]}}}}, "functional": "B3LYP", "basis": "6-31+G*", "phase": "solution", "type": "scrf;nmr", "smiles": "[Mg]O[S@]([N]S(=O)(=O)C(F)(F)F)([O])C(F)(F)F.O(C)CCOC.O(C)CCOC", "formula": "Mg1 H20 C10 S2 N1 O8 F6", "formula_pretty": "MgH20C10S2N(O4F3)2", "formula_anonymous": "ABC2D6E8F10G20", "formula_alphabetical": "C10 F6 H20 Mg1 N1 O8 S2", "chemsys": "C-F-H-Mg-N-O-S", "nsites": 48, "nelements": 7, "is_ordered": true, "is_valid": true, "tag": "oplsd_3", "wall_time (s)": 272.71922480128706, "last_updated": "2020-12-25T07:27:03.114461", "_id": null}