{"input": {"molecule": {"charge": 1, "spin_multiplicity": 1, "sites": [{"name": "Mg", "species": [{"element": "Mg", "occu": 1}], "xyz": [14.471625, 5.936331, 17.451791], "properties": {}}, {"name": "O", "species": [{"element": "O", "occu": 1}], "xyz": [13.91521, 7.930631, 17.494246], "properties": {}}, {"name": "C", "species": [{"element": "C", "occu": 1}], "xyz": [12.678514, 8.506627, 17.968074], "properties": {}}, {"name": "C", "species": [{"element": "C", "occu": 1}], "xyz": [14.697519, 8.811024, 16.658516], "properties": {}}, {"name": "C", "species": [{"element": "C", "occu": 1}], "xyz": [16.105605, 8.253787, 16.595662], "properties": {}}, {"name": "O", "species": [{"element": "O", "occu": 1}], "xyz": [15.995445, 6.833952, 16.351382], "properties": {}}, {"name": "C", "species": [{"element": "C", "occu": 1}], "xyz": [17.267076, 6.204494, 16.064146], "properties": {}}, {"name": "H", "species": [{"element": "H", "occu": 1}], "xyz": [12.901113, 9.2832, 18.705441], "properties": {}}, {"name": "H", "species": [{"element": "H", "occu": 1}], "xyz": [12.113085, 7.697097, 18.427599], "properties": {}}, {"name": "H", "species": [{"element": "H", "occu": 1}], "xyz": [14.712847, 9.815724, 17.092995], "properties": {}}, {"name": "H", "species": [{"element": "H", "occu": 1}], "xyz": [14.234481, 8.849521, 15.666113], "properties": {}}, {"name": "H", "species": [{"element": "H", "occu": 1}], "xyz": [16.645351, 8.407581, 17.535221], "properties": {}}, {"name": "H", "species": [{"element": "H", "occu": 1}], "xyz": [16.657131, 8.727036, 15.776628], "properties": {}}, {"name": "H", "species": [{"element": "H", "occu": 1}], "xyz": [17.70746, 6.674746, 15.180129], "properties": {}}, {"name": "H", "species": [{"element": "H", "occu": 1}], "xyz": [17.052085, 5.15604, 15.865763], "properties": {}}, {"name": "H", "species": [{"element": "H", "occu": 1}], "xyz": [17.929831, 6.301852, 16.928743], "properties": {}}, {"name": "H", "species": [{"element": "H", "occu": 1}], "xyz": [12.116922, 8.929852, 17.128827], "properties": {}}, {"name": "O", "species": [{"element": "O", "occu": 1}], "xyz": [13.250537, 5.355482, 15.862721], "properties": {}}, {"name": "C", "species": [{"element": "C", "occu": 1}], "xyz": [12.641072, 6.265068, 14.926552], "properties": {}}, {"name": "C", "species": [{"element": "C", "occu": 1}], "xyz": [13.63602, 4.09597, 15.272553], "properties": {}}, {"name": "C", "species": [{"element": "C", "occu": 1}], "xyz": [14.185961, 3.230573, 16.384256], "properties": {}}, {"name": "O", "species": [{"element": "O", "occu": 1}], "xyz": [15.202574, 4.010766, 17.05189], "properties": {}}, {"name": "C", "species": [{"element": "C", "occu": 1}], "xyz": [16.096892, 3.233217, 17.881369], "properties": {}}, {"name": "H", "species": [{"element": "H", "occu": 1}], "xyz": [11.757911, 5.79625, 14.482443], "properties": {}}, {"name": "H", "species": [{"element": "H", "occu": 1}], "xyz": [13.360363, 6.540332, 14.147356], "properties": {}}, {"name": "H", "species": [{"element": "H", "occu": 1}], "xyz": [14.396932, 4.284295, 14.505659], "properties": {}}, {"name": "H", "species": [{"element": "H", "occu": 1}], "xyz": [12.761097, 3.619397, 14.81732], "properties": {}}, {"name": "H", "species": [{"element": "H", "occu": 1}], "xyz": [14.631027, 2.322598, 15.965099], "properties": {}}, {"name": "H", "species": [{"element": "H", "occu": 1}], "xyz": [13.411674, 2.962451, 17.111405], "properties": {}}, {"name": "H", "species": [{"element": "H", "occu": 1}], "xyz": [16.598059, 2.482687, 17.263387], "properties": {}}, {"name": "H", "species": [{"element": "H", "occu": 1}], "xyz": [15.538192, 2.754737, 18.691096], "properties": {}}, {"name": "H", "species": [{"element": "H", "occu": 1}], "xyz": [16.827991, 3.930988, 18.287252], "properties": {}}, {"name": "H", "species": [{"element": "H", "occu": 1}], "xyz": [12.342951, 7.145107, 15.493759], "properties": {}}, {"name": "N", "species": [{"element": "N", "occu": 1}], "xyz": [15.098264, 5.919066, 19.617662], "properties": {}}, {"name": "S", "species": [{"element": "S", "occu": 1}], "xyz": [13.809254, 5.045821, 20.087902], "properties": {}}, {"name": "O", "species": [{"element": "O", "occu": 1}], "xyz": [12.988853, 5.137882, 18.83835], "properties": {}}, {"name": "O", "species": [{"element": "O", "occu": 1}], "xyz": [14.050141, 3.743667, 20.695755], "properties": {}}, {"name": "C", "species": [{"element": "C", "occu": 1}], "xyz": [12.826545, 6.036855, 21.368561], "properties": {}}, {"name": "F", "species": [{"element": "F", "occu": 1}], "xyz": [13.477805, 6.02793, 22.529908], "properties": {}}, {"name": "F", "species": [{"element": "F", "occu": 1}], "xyz": [11.632103, 5.461468, 21.511844], "properties": {}}, {"name": "F", "species": [{"element": "F", "occu": 1}], "xyz": [12.670999, 7.294545, 20.946104], "properties": {}}, {"name": "S", "species": [{"element": "S", "occu": 1}], "xyz": [16.517719, 6.087186, 20.448405], "properties": {}}, {"name": "O", "species": [{"element": "O", "occu": 1}], "xyz": [17.594017, 6.082513, 19.455564], "properties": {}}, {"name": "O", "species": [{"element": "O", "occu": 1}], "xyz": [16.591405, 5.282979, 21.666037], "properties": {}}, {"name": "C", "species": [{"element": "C", "occu": 1}], "xyz": [16.383592, 7.888522, 21.009286], "properties": {}}, {"name": "F", "species": [{"element": "F", "occu": 1}], "xyz": [17.526878, 8.241135, 21.600939], "properties": {}}, {"name": "F", "species": [{"element": "F", "occu": 1}], "xyz": [16.166395, 8.685035, 19.953407], "properties": {}}, {"name": "F", "species": [{"element": "F", "occu": 1}], "xyz": [15.371979, 8.02365, 21.872687], "properties": {}}]}, "functional": "B3LYP", "basis_set": "6-31+G*", "route_parameters": {"NMR": "GIAO", "iop(7/33=1)": null, "int": "ultrafine", "EmpiricalDispersion": "GD3", "NoSymmetry": null, "test": null, "SCRF": "(Solvent=TetraHydroFuran)"}, "title": "Mg1 H20 C10 S2 N1 O8 F6", "charge": 1, "spin_multiplicity": 1, "input_parameters": {}, "link0_parameters": {"%chk": "checkpoint.chk", "%mem": "100GB", "%NProcShared": "28"}, "dieze_tag": "#P", "nbasisfunctions": 584, "pcm_parameters": {}}, "output": {"has_gaussian_completed": true, "is_pcm": true, "errors": [], "Mulliken_charges": {"1": ["Mg", -1.118785], "2": ["O", -0.177395], "3": ["C", -0.305961], "4": ["C", -0.25774], "5": ["C", -0.018252], "6": ["O", -0.166758], "7": ["C", -0.303414], "8": ["H", 0.244499], "9": ["H", 0.255535], "10": ["H", 0.246313], "11": ["H", 0.251549], "12": ["H", 0.25208], "13": ["H", 0.239126], "14": ["H", 0.228835], "15": ["H", 0.249815], "16": ["H", 0.248517], "17": ["H", 0.235633], "18": ["O", -0.206832], "19": ["C", -0.330901], "20": ["C", -0.15634], "21": ["C", -0.119773], "22": ["O", -0.240244], "23": ["C", -0.322967], "24": ["H", 0.23529], "25": ["H", 0.236034], "26": ["H", 0.240204], "27": ["H", 0.239963], "28": ["H", 0.239259], "29": ["H", 0.254743], "30": ["H", 0.234488], "31": ["H", 0.24987], "32": ["H", 0.251928], "33": ["H", 0.240463], "34": ["N", -0.800439], "35": ["S", 0.803077], "36": ["O", -0.401226], "37": ["O", -0.369912], "38": ["C", 0.962618], "39": ["F", -0.221882], "40": ["F", -0.246417], "41": ["F", -0.230884], "42": ["S", 1.156044], "43": ["O", -0.497454], "44": ["O", -0.455563], "45": ["C", 0.937719], "46": ["F", -0.270185], "47": ["F", -0.266549], "48": ["F", -0.247728]}, "tensor": {"1": {"type": "Mg", "Isotropic": 596.4699, "Anisotropy": 10.4498, "tensor": [], "eigenvalues": [586.2145, 599.7588, 603.4364]}, "2": {"type": "O", "Isotropic": 319.4181, "Anisotropy": 32.4975, "tensor": [], "eigenvalues": [285.5181, 331.6532, 341.0831]}, "3": {"type": "C", "Isotropic": 130.0661, "Anisotropy": 86.5082, "tensor": [], "eigenvalues": [100.7318, 101.7283, 187.7383]}, "4": {"type": "C", "Isotropic": 120.8935, "Anisotropy": 65.8708, "tensor": [], "eigenvalues": [91.0206, 106.8525, 164.8073]}, "5": {"type": "C", "Isotropic": 120.3631, "Anisotropy": 66.9958, "tensor": [], "eigenvalues": [91.6493, 104.4131, 165.027]}, "6": {"type": "O", "Isotropic": 312.6751, "Anisotropy": 30.6417, "tensor": [[321.9407, 6.2842, 0.7167], [1.1807, 329.5601, 5.1601]], "eigenvalues": [284.1499, 320.7725, 333.1029]}, "7": {"type": "C", "Isotropic": 129.8898, "Anisotropy": 88.3862, "tensor": [], "eigenvalues": [97.5616, 103.2939, 188.814]}, "8": {"type": "H", "Isotropic": 28.3567, "Anisotropy": 8.2565, "tensor": [], "eigenvalues": [24.4341, 26.7751, 33.8611]}, "9": {"type": "H", "Isotropic": 28.0872, "Anisotropy": 6.8782, "tensor": [], "eigenvalues": [23.6394, 27.9495, 32.6727]}, "10": {"type": "H", "Isotropic": 28.4857, "Anisotropy": 7.0096, "tensor": [], "eigenvalues": [25.3456, 26.9527, 33.1588]}, "11": {"type": "H", "Isotropic": 27.8436, "Anisotropy": 7.9794, "tensor": [], "eigenvalues": [24.5603, 25.8072, 33.1632]}, "12": {"type": "H", "Isotropic": 28.0337, "Anisotropy": 6.0227, "tensor": [[25.9244, 0.8897, 1.1652], [2.5629, 29.0069, 3.1494], [1.0178, 1.4736, 29.1698]], "eigenvalues": [25.1505, 26.9018, 32.0489]}, "13": {"type": "H", "Isotropic": 28.5397, "Anisotropy": 7.6758, "tensor": [], "eigenvalues": [24.8446, 27.1177, 33.657]}, "14": {"type": "H", "Isotropic": 28.567, "Anisotropy": 9.9013, "tensor": [], "eigenvalues": [24.6913, 25.8418, 35.1679]}, "15": {"type": "H", "Isotropic": 27.8618, "Anisotropy": 6.2988, "tensor": [[0.0809, 29.8059, 0.8486]], "eigenvalues": [23.1503, 28.3742, 32.061]}, "16": {"type": "H", "Isotropic": 28.1915, "Anisotropy": 6.2882, "tensor": [], "eigenvalues": [23.7579, 28.4329, 32.3836]}, "17": {"type": "H", "Isotropic": 28.4568, "Anisotropy": 9.6354, "tensor": [[0.1316, 0.2301, 26.0585]], "eigenvalues": [24.5044, 25.9855, 34.8803]}, "18": {"type": "O", "Isotropic": 310.0366, "Anisotropy": 31.96, "tensor": [[4.6409, 10.6322, 328.5907]], "eigenvalues": [280.1202, 318.6464, 331.3433]}, "19": {"type": "C", "Isotropic": 130.3498, "Anisotropy": 87.7466, "tensor": [], "eigenvalues": [98.3901, 103.8117, 188.8475]}, "20": {"type": "C", "Isotropic": 118.5072, "Anisotropy": 65.4253, "tensor": [], "eigenvalues": [89.2583, 104.1393, 162.1241]}, "21": {"type": "C", "Isotropic": 120.4381, "Anisotropy": 68.1548, "tensor": [[129.7829, 14.046, 29.1475], [23.618, 116.8379, 15.254], [32.9597, 14.2808, 114.6934]], "eigenvalues": [90.2811, 105.1585, 165.8746]}, "22": {"type": "O", "Isotropic": 311.2181, "Anisotropy": 31.5611, "tensor": [[304.8374, 14.3494, 20.3598]], "eigenvalues": [282.7463, 318.6492, 332.2588]}, "23": {"type": "C", "Isotropic": 128.9851, "Anisotropy": 82.6896, "tensor": [], "eigenvalues": [96.2593, 106.5846, 184.1115]}, "24": {"type": "H", "Isotropic": 28.3611, "Anisotropy": 10.1041, "tensor": [[30.7295, 0.0742, 4.6668]], "eigenvalues": [24.5825, 25.4036, 35.0971]}, "25": {"type": "H", "Isotropic": 28.4652, "Anisotropy": 8.5357, "tensor": [], "eigenvalues": [24.6974, 26.5426, 34.1557]}, "26": {"type": "H", "Isotropic": 27.968, "Anisotropy": 7.6445, "tensor": [], "eigenvalues": [24.4533, 26.3863, 33.0643]}, "27": {"type": "H", "Isotropic": 28.2337, "Anisotropy": 8.5002, "tensor": [[26.9622, 0.6865, 3.0569], [2.8785, 29.6405, 3.9906], [3.4085, 2.4313, 28.0983]], "eigenvalues": [24.1117, 26.6888, 33.9005]}, "28": {"type": "H", "Isotropic": 28.4044, "Anisotropy": 8.2774, "tensor": [[25.6418, 0.8573, 2.1707], [0.9616, 4.2279, 27.4306]], "eigenvalues": [24.2266, 27.064, 33.9227]}, "29": {"type": "H", "Isotropic": 27.5638, "Anisotropy": 7.2965, "tensor": [[1.1651, 1.3082, 26.4357]], "eigenvalues": [23.9106, 26.3527, 32.4282]}, "30": {"type": "H", "Isotropic": 28.4181, "Anisotropy": 9.5785, "tensor": [], "eigenvalues": [24.3789, 26.0717, 34.8038]}, "31": {"type": "H", "Isotropic": 28.0165, "Anisotropy": 6.681, "tensor": [], "eigenvalues": [23.3721, 28.207, 32.4705]}, "32": {"type": "H", "Isotropic": 27.6929, "Anisotropy": 6.0916, "tensor": [[4.2483, 2.6343, 27.1852]], "eigenvalues": [23.1613, 28.1634, 31.7539]}, "33": {"type": "H", "Isotropic": 28.2812, "Anisotropy": 6.6878, "tensor": [], "eigenvalues": [22.9024, 29.2014, 32.7397]}, "34": {"type": "N", "Isotropic": 91.7457, "Anisotropy": 85.7777, "tensor": [[142.8643, 20.9913, 6.9743], [23.5945, 57.392, 4.4785], [5.0362, 2.5354, 74.9807]], "eigenvalues": [51.7554, 74.5508, 148.9308]}, "35": {"type": "S", "Isotropic": 220.6605, "Anisotropy": 208.2842, "tensor": [], "eigenvalues": [90.6224, 211.8425, 359.5166]}, "36": {"type": "O", "Isotropic": 134.2802, "Anisotropy": 99.9013, "tensor": [[151.1006, 9.3414, 54.2837]], "eigenvalues": [74.7486, 127.2109, 200.8811]}, "37": {"type": "O", "Isotropic": 110.8627, "Anisotropy": 24.1481, "tensor": [], "eigenvalues": [91.0411, 114.5856, 126.9614]}, "38": {"type": "C", "Isotropic": 63.4732, "Anisotropy": 7.2919, "tensor": [[65.1266, 4.3634, 3.3633]], "eigenvalues": [55.187, 66.8982, 68.3345]}, "39": {"type": "F", "Isotropic": 255.9386, "Anisotropy": 122.7852, "tensor": [[238.869, 16.1637, 53.8265], [21.173, 219.5123, 6.5388]], "eigenvalues": [198.586, 231.4343, 337.7954]}, "40": {"type": "F", "Isotropic": 258.0975, "Anisotropy": 136.7389, "tensor": [], "eigenvalues": [196.4059, 228.6299, 349.2568]}, "41": {"type": "F", "Isotropic": 256.7283, "Anisotropy": 123.2776, "tensor": [], "eigenvalues": [200.2309, 231.0407, 338.9134]}, "42": {"type": "S", "Isotropic": 237.4639, "Anisotropy": 246.5283, "tensor": [], "eigenvalues": [93.5051, 217.0705, 401.8161]}, "43": {"type": "O", "Isotropic": 116.1621, "Anisotropy": 57.0356, "tensor": [], "eigenvalues": [79.6238, 114.6766, 154.1858]}, "44": {"type": "O", "Isotropic": 122.7285, "Anisotropy": 76.898, "tensor": [], "eigenvalues": [83.2367, 110.955, 173.9939]}, "45": {"type": "C", "Isotropic": 63.5772, "Anisotropy": 7.5956, "tensor": [], "eigenvalues": [54.9238, 67.167, 68.641]}, "46": {"type": "F", "Isotropic": 265.28, "Anisotropy": 130.4961, "tensor": [[315.3727, 42.4633, 42.3823], [42.0859, 216.1513, 8.3914], [43.4509, 8.8245, 264.3159]], "eigenvalues": [199.6773, 243.8853, 352.2774]}, "47": {"type": "F", "Isotropic": 259.1841, "Anisotropy": 133.7763, "tensor": [], "eigenvalues": [196.5412, 232.6428, 348.3683]}, "48": {"type": "F", "Isotropic": 261.3082, "Anisotropy": 128.8087, "tensor": [], "eigenvalues": [198.4774, 238.2665, 347.1806]}}, "output": {"energies": [-2645.11572263], "final_energy": -2645.11572263, "final_energy_per_atom": -55.10657755479167, "molecule": {"charge": 0.0, "spin_multiplicity": 2, "sites": [{"name": "Mg", "species": [{"element": "Mg", "occu": 1}], "xyz": [14.471625, 5.936331, 17.451791], "properties": {}}, {"name": "O", "species": [{"element": "O", "occu": 1}], "xyz": [13.91521, 7.930631, 17.494246], "properties": {}}, {"name": "C", "species": [{"element": "C", "occu": 1}], "xyz": [12.678514, 8.506627, 17.968074], "properties": {}}, {"name": "C", "species": [{"element": "C", "occu": 1}], "xyz": [14.697519, 8.811024, 16.658516], "properties": {}}, {"name": "C", "species": [{"element": "C", "occu": 1}], "xyz": [16.105605, 8.253787, 16.595662], "properties": {}}, {"name": "O", "species": [{"element": "O", "occu": 1}], "xyz": [15.995445, 6.833952, 16.351382], "properties": {}}, {"name": "C", "species": [{"element": "C", "occu": 1}], "xyz": [17.267076, 6.204494, 16.064146], "properties": {}}, {"name": "H", "species": [{"element": "H", "occu": 1}], "xyz": [12.901113, 9.2832, 18.705441], "properties": {}}, {"name": "H", "species": [{"element": "H", "occu": 1}], "xyz": [12.113085, 7.697097, 18.427599], "properties": {}}, {"name": "H", "species": [{"element": "H", "occu": 1}], "xyz": [14.712847, 9.815724, 17.092995], "properties": {}}, {"name": "H", "species": [{"element": "H", "occu": 1}], "xyz": [14.234481, 8.849521, 15.666113], "properties": {}}, {"name": "H", "species": [{"element": "H", "occu": 1}], "xyz": [16.645351, 8.407581, 17.535221], "properties": {}}, {"name": "H", "species": [{"element": "H", "occu": 1}], "xyz": [16.657131, 8.727036, 15.776628], "properties": {}}, {"name": "H", "species": [{"element": "H", "occu": 1}], "xyz": [17.70746, 6.674746, 15.180129], "properties": {}}, {"name": "H", "species": [{"element": "H", "occu": 1}], "xyz": [17.052085, 5.15604, 15.865763], "properties": {}}, {"name": "H", "species": [{"element": "H", "occu": 1}], "xyz": [17.929831, 6.301852, 16.928743], "properties": {}}, {"name": "H", "species": [{"element": "H", "occu": 1}], "xyz": [12.116922, 8.929852, 17.128827], "properties": {}}, {"name": "O", "species": [{"element": "O", "occu": 1}], "xyz": [13.250537, 5.355482, 15.862721], "properties": {}}, {"name": "C", "species": [{"element": "C", "occu": 1}], "xyz": [12.641072, 6.265068, 14.926552], "properties": {}}, {"name": "C", "species": [{"element": "C", "occu": 1}], "xyz": [13.63602, 4.09597, 15.272553], "properties": {}}, {"name": "C", "species": [{"element": "C", "occu": 1}], "xyz": [14.185961, 3.230573, 16.384256], "properties": {}}, {"name": "O", "species": [{"element": "O", "occu": 1}], "xyz": [15.202574, 4.010766, 17.05189], "properties": {}}, {"name": "C", "species": [{"element": "C", "occu": 1}], "xyz": [16.096892, 3.233217, 17.881369], "properties": {}}, {"name": "H", "species": [{"element": "H", "occu": 1}], "xyz": [11.757911, 5.79625, 14.482443], "properties": {}}, {"name": "H", "species": [{"element": "H", "occu": 1}], "xyz": [13.360363, 6.540332, 14.147356], "properties": {}}, {"name": "H", "species": [{"element": "H", "occu": 1}], "xyz": [14.396932, 4.284295, 14.505659], "properties": {}}, {"name": "H", "species": [{"element": "H", "occu": 1}], "xyz": [12.761097, 3.619397, 14.81732], "properties": {}}, {"name": "H", "species": [{"element": "H", "occu": 1}], "xyz": [14.631027, 2.322598, 15.965099], "properties": {}}, {"name": "H", "species": [{"element": "H", "occu": 1}], "xyz": [13.411674, 2.962451, 17.111405], "properties": {}}, {"name": "H", "species": [{"element": "H", "occu": 1}], "xyz": [16.598059, 2.482687, 17.263387], "properties": {}}, {"name": "H", "species": [{"element": "H", "occu": 1}], "xyz": [15.538192, 2.754737, 18.691096], "properties": {}}, {"name": "H", "species": [{"element": "H", "occu": 1}], "xyz": [16.827991, 3.930988, 18.287252], "properties": {}}, {"name": "H", "species": [{"element": "H", "occu": 1}], "xyz": [12.342951, 7.145107, 15.493759], "properties": {}}, {"name": "N", "species": [{"element": "N", "occu": 1}], "xyz": [15.098264, 5.919066, 19.617662], "properties": {}}, {"name": "S", "species": [{"element": "S", "occu": 1}], "xyz": [13.809254, 5.045821, 20.087902], "properties": {}}, {"name": "O", "species": [{"element": "O", "occu": 1}], "xyz": [12.988853, 5.137882, 18.83835], "properties": {}}, {"name": "O", "species": [{"element": "O", "occu": 1}], "xyz": [14.050141, 3.743667, 20.695755], "properties": {}}, {"name": "C", "species": [{"element": "C", "occu": 1}], "xyz": [12.826545, 6.036855, 21.368561], "properties": {}}, {"name": "F", "species": [{"element": "F", "occu": 1}], "xyz": [13.477805, 6.02793, 22.529908], "properties": {}}, {"name": "F", "species": [{"element": "F", "occu": 1}], "xyz": [11.632103, 5.461468, 21.511844], "properties": {}}, {"name": "F", "species": [{"element": "F", "occu": 1}], "xyz": [12.670999, 7.294545, 20.946104], "properties": {}}, {"name": "S", "species": [{"element": "S", "occu": 1}], "xyz": [16.517719, 6.087186, 20.448405], "properties": {}}, {"name": "O", "species": [{"element": "O", "occu": 1}], "xyz": [17.594017, 6.082513, 19.455564], "properties": {}}, {"name": "O", "species": [{"element": "O", "occu": 1}], "xyz": [16.591405, 5.282979, 21.666037], "properties": {}}, {"name": "C", "species": [{"element": "C", "occu": 1}], "xyz": [16.383592, 7.888522, 21.009286], "properties": {}}, {"name": "F", "species": [{"element": "F", "occu": 1}], "xyz": [17.526878, 8.241135, 21.600939], "properties": {}}, {"name": "F", "species": [{"element": "F", "occu": 1}], "xyz": [16.166395, 8.685035, 19.953407], "properties": {}}, {"name": "F", "species": [{"element": "F", "occu": 1}], "xyz": [15.371979, 8.02365, 21.872687], "properties": {}}]}, "stationary_type": "Minimum", "corrections": {}, "tensor": {"1": {"type": "Mg", "Isotropic": 596.4699, "Anisotropy": 10.4498, "tensor": [], "eigenvalues": [586.2145, 599.7588, 603.4364]}, "2": {"type": "O", "Isotropic": 319.4181, "Anisotropy": 32.4975, "tensor": [], "eigenvalues": [285.5181, 331.6532, 341.0831]}, "3": {"type": "C", "Isotropic": 130.0661, "Anisotropy": 86.5082, "tensor": [], "eigenvalues": [100.7318, 101.7283, 187.7383]}, "4": {"type": "C", "Isotropic": 120.8935, "Anisotropy": 65.8708, "tensor": [], "eigenvalues": [91.0206, 106.8525, 164.8073]}, "5": {"type": "C", "Isotropic": 120.3631, "Anisotropy": 66.9958, "tensor": [], "eigenvalues": [91.6493, 104.4131, 165.027]}, "6": {"type": "O", "Isotropic": 312.6751, "Anisotropy": 30.6417, "tensor": [[321.9407, 6.2842, 0.7167], [1.1807, 329.5601, 5.1601]], "eigenvalues": [284.1499, 320.7725, 333.1029]}, "7": {"type": "C", "Isotropic": 129.8898, "Anisotropy": 88.3862, "tensor": [], "eigenvalues": [97.5616, 103.2939, 188.814]}, "8": {"type": "H", "Isotropic": 28.3567, "Anisotropy": 8.2565, "tensor": [], "eigenvalues": [24.4341, 26.7751, 33.8611]}, "9": {"type": "H", "Isotropic": 28.0872, "Anisotropy": 6.8782, "tensor": [], "eigenvalues": [23.6394, 27.9495, 32.6727]}, "10": {"type": "H", "Isotropic": 28.4857, "Anisotropy": 7.0096, "tensor": [], "eigenvalues": [25.3456, 26.9527, 33.1588]}, "11": {"type": "H", "Isotropic": 27.8436, "Anisotropy": 7.9794, "tensor": [], "eigenvalues": [24.5603, 25.8072, 33.1632]}, "12": {"type": "H", "Isotropic": 28.0337, "Anisotropy": 6.0227, "tensor": [[25.9244, 0.8897, 1.1652], [2.5629, 29.0069, 3.1494], [1.0178, 1.4736, 29.1698]], "eigenvalues": [25.1505, 26.9018, 32.0489]}, "13": {"type": "H", "Isotropic": 28.5397, "Anisotropy": 7.6758, "tensor": [], "eigenvalues": [24.8446, 27.1177, 33.657]}, "14": {"type": "H", "Isotropic": 28.567, "Anisotropy": 9.9013, "tensor": [], "eigenvalues": [24.6913, 25.8418, 35.1679]}, "15": {"type": "H", "Isotropic": 27.8618, "Anisotropy": 6.2988, "tensor": [[0.0809, 29.8059, 0.8486]], "eigenvalues": [23.1503, 28.3742, 32.061]}, "16": {"type": "H", "Isotropic": 28.1915, "Anisotropy": 6.2882, "tensor": [], "eigenvalues": [23.7579, 28.4329, 32.3836]}, "17": {"type": "H", "Isotropic": 28.4568, "Anisotropy": 9.6354, "tensor": [[0.1316, 0.2301, 26.0585]], "eigenvalues": [24.5044, 25.9855, 34.8803]}, "18": {"type": "O", "Isotropic": 310.0366, "Anisotropy": 31.96, "tensor": [[4.6409, 10.6322, 328.5907]], "eigenvalues": [280.1202, 318.6464, 331.3433]}, "19": {"type": "C", "Isotropic": 130.3498, "Anisotropy": 87.7466, "tensor": [], "eigenvalues": [98.3901, 103.8117, 188.8475]}, "20": {"type": "C", "Isotropic": 118.5072, "Anisotropy": 65.4253, "tensor": [], "eigenvalues": [89.2583, 104.1393, 162.1241]}, "21": {"type": "C", "Isotropic": 120.4381, "Anisotropy": 68.1548, "tensor": [[129.7829, 14.046, 29.1475], [23.618, 116.8379, 15.254], [32.9597, 14.2808, 114.6934]], "eigenvalues": [90.2811, 105.1585, 165.8746]}, "22": {"type": "O", "Isotropic": 311.2181, "Anisotropy": 31.5611, "tensor": [[304.8374, 14.3494, 20.3598]], "eigenvalues": [282.7463, 318.6492, 332.2588]}, "23": {"type": "C", "Isotropic": 128.9851, "Anisotropy": 82.6896, "tensor": [], "eigenvalues": [96.2593, 106.5846, 184.1115]}, "24": {"type": "H", "Isotropic": 28.3611, "Anisotropy": 10.1041, "tensor": [[30.7295, 0.0742, 4.6668]], "eigenvalues": [24.5825, 25.4036, 35.0971]}, "25": {"type": "H", "Isotropic": 28.4652, "Anisotropy": 8.5357, "tensor": [], "eigenvalues": [24.6974, 26.5426, 34.1557]}, "26": {"type": "H", "Isotropic": 27.968, "Anisotropy": 7.6445, "tensor": [], "eigenvalues": [24.4533, 26.3863, 33.0643]}, "27": {"type": "H", "Isotropic": 28.2337, "Anisotropy": 8.5002, "tensor": [[26.9622, 0.6865, 3.0569], [2.8785, 29.6405, 3.9906], [3.4085, 2.4313, 28.0983]], "eigenvalues": [24.1117, 26.6888, 33.9005]}, "28": {"type": "H", "Isotropic": 28.4044, "Anisotropy": 8.2774, "tensor": [[25.6418, 0.8573, 2.1707], [0.9616, 4.2279, 27.4306]], "eigenvalues": [24.2266, 27.064, 33.9227]}, "29": {"type": "H", "Isotropic": 27.5638, "Anisotropy": 7.2965, "tensor": [[1.1651, 1.3082, 26.4357]], "eigenvalues": [23.9106, 26.3527, 32.4282]}, "30": {"type": "H", "Isotropic": 28.4181, "Anisotropy": 9.5785, "tensor": [], "eigenvalues": [24.3789, 26.0717, 34.8038]}, "31": {"type": "H", "Isotropic": 28.0165, "Anisotropy": 6.681, "tensor": [], "eigenvalues": [23.3721, 28.207, 32.4705]}, "32": {"type": "H", "Isotropic": 27.6929, "Anisotropy": 6.0916, "tensor": [[4.2483, 2.6343, 27.1852]], "eigenvalues": [23.1613, 28.1634, 31.7539]}, "33": {"type": "H", "Isotropic": 28.2812, "Anisotropy": 6.6878, "tensor": [], "eigenvalues": [22.9024, 29.2014, 32.7397]}, "34": {"type": "N", "Isotropic": 91.7457, "Anisotropy": 85.7777, "tensor": [[142.8643, 20.9913, 6.9743], [23.5945, 57.392, 4.4785], [5.0362, 2.5354, 74.9807]], "eigenvalues": [51.7554, 74.5508, 148.9308]}, "35": {"type": "S", "Isotropic": 220.6605, "Anisotropy": 208.2842, "tensor": [], "eigenvalues": [90.6224, 211.8425, 359.5166]}, "36": {"type": "O", "Isotropic": 134.2802, "Anisotropy": 99.9013, "tensor": [[151.1006, 9.3414, 54.2837]], "eigenvalues": [74.7486, 127.2109, 200.8811]}, "37": {"type": "O", "Isotropic": 110.8627, "Anisotropy": 24.1481, "tensor": [], "eigenvalues": [91.0411, 114.5856, 126.9614]}, "38": {"type": "C", "Isotropic": 63.4732, "Anisotropy": 7.2919, "tensor": [[65.1266, 4.3634, 3.3633]], "eigenvalues": [55.187, 66.8982, 68.3345]}, "39": {"type": "F", "Isotropic": 255.9386, "Anisotropy": 122.7852, "tensor": [[238.869, 16.1637, 53.8265], [21.173, 219.5123, 6.5388]], "eigenvalues": [198.586, 231.4343, 337.7954]}, "40": {"type": "F", "Isotropic": 258.0975, "Anisotropy": 136.7389, "tensor": [], "eigenvalues": [196.4059, 228.6299, 349.2568]}, "41": {"type": "F", "Isotropic": 256.7283, "Anisotropy": 123.2776, "tensor": [], "eigenvalues": [200.2309, 231.0407, 338.9134]}, "42": {"type": "S", "Isotropic": 237.4639, "Anisotropy": 246.5283, "tensor": [], "eigenvalues": [93.5051, 217.0705, 401.8161]}, "43": {"type": "O", "Isotropic": 116.1621, "Anisotropy": 57.0356, "tensor": [], "eigenvalues": [79.6238, 114.6766, 154.1858]}, "44": {"type": "O", "Isotropic": 122.7285, "Anisotropy": 76.898, "tensor": [], "eigenvalues": [83.2367, 110.955, 173.9939]}, "45": {"type": "C", "Isotropic": 63.5772, "Anisotropy": 7.5956, "tensor": [], "eigenvalues": [54.9238, 67.167, 68.641]}, "46": {"type": "F", "Isotropic": 265.28, "Anisotropy": 130.4961, "tensor": [[315.3727, 42.4633, 42.3823], [42.0859, 216.1513, 8.3914], [43.4509, 8.8245, 264.3159]], "eigenvalues": [199.6773, 243.8853, 352.2774]}, "47": {"type": "F", "Isotropic": 259.1841, "Anisotropy": 133.7763, "tensor": [], "eigenvalues": [196.5412, 232.6428, 348.3683]}, "48": {"type": "F", "Isotropic": 261.3082, "Anisotropy": 128.8087, "tensor": [], "eigenvalues": [198.4774, 238.2665, 347.1806]}}}}, "functional": "B3LYP", "basis": "6-31+G*", "phase": "solution", "type": "nmr;scrf", "smiles": "[Mg].O(C)CCOC.O(C)CCOC.[N](S(=O)(=O)C(F)(F)F)S(=O)(=O)C(F)(F)F", "formula": "Mg1 H20 C10 S2 N1 O8 F6", "formula_pretty": "MgH20C10S2N(O4F3)2", "formula_anonymous": "ABC2D6E8F10G20", "formula_alphabetical": "C10 F6 H20 Mg1 N1 O8 S2", "chemsys": "C-F-H-Mg-N-O-S", "nsites": 48, "nelements": 7, "is_ordered": true, "is_valid": true, "tag": "oplsd_2", "wall_time (s)": 284.9831718490459, "last_updated": "2020-12-25T07:27:05.617050", "_id": null}