{"input": {"molecule": {"charge": 2, "spin_multiplicity": 1, "sites": [{"name": "Mg", "species": [{"element": "Mg", "occu": 1}], "xyz": [4.181713, 21.300199, 31.033055], "properties": {}}, {"name": "O", "species": [{"element": "O", "occu": 1}], "xyz": [4.498086, 23.031642, 32.173375], "properties": {}}, {"name": "C", "species": [{"element": "C", "occu": 1}], "xyz": [3.489064, 24.019932, 32.479181], "properties": {}}, {"name": "C", "species": [{"element": "C", "occu": 1}], "xyz": [5.463925, 22.856617, 33.23313], "properties": {}}, {"name": "C", "species": [{"element": "C", "occu": 1}], "xyz": [6.558054, 21.953845, 32.706076], "properties": {}}, {"name": "O", "species": [{"element": "O", "occu": 1}], "xyz": [5.914425, 20.814678, 32.095006], "properties": {}}, {"name": "C", "species": [{"element": "C", "occu": 1}], "xyz": [6.813968, 19.724318, 31.798065], "properties": {}}, {"name": "H", "species": [{"element": "H", "occu": 1}], "xyz": [3.963915, 24.99821, 32.598616], "properties": {}}, {"name": "H", "species": [{"element": "H", "occu": 1}], "xyz": [2.961292, 23.739186, 33.397234], "properties": {}}, {"name": "H", "species": [{"element": "H", "occu": 1}], "xyz": [4.960375, 22.412175, 34.098971], "properties": {}}, {"name": "H", "species": [{"element": "H", "occu": 1}], "xyz": [5.882449, 23.827789, 33.516657], "properties": {}}, {"name": "H", "species": [{"element": "H", "occu": 1}], "xyz": [7.196151, 21.621657, 33.531469], "properties": {}}, {"name": "H", "species": [{"element": "H", "occu": 1}], "xyz": [7.172544, 22.459952, 31.95347], "properties": {}}, {"name": "H", "species": [{"element": "H", "occu": 1}], "xyz": [7.610775, 20.06738, 31.129591], "properties": {}}, {"name": "H", "species": [{"element": "H", "occu": 1}], "xyz": [6.219206, 18.955689, 31.307651], "properties": {}}, {"name": "H", "species": [{"element": "H", "occu": 1}], "xyz": [7.240407, 19.342261, 32.730047], "properties": {}}, {"name": "H", "species": [{"element": "H", "occu": 1}], "xyz": [2.798525, 24.031955, 31.637748], "properties": {}}, {"name": "O", "species": [{"element": "O", "occu": 1}], "xyz": [2.90626, 20.364505, 32.40428], "properties": {}}, {"name": "C", "species": [{"element": "C", "occu": 1}], "xyz": [3.284171, 19.910548, 33.722637], "properties": {}}, {"name": "C", "species": [{"element": "C", "occu": 1}], "xyz": [1.543551, 20.84075, 32.337853], "properties": {}}, {"name": "C", "species": [{"element": "C", "occu": 1}], "xyz": [1.224393, 21.114809, 30.884231], "properties": {}}, {"name": "O", "species": [{"element": "O", "occu": 1}], "xyz": [2.301466, 21.916298, 30.353441], "properties": {}}, {"name": "C", "species": [{"element": "C", "occu": 1}], "xyz": [2.00962, 22.510743, 29.070124], "properties": {}}, {"name": "H", "species": [{"element": "H", "occu": 1}], "xyz": [3.147052, 20.721782, 34.445945], "properties": {}}, {"name": "H", "species": [{"element": "H", "occu": 1}], "xyz": [4.334381, 19.629032, 33.668439], "properties": {}}, {"name": "H", "species": [{"element": "H", "occu": 1}], "xyz": [1.459605, 21.75079, 32.94262], "properties": {}}, {"name": "H", "species": [{"element": "H", "occu": 1}], "xyz": [0.865748, 20.07732, 32.733687], "properties": {}}, {"name": "H", "species": [{"element": "H", "occu": 1}], "xyz": [0.280175, 21.664202, 30.80913], "properties": {}}, {"name": "H", "species": [{"element": "H", "occu": 1}], "xyz": [1.152506, 20.189319, 30.301815], "properties": {}}, {"name": "H", "species": [{"element": "H", "occu": 1}], "xyz": [1.755784, 21.730803, 28.344874], "properties": {}}, {"name": "H", "species": [{"element": "H", "occu": 1}], "xyz": [2.911668, 23.032991, 28.756914], "properties": {}}, {"name": "H", "species": [{"element": "H", "occu": 1}], "xyz": [1.176962, 23.211789, 29.177362], "properties": {}}, {"name": "H", "species": [{"element": "H", "occu": 1}], "xyz": [2.669707, 19.048749, 33.998964], "properties": {}}, {"name": "O", "species": [{"element": "O", "occu": 1}], "xyz": [5.163001, 22.031869, 29.338391], "properties": {}}, {"name": "C", "species": [{"element": "C", "occu": 1}], "xyz": [5.91429, 23.262772, 29.253179], "properties": {}}, {"name": "C", "species": [{"element": "C", "occu": 1}], "xyz": [5.649298, 20.996973, 28.456995], "properties": {}}, {"name": "C", "species": [{"element": "C", "occu": 1}], "xyz": [4.620804, 19.886588, 28.447356], "properties": {}}, {"name": "O", "species": [{"element": "O", "occu": 1}], "xyz": [4.293306, 19.594146, 29.822644], "properties": {}}, {"name": "C", "species": [{"element": "C", "occu": 1}], "xyz": [3.578762, 18.351639, 29.997647], "properties": {}}, {"name": "H", "species": [{"element": "H", "occu": 1}], "xyz": [5.50436, 23.930422, 30.009305], "properties": {}}, {"name": "H", "species": [{"element": "H", "occu": 1}], "xyz": [5.791357, 23.692985, 28.25499], "properties": {}}, {"name": "H", "species": [{"element": "H", "occu": 1}], "xyz": [6.615373, 20.642235, 28.833532], "properties": {}}, {"name": "H", "species": [{"element": "H", "occu": 1}], "xyz": [5.777635, 21.399499, 27.446921], "properties": {}}, {"name": "H", "species": [{"element": "H", "occu": 1}], "xyz": [5.04124, 18.99666, 27.967376], "properties": {}}, {"name": "H", "species": [{"element": "H", "occu": 1}], "xyz": [3.705273, 20.182898, 27.923664], "properties": {}}, {"name": "H", "species": [{"element": "H", "occu": 1}], "xyz": [2.654198, 18.365838, 29.411089], "properties": {}}, {"name": "H", "species": [{"element": "H", "occu": 1}], "xyz": [3.348094, 18.270118, 31.058095], "properties": {}}, {"name": "H", "species": [{"element": "H", "occu": 1}], "xyz": [4.215044, 17.520835, 29.678894], "properties": {}}, {"name": "H", "species": [{"element": "H", "occu": 1}], "xyz": [6.973086, 23.067911, 29.453665], "properties": {}}]}, "functional": "B3LYP", "basis_set": "6-31+G*", "route_parameters": {"NMR": "GIAO", "iop(7/33=1)": null, "int": "ultrafine", "EmpiricalDispersion": "GD3", "NoSymmetry": null, "test": null, "SCRF": "(Solvent=TetraHydroFuran)"}, "title": "Mg1 H30 C12 O6", "charge": 2, "spin_multiplicity": 1, "input_parameters": {}, "link0_parameters": {"%chk": "checkpoint.chk", "%mem": "100GB", "%NProcShared": "28"}, "dieze_tag": "#P", "nbasisfunctions": 425, "pcm_parameters": {}}, "output": {"has_gaussian_completed": true, "is_pcm": true, "errors": [], "Mulliken_charges": {"1": ["Mg", -1.340389], "2": ["O", -0.193026], "3": ["C", -0.305673], "4": ["C", -0.159834], "5": ["C", -0.165504], "6": ["O", -0.194016], "7": ["C", -0.306649], "8": ["H", 0.238647], "9": ["H", 0.23295], "10": ["H", 0.243776], "11": ["H", 0.244845], "12": ["H", 0.244738], "13": ["H", 0.244989], "14": ["H", 0.23434], "15": ["H", 0.258195], "16": ["H", 0.239954], "17": ["H", 0.257247], "18": ["O", -0.191525], "19": ["C", -0.303097], "20": ["C", -0.165495], "21": ["C", -0.161843], "22": ["O", -0.196842], "23": ["C", -0.30929], "24": ["H", 0.233116], "25": ["H", 0.258237], "26": ["H", 0.243924], "27": ["H", 0.245142], "28": ["H", 0.244864], "29": ["H", 0.243424], "30": ["H", 0.233742], "31": ["H", 0.257211], "32": ["H", 0.240098], "33": ["H", 0.239475], "34": ["O", -0.194457], "35": ["C", -0.305381], "36": ["C", -0.162649], "37": ["C", -0.162529], "38": ["O", -0.195389], "39": ["C", -0.308874], "40": ["H", 0.258358], "41": ["H", 0.241329], "42": ["H", 0.243631], "43": ["H", 0.244722], "44": ["H", 0.244035], "45": ["H", 0.243409], "46": ["H", 0.234215], "47": ["H", 0.258695], "48": ["H", 0.240865], "49": ["H", 0.234289]}, "tensor": {"1": {"type": "Mg", "Isotropic": 601.2298, "Anisotropy": 11.6908, "tensor": [[0.4473, 595.0196, 1.5306]], "eigenvalues": [593.8778, 600.788, 609.0237]}, "2": {"type": "O", "Isotropic": 310.4953, "Anisotropy": 31.4773, "tensor": [[14.3908, 11.4095, 324.7066]], "eigenvalues": [278.8747, 321.131, 331.4802]}, "3": {"type": "C", "Isotropic": 129.2838, "Anisotropy": 85.6016, "tensor": [], "eigenvalues": [98.0139, 103.486, 186.3515]}, "4": {"type": "C", "Isotropic": 119.7251, "Anisotropy": 67.5613, "tensor": [], "eigenvalues": [90.9343, 103.4751, 164.766]}, "5": {"type": "C", "Isotropic": 120.6407, "Anisotropy": 67.876, "tensor": [[109.413, 20.2705, 10.0005], [10.3211, 145.9492, 23.7622], [14.3103, 29.5231, 106.5599]], "eigenvalues": [91.8303, 104.2004, 165.8914]}, "6": {"type": "O", "Isotropic": 312.186, "Anisotropy": 28.4895, "tensor": [[327.3957, 3.7161, 3.4481], [2.392, 315.4802, 18.9079], [1.9853, 20.0832, 293.6822]], "eigenvalues": [282.2317, 323.1474, 331.179]}, "7": {"type": "C", "Isotropic": 129.8328, "Anisotropy": 85.6505, "tensor": [], "eigenvalues": [98.7913, 103.7739, 186.9331]}, "8": {"type": "H", "Isotropic": 28.3529, "Anisotropy": 9.7482, "tensor": [], "eigenvalues": [24.6111, 25.5959, 34.8517]}, "9": {"type": "H", "Isotropic": 28.5746, "Anisotropy": 8.1965, "tensor": [], "eigenvalues": [24.6332, 27.0516, 34.039]}, "10": {"type": "H", "Isotropic": 27.8945, "Anisotropy": 6.547, "tensor": [], "eigenvalues": [25.4219, 26.0024, 32.2591]}, "11": {"type": "H", "Isotropic": 28.2363, "Anisotropy": 7.9361, "tensor": [[28.1129, 2.8816, 3.3682], [0.3646, 28.8539, 2.5306], [2.6078, 4.0001, 27.7421]], "eigenvalues": [24.3452, 26.8366, 33.527]}, "12": {"type": "H", "Isotropic": 28.3717, "Anisotropy": 7.7537, "tensor": [[0.924, 26.6756, 2.3745], [4.781, 0.3477, 28.8479]], "eigenvalues": [24.5426, 27.0316, 33.5408]}, "13": {"type": "H", "Isotropic": 27.8978, "Anisotropy": 6.4425, "tensor": [[1.114, 1.1253, 26.0828]], "eigenvalues": [25.386, 26.1146, 32.1928]}, "14": {"type": "H", "Isotropic": 28.2541, "Anisotropy": 8.8254, "tensor": [], "eigenvalues": [24.3759, 26.2487, 34.1376]}, "15": {"type": "H", "Isotropic": 27.9817, "Anisotropy": 6.2754, "tensor": [[2.5309, 2.0713, 25.7218]], "eigenvalues": [23.0752, 28.7046, 32.1653]}, "16": {"type": "H", "Isotropic": 28.2586, "Anisotropy": 9.729, "tensor": [], "eigenvalues": [24.4969, 25.5342, 34.7445]}, "17": {"type": "H", "Isotropic": 28.2434, "Anisotropy": 6.6235, "tensor": [[1.4413, 2.2126, 25.999]], "eigenvalues": [23.5091, 28.5621, 32.6591]}, "18": {"type": "O", "Isotropic": 311.2851, "Anisotropy": 28.2314, "tensor": [], "eigenvalues": [284.0255, 319.7238, 330.1061]}, "19": {"type": "C", "Isotropic": 128.8359, "Anisotropy": 85.8837, "tensor": [], "eigenvalues": [97.3454, 103.0706, 186.0917]}, "20": {"type": "C", "Isotropic": 119.7852, "Anisotropy": 68.0101, "tensor": [], "eigenvalues": [90.948, 103.2822, 165.1252]}, "21": {"type": "C", "Isotropic": 119.8454, "Anisotropy": 66.6245, "tensor": [], "eigenvalues": [91.1271, 104.1474, 164.2618]}, "22": {"type": "O", "Isotropic": 311.1322, "Anisotropy": 35.096, "tensor": [[323.3336, 20.6039, 2.1657]], "eigenvalues": [283.6056, 315.2616, 334.5296]}, "23": {"type": "C", "Isotropic": 129.2659, "Anisotropy": 85.5521, "tensor": [], "eigenvalues": [97.3177, 104.1794, 186.3006]}, "24": {"type": "H", "Isotropic": 28.4276, "Anisotropy": 8.3855, "tensor": [[25.2446, 1.1965, 1.0233]], "eigenvalues": [24.4521, 26.8128, 34.0179]}, "25": {"type": "H", "Isotropic": 27.9944, "Anisotropy": 6.6088, "tensor": [], "eigenvalues": [23.048, 28.535, 32.4003]}, "26": {"type": "H", "Isotropic": 27.9035, "Anisotropy": 6.6527, "tensor": [], "eigenvalues": [25.3859, 25.986, 32.3386]}, "27": {"type": "H", "Isotropic": 28.1726, "Anisotropy": 7.7162, "tensor": [], "eigenvalues": [24.3807, 26.8204, 33.3168]}, "28": {"type": "H", "Isotropic": 28.3645, "Anisotropy": 7.9385, "tensor": [], "eigenvalues": [24.5619, 26.8748, 33.6569]}, "29": {"type": "H", "Isotropic": 27.9109, "Anisotropy": 6.6577, "tensor": [[28.8011, 4.1266, 1.5319], [2.5012, 29.0243, 1.3536]], "eigenvalues": [25.5551, 25.8283, 32.3494]}, "30": {"type": "H", "Isotropic": 28.3802, "Anisotropy": 8.4862, "tensor": [[3.0326, 1.5087, 32.958]], "eigenvalues": [24.3031, 26.7998, 34.0377]}, "31": {"type": "H", "Isotropic": 27.9139, "Anisotropy": 6.4872, "tensor": [], "eigenvalues": [22.9541, 28.549, 32.2388]}, "32": {"type": "H", "Isotropic": 28.268, "Anisotropy": 9.975, "tensor": [], "eigenvalues": [24.1837, 25.7022, 34.918]}, "33": {"type": "H", "Isotropic": 28.2992, "Anisotropy": 9.7749, "tensor": [[25.1199, 0.987, 0.2019]], "eigenvalues": [24.4799, 25.6019, 34.8158]}, "34": {"type": "O", "Isotropic": 312.8107, "Anisotropy": 37.3604, "tensor": [[1.815, 316.7905, 16.9121]], "eigenvalues": [284.3404, 316.374, 337.7176]}, "35": {"type": "C", "Isotropic": 129.0578, "Anisotropy": 86.6222, "tensor": [[117.8566, 40.1647, 1.4911]], "eigenvalues": [96.3952, 103.9723, 186.8059]}, "36": {"type": "C", "Isotropic": 119.6288, "Anisotropy": 68.1171, "tensor": [], "eigenvalues": [90.2526, 103.5936, 165.0402]}, "37": {"type": "C", "Isotropic": 119.864, "Anisotropy": 66.8946, "tensor": [], "eigenvalues": [91.0673, 104.0643, 164.4604]}, "38": {"type": "O", "Isotropic": 312.5944, "Anisotropy": 34.0372, "tensor": [[299.1634, 17.1192, 2.307], [14.9025, 303.4301, 1.8875]], "eigenvalues": [285.0943, 317.4029, 335.2859]}, "39": {"type": "C", "Isotropic": 129.3409, "Anisotropy": 86.3628, "tensor": [], "eigenvalues": [97.0322, 104.0743, 186.9161]}, "40": {"type": "H", "Isotropic": 27.7745, "Anisotropy": 6.8063, "tensor": [[1.4711, 31.5246, 2.0471]], "eigenvalues": [22.5629, 28.4487, 32.3121]}, "41": {"type": "H", "Isotropic": 28.2975, "Anisotropy": 9.7341, "tensor": [], "eigenvalues": [24.5336, 25.572, 34.7869]}, "42": {"type": "H", "Isotropic": 27.8851, "Anisotropy": 6.8377, "tensor": [], "eigenvalues": [25.3096, 25.9021, 32.4436]}, "43": {"type": "H", "Isotropic": 28.2513, "Anisotropy": 7.8967, "tensor": [[0.14, 26.4769, 1.9166]], "eigenvalues": [24.4405, 26.7975, 33.5158]}, "44": {"type": "H", "Isotropic": 28.2924, "Anisotropy": 7.9026, "tensor": [[0.3384, 28.5255, 1.9952]], "eigenvalues": [24.4156, 26.9009, 33.5608]}, "45": {"type": "H", "Isotropic": 27.7979, "Anisotropy": 6.698, "tensor": [], "eigenvalues": [25.1858, 25.9447, 32.2632]}, "46": {"type": "H", "Isotropic": 28.3521, "Anisotropy": 8.7304, "tensor": [[29.9696, 2.8167, 1.717], [4.645, 29.9772, 2.6994], [0.3835, 1.0119, 25.1096]], "eigenvalues": [24.4699, 26.4141, 34.1724]}, "47": {"type": "H", "Isotropic": 27.9012, "Anisotropy": 6.4906, "tensor": [], "eigenvalues": [22.9831, 28.4923, 32.2283]}, "48": {"type": "H", "Isotropic": 28.2877, "Anisotropy": 9.9009, "tensor": [[25.5956, 0.9377, 0.1981]], "eigenvalues": [24.3733, 25.6016, 34.8884]}, "49": {"type": "H", "Isotropic": 28.546, "Anisotropy": 8.3815, "tensor": [[31.2512, 2.7067, 0.0835]], "eigenvalues": [24.6595, 26.8447, 34.1336]}}, "output": {"energies": [-1126.6329541], "final_energy": -1126.6329541, "final_energy_per_atom": -22.99250926734694, "molecule": {"charge": 0.0, "spin_multiplicity": 1, "sites": [{"name": "Mg", "species": [{"element": "Mg", "occu": 1}], "xyz": [4.181713, 21.300199, 31.033055], "properties": {}}, {"name": "O", "species": [{"element": "O", "occu": 1}], "xyz": [4.498086, 23.031642, 32.173375], "properties": {}}, {"name": "C", "species": [{"element": "C", "occu": 1}], "xyz": [3.489064, 24.019932, 32.479181], "properties": {}}, {"name": "C", "species": [{"element": "C", "occu": 1}], "xyz": [5.463925, 22.856617, 33.23313], "properties": {}}, {"name": "C", "species": [{"element": "C", "occu": 1}], "xyz": [6.558054, 21.953845, 32.706076], "properties": {}}, {"name": "O", "species": [{"element": "O", "occu": 1}], "xyz": [5.914425, 20.814678, 32.095006], "properties": {}}, {"name": "C", "species": [{"element": "C", "occu": 1}], "xyz": [6.813968, 19.724318, 31.798065], "properties": {}}, {"name": "H", "species": [{"element": "H", "occu": 1}], "xyz": [3.963915, 24.99821, 32.598616], "properties": {}}, {"name": "H", "species": [{"element": "H", "occu": 1}], "xyz": [2.961292, 23.739186, 33.397234], "properties": {}}, {"name": "H", "species": [{"element": "H", "occu": 1}], "xyz": [4.960375, 22.412175, 34.098971], "properties": {}}, {"name": "H", "species": [{"element": "H", "occu": 1}], "xyz": [5.882449, 23.827789, 33.516657], "properties": {}}, {"name": "H", "species": [{"element": "H", "occu": 1}], "xyz": [7.196151, 21.621657, 33.531469], "properties": {}}, {"name": "H", "species": [{"element": "H", "occu": 1}], "xyz": [7.172544, 22.459952, 31.95347], "properties": {}}, {"name": "H", "species": [{"element": "H", "occu": 1}], "xyz": [7.610775, 20.06738, 31.129591], "properties": {}}, {"name": "H", "species": [{"element": "H", "occu": 1}], "xyz": [6.219206, 18.955689, 31.307651], "properties": {}}, {"name": "H", "species": [{"element": "H", "occu": 1}], "xyz": [7.240407, 19.342261, 32.730047], "properties": {}}, {"name": "H", "species": [{"element": "H", "occu": 1}], "xyz": [2.798525, 24.031955, 31.637748], "properties": {}}, {"name": "O", "species": [{"element": "O", "occu": 1}], "xyz": [2.90626, 20.364505, 32.40428], "properties": {}}, {"name": "C", "species": [{"element": "C", "occu": 1}], "xyz": [3.284171, 19.910548, 33.722637], "properties": {}}, {"name": "C", "species": [{"element": "C", "occu": 1}], "xyz": [1.543551, 20.84075, 32.337853], "properties": {}}, {"name": "C", "species": [{"element": "C", "occu": 1}], "xyz": [1.224393, 21.114809, 30.884231], "properties": {}}, {"name": "O", "species": [{"element": "O", "occu": 1}], "xyz": [2.301466, 21.916298, 30.353441], "properties": {}}, {"name": "C", "species": [{"element": "C", "occu": 1}], "xyz": [2.00962, 22.510743, 29.070124], "properties": {}}, {"name": "H", "species": [{"element": "H", "occu": 1}], "xyz": [3.147052, 20.721782, 34.445945], "properties": {}}, {"name": "H", "species": [{"element": "H", "occu": 1}], "xyz": [4.334381, 19.629032, 33.668439], "properties": {}}, {"name": "H", "species": [{"element": "H", "occu": 1}], "xyz": [1.459605, 21.75079, 32.94262], "properties": {}}, {"name": "H", "species": [{"element": "H", "occu": 1}], "xyz": [0.865748, 20.07732, 32.733687], "properties": {}}, {"name": "H", "species": [{"element": "H", "occu": 1}], "xyz": [0.280175, 21.664202, 30.80913], "properties": {}}, {"name": "H", "species": [{"element": "H", "occu": 1}], "xyz": [1.152506, 20.189319, 30.301815], "properties": {}}, {"name": "H", "species": [{"element": "H", "occu": 1}], "xyz": [1.755784, 21.730803, 28.344874], "properties": {}}, {"name": "H", "species": [{"element": "H", "occu": 1}], "xyz": [2.911668, 23.032991, 28.756914], "properties": {}}, {"name": "H", "species": [{"element": "H", "occu": 1}], "xyz": [1.176962, 23.211789, 29.177362], "properties": {}}, {"name": "H", "species": [{"element": "H", "occu": 1}], "xyz": [2.669707, 19.048749, 33.998964], "properties": {}}, {"name": "O", "species": [{"element": "O", "occu": 1}], "xyz": [5.163001, 22.031869, 29.338391], "properties": {}}, {"name": "C", "species": [{"element": "C", "occu": 1}], "xyz": [5.91429, 23.262772, 29.253179], "properties": {}}, {"name": "C", "species": [{"element": "C", "occu": 1}], "xyz": [5.649298, 20.996973, 28.456995], "properties": {}}, {"name": "C", "species": [{"element": "C", "occu": 1}], "xyz": [4.620804, 19.886588, 28.447356], "properties": {}}, {"name": "O", "species": [{"element": "O", "occu": 1}], "xyz": [4.293306, 19.594146, 29.822644], "properties": {}}, {"name": "C", "species": [{"element": "C", "occu": 1}], "xyz": [3.578762, 18.351639, 29.997647], "properties": {}}, {"name": "H", "species": [{"element": "H", "occu": 1}], "xyz": [5.50436, 23.930422, 30.009305], "properties": {}}, {"name": "H", "species": [{"element": "H", "occu": 1}], "xyz": [5.791357, 23.692985, 28.25499], "properties": {}}, {"name": "H", "species": [{"element": "H", "occu": 1}], "xyz": [6.615373, 20.642235, 28.833532], "properties": {}}, {"name": "H", "species": [{"element": "H", "occu": 1}], "xyz": [5.777635, 21.399499, 27.446921], "properties": {}}, {"name": "H", "species": [{"element": "H", "occu": 1}], "xyz": [5.04124, 18.99666, 27.967376], "properties": {}}, {"name": "H", "species": [{"element": "H", "occu": 1}], "xyz": [3.705273, 20.182898, 27.923664], "properties": {}}, {"name": "H", "species": [{"element": "H", "occu": 1}], "xyz": [2.654198, 18.365838, 29.411089], "properties": {}}, {"name": "H", "species": [{"element": "H", "occu": 1}], "xyz": [3.348094, 18.270118, 31.058095], "properties": {}}, {"name": "H", "species": [{"element": "H", "occu": 1}], "xyz": [4.215044, 17.520835, 29.678894], "properties": {}}, {"name": "H", "species": [{"element": "H", "occu": 1}], "xyz": [6.973086, 23.067911, 29.453665], "properties": {}}]}, "stationary_type": "Minimum", "corrections": {}, "tensor": {"1": {"type": "Mg", "Isotropic": 601.2298, "Anisotropy": 11.6908, "tensor": [[0.4473, 595.0196, 1.5306]], "eigenvalues": [593.8778, 600.788, 609.0237]}, "2": {"type": "O", "Isotropic": 310.4953, "Anisotropy": 31.4773, "tensor": [[14.3908, 11.4095, 324.7066]], "eigenvalues": [278.8747, 321.131, 331.4802]}, "3": {"type": "C", "Isotropic": 129.2838, "Anisotropy": 85.6016, "tensor": [], "eigenvalues": [98.0139, 103.486, 186.3515]}, "4": {"type": "C", "Isotropic": 119.7251, "Anisotropy": 67.5613, "tensor": [], "eigenvalues": [90.9343, 103.4751, 164.766]}, "5": {"type": "C", "Isotropic": 120.6407, "Anisotropy": 67.876, "tensor": [[109.413, 20.2705, 10.0005], [10.3211, 145.9492, 23.7622], [14.3103, 29.5231, 106.5599]], "eigenvalues": [91.8303, 104.2004, 165.8914]}, "6": {"type": "O", "Isotropic": 312.186, "Anisotropy": 28.4895, "tensor": [[327.3957, 3.7161, 3.4481], [2.392, 315.4802, 18.9079], [1.9853, 20.0832, 293.6822]], "eigenvalues": [282.2317, 323.1474, 331.179]}, "7": {"type": "C", "Isotropic": 129.8328, "Anisotropy": 85.6505, "tensor": [], "eigenvalues": [98.7913, 103.7739, 186.9331]}, "8": {"type": "H", "Isotropic": 28.3529, "Anisotropy": 9.7482, "tensor": [], "eigenvalues": [24.6111, 25.5959, 34.8517]}, "9": {"type": "H", "Isotropic": 28.5746, "Anisotropy": 8.1965, "tensor": [], "eigenvalues": [24.6332, 27.0516, 34.039]}, "10": {"type": "H", "Isotropic": 27.8945, "Anisotropy": 6.547, "tensor": [], "eigenvalues": [25.4219, 26.0024, 32.2591]}, "11": {"type": "H", "Isotropic": 28.2363, "Anisotropy": 7.9361, "tensor": [[28.1129, 2.8816, 3.3682], [0.3646, 28.8539, 2.5306], [2.6078, 4.0001, 27.7421]], "eigenvalues": [24.3452, 26.8366, 33.527]}, "12": {"type": "H", "Isotropic": 28.3717, "Anisotropy": 7.7537, "tensor": [[0.924, 26.6756, 2.3745], [4.781, 0.3477, 28.8479]], "eigenvalues": [24.5426, 27.0316, 33.5408]}, "13": {"type": "H", "Isotropic": 27.8978, "Anisotropy": 6.4425, "tensor": [[1.114, 1.1253, 26.0828]], "eigenvalues": [25.386, 26.1146, 32.1928]}, "14": {"type": "H", "Isotropic": 28.2541, "Anisotropy": 8.8254, "tensor": [], "eigenvalues": [24.3759, 26.2487, 34.1376]}, "15": {"type": "H", "Isotropic": 27.9817, "Anisotropy": 6.2754, "tensor": [[2.5309, 2.0713, 25.7218]], "eigenvalues": [23.0752, 28.7046, 32.1653]}, "16": {"type": "H", "Isotropic": 28.2586, "Anisotropy": 9.729, "tensor": [], "eigenvalues": [24.4969, 25.5342, 34.7445]}, "17": {"type": "H", "Isotropic": 28.2434, "Anisotropy": 6.6235, "tensor": [[1.4413, 2.2126, 25.999]], "eigenvalues": [23.5091, 28.5621, 32.6591]}, "18": {"type": "O", "Isotropic": 311.2851, "Anisotropy": 28.2314, "tensor": [], "eigenvalues": [284.0255, 319.7238, 330.1061]}, "19": {"type": "C", "Isotropic": 128.8359, "Anisotropy": 85.8837, "tensor": [], "eigenvalues": [97.3454, 103.0706, 186.0917]}, "20": {"type": "C", "Isotropic": 119.7852, "Anisotropy": 68.0101, "tensor": [], "eigenvalues": [90.948, 103.2822, 165.1252]}, "21": {"type": "C", "Isotropic": 119.8454, "Anisotropy": 66.6245, "tensor": [], "eigenvalues": [91.1271, 104.1474, 164.2618]}, "22": {"type": "O", "Isotropic": 311.1322, "Anisotropy": 35.096, "tensor": [[323.3336, 20.6039, 2.1657]], "eigenvalues": [283.6056, 315.2616, 334.5296]}, "23": {"type": "C", "Isotropic": 129.2659, "Anisotropy": 85.5521, "tensor": [], "eigenvalues": [97.3177, 104.1794, 186.3006]}, "24": {"type": "H", "Isotropic": 28.4276, "Anisotropy": 8.3855, "tensor": [[25.2446, 1.1965, 1.0233]], "eigenvalues": [24.4521, 26.8128, 34.0179]}, "25": {"type": "H", "Isotropic": 27.9944, "Anisotropy": 6.6088, "tensor": [], "eigenvalues": [23.048, 28.535, 32.4003]}, "26": {"type": "H", "Isotropic": 27.9035, "Anisotropy": 6.6527, "tensor": [], "eigenvalues": [25.3859, 25.986, 32.3386]}, "27": {"type": "H", "Isotropic": 28.1726, "Anisotropy": 7.7162, "tensor": [], "eigenvalues": [24.3807, 26.8204, 33.3168]}, "28": {"type": "H", "Isotropic": 28.3645, "Anisotropy": 7.9385, "tensor": [], "eigenvalues": [24.5619, 26.8748, 33.6569]}, "29": {"type": "H", "Isotropic": 27.9109, "Anisotropy": 6.6577, "tensor": [[28.8011, 4.1266, 1.5319], [2.5012, 29.0243, 1.3536]], "eigenvalues": [25.5551, 25.8283, 32.3494]}, "30": {"type": "H", "Isotropic": 28.3802, "Anisotropy": 8.4862, "tensor": [[3.0326, 1.5087, 32.958]], "eigenvalues": [24.3031, 26.7998, 34.0377]}, "31": {"type": "H", "Isotropic": 27.9139, "Anisotropy": 6.4872, "tensor": [], "eigenvalues": [22.9541, 28.549, 32.2388]}, "32": {"type": "H", "Isotropic": 28.268, "Anisotropy": 9.975, "tensor": [], "eigenvalues": [24.1837, 25.7022, 34.918]}, "33": {"type": "H", "Isotropic": 28.2992, "Anisotropy": 9.7749, "tensor": [[25.1199, 0.987, 0.2019]], "eigenvalues": [24.4799, 25.6019, 34.8158]}, "34": {"type": "O", "Isotropic": 312.8107, "Anisotropy": 37.3604, "tensor": [[1.815, 316.7905, 16.9121]], "eigenvalues": [284.3404, 316.374, 337.7176]}, "35": {"type": "C", "Isotropic": 129.0578, "Anisotropy": 86.6222, "tensor": [[117.8566, 40.1647, 1.4911]], "eigenvalues": [96.3952, 103.9723, 186.8059]}, "36": {"type": "C", "Isotropic": 119.6288, "Anisotropy": 68.1171, "tensor": [], "eigenvalues": [90.2526, 103.5936, 165.0402]}, "37": {"type": "C", "Isotropic": 119.864, "Anisotropy": 66.8946, "tensor": [], "eigenvalues": [91.0673, 104.0643, 164.4604]}, "38": {"type": "O", "Isotropic": 312.5944, "Anisotropy": 34.0372, "tensor": [[299.1634, 17.1192, 2.307], [14.9025, 303.4301, 1.8875]], "eigenvalues": [285.0943, 317.4029, 335.2859]}, "39": {"type": "C", "Isotropic": 129.3409, "Anisotropy": 86.3628, "tensor": [], "eigenvalues": [97.0322, 104.0743, 186.9161]}, "40": {"type": "H", "Isotropic": 27.7745, "Anisotropy": 6.8063, "tensor": [[1.4711, 31.5246, 2.0471]], "eigenvalues": [22.5629, 28.4487, 32.3121]}, "41": {"type": "H", "Isotropic": 28.2975, "Anisotropy": 9.7341, "tensor": [], "eigenvalues": [24.5336, 25.572, 34.7869]}, "42": {"type": "H", "Isotropic": 27.8851, "Anisotropy": 6.8377, "tensor": [], "eigenvalues": [25.3096, 25.9021, 32.4436]}, "43": {"type": "H", "Isotropic": 28.2513, "Anisotropy": 7.8967, "tensor": [[0.14, 26.4769, 1.9166]], "eigenvalues": [24.4405, 26.7975, 33.5158]}, "44": {"type": "H", "Isotropic": 28.2924, "Anisotropy": 7.9026, "tensor": [[0.3384, 28.5255, 1.9952]], "eigenvalues": [24.4156, 26.9009, 33.5608]}, "45": {"type": "H", "Isotropic": 27.7979, "Anisotropy": 6.698, "tensor": [], "eigenvalues": [25.1858, 25.9447, 32.2632]}, "46": {"type": "H", "Isotropic": 28.3521, "Anisotropy": 8.7304, "tensor": [[29.9696, 2.8167, 1.717], [4.645, 29.9772, 2.6994], [0.3835, 1.0119, 25.1096]], "eigenvalues": [24.4699, 26.4141, 34.1724]}, "47": {"type": "H", "Isotropic": 27.9012, "Anisotropy": 6.4906, "tensor": [], "eigenvalues": [22.9831, 28.4923, 32.2283]}, "48": {"type": "H", "Isotropic": 28.2877, "Anisotropy": 9.9009, "tensor": [[25.5956, 0.9377, 0.1981]], "eigenvalues": [24.3733, 25.6016, 34.8884]}, "49": {"type": "H", "Isotropic": 28.546, "Anisotropy": 8.3815, "tensor": [[31.2512, 2.7067, 0.0835]], "eigenvalues": [24.6595, 26.8447, 34.1336]}}}}, "functional": "B3LYP", "basis": "6-31+G*", "phase": "solution", "type": "scrf;nmr", "smiles": "[Mg].O(C)CCOC.O(C)CCOC.O(C)CCOC", "formula": "Mg1 H30 C12 O6", "formula_pretty": "MgH30(C2O)6", "formula_anonymous": "AB6C12D30", "formula_alphabetical": "C12 H30 Mg1 O6", "chemsys": "C-H-Mg-O", "nsites": 49, "nelements": 4, "is_ordered": true, "is_valid": true, "tag": "oplsd_1", "wall_time (s)": 141.80844042496756, "last_updated": "2020-12-25T05:56:18.183411", "_id": null}