{"input": {"molecule": {"charge": 0, "spin_multiplicity": 1, "sites": [{"name": "O", "species": [{"element": "O", "occu": 1}], "xyz": [0.930969, -0.095987, -1.689896], "properties": {}}, {"name": "C", "species": [{"element": "C", "occu": 1}], "xyz": [2.050043, 0.603659, -2.217693], "properties": {}}, {"name": "C", "species": [{"element": "C", "occu": 1}], "xyz": [0.306714, 0.604218, -0.621237], "properties": {}}, {"name": "C", "species": [{"element": "C", "occu": 1}], "xyz": [-0.897549, -0.210271, -0.174364], "properties": {}}, {"name": "O", "species": [{"element": "O", "occu": 1}], "xyz": [-1.483204, 0.466494, 0.929518], "properties": {}}, {"name": "C", "species": [{"element": "C", "occu": 1}], "xyz": [-2.66323, -0.165187, 1.405988], "properties": {}}, {"name": "H", "species": [{"element": "H", "occu": 1}], "xyz": [2.821872, 0.757225, -1.447512], "properties": {}}, {"name": "H", "species": [{"element": "H", "occu": 1}], "xyz": [1.752422, 1.583637, -2.620949], "properties": {}}, {"name": "H", "species": [{"element": "H", "occu": 1}], "xyz": [-0.015345, 1.603129, -0.948108], "properties": {}}, {"name": "H", "species": [{"element": "H", "occu": 1}], "xyz": [1.007303, 0.72773, 0.220562], "properties": {}}, {"name": "H", "species": [{"element": "H", "occu": 1}], "xyz": [-0.583716, -1.225732, 0.115343], "properties": {}}, {"name": "H", "species": [{"element": "H", "occu": 1}], "xyz": [-1.619851, -0.298387, -1.001507], "properties": {}}, {"name": "H", "species": [{"element": "H", "occu": 1}], "xyz": [-2.456596, -1.191298, 1.74652], "properties": {}}, {"name": "H", "species": [{"element": "H", "occu": 1}], "xyz": [-3.438496, -0.199187, 0.625007], "properties": {}}, {"name": "H", "species": [{"element": "H", "occu": 1}], "xyz": [-3.026119, 0.428435, 2.248818], "properties": {}}, {"name": "H", "species": [{"element": "H", "occu": 1}], "xyz": [2.46219, -0.008795, -3.023662], "properties": {}}, {"name": "H", "species": [{"element": "H", "occu": 1}], "xyz": [3.691813, 3.48261, 1.275598], "properties": {}}, {"name": "H", "species": [{"element": "H", "occu": 1}], "xyz": [-2.448886, 2.58351, -0.11838], "properties": {}}, {"name": "H", "species": [{"element": "H", "occu": 1}], "xyz": [1.633387, 3.359205, -0.04535], "properties": {}}, {"name": "H", "species": [{"element": "H", "occu": 1}], "xyz": [-0.461784, 2.840523, 1.230077], "properties": {}}, {"name": "C", "species": [{"element": "C", "occu": 1}], "xyz": [1.1879, 4.104502, 0.63251], "properties": {}}, {"name": "C", "species": [{"element": "C", "occu": 1}], "xyz": [-2.274859, 3.599568, -0.498541], "properties": {}}, {"name": "C", "species": [{"element": "C", "occu": 1}], "xyz": [3.185039, 4.237921, 1.895956], "properties": {}}, {"name": "C", "species": [{"element": "C", "occu": 1}], "xyz": [-0.300597, 3.834944, 0.790011], "properties": {}}, {"name": "O", "species": [{"element": "O", "occu": 1}], "xyz": [-0.883998, 3.905379, -0.506199], "properties": {}}, {"name": "O", "species": [{"element": "O", "occu": 1}], "xyz": [1.780479, 4.02286, 1.921182], "properties": {}}, {"name": "H", "species": [{"element": "H", "occu": 1}], "xyz": [-2.622406, 3.671614, -1.532534], "properties": {}}, {"name": "H", "species": [{"element": "H", "occu": 1}], "xyz": [3.541228, 4.156064, 2.925964], "properties": {}}, {"name": "H", "species": [{"element": "H", "occu": 1}], "xyz": [1.348894, 5.10232, 0.193799], "properties": {}}, {"name": "H", "species": [{"element": "H", "occu": 1}], "xyz": [-0.751675, 4.586675, 1.457353], "properties": {}}, {"name": "H", "species": [{"element": "H", "occu": 1}], "xyz": [3.427912, 5.238485, 1.506202], "properties": {}}, {"name": "H", "species": [{"element": "H", "occu": 1}], "xyz": [-2.833506, 4.318245, 0.121094], "properties": {}}]}, "functional": "B3LYP", "basis_set": "6-31+G*", "route_parameters": {"NMR": "GIAO", "iop(7/33=1)": null, "int": "ultrafine", "EmpiricalDispersion": "GD3", "NoSymmetry": null, "test": null, "SCRF": "(Solvent=TetraHydroFuran)"}, "title": "H20 C8 O4", "charge": 0, "spin_multiplicity": 1, "input_parameters": {}, "link0_parameters": {"%chk": "checkpoint.chk", "%mem": "100GB", "%NProcShared": "28"}, "dieze_tag": "#P", "nbasisfunctions": 268, "pcm_parameters": {}}, "output": {"has_gaussian_completed": true, "is_pcm": true, "errors": [], "Mulliken_charges": {"1": ["O", -0.382885], "2": ["C", -0.315403], "3": ["C", -0.225185], "4": ["C", -0.33356], "5": ["O", -0.373551], "6": ["C", -0.377903], "7": ["H", 0.193845], "8": ["H", 0.197558], "9": ["H", 0.227465], "10": ["H", 0.199009], "11": ["H", 0.195444], "12": ["H", 0.196742], "13": ["H", 0.192216], "14": ["H", 0.195405], "15": ["H", 0.206873], "16": ["H", 0.204036], "17": ["H", 0.19023], "18": ["H", 0.225537], "19": ["H", 0.198421], "20": ["H", 0.232496], "21": ["C", -0.276822], "22": ["C", -0.374345], "23": ["C", -0.330222], "24": ["C", -0.361392], "25": ["O", -0.342068], "26": ["O", -0.32963], "27": ["H", 0.200347], "28": ["H", 0.202993], "29": ["H", 0.192804], "30": ["H", 0.192558], "31": ["H", 0.190125], "32": ["H", 0.188864]}, "tensor": {"1": {"type": "O", "Isotropic": 312.524, "Anisotropy": 35.4031, "tensor": [[4.0006, 322.5065, 23.0379]], "eigenvalues": [286.61, 314.8359, 336.1261]}, "2": {"type": "C", "Isotropic": 131.6012, "Anisotropy": 84.3981, "tensor": [], "eigenvalues": [102.6558, 104.2811, 187.8666]}, "3": {"type": "C", "Isotropic": 119.1918, "Anisotropy": 74.9794, "tensor": [], "eigenvalues": [89.2294, 99.168, 169.1781]}, "4": {"type": "C", "Isotropic": 118.492, "Anisotropy": 75.3035, "tensor": [], "eigenvalues": [87.5776, 99.204, 168.6943]}, "5": {"type": "O", "Isotropic": 308.5219, "Anisotropy": 35.0591, "tensor": [[9.0437, 318.3756, 17.4321]], "eigenvalues": [286.6821, 306.9891, 331.8946]}, "6": {"type": "C", "Isotropic": 132.4448, "Anisotropy": 85.8543, "tensor": [], "eigenvalues": [102.6496, 105.0038, 189.681]}, "7": {"type": "H", "Isotropic": 28.7092, "Anisotropy": 7.3903, "tensor": [[33.1857, 1.5504, 1.3727], [1.9078, 26.9411, 1.0518]], "eigenvalues": [25.8683, 26.6232, 33.6361]}, "8": {"type": "H", "Isotropic": 28.6933, "Anisotropy": 6.7892, "tensor": [], "eigenvalues": [25.9993, 26.8612, 33.2194]}, "9": {"type": "H", "Isotropic": 28.2335, "Anisotropy": 8.886, "tensor": [], "eigenvalues": [24.1414, 26.4015, 34.1575]}, "10": {"type": "H", "Isotropic": 28.5371, "Anisotropy": 3.6494, "tensor": [[0.5819, 27.9318, 2.248], [0.7024, 1.7604, 29.6245]], "eigenvalues": [26.597, 28.0443, 30.9701]}, "11": {"type": "H", "Isotropic": 28.5187, "Anisotropy": 4.7736, "tensor": [], "eigenvalues": [25.2734, 28.5816, 31.7011]}, "12": {"type": "H", "Isotropic": 28.5718, "Anisotropy": 3.9876, "tensor": [[1.2088, 27.1575, 1.9655], [0.9697, 1.4528, 30.4928]], "eigenvalues": [26.1912, 28.294, 31.2303]}, "13": {"type": "H", "Isotropic": 28.7432, "Anisotropy": 8.8948, "tensor": [], "eigenvalues": [25.1795, 26.3771, 34.6731]}, "14": {"type": "H", "Isotropic": 28.7914, "Anisotropy": 8.3918, "tensor": [[33.5632, 2.2968, 1.7358]], "eigenvalues": [25.0869, 26.9012, 34.3859]}, "15": {"type": "H", "Isotropic": 28.3439, "Anisotropy": 8.917, "tensor": [], "eigenvalues": [24.4309, 26.3122, 34.2885]}, "16": {"type": "H", "Isotropic": 28.3668, "Anisotropy": 8.9351, "tensor": [[0.8039, 26.0315, 0.338]], "eigenvalues": [24.4596, 26.3173, 34.3235]}, "17": {"type": "H", "Isotropic": 28.7674, "Anisotropy": 7.5717, "tensor": [[0.1653, 1.2696, 25.5359]], "eigenvalues": [25.0408, 27.4462, 33.8152]}, "18": {"type": "H", "Isotropic": 28.4348, "Anisotropy": 7.086, "tensor": [], "eigenvalues": [23.2149, 28.9307, 33.1588]}, "19": {"type": "H", "Isotropic": 28.5613, "Anisotropy": 5.6992, "tensor": [[27.9716, 0.8211, 1.932], [0.5384, 28.483, 2.3115], [0.2251, 3.9313, 29.2291]], "eigenvalues": [25.6912, 27.6318, 32.3607]}, "20": {"type": "H", "Isotropic": 28.3459, "Anisotropy": 4.2498, "tensor": [[26.8482, 0.9335, 1.7711], [1.9764, 30.6861, 0.302]], "eigenvalues": [25.3054, 28.5532, 31.1791]}, "21": {"type": "C", "Isotropic": 118.6633, "Anisotropy": 77.1196, "tensor": [[121.0662, 0.8549, 36.5645]], "eigenvalues": [88.4723, 97.4412, 170.0764]}, "22": {"type": "C", "Isotropic": 133.0572, "Anisotropy": 83.8683, "tensor": [[185.4433, 15.5526, 7.4915], [15.2377, 109.4074, 1.728], [5.5179, 1.3733, 104.321]], "eigenvalues": [103.7645, 106.4377, 188.9694]}, "23": {"type": "C", "Isotropic": 131.6051, "Anisotropy": 86.4085, "tensor": [[187.0249, 11.9495, 7.1487], [12.3612, 105.6907, 2.0136], [4.4035, 1.3946, 102.0996]], "eigenvalues": [101.4047, 104.1998, 189.2108]}, "24": {"type": "C", "Isotropic": 120.9773, "Anisotropy": 74.8286, "tensor": [[123.7536, 1.2243, 35.6135], [1.335, 91.287, 0.0592]], "eigenvalues": [91.1097, 100.9592, 170.8631]}, "25": {"type": "O", "Isotropic": 313.6418, "Anisotropy": 28.7493, "tensor": [], "eigenvalues": [288.7396, 319.3777, 332.808]}, "26": {"type": "O", "Isotropic": 312.5069, "Anisotropy": 30.6111, "tensor": [], "eigenvalues": [287.1207, 317.4858, 332.9143]}, "27": {"type": "H", "Isotropic": 28.588, "Anisotropy": 8.6051, "tensor": [], "eigenvalues": [25.3075, 26.1317, 34.3247]}, "28": {"type": "H", "Isotropic": 28.3574, "Anisotropy": 9.1374, "tensor": [[31.5267, 0.6551, 5.2937], [0.9955, 24.8358, 0.5905], [2.7262, 0.1266, 28.7097]], "eigenvalues": [24.7256, 25.8976, 34.449]}, "29": {"type": "H", "Isotropic": 28.5616, "Anisotropy": 3.684, "tensor": [[27.9029, 0.2881, 2.2318]], "eigenvalues": [25.4945, 29.1726, 31.0176]}, "30": {"type": "H", "Isotropic": 28.6487, "Anisotropy": 4.8554, "tensor": [], "eigenvalues": [25.633, 28.4275, 31.8857]}, "31": {"type": "H", "Isotropic": 28.7575, "Anisotropy": 8.5573, "tensor": [[2.6022, 29.5888, 0.0294], [0.5428, 0.1032, 25.2786]], "eigenvalues": [25.2504, 26.5597, 34.4624]}, "32": {"type": "H", "Isotropic": 28.8609, "Anisotropy": 8.3208, "tensor": [], "eigenvalues": [25.0106, 27.164, 34.4081]}}, "output": {"energies": [-617.776204773], "final_energy": -617.776204773, "final_energy_per_atom": -19.30550639915625, "molecule": {"charge": 0.0, "spin_multiplicity": 1, "sites": [{"name": "O", "species": [{"element": "O", "occu": 1}], "xyz": [0.930969, -0.095987, -1.689896], "properties": {}}, {"name": "C", "species": [{"element": "C", "occu": 1}], "xyz": [2.050043, 0.603659, -2.217693], "properties": {}}, {"name": "C", "species": [{"element": "C", "occu": 1}], "xyz": [0.306714, 0.604218, -0.621237], "properties": {}}, {"name": "C", "species": [{"element": "C", "occu": 1}], "xyz": [-0.897549, -0.210271, -0.174364], "properties": {}}, {"name": "O", "species": [{"element": "O", "occu": 1}], "xyz": [-1.483204, 0.466494, 0.929518], "properties": {}}, {"name": "C", "species": [{"element": "C", "occu": 1}], "xyz": [-2.66323, -0.165187, 1.405988], "properties": {}}, {"name": "H", "species": [{"element": "H", "occu": 1}], "xyz": [2.821872, 0.757225, -1.447512], "properties": {}}, {"name": "H", "species": [{"element": "H", "occu": 1}], "xyz": [1.752422, 1.583637, -2.620949], "properties": {}}, {"name": "H", "species": [{"element": "H", "occu": 1}], "xyz": [-0.015345, 1.603129, -0.948108], "properties": {}}, {"name": "H", "species": [{"element": "H", "occu": 1}], "xyz": [1.007303, 0.72773, 0.220562], "properties": {}}, {"name": "H", "species": [{"element": "H", "occu": 1}], "xyz": [-0.583716, -1.225732, 0.115343], "properties": {}}, {"name": "H", "species": [{"element": "H", "occu": 1}], "xyz": [-1.619851, -0.298387, -1.001507], "properties": {}}, {"name": "H", "species": [{"element": "H", "occu": 1}], "xyz": [-2.456596, -1.191298, 1.74652], "properties": {}}, {"name": "H", "species": [{"element": "H", "occu": 1}], "xyz": [-3.438496, -0.199187, 0.625007], "properties": {}}, {"name": "H", "species": [{"element": "H", "occu": 1}], "xyz": [-3.026119, 0.428435, 2.248818], "properties": {}}, {"name": "H", "species": [{"element": "H", "occu": 1}], "xyz": [2.46219, -0.008795, -3.023662], "properties": {}}, {"name": "H", "species": [{"element": "H", "occu": 1}], "xyz": [3.691813, 3.48261, 1.275598], "properties": {}}, {"name": "H", "species": [{"element": "H", "occu": 1}], "xyz": [-2.448886, 2.58351, -0.11838], "properties": {}}, {"name": "H", "species": [{"element": "H", "occu": 1}], "xyz": [1.633387, 3.359205, -0.04535], "properties": {}}, {"name": "H", "species": [{"element": "H", "occu": 1}], "xyz": [-0.461784, 2.840523, 1.230077], "properties": {}}, {"name": "C", "species": [{"element": "C", "occu": 1}], "xyz": [1.1879, 4.104502, 0.63251], "properties": {}}, {"name": "C", "species": [{"element": "C", "occu": 1}], "xyz": [-2.274859, 3.599568, -0.498541], "properties": {}}, {"name": "C", "species": [{"element": "C", "occu": 1}], "xyz": [3.185039, 4.237921, 1.895956], "properties": {}}, {"name": "C", "species": [{"element": "C", "occu": 1}], "xyz": [-0.300597, 3.834944, 0.790011], "properties": {}}, {"name": "O", "species": [{"element": "O", "occu": 1}], "xyz": [-0.883998, 3.905379, -0.506199], "properties": {}}, {"name": "O", "species": [{"element": "O", "occu": 1}], "xyz": [1.780479, 4.02286, 1.921182], "properties": {}}, {"name": "H", "species": [{"element": "H", "occu": 1}], "xyz": [-2.622406, 3.671614, -1.532534], "properties": {}}, {"name": "H", "species": [{"element": "H", "occu": 1}], "xyz": [3.541228, 4.156064, 2.925964], "properties": {}}, {"name": "H", "species": [{"element": "H", "occu": 1}], "xyz": [1.348894, 5.10232, 0.193799], "properties": {}}, {"name": "H", "species": [{"element": "H", "occu": 1}], "xyz": [-0.751675, 4.586675, 1.457353], "properties": {}}, {"name": "H", "species": [{"element": "H", "occu": 1}], "xyz": [3.427912, 5.238485, 1.506202], "properties": {}}, {"name": "H", "species": [{"element": "H", "occu": 1}], "xyz": [-2.833506, 4.318245, 0.121094], "properties": {}}]}, "stationary_type": "Minimum", "corrections": {}, "tensor": {"1": {"type": "O", "Isotropic": 312.524, "Anisotropy": 35.4031, "tensor": [[4.0006, 322.5065, 23.0379]], "eigenvalues": [286.61, 314.8359, 336.1261]}, "2": {"type": "C", "Isotropic": 131.6012, "Anisotropy": 84.3981, "tensor": [], "eigenvalues": [102.6558, 104.2811, 187.8666]}, "3": {"type": "C", "Isotropic": 119.1918, "Anisotropy": 74.9794, "tensor": [], "eigenvalues": [89.2294, 99.168, 169.1781]}, "4": {"type": "C", "Isotropic": 118.492, "Anisotropy": 75.3035, "tensor": [], "eigenvalues": [87.5776, 99.204, 168.6943]}, "5": {"type": "O", "Isotropic": 308.5219, "Anisotropy": 35.0591, "tensor": [[9.0437, 318.3756, 17.4321]], "eigenvalues": [286.6821, 306.9891, 331.8946]}, "6": {"type": "C", "Isotropic": 132.4448, "Anisotropy": 85.8543, "tensor": [], "eigenvalues": [102.6496, 105.0038, 189.681]}, "7": {"type": "H", "Isotropic": 28.7092, "Anisotropy": 7.3903, "tensor": [[33.1857, 1.5504, 1.3727], [1.9078, 26.9411, 1.0518]], "eigenvalues": [25.8683, 26.6232, 33.6361]}, "8": {"type": "H", "Isotropic": 28.6933, "Anisotropy": 6.7892, "tensor": [], "eigenvalues": [25.9993, 26.8612, 33.2194]}, "9": {"type": "H", "Isotropic": 28.2335, "Anisotropy": 8.886, "tensor": [], "eigenvalues": [24.1414, 26.4015, 34.1575]}, "10": {"type": "H", "Isotropic": 28.5371, "Anisotropy": 3.6494, "tensor": [[0.5819, 27.9318, 2.248], [0.7024, 1.7604, 29.6245]], "eigenvalues": [26.597, 28.0443, 30.9701]}, "11": {"type": "H", "Isotropic": 28.5187, "Anisotropy": 4.7736, "tensor": [], "eigenvalues": [25.2734, 28.5816, 31.7011]}, "12": {"type": "H", "Isotropic": 28.5718, "Anisotropy": 3.9876, "tensor": [[1.2088, 27.1575, 1.9655], [0.9697, 1.4528, 30.4928]], "eigenvalues": [26.1912, 28.294, 31.2303]}, "13": {"type": "H", "Isotropic": 28.7432, "Anisotropy": 8.8948, "tensor": [], "eigenvalues": [25.1795, 26.3771, 34.6731]}, "14": {"type": "H", "Isotropic": 28.7914, "Anisotropy": 8.3918, "tensor": [[33.5632, 2.2968, 1.7358]], "eigenvalues": [25.0869, 26.9012, 34.3859]}, "15": {"type": "H", "Isotropic": 28.3439, "Anisotropy": 8.917, "tensor": [], "eigenvalues": [24.4309, 26.3122, 34.2885]}, "16": {"type": "H", "Isotropic": 28.3668, "Anisotropy": 8.9351, "tensor": [[0.8039, 26.0315, 0.338]], "eigenvalues": [24.4596, 26.3173, 34.3235]}, "17": {"type": "H", "Isotropic": 28.7674, "Anisotropy": 7.5717, "tensor": [[0.1653, 1.2696, 25.5359]], "eigenvalues": [25.0408, 27.4462, 33.8152]}, "18": {"type": "H", "Isotropic": 28.4348, "Anisotropy": 7.086, "tensor": [], "eigenvalues": [23.2149, 28.9307, 33.1588]}, "19": {"type": "H", "Isotropic": 28.5613, "Anisotropy": 5.6992, "tensor": [[27.9716, 0.8211, 1.932], [0.5384, 28.483, 2.3115], [0.2251, 3.9313, 29.2291]], "eigenvalues": [25.6912, 27.6318, 32.3607]}, "20": {"type": "H", "Isotropic": 28.3459, "Anisotropy": 4.2498, "tensor": [[26.8482, 0.9335, 1.7711], [1.9764, 30.6861, 0.302]], "eigenvalues": [25.3054, 28.5532, 31.1791]}, "21": {"type": "C", "Isotropic": 118.6633, "Anisotropy": 77.1196, "tensor": [[121.0662, 0.8549, 36.5645]], "eigenvalues": [88.4723, 97.4412, 170.0764]}, "22": {"type": "C", "Isotropic": 133.0572, "Anisotropy": 83.8683, "tensor": [[185.4433, 15.5526, 7.4915], [15.2377, 109.4074, 1.728], [5.5179, 1.3733, 104.321]], "eigenvalues": [103.7645, 106.4377, 188.9694]}, "23": {"type": "C", "Isotropic": 131.6051, "Anisotropy": 86.4085, "tensor": [[187.0249, 11.9495, 7.1487], [12.3612, 105.6907, 2.0136], [4.4035, 1.3946, 102.0996]], "eigenvalues": [101.4047, 104.1998, 189.2108]}, "24": {"type": "C", "Isotropic": 120.9773, "Anisotropy": 74.8286, "tensor": [[123.7536, 1.2243, 35.6135], [1.335, 91.287, 0.0592]], "eigenvalues": [91.1097, 100.9592, 170.8631]}, "25": {"type": "O", "Isotropic": 313.6418, "Anisotropy": 28.7493, "tensor": [], "eigenvalues": [288.7396, 319.3777, 332.808]}, "26": {"type": "O", "Isotropic": 312.5069, "Anisotropy": 30.6111, "tensor": [], "eigenvalues": [287.1207, 317.4858, 332.9143]}, "27": {"type": "H", "Isotropic": 28.588, "Anisotropy": 8.6051, "tensor": [], "eigenvalues": [25.3075, 26.1317, 34.3247]}, "28": {"type": "H", "Isotropic": 28.3574, "Anisotropy": 9.1374, "tensor": [[31.5267, 0.6551, 5.2937], [0.9955, 24.8358, 0.5905], [2.7262, 0.1266, 28.7097]], "eigenvalues": [24.7256, 25.8976, 34.449]}, "29": {"type": "H", "Isotropic": 28.5616, "Anisotropy": 3.684, "tensor": [[27.9029, 0.2881, 2.2318]], "eigenvalues": [25.4945, 29.1726, 31.0176]}, "30": {"type": "H", "Isotropic": 28.6487, "Anisotropy": 4.8554, "tensor": [], "eigenvalues": [25.633, 28.4275, 31.8857]}, "31": {"type": "H", "Isotropic": 28.7575, "Anisotropy": 8.5573, "tensor": [[2.6022, 29.5888, 0.0294], [0.5428, 0.1032, 25.2786]], "eigenvalues": [25.2504, 26.5597, 34.4624]}, "32": {"type": "H", "Isotropic": 28.8609, "Anisotropy": 8.3208, "tensor": [], "eigenvalues": [25.0106, 27.164, 34.4081]}}}}, "functional": "B3LYP", "basis": "6-31+G*", "phase": "solution", "type": "nmr;scrf", "smiles": "O(C)CCOC.C(COC)OC", "formula": "H20 C8 O4", "formula_pretty": "H5C2O", "formula_anonymous": "AB2C5", "formula_alphabetical": "C8 H20 O4", "chemsys": "C-H-O", "nsites": 32, "nelements": 3, "is_ordered": true, "is_valid": true, "tag": "oplsd_ref", "wall_time (s)": 44.108715874142945, "last_updated": "2021-01-22T21:32:04.393426", "_id": null}