{"input": {"molecule": {"charge": 0, "spin_multiplicity": 1, "sites": [{"name": "O", "species": [{"element": "O", "occu": 1}], "xyz": [1.971845, 1.62984, -2.968303], "properties": {}}, {"name": "C", "species": [{"element": "C", "occu": 1}], "xyz": [2.51807, 2.885031, -3.351627], "properties": {}}, {"name": "C", "species": [{"element": "C", "occu": 1}], "xyz": [1.471045, 1.647255, -1.635327], "properties": {}}, {"name": "C", "species": [{"element": "C", "occu": 1}], "xyz": [0.956466, 0.251902, -1.319548], "properties": {}}, {"name": "O", "species": [{"element": "O", "occu": 1}], "xyz": [0.435392, 0.276952, 0.002564], "properties": {}}, {"name": "C", "species": [{"element": "C", "occu": 1}], "xyz": [-0.077272, -0.978453, 0.421263], "properties": {}}, {"name": "H", "species": [{"element": "H", "occu": 1}], "xyz": [3.347808, 3.172638, -2.689475], "properties": {}}, {"name": "H", "species": [{"element": "H", "occu": 1}], "xyz": [1.752697, 3.676128, -3.325305], "properties": {}}, {"name": "H", "species": [{"element": "H", "occu": 1}], "xyz": [0.659536, 2.382481, -1.534335], "properties": {}}, {"name": "H", "species": [{"element": "H", "occu": 1}], "xyz": [2.272605, 1.920558, -0.936671], "properties": {}}, {"name": "H", "species": [{"element": "H", "occu": 1}], "xyz": [1.776297, -0.480355, -1.397327], "properties": {}}, {"name": "H", "species": [{"element": "H", "occu": 1}], "xyz": [0.173064, -0.036221, -2.03868], "properties": {}}, {"name": "H", "species": [{"element": "H", "occu": 1}], "xyz": [0.70637, -1.751779, 0.412657], "properties": {}}, {"name": "H", "species": [{"element": "H", "occu": 1}], "xyz": [-0.906066, -1.306383, -0.224969], "properties": {}}, {"name": "H", "species": [{"element": "H", "occu": 1}], "xyz": [-0.444609, -0.850432, 1.44262], "properties": {}}, {"name": "H", "species": [{"element": "H", "occu": 1}], "xyz": [2.889699, 2.776754, -4.37401], "properties": {}}, {"name": "H", "species": [{"element": "H", "occu": 1}], "xyz": [4.213336, 4.314434, 1.156344], "properties": {}}, {"name": "H", "species": [{"element": "H", "occu": 1}], "xyz": [-1.501003, 2.042987, -0.035213], "properties": {}}, {"name": "H", "species": [{"element": "H", "occu": 1}], "xyz": [2.077277, 4.102544, 0.091744], "properties": {}}, {"name": "H", "species": [{"element": "H", "occu": 1}], "xyz": [0.522844, 2.489213, 1.163047], "properties": {}}, {"name": "C", "species": [{"element": "C", "occu": 1}], "xyz": [1.568888, 4.373775, 1.029073], "properties": {}}, {"name": "C", "species": [{"element": "C", "occu": 1}], "xyz": [-1.746569, 3.109791, 0.06313], "properties": {}}, {"name": "C", "species": [{"element": "C", "occu": 1}], "xyz": [3.68359, 4.672504, 2.050473], "properties": {}}, {"name": "C", "species": [{"element": "C", "occu": 1}], "xyz": [0.29113, 3.56303, 1.178725], "properties": {}}, {"name": "O", "species": [{"element": "O", "occu": 1}], "xyz": [-0.563357, 3.900815, 0.09162], "properties": {}}, {"name": "O", "species": [{"element": "O", "occu": 1}], "xyz": [2.396079, 4.076018, 2.146176], "properties": {}}, {"name": "H", "species": [{"element": "H", "occu": 1}], "xyz": [-2.327958, 3.435683, -0.803493], "properties": {}}, {"name": "H", "species": [{"element": "H", "occu": 1}], "xyz": [4.239115, 4.378841, 2.944802], "properties": {}}, {"name": "H", "species": [{"element": "H", "occu": 1}], "xyz": [1.337471, 5.450502, 0.994325], "properties": {}}, {"name": "H", "species": [{"element": "H", "occu": 1}], "xyz": [-0.195204, 3.801146, 2.13856], "properties": {}}, {"name": "H", "species": [{"element": "H", "occu": 1}], "xyz": [3.611004, 5.770483, 2.012979], "properties": {}}, {"name": "H", "species": [{"element": "H", "occu": 1}], "xyz": [-2.34438, 3.259778, 0.975786], "properties": {}}, {"name": "H", "species": [{"element": "H", "occu": 1}], "xyz": [2.890766, -0.837201, 4.062356], "properties": {}}, {"name": "O", "species": [{"element": "O", "occu": 1}], "xyz": [3.831818, 0.198488, 2.588308], "properties": {}}, {"name": "H", "species": [{"element": "H", "occu": 1}], "xyz": [5.387427, 2.080679, 1.689963], "properties": {}}, {"name": "C", "species": [{"element": "C", "occu": 1}], "xyz": [2.630459, -0.340611, 3.124017], "properties": {}}, {"name": "H", "species": [{"element": "H", "occu": 1}], "xyz": [1.89327, 0.452016, 3.322136], "properties": {}}, {"name": "C", "species": [{"element": "C", "occu": 1}], "xyz": [4.95219, 1.444421, 0.903223], "properties": {}}, {"name": "H", "species": [{"element": "H", "occu": 1}], "xyz": [5.656157, 0.622007, 0.700033], "properties": {}}, {"name": "H", "species": [{"element": "H", "occu": 1}], "xyz": [6.389297, 3.442928, -0.106132], "properties": {}}, {"name": "C", "species": [{"element": "C", "occu": 1}], "xyz": [3.612766, 0.895514, 1.366878], "properties": {}}, {"name": "H", "species": [{"element": "H", "occu": 1}], "xyz": [2.182449, -1.072883, 2.435907], "properties": {}}, {"name": "C", "species": [{"element": "C", "occu": 1}], "xyz": [5.906341, 2.758547, -0.82092], "properties": {}}, {"name": "H", "species": [{"element": "H", "occu": 1}], "xyz": [6.623607, 1.97156, -1.099172], "properties": {}}, {"name": "H", "species": [{"element": "H", "occu": 1}], "xyz": [2.906732, 1.72281, 1.518669], "properties": {}}, {"name": "O", "species": [{"element": "O", "occu": 1}], "xyz": [4.717933, 2.203, -0.276895], "properties": {}}, {"name": "H", "species": [{"element": "H", "occu": 1}], "xyz": [3.193211, 0.217908, 0.608758], "properties": {}}, {"name": "H", "species": [{"element": "H", "occu": 1}], "xyz": [5.620195, 3.317065, -1.715785], "properties": {}}]}, "functional": "B3LYP", "basis_set": "6-31+G*", "route_parameters": {"NMR": "GIAO", "iop(7/33=1)": null, "int": "ultrafine", "EmpiricalDispersion": "GD3", "NoSymmetry": null, "test": null, "SCRF": "(Solvent=TetraHydroFuran)"}, "title": "H30 C12 O6", "charge": 0, "spin_multiplicity": 1, "input_parameters": {}, "link0_parameters": {"%chk": "checkpoint.chk", "%mem": "100GB", "%NProcShared": "28"}, "dieze_tag": "#P", "nbasisfunctions": 402, "pcm_parameters": {}}, "output": {"has_gaussian_completed": true, "is_pcm": true, "errors": [], "Mulliken_charges": {"1": ["O", -0.326783], "2": ["C", -0.33938], "3": ["C", -0.531227], "4": ["C", -0.159035], "5": ["O", -0.296128], "6": ["C", -0.432596], "7": ["H", 0.198894], "8": ["H", 0.195015], "9": ["H", 0.22629], "10": ["H", 0.23077], "11": ["H", 0.202176], "12": ["H", 0.19817], "13": ["H", 0.198164], "14": ["H", 0.19621], "15": ["H", 0.214007], "16": ["H", 0.202495], "17": ["H", 0.21681], "18": ["H", 0.221831], "19": ["H", 0.213851], "20": ["H", 0.236204], "21": ["C", -0.294889], "22": ["C", -0.369693], "23": ["C", -0.385472], "24": ["C", -0.33678], "25": ["O", -0.322867], "26": ["O", -0.306222], "27": ["H", 0.200613], "28": ["H", 0.204257], "29": ["H", 0.194108], "30": ["H", 0.191366], "31": ["H", 0.190884], "32": ["H", 0.189117], "33": ["H", 0.201046], "34": ["O", -0.331449], "35": ["H", 0.204232], "36": ["C", -0.288236], "37": ["H", 0.201155], "38": ["C", -0.425451], "39": ["H", 0.196432], "40": ["H", 0.194706], "41": ["C", -0.308556], "42": ["H", 0.191987], "43": ["C", -0.379309], "44": ["H", 0.196149], "45": ["H", 0.243928], "46": ["O", -0.323278], "47": ["H", 0.201902], "48": ["H", 0.204585]}, "tensor": {"1": {"type": "O", "Isotropic": 314.5469, "Anisotropy": 33.8256, "tensor": [[5.1659, 318.5018, 13.9372]], "eigenvalues": [287.4014, 319.1421, 337.0973]}, "2": {"type": "C", "Isotropic": 131.7987, "Anisotropy": 83.0584, "tensor": [], "eigenvalues": [102.6711, 105.554, 187.171]}, "3": {"type": "C", "Isotropic": 120.5434, "Anisotropy": 74.9459, "tensor": [], "eigenvalues": [91.5089, 99.614, 170.5073]}, "4": {"type": "C", "Isotropic": 118.7876, "Anisotropy": 75.4038, "tensor": [], "eigenvalues": [88.2502, 99.0557, 169.0568]}, "5": {"type": "O", "Isotropic": 309.5675, "Anisotropy": 33.6022, "tensor": [[2.5455, 321.0654, 12.991]], "eigenvalues": [288.1773, 308.5562, 331.969]}, "6": {"type": "C", "Isotropic": 132.2391, "Anisotropy": 83.0281, "tensor": [], "eigenvalues": [102.8719, 106.2543, 187.5912]}, "7": {"type": "H", "Isotropic": 28.6574, "Anisotropy": 6.2075, "tensor": [[30.2745, 2.5101, 2.2099], [4.1494, 28.2543, 0.0724]], "eigenvalues": [24.7939, 28.3827, 32.7958]}, "8": {"type": "H", "Isotropic": 28.7231, "Anisotropy": 7.2544, "tensor": [[26.5046, 0.5352, 0.3709]], "eigenvalues": [26.2062, 26.4037, 33.5593]}, "9": {"type": "H", "Isotropic": 28.3924, "Anisotropy": 7.7857, "tensor": [], "eigenvalues": [25.2226, 26.3718, 33.5829]}, "10": {"type": "H", "Isotropic": 28.2659, "Anisotropy": 6.1723, "tensor": [[29.0883, 0.8931, 0.9634], [3.2601, 0.5171, 30.9507]], "eigenvalues": [24.5008, 27.9161, 32.3808]}, "11": {"type": "H", "Isotropic": 28.5976, "Anisotropy": 3.3494, "tensor": [], "eigenvalues": [27.1009, 27.8614, 30.8305]}, "12": {"type": "H", "Isotropic": 28.5656, "Anisotropy": 4.9811, "tensor": [[1.7633, 26.944, 0.2857], [2.14, 1.0712, 31.3946]], "eigenvalues": [25.5516, 28.2587, 31.8863]}, "13": {"type": "H", "Isotropic": 28.7626, "Anisotropy": 7.983, "tensor": [[26.8061, 1.4919, 1.287]], "eigenvalues": [24.6265, 27.5766, 34.0846]}, "14": {"type": "H", "Isotropic": 28.7587, "Anisotropy": 9.2526, "tensor": [[30.3755, 3.7414, 1.4562], [4.9267, 30.7432, 0.9814]], "eigenvalues": [24.825, 26.524, 34.9272]}, "15": {"type": "H", "Isotropic": 28.4038, "Anisotropy": 8.3823, "tensor": [], "eigenvalues": [25.1143, 26.1051, 33.992]}, "16": {"type": "H", "Isotropic": 28.4147, "Anisotropy": 9.1017, "tensor": [], "eigenvalues": [24.6813, 26.0804, 34.4825]}, "17": {"type": "H", "Isotropic": 28.678, "Anisotropy": 6.9509, "tensor": [[0.4928, 28.7013, 1.6881]], "eigenvalues": [23.5868, 29.1352, 33.3119]}, "18": {"type": "H", "Isotropic": 28.4407, "Anisotropy": 5.8038, "tensor": [], "eigenvalues": [23.3279, 29.6843, 32.3099]}, "19": {"type": "H", "Isotropic": 28.5097, "Anisotropy": 4.0188, "tensor": [[0.026, 2.2339, 30.2382]], "eigenvalues": [25.9721, 28.3682, 31.1889]}, "20": {"type": "H", "Isotropic": 28.1598, "Anisotropy": 5.1185, "tensor": [[1.8985, 0.2006, 25.9703]], "eigenvalues": [24.4675, 28.4397, 31.5721]}, "21": {"type": "C", "Isotropic": 119.3594, "Anisotropy": 76.513, "tensor": [], "eigenvalues": [89.7786, 97.9314, 170.3681]}, "22": {"type": "C", "Isotropic": 132.9928, "Anisotropy": 83.3056, "tensor": [[167.6215, 35.0234, 6.9999], [35.409, 126.702, 4.8312], [4.884, 3.8964, 104.6551]], "eigenvalues": [103.766, 106.6825, 188.5299]}, "23": {"type": "C", "Isotropic": 132.4539, "Anisotropy": 84.5581, "tensor": [[175.8498, 29.4305, 1.0244], [31.2175, 117.8899, 3.3978]], "eigenvalues": [102.2303, 106.3055, 188.8259]}, "24": {"type": "C", "Isotropic": 120.9171, "Anisotropy": 75.8836, "tensor": [], "eigenvalues": [91.2605, 99.9847, 171.5061]}, "25": {"type": "O", "Isotropic": 314.3732, "Anisotropy": 31.3973, "tensor": [[317.1787, 6.7567, 10.2244]], "eigenvalues": [288.842, 318.9729, 335.3047]}, "26": {"type": "O", "Isotropic": 311.6554, "Anisotropy": 24.9165, "tensor": [[314.2435, 10.8898, 4.4723]], "eigenvalues": [288.8453, 317.8545, 328.2664]}, "27": {"type": "H", "Isotropic": 28.5792, "Anisotropy": 9.1547, "tensor": [[1.2194, 25.8475, 0.5073]], "eigenvalues": [25.1486, 25.9067, 34.6824]}, "28": {"type": "H", "Isotropic": 28.4599, "Anisotropy": 8.0734, "tensor": [[31.2608, 0.7326, 4.4032], [1.9666, 26.3361, 1.8797], [2.4562, 0.9276, 27.7829]], "eigenvalues": [25.2846, 26.253, 33.8422]}, "29": {"type": "H", "Isotropic": 28.5455, "Anisotropy": 4.8459, "tensor": [], "eigenvalues": [25.1658, 28.6946, 31.776]}, "30": {"type": "H", "Isotropic": 28.642, "Anisotropy": 4.1259, "tensor": [], "eigenvalues": [25.5086, 29.0247, 31.3926]}, "31": {"type": "H", "Isotropic": 28.7827, "Anisotropy": 8.8098, "tensor": [[2.1124, 32.2087, 1.7175], [0.3388, 1.5286, 25.3185]], "eigenvalues": [24.7408, 26.9514, 34.6559]}, "32": {"type": "H", "Isotropic": 28.8424, "Anisotropy": 8.7211, "tensor": [], "eigenvalues": [25.0185, 26.8522, 34.6565]}, "33": {"type": "H", "Isotropic": 28.4114, "Anisotropy": 9.0175, "tensor": [], "eigenvalues": [24.3625, 26.4486, 34.4231]}, "34": {"type": "O", "Isotropic": 312.063, "Anisotropy": 34.5375, "tensor": [], "eigenvalues": [285.9788, 315.1221, 335.088]}, "35": {"type": "H", "Isotropic": 28.5555, "Anisotropy": 3.5393, "tensor": [[27.8782, 0.5565, 0.9988], [1.6517, 0.5666, 30.3015]], "eigenvalues": [27.068, 27.6834, 30.915]}, "36": {"type": "C", "Isotropic": 131.3761, "Anisotropy": 82.3783, "tensor": [], "eigenvalues": [103.3694, 104.4638, 186.2949]}, "37": {"type": "H", "Isotropic": 28.7139, "Anisotropy": 5.719, "tensor": [], "eigenvalues": [26.4379, 27.1772, 32.5266]}, "38": {"type": "C", "Isotropic": 118.0949, "Anisotropy": 74.5938, "tensor": [], "eigenvalues": [87.1775, 99.2831, 167.8241]}, "39": {"type": "H", "Isotropic": 28.5027, "Anisotropy": 4.9483, "tensor": [], "eigenvalues": [25.3809, 28.3256, 31.8016]}, "40": {"type": "H", "Isotropic": 28.8462, "Anisotropy": 8.4747, "tensor": [[31.784, 4.1032, 0.1401], [3.5804, 29.0186, 1.4012]], "eigenvalues": [24.8401, 27.2025, 34.496]}, "41": {"type": "C", "Isotropic": 119.1707, "Anisotropy": 71.468, "tensor": [[99.317, 0.8032, 0.5896]], "eigenvalues": [91.2625, 99.4337, 166.8161]}, "42": {"type": "H", "Isotropic": 28.6551, "Anisotropy": 6.7785, "tensor": [[29.9022, 3.8834, 2.2747], [3.108, 29.3941, 0.2163]], "eigenvalues": [25.252, 27.5391, 33.1741]}, "43": {"type": "C", "Isotropic": 132.7696, "Anisotropy": 84.3634, "tensor": [], "eigenvalues": [103.1113, 106.1856, 189.0118]}, "44": {"type": "H", "Isotropic": 28.7566, "Anisotropy": 9.3071, "tensor": [[0.6561, 26.0595, 0.4438]], "eigenvalues": [25.1053, 26.2032, 34.9614]}, "45": {"type": "H", "Isotropic": 28.152, "Anisotropy": 6.8304, "tensor": [], "eigenvalues": [25.3123, 26.4381, 32.7057]}, "46": {"type": "O", "Isotropic": 310.9315, "Anisotropy": 33.2828, "tensor": [], "eigenvalues": [287.5044, 312.1701, 333.12]}, "47": {"type": "H", "Isotropic": 28.5448, "Anisotropy": 5.4004, "tensor": [[28.4255, 1.684, 2.0017], [3.1054, 0.1164, 30.39]], "eigenvalues": [25.2533, 28.2361, 32.1451]}, "48": {"type": "H", "Isotropic": 28.3383, "Anisotropy": 8.3734, "tensor": [], "eigenvalues": [24.0182, 27.0761, 33.9206]}}, "output": {"energies": [-926.671822093], "final_energy": -926.671822093, "final_energy_per_atom": -19.305662960270833, "molecule": {"charge": 0.0, "spin_multiplicity": 1, "sites": [{"name": "O", "species": [{"element": "O", "occu": 1}], "xyz": [1.971845, 1.62984, -2.968303], "properties": {}}, {"name": "C", "species": [{"element": "C", "occu": 1}], "xyz": [2.51807, 2.885031, -3.351627], "properties": {}}, {"name": "C", "species": [{"element": "C", "occu": 1}], "xyz": [1.471045, 1.647255, -1.635327], "properties": {}}, {"name": "C", "species": [{"element": "C", "occu": 1}], "xyz": [0.956466, 0.251902, -1.319548], "properties": {}}, {"name": "O", "species": [{"element": "O", "occu": 1}], "xyz": [0.435392, 0.276952, 0.002564], "properties": {}}, {"name": "C", "species": [{"element": "C", "occu": 1}], "xyz": [-0.077272, -0.978453, 0.421263], "properties": {}}, {"name": "H", "species": [{"element": "H", "occu": 1}], "xyz": [3.347808, 3.172638, -2.689475], "properties": {}}, {"name": "H", "species": [{"element": "H", "occu": 1}], "xyz": [1.752697, 3.676128, -3.325305], "properties": {}}, {"name": "H", "species": [{"element": "H", "occu": 1}], "xyz": [0.659536, 2.382481, -1.534335], "properties": {}}, {"name": "H", "species": [{"element": "H", "occu": 1}], "xyz": [2.272605, 1.920558, -0.936671], "properties": {}}, {"name": "H", "species": [{"element": "H", "occu": 1}], "xyz": [1.776297, -0.480355, -1.397327], "properties": {}}, {"name": "H", "species": [{"element": "H", "occu": 1}], "xyz": [0.173064, -0.036221, -2.03868], "properties": {}}, {"name": "H", "species": [{"element": "H", "occu": 1}], "xyz": [0.70637, -1.751779, 0.412657], "properties": {}}, {"name": "H", "species": [{"element": "H", "occu": 1}], "xyz": [-0.906066, -1.306383, -0.224969], "properties": {}}, {"name": "H", "species": [{"element": "H", "occu": 1}], "xyz": [-0.444609, -0.850432, 1.44262], "properties": {}}, {"name": "H", "species": [{"element": "H", "occu": 1}], "xyz": [2.889699, 2.776754, -4.37401], "properties": {}}, {"name": "H", "species": [{"element": "H", "occu": 1}], "xyz": [4.213336, 4.314434, 1.156344], "properties": {}}, {"name": "H", "species": [{"element": "H", "occu": 1}], "xyz": [-1.501003, 2.042987, -0.035213], "properties": {}}, {"name": "H", "species": [{"element": "H", "occu": 1}], "xyz": [2.077277, 4.102544, 0.091744], "properties": {}}, {"name": "H", "species": [{"element": "H", "occu": 1}], "xyz": [0.522844, 2.489213, 1.163047], "properties": {}}, {"name": "C", "species": [{"element": "C", "occu": 1}], "xyz": [1.568888, 4.373775, 1.029073], "properties": {}}, {"name": "C", "species": [{"element": "C", "occu": 1}], "xyz": [-1.746569, 3.109791, 0.06313], "properties": {}}, {"name": "C", "species": [{"element": "C", "occu": 1}], "xyz": [3.68359, 4.672504, 2.050473], "properties": {}}, {"name": "C", "species": [{"element": "C", "occu": 1}], "xyz": [0.29113, 3.56303, 1.178725], "properties": {}}, {"name": "O", "species": [{"element": "O", "occu": 1}], "xyz": [-0.563357, 3.900815, 0.09162], "properties": {}}, {"name": "O", "species": [{"element": "O", "occu": 1}], "xyz": [2.396079, 4.076018, 2.146176], "properties": {}}, {"name": "H", "species": [{"element": "H", "occu": 1}], "xyz": [-2.327958, 3.435683, -0.803493], "properties": {}}, {"name": "H", "species": [{"element": "H", "occu": 1}], "xyz": [4.239115, 4.378841, 2.944802], "properties": {}}, {"name": "H", "species": [{"element": "H", "occu": 1}], "xyz": [1.337471, 5.450502, 0.994325], "properties": {}}, {"name": "H", "species": [{"element": "H", "occu": 1}], "xyz": [-0.195204, 3.801146, 2.13856], "properties": {}}, {"name": "H", "species": [{"element": "H", "occu": 1}], "xyz": [3.611004, 5.770483, 2.012979], "properties": {}}, {"name": "H", "species": [{"element": "H", "occu": 1}], "xyz": [-2.34438, 3.259778, 0.975786], "properties": {}}, {"name": "H", "species": [{"element": "H", "occu": 1}], "xyz": [2.890766, -0.837201, 4.062356], "properties": {}}, {"name": "O", "species": [{"element": "O", "occu": 1}], "xyz": [3.831818, 0.198488, 2.588308], "properties": {}}, {"name": "H", "species": [{"element": "H", "occu": 1}], "xyz": [5.387427, 2.080679, 1.689963], "properties": {}}, {"name": "C", "species": [{"element": "C", "occu": 1}], "xyz": [2.630459, -0.340611, 3.124017], "properties": {}}, {"name": "H", "species": [{"element": "H", "occu": 1}], "xyz": [1.89327, 0.452016, 3.322136], "properties": {}}, {"name": "C", "species": [{"element": "C", "occu": 1}], "xyz": [4.95219, 1.444421, 0.903223], "properties": {}}, {"name": "H", "species": [{"element": "H", "occu": 1}], "xyz": [5.656157, 0.622007, 0.700033], "properties": {}}, {"name": "H", "species": [{"element": "H", "occu": 1}], "xyz": [6.389297, 3.442928, -0.106132], "properties": {}}, {"name": "C", "species": [{"element": "C", "occu": 1}], "xyz": [3.612766, 0.895514, 1.366878], "properties": {}}, {"name": "H", "species": [{"element": "H", "occu": 1}], "xyz": [2.182449, -1.072883, 2.435907], "properties": {}}, {"name": "C", "species": [{"element": "C", "occu": 1}], "xyz": [5.906341, 2.758547, -0.82092], "properties": {}}, {"name": "H", "species": [{"element": "H", "occu": 1}], "xyz": [6.623607, 1.97156, -1.099172], "properties": {}}, {"name": "H", "species": [{"element": "H", "occu": 1}], "xyz": [2.906732, 1.72281, 1.518669], "properties": {}}, {"name": "O", "species": [{"element": "O", "occu": 1}], "xyz": [4.717933, 2.203, -0.276895], "properties": {}}, {"name": "H", "species": [{"element": "H", "occu": 1}], "xyz": [3.193211, 0.217908, 0.608758], "properties": {}}, {"name": "H", "species": [{"element": "H", "occu": 1}], "xyz": [5.620195, 3.317065, -1.715785], "properties": {}}]}, "stationary_type": "Minimum", "corrections": {}, "tensor": {"1": {"type": "O", "Isotropic": 314.5469, "Anisotropy": 33.8256, "tensor": [[5.1659, 318.5018, 13.9372]], "eigenvalues": [287.4014, 319.1421, 337.0973]}, "2": {"type": "C", "Isotropic": 131.7987, "Anisotropy": 83.0584, "tensor": [], "eigenvalues": [102.6711, 105.554, 187.171]}, "3": {"type": "C", "Isotropic": 120.5434, "Anisotropy": 74.9459, "tensor": [], "eigenvalues": [91.5089, 99.614, 170.5073]}, "4": {"type": "C", "Isotropic": 118.7876, "Anisotropy": 75.4038, "tensor": [], "eigenvalues": [88.2502, 99.0557, 169.0568]}, "5": {"type": "O", "Isotropic": 309.5675, "Anisotropy": 33.6022, "tensor": [[2.5455, 321.0654, 12.991]], "eigenvalues": [288.1773, 308.5562, 331.969]}, "6": {"type": "C", "Isotropic": 132.2391, "Anisotropy": 83.0281, "tensor": [], "eigenvalues": [102.8719, 106.2543, 187.5912]}, "7": {"type": "H", "Isotropic": 28.6574, "Anisotropy": 6.2075, "tensor": [[30.2745, 2.5101, 2.2099], [4.1494, 28.2543, 0.0724]], "eigenvalues": [24.7939, 28.3827, 32.7958]}, "8": {"type": "H", "Isotropic": 28.7231, "Anisotropy": 7.2544, "tensor": [[26.5046, 0.5352, 0.3709]], "eigenvalues": [26.2062, 26.4037, 33.5593]}, "9": {"type": "H", "Isotropic": 28.3924, "Anisotropy": 7.7857, "tensor": [], "eigenvalues": [25.2226, 26.3718, 33.5829]}, "10": {"type": "H", "Isotropic": 28.2659, "Anisotropy": 6.1723, "tensor": [[29.0883, 0.8931, 0.9634], [3.2601, 0.5171, 30.9507]], "eigenvalues": [24.5008, 27.9161, 32.3808]}, "11": {"type": "H", "Isotropic": 28.5976, "Anisotropy": 3.3494, "tensor": [], "eigenvalues": [27.1009, 27.8614, 30.8305]}, "12": {"type": "H", "Isotropic": 28.5656, "Anisotropy": 4.9811, "tensor": [[1.7633, 26.944, 0.2857], [2.14, 1.0712, 31.3946]], "eigenvalues": [25.5516, 28.2587, 31.8863]}, "13": {"type": "H", "Isotropic": 28.7626, "Anisotropy": 7.983, "tensor": [[26.8061, 1.4919, 1.287]], "eigenvalues": [24.6265, 27.5766, 34.0846]}, "14": {"type": "H", "Isotropic": 28.7587, "Anisotropy": 9.2526, "tensor": [[30.3755, 3.7414, 1.4562], [4.9267, 30.7432, 0.9814]], "eigenvalues": [24.825, 26.524, 34.9272]}, "15": {"type": "H", "Isotropic": 28.4038, "Anisotropy": 8.3823, "tensor": [], "eigenvalues": [25.1143, 26.1051, 33.992]}, "16": {"type": "H", "Isotropic": 28.4147, "Anisotropy": 9.1017, "tensor": [], "eigenvalues": [24.6813, 26.0804, 34.4825]}, "17": {"type": "H", "Isotropic": 28.678, "Anisotropy": 6.9509, "tensor": [[0.4928, 28.7013, 1.6881]], "eigenvalues": [23.5868, 29.1352, 33.3119]}, "18": {"type": "H", "Isotropic": 28.4407, "Anisotropy": 5.8038, "tensor": [], "eigenvalues": [23.3279, 29.6843, 32.3099]}, "19": {"type": "H", "Isotropic": 28.5097, "Anisotropy": 4.0188, "tensor": [[0.026, 2.2339, 30.2382]], "eigenvalues": [25.9721, 28.3682, 31.1889]}, "20": {"type": "H", "Isotropic": 28.1598, "Anisotropy": 5.1185, "tensor": [[1.8985, 0.2006, 25.9703]], "eigenvalues": [24.4675, 28.4397, 31.5721]}, "21": {"type": "C", "Isotropic": 119.3594, "Anisotropy": 76.513, "tensor": [], "eigenvalues": [89.7786, 97.9314, 170.3681]}, "22": {"type": "C", "Isotropic": 132.9928, "Anisotropy": 83.3056, "tensor": [[167.6215, 35.0234, 6.9999], [35.409, 126.702, 4.8312], [4.884, 3.8964, 104.6551]], "eigenvalues": [103.766, 106.6825, 188.5299]}, "23": {"type": "C", "Isotropic": 132.4539, "Anisotropy": 84.5581, "tensor": [[175.8498, 29.4305, 1.0244], [31.2175, 117.8899, 3.3978]], "eigenvalues": [102.2303, 106.3055, 188.8259]}, "24": {"type": "C", "Isotropic": 120.9171, "Anisotropy": 75.8836, "tensor": [], "eigenvalues": [91.2605, 99.9847, 171.5061]}, "25": {"type": "O", "Isotropic": 314.3732, "Anisotropy": 31.3973, "tensor": [[317.1787, 6.7567, 10.2244]], "eigenvalues": [288.842, 318.9729, 335.3047]}, "26": {"type": "O", "Isotropic": 311.6554, "Anisotropy": 24.9165, "tensor": [[314.2435, 10.8898, 4.4723]], "eigenvalues": [288.8453, 317.8545, 328.2664]}, "27": {"type": "H", "Isotropic": 28.5792, "Anisotropy": 9.1547, "tensor": [[1.2194, 25.8475, 0.5073]], "eigenvalues": [25.1486, 25.9067, 34.6824]}, "28": {"type": "H", "Isotropic": 28.4599, "Anisotropy": 8.0734, "tensor": [[31.2608, 0.7326, 4.4032], [1.9666, 26.3361, 1.8797], [2.4562, 0.9276, 27.7829]], "eigenvalues": [25.2846, 26.253, 33.8422]}, "29": {"type": "H", "Isotropic": 28.5455, "Anisotropy": 4.8459, "tensor": [], "eigenvalues": [25.1658, 28.6946, 31.776]}, "30": {"type": "H", "Isotropic": 28.642, "Anisotropy": 4.1259, "tensor": [], "eigenvalues": [25.5086, 29.0247, 31.3926]}, "31": {"type": "H", "Isotropic": 28.7827, "Anisotropy": 8.8098, "tensor": [[2.1124, 32.2087, 1.7175], [0.3388, 1.5286, 25.3185]], "eigenvalues": [24.7408, 26.9514, 34.6559]}, "32": {"type": "H", "Isotropic": 28.8424, "Anisotropy": 8.7211, "tensor": [], "eigenvalues": [25.0185, 26.8522, 34.6565]}, "33": {"type": "H", "Isotropic": 28.4114, "Anisotropy": 9.0175, "tensor": [], "eigenvalues": [24.3625, 26.4486, 34.4231]}, "34": {"type": "O", "Isotropic": 312.063, "Anisotropy": 34.5375, "tensor": [], "eigenvalues": [285.9788, 315.1221, 335.088]}, "35": {"type": "H", "Isotropic": 28.5555, "Anisotropy": 3.5393, "tensor": [[27.8782, 0.5565, 0.9988], [1.6517, 0.5666, 30.3015]], "eigenvalues": [27.068, 27.6834, 30.915]}, "36": {"type": "C", "Isotropic": 131.3761, "Anisotropy": 82.3783, "tensor": [], "eigenvalues": [103.3694, 104.4638, 186.2949]}, "37": {"type": "H", "Isotropic": 28.7139, "Anisotropy": 5.719, "tensor": [], "eigenvalues": [26.4379, 27.1772, 32.5266]}, "38": {"type": "C", "Isotropic": 118.0949, "Anisotropy": 74.5938, "tensor": [], "eigenvalues": [87.1775, 99.2831, 167.8241]}, "39": {"type": "H", "Isotropic": 28.5027, "Anisotropy": 4.9483, "tensor": [], "eigenvalues": [25.3809, 28.3256, 31.8016]}, "40": {"type": "H", "Isotropic": 28.8462, "Anisotropy": 8.4747, "tensor": [[31.784, 4.1032, 0.1401], [3.5804, 29.0186, 1.4012]], "eigenvalues": [24.8401, 27.2025, 34.496]}, "41": {"type": "C", "Isotropic": 119.1707, "Anisotropy": 71.468, "tensor": [[99.317, 0.8032, 0.5896]], "eigenvalues": [91.2625, 99.4337, 166.8161]}, "42": {"type": "H", "Isotropic": 28.6551, "Anisotropy": 6.7785, "tensor": [[29.9022, 3.8834, 2.2747], [3.108, 29.3941, 0.2163]], "eigenvalues": [25.252, 27.5391, 33.1741]}, "43": {"type": "C", "Isotropic": 132.7696, "Anisotropy": 84.3634, "tensor": [], "eigenvalues": [103.1113, 106.1856, 189.0118]}, "44": {"type": "H", "Isotropic": 28.7566, "Anisotropy": 9.3071, "tensor": [[0.6561, 26.0595, 0.4438]], "eigenvalues": [25.1053, 26.2032, 34.9614]}, "45": {"type": "H", "Isotropic": 28.152, "Anisotropy": 6.8304, "tensor": [], "eigenvalues": [25.3123, 26.4381, 32.7057]}, "46": {"type": "O", "Isotropic": 310.9315, "Anisotropy": 33.2828, "tensor": [], "eigenvalues": [287.5044, 312.1701, 333.12]}, "47": {"type": "H", "Isotropic": 28.5448, "Anisotropy": 5.4004, "tensor": [[28.4255, 1.684, 2.0017], [3.1054, 0.1164, 30.39]], "eigenvalues": [25.2533, 28.2361, 32.1451]}, "48": {"type": "H", "Isotropic": 28.3383, "Anisotropy": 8.3734, "tensor": [], "eigenvalues": [24.0182, 27.0761, 33.9206]}}}}, "functional": "B3LYP", "basis": "6-31+G*", "phase": "solution", "type": "nmr;scrf", "smiles": "O(C)CCOC.C(COC)OC.O(C)CCOC", "formula": "H30 C12 O6", "formula_pretty": "H5C2O", "formula_anonymous": "AB2C5", "formula_alphabetical": "C12 H30 O6", "chemsys": "C-H-O", "nsites": 48, "nelements": 3, "is_ordered": true, "is_valid": true, "tag": "oplsd_ref", "wall_time (s)": 105.18735392205417, "last_updated": "2021-01-26T04:18:29.700844", "_id": null}