{"input": {"molecule": {"charge": 0, "spin_multiplicity": 1, "sites": [{"name": "S", "species": [{"element": "S", "occu": 1}], "xyz": [-1.893691, 0.49041, -0.6266], "properties": {}}, {"name": "O", "species": [{"element": "O", "occu": 1}], "xyz": [-0.59772, 0.413712, -1.456339], "properties": {}}, {"name": "C", "species": [{"element": "C", "occu": 1}], "xyz": [-1.429142, 1.226898, 0.981118], "properties": {}}, {"name": "C", "species": [{"element": "C", "occu": 1}], "xyz": [-2.216384, -1.20201, -0.023129], "properties": {}}, {"name": "H", "species": [{"element": "H", "occu": 1}], "xyz": [-1.107529, 2.252588, 0.784907], "properties": {}}, {"name": "H", "species": [{"element": "H", "occu": 1}], "xyz": [-0.611915, 0.647812, 1.421014], "properties": {}}, {"name": "H", "species": [{"element": "H", "occu": 1}], "xyz": [-2.302809, 1.231663, 1.639304], "properties": {}}, {"name": "H", "species": [{"element": "H", "occu": 1}], "xyz": [-3.060747, -1.194894, 0.670338], "properties": {}}, {"name": "H", "species": [{"element": "H", "occu": 1}], "xyz": [-1.318261, -1.583668, 0.469562], "properties": {}}, {"name": "H", "species": [{"element": "H", "occu": 1}], "xyz": [-2.461614, -1.815845, -0.893001], "properties": {}}, {"name": "S", "species": [{"element": "S", "occu": 1}], "xyz": [-1.139191, -1.707794, 3.723249], "properties": {}}, {"name": "O", "species": [{"element": "O", "occu": 1}], "xyz": [-0.798737, -3.071883, 4.353534], "properties": {}}, {"name": "C", "species": [{"element": "C", "occu": 1}], "xyz": [-0.647643, -0.435982, 4.9401], "properties": {}}, {"name": "C", "species": [{"element": "C", "occu": 1}], "xyz": [-2.946673, -1.510695, 3.883484], "properties": {}}, {"name": "H", "species": [{"element": "H", "occu": 1}], "xyz": [0.441555, -0.465877, 5.021195], "properties": {}}, {"name": "H", "species": [{"element": "H", "occu": 1}], "xyz": [-1.108439, -0.664317, 5.905774], "properties": {}}, {"name": "H", "species": [{"element": "H", "occu": 1}], "xyz": [-0.96756, 0.545378, 4.577014], "properties": {}}, {"name": "H", "species": [{"element": "H", "occu": 1}], "xyz": [-3.228101, -0.497908, 3.579834], "properties": {}}, {"name": "H", "species": [{"element": "H", "occu": 1}], "xyz": [-3.231304, -1.697056, 4.923627], "properties": {}}, {"name": "H", "species": [{"element": "H", "occu": 1}], "xyz": [-3.391878, -2.250475, 3.213185], "properties": {}}, {"name": "O", "species": [{"element": "O", "occu": 1}], "xyz": [-3.248892, -3.911433, 1.611512], "properties": {}}, {"name": "S", "species": [{"element": "S", "occu": 1}], "xyz": [-1.863671, -4.508331, 1.297827], "properties": {}}, {"name": "H", "species": [{"element": "H", "occu": 1}], "xyz": [-1.413588, -5.251326, 3.502614], "properties": {}}, {"name": "C", "species": [{"element": "C", "occu": 1}], "xyz": [-1.558021, -5.787445, 2.56214], "properties": {}}, {"name": "H", "species": [{"element": "H", "occu": 1}], "xyz": [-2.423514, -6.455218, 2.611553], "properties": {}}, {"name": "C", "species": [{"element": "C", "occu": 1}], "xyz": [-2.100912, -5.624025, -0.129984], "properties": {}}, {"name": "H", "species": [{"element": "H", "occu": 1}], "xyz": [-2.354221, -5.000066, -0.990563], "properties": {}}, {"name": "H", "species": [{"element": "H", "occu": 1}], "xyz": [-2.915991, -6.320099, 0.089249], "properties": {}}, {"name": "H", "species": [{"element": "H", "occu": 1}], "xyz": [-0.651533, -6.340879, 2.298053], "properties": {}}, {"name": "H", "species": [{"element": "H", "occu": 1}], "xyz": [-1.168015, -6.162867, -0.321432], "properties": {}}]}, "functional": "B3LYP", "basis_set": "6-31+G*", "route_parameters": {"NMR": "GIAO", "iop(7/33=1)": null, "int": "ultrafine", "EmpiricalDispersion": "GD3", "NoSymmetry": null, "test": null, "SCRF": "(Solvent=DiMethylSulfoxide)"}, "title": "H18 C6 S3 O3", "charge": 0, "spin_multiplicity": 1, "input_parameters": {}, "link0_parameters": {"%chk": "checkpoint.chk", "%mem": "100GB", "%NProcShared": "24"}, "dieze_tag": "#P", "nbasisfunctions": 276, "pcm_parameters": {}}, "output": {"has_gaussian_completed": true, "is_pcm": true, "errors": [], "Mulliken_charges": {"1": ["S", 0.816636], "2": ["O", -0.812357], "3": ["C", -0.811868], "4": ["C", -0.827753], "5": ["H", 0.26136], "6": ["H", 0.25824], "7": ["H", 0.257335], "8": ["H", 0.273782], "9": ["H", 0.264618], "10": ["H", 0.260707], "11": ["S", 0.939297], "12": ["O", -0.797139], "13": ["C", -0.931979], "14": ["C", -0.826302], "15": ["H", 0.26278], "16": ["H", 0.258999], "17": ["H", 0.255998], "18": ["H", 0.254137], "19": ["H", 0.256012], "20": ["H", 0.313439], "21": ["O", -0.799683], "22": ["S", 1.084872], "23": ["H", 0.294958], "24": ["C", -0.84882], "25": ["H", 0.253217], "26": ["C", -0.942279], "27": ["H", 0.260432], "28": ["H", 0.259572], "29": ["H", 0.252886], "30": ["H", 0.258905]}, "tensor": {"1": {"type": "S", "Isotropic": 229.7781, "Anisotropy": 376.0578, "tensor": [], "eigenvalues": [85.8398, 123.0111, 480.4832]}, "2": {"type": "O", "Isotropic": 274.8914, "Anisotropy": 178.8195, "tensor": [[230.3199, 37.1008, 38.4295], [16.8337, 364.7913, 56.6191], [89.7538, 40.0686, 229.5631]], "eigenvalues": [164.5411, 266.0287, 394.1044]}, "3": {"type": "C", "Isotropic": 147.2907, "Anisotropy": 61.0642, "tensor": [[136.2258, 9.4497, 11.1158], [6.9223, 130.4235, 23.9356], [4.1647, 24.8612, 175.2227]], "eigenvalues": [118.4928, 135.3791, 188.0001]}, "4": {"type": "C", "Isotropic": 144.8626, "Anisotropy": 67.0004, "tensor": [], "eigenvalues": [113.795, 131.2632, 189.5295]}, "5": {"type": "H", "Isotropic": 29.6212, "Anisotropy": 7.6038, "tensor": [[26.5452, 2.1304, 0.2427], [1.0104, 0.9388, 28.1455]], "eigenvalues": [25.9596, 28.2135, 34.6904]}, "6": {"type": "H", "Isotropic": 29.756, "Anisotropy": 5.3211, "tensor": [], "eigenvalues": [26.2229, 29.7418, 33.3034]}, "7": {"type": "H", "Isotropic": 30.0944, "Anisotropy": 6.7389, "tensor": [], "eigenvalues": [26.4265, 29.2698, 34.587]}, "8": {"type": "H", "Isotropic": 29.6268, "Anisotropy": 7.7629, "tensor": [], "eigenvalues": [26.5995, 27.4788, 34.802]}, "9": {"type": "H", "Isotropic": 29.4215, "Anisotropy": 6.4264, "tensor": [[26.4806, 0.5549, 1.472]], "eigenvalues": [25.8322, 28.7266, 33.7058]}, "10": {"type": "H", "Isotropic": 29.5278, "Anisotropy": 6.3691, "tensor": [[25.8409, 1.7682, 1.5799], [1.9679, 32.6132, 1.5792], [1.8174, 0.6963, 30.1292]], "eigenvalues": [24.9789, 29.8307, 33.7738]}, "11": {"type": "S", "Isotropic": 234.3248, "Anisotropy": 370.6378, "tensor": [], "eigenvalues": [89.6544, 131.9032, 481.4166]}, "12": {"type": "O", "Isotropic": 273.354, "Anisotropy": 180.2881, "tensor": [[340.6178, 79.7492, 27.3491], [65.69, 198.2708, 64.5832], [42.3313, 24.3892, 281.1736]], "eigenvalues": [160.7421, 265.7739, 393.5461]}, "13": {"type": "C", "Isotropic": 148.05, "Anisotropy": 63.4672, "tensor": [[126.3974, 11.2983, 16.0993], [9.8052, 164.3565, 21.6696], [17.0829, 29.16, 153.3962]], "eigenvalues": [118.4397, 135.3488, 190.3615]}, "14": {"type": "C", "Isotropic": 148.4715, "Anisotropy": 61.0384, "tensor": [], "eigenvalues": [119.5431, 136.7076, 189.1638]}, "15": {"type": "H", "Isotropic": 29.548, "Anisotropy": 7.5307, "tensor": [[32.9596, 1.6968, 1.5296], [2.3995, 27.3258, 1.5573], [2.7198, 0.9775, 28.3586]], "eigenvalues": [26.3993, 27.6763, 34.5685]}, "16": {"type": "H", "Isotropic": 29.6882, "Anisotropy": 6.3769, "tensor": [[28.1206, 0.7337, 0.3945], [0.5589, 27.389, 2.4583]], "eigenvalues": [26.6737, 28.4514, 33.9394]}, "17": {"type": "H", "Isotropic": 29.8973, "Anisotropy": 7.5487, "tensor": [[26.4747, 0.1027, 1.0539], [0.2899, 34.9094, 0.2864], [0.9751, 0.307, 28.3077]], "eigenvalues": [26.0236, 28.7384, 34.9297]}, "18": {"type": "H", "Isotropic": 30.0902, "Anisotropy": 6.9016, "tensor": [], "eigenvalues": [27.216, 28.3634, 34.6912]}, "19": {"type": "H", "Isotropic": 29.8562, "Anisotropy": 6.0915, "tensor": [[0.3117, 27.4761, 0.3388]], "eigenvalues": [27.0014, 28.6501, 33.9173]}, "20": {"type": "H", "Isotropic": 28.3617, "Anisotropy": 8.8965, "tensor": [[27.4283, 2.0428, 1.3221], [1.1579, 28.4981, 5.0089], [0.7791, 4.8863, 29.1587]], "eigenvalues": [23.8077, 26.9847, 34.2927]}, "21": {"type": "O", "Isotropic": 267.5326, "Anisotropy": 176.5732, "tensor": [[195.5934, 26.8338, 39.1568]], "eigenvalues": [151.6517, 265.698, 385.248]}, "22": {"type": "S", "Isotropic": 231.8375, "Anisotropy": 371.63, "tensor": [], "eigenvalues": [83.7766, 132.1451, 479.5909]}, "23": {"type": "H", "Isotropic": 28.754, "Anisotropy": 7.8728, "tensor": [[23.7255, 1.0955, 2.3061], [1.0813, 31.0006, 1.5034], [2.4804, 2.6851, 31.5358]], "eigenvalues": [23.0195, 29.2399, 34.0025]}, "24": {"type": "C", "Isotropic": 148.1015, "Anisotropy": 63.6566, "tensor": [], "eigenvalues": [119.1698, 134.5955, 190.5393]}, "25": {"type": "H", "Isotropic": 29.8666, "Anisotropy": 6.1618, "tensor": [[28.1565, 1.9989, 0.2613]], "eigenvalues": [26.8548, 28.7705, 33.9744]}, "26": {"type": "C", "Isotropic": 148.1782, "Anisotropy": 64.3873, "tensor": [[134.7982, 1.1672, 8.5877], [2.5423, 34.1756, 163.8501]], "eigenvalues": [117.7532, 135.6784, 191.1031]}, "27": {"type": "H", "Isotropic": 29.6143, "Anisotropy": 6.4995, "tensor": [], "eigenvalues": [25.6055, 29.2901, 33.9474]}, "28": {"type": "H", "Isotropic": 29.7135, "Anisotropy": 6.2868, "tensor": [[28.7669, 2.8532, 0.3603], [3.2278, 31.2377, 0.5839], [2.1044, 1.8976, 29.1357]], "eigenvalues": [26.6668, 28.569, 33.9047]}, "29": {"type": "H", "Isotropic": 30.0046, "Anisotropy": 8.7315, "tensor": [], "eigenvalues": [26.4529, 27.7354, 35.8256]}, "30": {"type": "H", "Isotropic": 29.9262, "Anisotropy": 8.96, "tensor": [], "eigenvalues": [26.4735, 27.4056, 35.8996]}}, "output": {"energies": [-1659.66791872], "final_energy": -1659.66791872, "final_energy_per_atom": -55.322263957333334, "molecule": {"charge": 0.0, "spin_multiplicity": 1, "sites": [{"name": "S", "species": [{"element": "S", "occu": 1}], "xyz": [-1.893691, 0.49041, -0.6266], "properties": {}}, {"name": "O", "species": [{"element": "O", "occu": 1}], "xyz": [-0.59772, 0.413712, -1.456339], "properties": {}}, {"name": "C", "species": [{"element": "C", "occu": 1}], "xyz": [-1.429142, 1.226898, 0.981118], "properties": {}}, {"name": "C", "species": [{"element": "C", "occu": 1}], "xyz": [-2.216384, -1.20201, -0.023129], "properties": {}}, {"name": "H", "species": [{"element": "H", "occu": 1}], "xyz": [-1.107529, 2.252588, 0.784907], "properties": {}}, {"name": "H", "species": [{"element": "H", "occu": 1}], "xyz": [-0.611915, 0.647812, 1.421014], "properties": {}}, {"name": "H", "species": [{"element": "H", "occu": 1}], "xyz": [-2.302809, 1.231663, 1.639304], "properties": {}}, {"name": "H", "species": [{"element": "H", "occu": 1}], "xyz": [-3.060747, -1.194894, 0.670338], "properties": {}}, {"name": "H", "species": [{"element": "H", "occu": 1}], "xyz": [-1.318261, -1.583668, 0.469562], "properties": {}}, {"name": "H", "species": [{"element": "H", "occu": 1}], "xyz": [-2.461614, -1.815845, -0.893001], "properties": {}}, {"name": "S", "species": [{"element": "S", "occu": 1}], "xyz": [-1.139191, -1.707794, 3.723249], "properties": {}}, {"name": "O", "species": [{"element": "O", "occu": 1}], "xyz": [-0.798737, -3.071883, 4.353534], "properties": {}}, {"name": "C", "species": [{"element": "C", "occu": 1}], "xyz": [-0.647643, -0.435982, 4.9401], "properties": {}}, {"name": "C", "species": [{"element": "C", "occu": 1}], "xyz": [-2.946673, -1.510695, 3.883484], "properties": {}}, {"name": "H", "species": [{"element": "H", "occu": 1}], "xyz": [0.441555, -0.465877, 5.021195], "properties": {}}, {"name": "H", "species": [{"element": "H", "occu": 1}], "xyz": [-1.108439, -0.664317, 5.905774], "properties": {}}, {"name": "H", "species": [{"element": "H", "occu": 1}], "xyz": [-0.96756, 0.545378, 4.577014], "properties": {}}, {"name": "H", "species": [{"element": "H", "occu": 1}], "xyz": [-3.228101, -0.497908, 3.579834], "properties": {}}, {"name": "H", "species": [{"element": "H", "occu": 1}], "xyz": [-3.231304, -1.697056, 4.923627], "properties": {}}, {"name": "H", "species": [{"element": "H", "occu": 1}], "xyz": [-3.391878, -2.250475, 3.213185], "properties": {}}, {"name": "O", "species": [{"element": "O", "occu": 1}], "xyz": [-3.248892, -3.911433, 1.611512], "properties": {}}, {"name": "S", "species": [{"element": "S", "occu": 1}], "xyz": [-1.863671, -4.508331, 1.297827], "properties": {}}, {"name": "H", "species": [{"element": "H", "occu": 1}], "xyz": [-1.413588, -5.251326, 3.502614], "properties": {}}, {"name": "C", "species": [{"element": "C", "occu": 1}], "xyz": [-1.558021, -5.787445, 2.56214], "properties": {}}, {"name": "H", "species": [{"element": "H", "occu": 1}], "xyz": [-2.423514, -6.455218, 2.611553], "properties": {}}, {"name": "C", "species": [{"element": "C", "occu": 1}], "xyz": [-2.100912, -5.624025, -0.129984], "properties": {}}, {"name": "H", "species": [{"element": "H", "occu": 1}], "xyz": [-2.354221, -5.000066, -0.990563], "properties": {}}, {"name": "H", "species": [{"element": "H", "occu": 1}], "xyz": [-2.915991, -6.320099, 0.089249], "properties": {}}, {"name": "H", "species": [{"element": "H", "occu": 1}], "xyz": [-0.651533, -6.340879, 2.298053], "properties": {}}, {"name": "H", "species": [{"element": "H", "occu": 1}], "xyz": [-1.168015, -6.162867, -0.321432], "properties": {}}]}, "stationary_type": "Minimum", "corrections": {}, "tensor": {"1": {"type": "S", "Isotropic": 229.7781, "Anisotropy": 376.0578, "tensor": [], "eigenvalues": [85.8398, 123.0111, 480.4832]}, "2": {"type": "O", "Isotropic": 274.8914, "Anisotropy": 178.8195, "tensor": [[230.3199, 37.1008, 38.4295], [16.8337, 364.7913, 56.6191], [89.7538, 40.0686, 229.5631]], "eigenvalues": [164.5411, 266.0287, 394.1044]}, "3": {"type": "C", "Isotropic": 147.2907, "Anisotropy": 61.0642, "tensor": [[136.2258, 9.4497, 11.1158], [6.9223, 130.4235, 23.9356], [4.1647, 24.8612, 175.2227]], "eigenvalues": [118.4928, 135.3791, 188.0001]}, "4": {"type": "C", "Isotropic": 144.8626, "Anisotropy": 67.0004, "tensor": [], "eigenvalues": [113.795, 131.2632, 189.5295]}, "5": {"type": "H", "Isotropic": 29.6212, "Anisotropy": 7.6038, "tensor": [[26.5452, 2.1304, 0.2427], [1.0104, 0.9388, 28.1455]], "eigenvalues": [25.9596, 28.2135, 34.6904]}, "6": {"type": "H", "Isotropic": 29.756, "Anisotropy": 5.3211, "tensor": [], "eigenvalues": [26.2229, 29.7418, 33.3034]}, "7": {"type": "H", "Isotropic": 30.0944, "Anisotropy": 6.7389, "tensor": [], "eigenvalues": [26.4265, 29.2698, 34.587]}, "8": {"type": "H", "Isotropic": 29.6268, "Anisotropy": 7.7629, "tensor": [], "eigenvalues": [26.5995, 27.4788, 34.802]}, "9": {"type": "H", "Isotropic": 29.4215, "Anisotropy": 6.4264, "tensor": [[26.4806, 0.5549, 1.472]], "eigenvalues": [25.8322, 28.7266, 33.7058]}, "10": {"type": "H", "Isotropic": 29.5278, "Anisotropy": 6.3691, "tensor": [[25.8409, 1.7682, 1.5799], [1.9679, 32.6132, 1.5792], [1.8174, 0.6963, 30.1292]], "eigenvalues": [24.9789, 29.8307, 33.7738]}, "11": {"type": "S", "Isotropic": 234.3248, "Anisotropy": 370.6378, "tensor": [], "eigenvalues": [89.6544, 131.9032, 481.4166]}, "12": {"type": "O", "Isotropic": 273.354, "Anisotropy": 180.2881, "tensor": [[340.6178, 79.7492, 27.3491], [65.69, 198.2708, 64.5832], [42.3313, 24.3892, 281.1736]], "eigenvalues": [160.7421, 265.7739, 393.5461]}, "13": {"type": "C", "Isotropic": 148.05, "Anisotropy": 63.4672, "tensor": [[126.3974, 11.2983, 16.0993], [9.8052, 164.3565, 21.6696], [17.0829, 29.16, 153.3962]], "eigenvalues": [118.4397, 135.3488, 190.3615]}, "14": {"type": "C", "Isotropic": 148.4715, "Anisotropy": 61.0384, "tensor": [], "eigenvalues": [119.5431, 136.7076, 189.1638]}, "15": {"type": "H", "Isotropic": 29.548, "Anisotropy": 7.5307, "tensor": [[32.9596, 1.6968, 1.5296], [2.3995, 27.3258, 1.5573], [2.7198, 0.9775, 28.3586]], "eigenvalues": [26.3993, 27.6763, 34.5685]}, "16": {"type": "H", "Isotropic": 29.6882, "Anisotropy": 6.3769, "tensor": [[28.1206, 0.7337, 0.3945], [0.5589, 27.389, 2.4583]], "eigenvalues": [26.6737, 28.4514, 33.9394]}, "17": {"type": "H", "Isotropic": 29.8973, "Anisotropy": 7.5487, "tensor": [[26.4747, 0.1027, 1.0539], [0.2899, 34.9094, 0.2864], [0.9751, 0.307, 28.3077]], "eigenvalues": [26.0236, 28.7384, 34.9297]}, "18": {"type": "H", "Isotropic": 30.0902, "Anisotropy": 6.9016, "tensor": [], "eigenvalues": [27.216, 28.3634, 34.6912]}, "19": {"type": "H", "Isotropic": 29.8562, "Anisotropy": 6.0915, "tensor": [[0.3117, 27.4761, 0.3388]], "eigenvalues": [27.0014, 28.6501, 33.9173]}, "20": {"type": "H", "Isotropic": 28.3617, "Anisotropy": 8.8965, "tensor": [[27.4283, 2.0428, 1.3221], [1.1579, 28.4981, 5.0089], [0.7791, 4.8863, 29.1587]], "eigenvalues": [23.8077, 26.9847, 34.2927]}, "21": {"type": "O", "Isotropic": 267.5326, "Anisotropy": 176.5732, "tensor": [[195.5934, 26.8338, 39.1568]], "eigenvalues": [151.6517, 265.698, 385.248]}, "22": {"type": "S", "Isotropic": 231.8375, "Anisotropy": 371.63, "tensor": [], "eigenvalues": [83.7766, 132.1451, 479.5909]}, "23": {"type": "H", "Isotropic": 28.754, "Anisotropy": 7.8728, "tensor": [[23.7255, 1.0955, 2.3061], [1.0813, 31.0006, 1.5034], [2.4804, 2.6851, 31.5358]], "eigenvalues": [23.0195, 29.2399, 34.0025]}, "24": {"type": "C", "Isotropic": 148.1015, "Anisotropy": 63.6566, "tensor": [], "eigenvalues": [119.1698, 134.5955, 190.5393]}, "25": {"type": "H", "Isotropic": 29.8666, "Anisotropy": 6.1618, "tensor": [[28.1565, 1.9989, 0.2613]], "eigenvalues": [26.8548, 28.7705, 33.9744]}, "26": {"type": "C", "Isotropic": 148.1782, "Anisotropy": 64.3873, "tensor": [[134.7982, 1.1672, 8.5877], [2.5423, 34.1756, 163.8501]], "eigenvalues": [117.7532, 135.6784, 191.1031]}, "27": {"type": "H", "Isotropic": 29.6143, "Anisotropy": 6.4995, "tensor": [], "eigenvalues": [25.6055, 29.2901, 33.9474]}, "28": {"type": "H", "Isotropic": 29.7135, "Anisotropy": 6.2868, "tensor": [[28.7669, 2.8532, 0.3603], [3.2278, 31.2377, 0.5839], [2.1044, 1.8976, 29.1357]], "eigenvalues": [26.6668, 28.569, 33.9047]}, "29": {"type": "H", "Isotropic": 30.0046, "Anisotropy": 8.7315, "tensor": [], "eigenvalues": [26.4529, 27.7354, 35.8256]}, "30": {"type": "H", "Isotropic": 29.9262, "Anisotropy": 8.96, "tensor": [], "eigenvalues": [26.4735, 27.4056, 35.8996]}}}}, "functional": "B3LYP", "basis": "6-31+G*", "phase": "solution", "type": "nmr;scrf", "smiles": "S(=O)(C)C.S(=O)(C)C.O=S(C)C", "formula": "H18 C6 S3 O3", "formula_pretty": "H6C2SO", "formula_anonymous": "ABC2D6", "formula_alphabetical": "C6 H18 O3 S3", "chemsys": "C-H-O-S", "nsites": 30, "nelements": 4, "is_ordered": true, "is_valid": true, "tag": "oplsd_ref", "wall_time (s)": 41.266943821683526, "last_updated": "2021-01-18T03:51:11.423575", "_id": null}