{"input": {"molecule": {"charge": 0, "spin_multiplicity": 1, "sites": [{"name": "O", "species": [{"element": "O", "occu": 1}], "xyz": [-0.589441, 0.851759, 0.415155], "properties": {}}, {"name": "H", "species": [{"element": "H", "occu": 1}], "xyz": [-0.026431, 1.533088, 0.014889], "properties": {}}, {"name": "H", "species": [{"element": "H", "occu": 1}], "xyz": [-1.432916, 0.865768, -0.09234], "properties": {}}, {"name": "O", "species": [{"element": "O", "occu": 1}], "xyz": [-3.330037, 0.932949, -0.12224], "properties": {}}, {"name": "H", "species": [{"element": "H", "occu": 1}], "xyz": [-3.7299, 1.645619, -0.645194], "properties": {}}, {"name": "H", "species": [{"element": "H", "occu": 1}], "xyz": [-3.317447, 1.254061, 0.808387], "properties": {}}, {"name": "O", "species": [{"element": "O", "occu": 1}], "xyz": [-2.380794, 1.662498, 2.401447], "properties": {}}, {"name": "H", "species": [{"element": "H", "occu": 1}], "xyz": [-1.541785, 1.395251, 1.961013], "properties": {}}, {"name": "H", "species": [{"element": "H", "occu": 1}], "xyz": [-2.503918, 1.044677, 3.139394], "properties": {}}]}, "functional": "B3LYP", "basis_set": "6-31+G*", "route_parameters": {"NMR": "GIAO", "iop(7/33=1)": null, "int": "ultrafine", "EmpiricalDispersion": "GD3", "NoSymmetry": null, "test": null, "SCRF": "(Solvent=Water)"}, "title": "H6 O3", "charge": 0, "spin_multiplicity": 1, "input_parameters": {}, "link0_parameters": {"%chk": "checkpoint.chk", "%mem": "100GB", "%NProcShared": "28"}, "dieze_tag": "#P", "nbasisfunctions": 69, "pcm_parameters": {}}, "output": {"has_gaussian_completed": true, "is_pcm": true, "errors": [], "Mulliken_charges": {"1": ["O", -1.070331], "2": ["H", 0.510428], "3": ["H", 0.559735], "4": ["O", -1.070385], "5": ["H", 0.510396], "6": ["H", 0.559931], "7": ["O", -1.069696], "8": ["H", 0.559945], "9": ["H", 0.509978]}, "tensor": {"1": {"type": "O", "Isotropic": 309.7382, "Anisotropy": 54.4926, "tensor": [[342.1379, 20.3465, 1.1349]], "eigenvalues": [284.346, 298.8019, 346.0666]}, "2": {"type": "H", "Isotropic": 30.6171, "Anisotropy": 18.3678, "tensor": [], "eigenvalues": [24.1083, 24.8807, 42.8623]}, "3": {"type": "H", "Isotropic": 27.5155, "Anisotropy": 25.7097, "tensor": [[41.8435, 0.2707, 7.0715], [8.3442, 0.4991, 23.5065]], "eigenvalues": [17.1527, 20.7384, 44.6553]}, "4": {"type": "O", "Isotropic": 310.0063, "Anisotropy": 54.216, "tensor": [], "eigenvalues": [284.5289, 299.3398, 346.1503]}, "5": {"type": "H", "Isotropic": 30.6286, "Anisotropy": 18.431, "tensor": [], "eigenvalues": [24.0397, 24.9301, 42.916]}, "6": {"type": "H", "Isotropic": 27.4849, "Anisotropy": 25.8159, "tensor": [[21.3984, 0.1655, 3.9802], [0.6489, 18.8354, 6.8586], [4.976, 5.9036, 42.2209]], "eigenvalues": [17.0664, 20.6928, 44.6955]}, "7": {"type": "O", "Isotropic": 310.0261, "Anisotropy": 54.3763, "tensor": [], "eigenvalues": [284.0853, 299.7161, 346.2769]}, "8": {"type": "H", "Isotropic": 27.4968, "Anisotropy": 25.7514, "tensor": [], "eigenvalues": [17.0694, 20.7566, 44.6643]}, "9": {"type": "H", "Isotropic": 30.5833, "Anisotropy": 18.5468, "tensor": [], "eigenvalues": [23.9921, 24.81, 42.9478]}}, "output": {"energies": [-229.314568069], "final_energy": -229.314568069, "final_energy_per_atom": -25.47939645211111, "molecule": {"charge": 0.0, "spin_multiplicity": 1, "sites": [{"name": "O", "species": [{"element": "O", "occu": 1}], "xyz": [-0.589441, 0.851759, 0.415155], "properties": {}}, {"name": "H", "species": [{"element": "H", "occu": 1}], "xyz": [-0.026431, 1.533088, 0.014889], "properties": {}}, {"name": "H", "species": [{"element": "H", "occu": 1}], "xyz": [-1.432916, 0.865768, -0.09234], "properties": {}}, {"name": "O", "species": [{"element": "O", "occu": 1}], "xyz": [-3.330037, 0.932949, -0.12224], "properties": {}}, {"name": "H", "species": [{"element": "H", "occu": 1}], "xyz": [-3.7299, 1.645619, -0.645194], "properties": {}}, {"name": "H", "species": [{"element": "H", "occu": 1}], "xyz": [-3.317447, 1.254061, 0.808387], "properties": {}}, {"name": "O", "species": [{"element": "O", "occu": 1}], "xyz": [-2.380794, 1.662498, 2.401447], "properties": {}}, {"name": "H", "species": [{"element": "H", "occu": 1}], "xyz": [-1.541785, 1.395251, 1.961013], "properties": {}}, {"name": "H", "species": [{"element": "H", "occu": 1}], "xyz": [-2.503918, 1.044677, 3.139394], "properties": {}}]}, "stationary_type": "Minimum", "corrections": {}, "tensor": {"1": {"type": "O", "Isotropic": 309.7382, "Anisotropy": 54.4926, "tensor": [[342.1379, 20.3465, 1.1349]], "eigenvalues": [284.346, 298.8019, 346.0666]}, "2": {"type": "H", "Isotropic": 30.6171, "Anisotropy": 18.3678, "tensor": [], "eigenvalues": [24.1083, 24.8807, 42.8623]}, "3": {"type": "H", "Isotropic": 27.5155, "Anisotropy": 25.7097, "tensor": [[41.8435, 0.2707, 7.0715], [8.3442, 0.4991, 23.5065]], "eigenvalues": [17.1527, 20.7384, 44.6553]}, "4": {"type": "O", "Isotropic": 310.0063, "Anisotropy": 54.216, "tensor": [], "eigenvalues": [284.5289, 299.3398, 346.1503]}, "5": {"type": "H", "Isotropic": 30.6286, "Anisotropy": 18.431, "tensor": [], "eigenvalues": [24.0397, 24.9301, 42.916]}, "6": {"type": "H", "Isotropic": 27.4849, "Anisotropy": 25.8159, "tensor": [[21.3984, 0.1655, 3.9802], [0.6489, 18.8354, 6.8586], [4.976, 5.9036, 42.2209]], "eigenvalues": [17.0664, 20.6928, 44.6955]}, "7": {"type": "O", "Isotropic": 310.0261, "Anisotropy": 54.3763, "tensor": [], "eigenvalues": [284.0853, 299.7161, 346.2769]}, "8": {"type": "H", "Isotropic": 27.4968, "Anisotropy": 25.7514, "tensor": [], "eigenvalues": [17.0694, 20.7566, 44.6643]}, "9": {"type": "H", "Isotropic": 30.5833, "Anisotropy": 18.5468, "tensor": [], "eigenvalues": [23.9921, 24.81, 42.9478]}}}}, "functional": "B3LYP", "basis": "6-31+G*", "phase": "solution", "type": "nmr;scrf", "smiles": "O.O.O", "formula": "H6 O3", "formula_pretty": "H2O", "formula_anonymous": "AB2", "formula_alphabetical": "H6 O3", "chemsys": "H-O", "nsites": 9, "nelements": 2, "is_ordered": true, "is_valid": true, "tag": "unknown", "wall_time (s)": 8.298375455662608, "last_updated": "2021-02-04T08:41:52.310426", "_id": null}