{"input": {"molecule": {"charge": 0, "spin_multiplicity": 1, "sites": [{"name": "O", "species": [{"element": "O", "occu": 1}], "xyz": [-0.609418, 1.845299, -0.407543], "properties": {}}, {"name": "H", "species": [{"element": "H", "occu": 1}], "xyz": [-1.017018, 2.327668, -1.14412], "properties": {}}, {"name": "H", "species": [{"element": "H", "occu": 1}], "xyz": [-1.345964, 1.405014, 0.090759], "properties": {}}, {"name": "O", "species": [{"element": "O", "occu": 1}], "xyz": [-2.449336, 0.585735, 1.166351], "properties": {}}, {"name": "H", "species": [{"element": "H", "occu": 1}], "xyz": [-2.953713, -0.129602, 0.746304], "properties": {}}, {"name": "H", "species": [{"element": "H", "occu": 1}], "xyz": [-1.94833, 0.167683, 1.916745], "properties": {}}, {"name": "O", "species": [{"element": "O", "occu": 1}], "xyz": [-0.952926, -0.514665, 3.166045], "properties": {}}, {"name": "H", "species": [{"element": "H", "occu": 1}], "xyz": [-1.067105, -1.474734, 3.25713], "properties": {}}, {"name": "H", "species": [{"element": "H", "occu": 1}], "xyz": [-1.087274, -0.129343, 4.084597], "properties": {}}, {"name": "H", "species": [{"element": "H", "occu": 1}], "xyz": [1.286356, 1.988115, 1.931107], "properties": {}}, {"name": "O", "species": [{"element": "O", "occu": 1}], "xyz": [1.014626, 2.901138, 1.660542], "properties": {}}, {"name": "H", "species": [{"element": "H", "occu": 1}], "xyz": [0.403094, 2.739996, 0.910363], "properties": {}}, {"name": "H", "species": [{"element": "H", "occu": 1}], "xyz": [-3.472223, 2.104806, 1.566358], "properties": {}}, {"name": "O", "species": [{"element": "O", "occu": 1}], "xyz": [-3.987514, 2.924516, 1.715372], "properties": {}}, {"name": "H", "species": [{"element": "H", "occu": 1}], "xyz": [-3.569784, 3.351765, 2.492068], "properties": {}}, {"name": "H", "species": [{"element": "H", "occu": 1}], "xyz": [-0.493304, 1.181354, 5.728965], "properties": {}}, {"name": "H", "species": [{"element": "H", "occu": 1}], "xyz": [-2.057086, 1.036459, 5.70278], "properties": {}}, {"name": "O", "species": [{"element": "O", "occu": 1}], "xyz": [-1.226541, 0.524585, 5.607992], "properties": {}}, {"name": "H", "species": [{"element": "H", "occu": 1}], "xyz": [-3.169779, 4.930785, 4.275213], "properties": {}}, {"name": "O", "species": [{"element": "O", "occu": 1}], "xyz": [-2.796605, 4.063497, 4.048531], "properties": {}}, {"name": "H", "species": [{"element": "H", "occu": 1}], "xyz": [-3.097969, 3.444523, 4.75449], "properties": {}}, {"name": "H", "species": [{"element": "H", "occu": 1}], "xyz": [0.614809, 0.54977, -0.69817], "properties": {}}, {"name": "O", "species": [{"element": "O", "occu": 1}], "xyz": [1.331021, -0.121971, -0.600431], "properties": {}}, {"name": "H", "species": [{"element": "H", "occu": 1}], "xyz": [0.954579, -0.957806, -0.917847], "properties": {}}, {"name": "O", "species": [{"element": "O", "occu": 1}], "xyz": [-3.597915, 2.092919, 5.841745], "properties": {}}, {"name": "H", "species": [{"element": "H", "occu": 1}], "xyz": [-4.396319, 1.645118, 5.513721], "properties": {}}, {"name": "H", "species": [{"element": "H", "occu": 1}], "xyz": [-3.801756, 2.351349, 6.756536], "properties": {}}, {"name": "O", "species": [{"element": "O", "occu": 1}], "xyz": [0.017018, 4.116977, 3.904668], "properties": {}}, {"name": "H", "species": [{"element": "H", "occu": 1}], "xyz": [0.307329, 3.70029, 3.052517], "properties": {}}, {"name": "H", "species": [{"element": "H", "occu": 1}], "xyz": [-0.965768, 4.096798, 3.907019], "properties": {}}, {"name": "O", "species": [{"element": "O", "occu": 1}], "xyz": [0.804427, 2.358287, 5.802439], "properties": {}}, {"name": "H", "species": [{"element": "H", "occu": 1}], "xyz": [0.860673, 2.81466, 6.656623], "properties": {}}, {"name": "H", "species": [{"element": "H", "occu": 1}], "xyz": [0.542643, 3.053675, 5.135329], "properties": {}}, {"name": "O", "species": [{"element": "O", "occu": 1}], "xyz": [1.573602, 0.231224, 2.166006], "properties": {}}, {"name": "H", "species": [{"element": "H", "occu": 1}], "xyz": [0.721519, -0.081253, 2.545842], "properties": {}}, {"name": "H", "species": [{"element": "H", "occu": 1}], "xyz": [1.546761, -0.038161, 1.218253], "properties": {}}]}, "functional": "B3LYP", "basis_set": "6-31+G*", "route_parameters": {"NMR": "GIAO", "iop(7/33=1)": null, "int": "ultrafine", "EmpiricalDispersion": "GD3", "NoSymmetry": null, "test": null, "SCRF": "(Solvent=Water)"}, "title": "H24 O12", "charge": 0, "spin_multiplicity": 1, "input_parameters": {}, "link0_parameters": {"%chk": "checkpoint.chk", "%mem": "100GB", "%NProcShared": "28"}, "dieze_tag": "#P", "nbasisfunctions": 276, "pcm_parameters": {}}, "output": {"has_gaussian_completed": true, "is_pcm": true, "errors": [], "Mulliken_charges": {"1": ["O", -1.17523], "2": ["H", 0.527415], "3": ["H", 0.622992], "4": ["O", -1.160911], "5": ["H", 0.527677], "6": ["H", 0.61864], "7": ["O", -1.168936], "8": ["H", 0.529403], "9": ["H", 0.624525], "10": ["H", 0.594517], "11": ["O", -1.156135], "12": ["H", 0.583309], "13": ["H", 0.57084], "14": ["O", -1.110917], "15": ["H", 0.570331], "16": ["H", 0.600552], "17": ["H", 0.592688], "18": ["O", -1.174131], "19": ["H", 0.532313], "20": ["O", -1.161932], "21": ["H", 0.609591], "22": ["H", 0.600813], "23": ["O", -1.104828], "24": ["H", 0.515192], "25": ["O", -1.077992], "26": ["H", 0.537017], "27": ["H", 0.538209], "28": ["O", -1.197432], "29": ["H", 0.607003], "30": ["H", 0.59794], "31": ["O", -1.122755], "32": ["H", 0.511183], "33": ["H", 0.606705], "34": ["O", -1.215145], "35": ["H", 0.613162], "36": ["H", 0.594326]}, "tensor": {"1": {"type": "O", "Isotropic": 298.1785, "Anisotropy": 34.9267, "tensor": [], "eigenvalues": [277.6871, 295.3854, 321.4629]}, "2": {"type": "H", "Isotropic": 30.1558, "Anisotropy": 18.7582, "tensor": [], "eigenvalues": [23.0375, 24.7686, 42.6613]}, "3": {"type": "H", "Isotropic": 25.6653, "Anisotropy": 29.8264, "tensor": [], "eigenvalues": [14.6448, 16.8016, 45.5496]}, "4": {"type": "O", "Isotropic": 295.3041, "Anisotropy": 33.2009, "tensor": [[294.0064, 2.4153, 19.0049]], "eigenvalues": [277.4614, 291.0129, 317.438]}, "5": {"type": "H", "Isotropic": 30.2289, "Anisotropy": 17.6352, "tensor": [[29.8039, 6.381, 4.9725], [6.9728, 32.6057, 5.8478], [4.8593, 5.1425, 28.277]], "eigenvalues": [24.0386, 24.6624, 41.9856]}, "6": {"type": "H", "Isotropic": 25.4701, "Anisotropy": 30.2436, "tensor": [], "eigenvalues": [15.1267, 15.651, 45.6324]}, "7": {"type": "O", "Isotropic": 289.9189, "Anisotropy": 37.6442, "tensor": [], "eigenvalues": [271.1779, 283.5638, 315.015]}, "8": {"type": "H", "Isotropic": 30.2387, "Anisotropy": 17.2252, "tensor": [], "eigenvalues": [23.4789, 25.5151, 41.7222]}, "9": {"type": "H", "Isotropic": 24.0106, "Anisotropy": 34.1332, "tensor": [], "eigenvalues": [11.4784, 13.7874, 46.7661]}, "10": {"type": "H", "Isotropic": 26.4313, "Anisotropy": 26.885, "tensor": [], "eigenvalues": [16.0205, 18.9189, 44.3547]}, "11": {"type": "O", "Isotropic": 293.7994, "Anisotropy": 30.588, "tensor": [], "eigenvalues": [265.8608, 301.3459, 314.1914]}, "12": {"type": "H", "Isotropic": 27.8413, "Anisotropy": 24.8545, "tensor": [[27.2605, 2.7942, 11.602], [3.393, 21.9405, 4.8258], [11.9777, 4.1053, 34.3229]], "eigenvalues": [18.4694, 20.6436, 44.411]}, "13": {"type": "H", "Isotropic": 28.3041, "Anisotropy": 28.5261, "tensor": [], "eigenvalues": [17.4294, 20.1614, 47.3216]}, "14": {"type": "O", "Isotropic": 316.3902, "Anisotropy": 64.997, "tensor": [[7.9958, 32.975, 318.6891]], "eigenvalues": [281.3566, 308.0925, 359.7215]}, "15": {"type": "H", "Isotropic": 28.3168, "Anisotropy": 28.3118, "tensor": [[23.0355, 3.5364, 9.1339], [3.1662, 24.7797, 10.8255], [8.5478, 11.1904, 37.1354]], "eigenvalues": [17.3088, 20.4503, 47.1914]}, "16": {"type": "H", "Isotropic": 25.8159, "Anisotropy": 29.5275, "tensor": [[33.1011, 13.9669, 2.2301], [14.5474, 28.1812, 2.1565], [2.7578, 2.4481, 16.1652]], "eigenvalues": [15.7213, 16.2254, 45.5009]}, "17": {"type": "H", "Isotropic": 27.7331, "Anisotropy": 26.8981, "tensor": [], "eigenvalues": [18.3008, 19.2334, 45.6652]}, "18": {"type": "O", "Isotropic": 294.667, "Anisotropy": 37.3238, "tensor": [[6.4547, 286.6112, 12.5021]], "eigenvalues": [269.0174, 295.4341, 319.5496]}, "19": {"type": "H", "Isotropic": 30.2016, "Anisotropy": 18.4674, "tensor": [], "eigenvalues": [23.5272, 24.5643, 42.5132]}, "20": {"type": "O", "Isotropic": 299.8666, "Anisotropy": 31.4077, "tensor": [], "eigenvalues": [284.498, 294.2967, 320.805]}, "21": {"type": "H", "Isotropic": 26.6134, "Anisotropy": 28.1469, "tensor": [], "eigenvalues": [16.0627, 18.3995, 45.378]}, "22": {"type": "H", "Isotropic": 26.8313, "Anisotropy": 28.3221, "tensor": [[0.133, 0.6062, 18.8253]], "eigenvalues": [15.8442, 18.937, 45.7127]}, "23": {"type": "O", "Isotropic": 306.8957, "Anisotropy": 47.7837, "tensor": [[5.4075, 12.6433, 295.6036]], "eigenvalues": [282.1553, 299.7803, 338.7515]}, "24": {"type": "H", "Isotropic": 30.6743, "Anisotropy": 17.5831, "tensor": [[26.1377, 3.6839, 1.3819], [2.9169, 38.6801, 6.3148], [1.1832, 6.7246, 27.2051]], "eigenvalues": [24.2273, 25.3993, 42.3964]}, "25": {"type": "O", "Isotropic": 309.0086, "Anisotropy": 22.1283, "tensor": [[308.8042, 7.8594, 2.3595], [6.9742, 299.5828, 7.7367], [2.6627, 9.4052, 318.639]], "eigenvalues": [293.735, 309.53, 323.7609]}, "26": {"type": "H", "Isotropic": 29.6672, "Anisotropy": 16.7185, "tensor": [[35.6811, 7.0601, 4.5256], [6.4311, 26.5081, 3.0022], [3.14, 2.4866, 26.8123]], "eigenvalues": [22.7892, 25.3994, 40.8129]}, "27": {"type": "H", "Isotropic": 29.7053, "Anisotropy": 18.8129, "tensor": [], "eigenvalues": [22.8084, 24.0603, 42.2473]}, "28": {"type": "O", "Isotropic": 293.947, "Anisotropy": 47.0589, "tensor": [], "eigenvalues": [268.7358, 287.7857, 325.3197]}, "29": {"type": "H", "Isotropic": 25.8191, "Anisotropy": 31.3626, "tensor": [], "eigenvalues": [14.5793, 16.1504, 46.7275]}, "30": {"type": "H", "Isotropic": 27.396, "Anisotropy": 27.8865, "tensor": [], "eigenvalues": [17.5068, 18.6941, 45.987]}, "31": {"type": "O", "Isotropic": 301.3149, "Anisotropy": 48.3139, "tensor": [[281.4633, 4.7116, 17.6817]], "eigenvalues": [273.9973, 296.4232, 333.5241]}, "32": {"type": "H", "Isotropic": 30.7174, "Anisotropy": 18.3778, "tensor": [[24.8645, 1.0796, 3.0196], [1.2835, 27.3923, 6.3272], [3.2025, 5.8139, 39.8954]], "eigenvalues": [24.2453, 24.9377, 42.9693]}, "33": {"type": "H", "Isotropic": 25.084, "Anisotropy": 31.4862, "tensor": [], "eigenvalues": [13.5446, 15.6326, 46.0748]}, "34": {"type": "O", "Isotropic": 295.1092, "Anisotropy": 42.855, "tensor": [], "eigenvalues": [277.1874, 284.461, 323.6792]}, "35": {"type": "H", "Isotropic": 27.2308, "Anisotropy": 27.5645, "tensor": [], "eigenvalues": [17.5241, 18.5612, 45.6071]}, "36": {"type": "H", "Isotropic": 27.0648, "Anisotropy": 27.7408, "tensor": [], "eigenvalues": [16.6763, 18.9595, 45.5587]}}, "output": {"energies": [-917.326474845], "final_energy": -917.326474845, "final_energy_per_atom": -25.481290967916667, "molecule": {"charge": 0.0, "spin_multiplicity": 1, "sites": [{"name": "O", "species": [{"element": "O", "occu": 1}], "xyz": [-0.609418, 1.845299, -0.407543], "properties": {}}, {"name": "H", "species": [{"element": "H", "occu": 1}], "xyz": [-1.017018, 2.327668, -1.14412], "properties": {}}, {"name": "H", "species": [{"element": "H", "occu": 1}], "xyz": [-1.345964, 1.405014, 0.090759], "properties": {}}, {"name": "O", "species": [{"element": "O", "occu": 1}], "xyz": [-2.449336, 0.585735, 1.166351], "properties": {}}, {"name": "H", "species": [{"element": "H", "occu": 1}], "xyz": [-2.953713, -0.129602, 0.746304], "properties": {}}, {"name": "H", "species": [{"element": "H", "occu": 1}], "xyz": [-1.94833, 0.167683, 1.916745], "properties": {}}, {"name": "O", "species": [{"element": "O", "occu": 1}], "xyz": [-0.952926, -0.514665, 3.166045], "properties": {}}, {"name": "H", "species": [{"element": "H", "occu": 1}], "xyz": [-1.067105, -1.474734, 3.25713], "properties": {}}, {"name": "H", "species": [{"element": "H", "occu": 1}], "xyz": [-1.087274, -0.129343, 4.084597], "properties": {}}, {"name": "H", "species": [{"element": "H", "occu": 1}], "xyz": [1.286356, 1.988115, 1.931107], "properties": {}}, {"name": "O", "species": [{"element": "O", "occu": 1}], "xyz": [1.014626, 2.901138, 1.660542], "properties": {}}, {"name": "H", "species": [{"element": "H", "occu": 1}], "xyz": [0.403094, 2.739996, 0.910363], "properties": {}}, {"name": "H", "species": [{"element": "H", "occu": 1}], "xyz": [-3.472223, 2.104806, 1.566358], "properties": {}}, {"name": "O", "species": [{"element": "O", "occu": 1}], "xyz": [-3.987514, 2.924516, 1.715372], "properties": {}}, {"name": "H", "species": [{"element": "H", "occu": 1}], "xyz": [-3.569784, 3.351765, 2.492068], "properties": {}}, {"name": "H", "species": [{"element": "H", "occu": 1}], "xyz": [-0.493304, 1.181354, 5.728965], "properties": {}}, {"name": "H", "species": [{"element": "H", "occu": 1}], "xyz": [-2.057086, 1.036459, 5.70278], "properties": {}}, {"name": "O", "species": [{"element": "O", "occu": 1}], "xyz": [-1.226541, 0.524585, 5.607992], "properties": {}}, {"name": "H", "species": [{"element": "H", "occu": 1}], "xyz": [-3.169779, 4.930785, 4.275213], "properties": {}}, {"name": "O", "species": [{"element": "O", "occu": 1}], "xyz": [-2.796605, 4.063497, 4.048531], "properties": {}}, {"name": "H", "species": [{"element": "H", "occu": 1}], "xyz": [-3.097969, 3.444523, 4.75449], "properties": {}}, {"name": "H", "species": [{"element": "H", "occu": 1}], "xyz": [0.614809, 0.54977, -0.69817], "properties": {}}, {"name": "O", "species": [{"element": "O", "occu": 1}], "xyz": [1.331021, -0.121971, -0.600431], "properties": {}}, {"name": "H", "species": [{"element": "H", "occu": 1}], "xyz": [0.954579, -0.957806, -0.917847], "properties": {}}, {"name": "O", "species": [{"element": "O", "occu": 1}], "xyz": [-3.597915, 2.092919, 5.841745], "properties": {}}, {"name": "H", "species": [{"element": "H", "occu": 1}], "xyz": [-4.396319, 1.645118, 5.513721], "properties": {}}, {"name": "H", "species": [{"element": "H", "occu": 1}], "xyz": [-3.801756, 2.351349, 6.756536], "properties": {}}, {"name": "O", "species": [{"element": "O", "occu": 1}], "xyz": [0.017018, 4.116977, 3.904668], "properties": {}}, {"name": "H", "species": [{"element": "H", "occu": 1}], "xyz": [0.307329, 3.70029, 3.052517], "properties": {}}, {"name": "H", "species": [{"element": "H", "occu": 1}], "xyz": [-0.965768, 4.096798, 3.907019], "properties": {}}, {"name": "O", "species": [{"element": "O", "occu": 1}], "xyz": [0.804427, 2.358287, 5.802439], "properties": {}}, {"name": "H", "species": [{"element": "H", "occu": 1}], "xyz": [0.860673, 2.81466, 6.656623], "properties": {}}, {"name": "H", "species": [{"element": "H", "occu": 1}], "xyz": [0.542643, 3.053675, 5.135329], "properties": {}}, {"name": "O", "species": [{"element": "O", "occu": 1}], "xyz": [1.573602, 0.231224, 2.166006], "properties": {}}, {"name": "H", "species": [{"element": "H", "occu": 1}], "xyz": [0.721519, -0.081253, 2.545842], "properties": {}}, {"name": "H", "species": [{"element": "H", "occu": 1}], "xyz": [1.546761, -0.038161, 1.218253], "properties": {}}]}, "stationary_type": "Minimum", "corrections": {}, "tensor": {"1": {"type": "O", "Isotropic": 298.1785, "Anisotropy": 34.9267, "tensor": [], "eigenvalues": [277.6871, 295.3854, 321.4629]}, "2": {"type": "H", "Isotropic": 30.1558, "Anisotropy": 18.7582, "tensor": [], "eigenvalues": [23.0375, 24.7686, 42.6613]}, "3": {"type": "H", "Isotropic": 25.6653, "Anisotropy": 29.8264, "tensor": [], "eigenvalues": [14.6448, 16.8016, 45.5496]}, "4": {"type": "O", "Isotropic": 295.3041, "Anisotropy": 33.2009, "tensor": [[294.0064, 2.4153, 19.0049]], "eigenvalues": [277.4614, 291.0129, 317.438]}, "5": {"type": "H", "Isotropic": 30.2289, "Anisotropy": 17.6352, "tensor": [[29.8039, 6.381, 4.9725], [6.9728, 32.6057, 5.8478], [4.8593, 5.1425, 28.277]], "eigenvalues": [24.0386, 24.6624, 41.9856]}, "6": {"type": "H", "Isotropic": 25.4701, "Anisotropy": 30.2436, "tensor": [], "eigenvalues": [15.1267, 15.651, 45.6324]}, "7": {"type": "O", "Isotropic": 289.9189, "Anisotropy": 37.6442, "tensor": [], "eigenvalues": [271.1779, 283.5638, 315.015]}, "8": {"type": "H", "Isotropic": 30.2387, "Anisotropy": 17.2252, "tensor": [], "eigenvalues": [23.4789, 25.5151, 41.7222]}, "9": {"type": "H", "Isotropic": 24.0106, "Anisotropy": 34.1332, "tensor": [], "eigenvalues": [11.4784, 13.7874, 46.7661]}, "10": {"type": "H", "Isotropic": 26.4313, "Anisotropy": 26.885, "tensor": [], "eigenvalues": [16.0205, 18.9189, 44.3547]}, "11": {"type": "O", "Isotropic": 293.7994, "Anisotropy": 30.588, "tensor": [], "eigenvalues": [265.8608, 301.3459, 314.1914]}, "12": {"type": "H", "Isotropic": 27.8413, "Anisotropy": 24.8545, "tensor": [[27.2605, 2.7942, 11.602], [3.393, 21.9405, 4.8258], [11.9777, 4.1053, 34.3229]], "eigenvalues": [18.4694, 20.6436, 44.411]}, "13": {"type": "H", "Isotropic": 28.3041, "Anisotropy": 28.5261, "tensor": [], "eigenvalues": [17.4294, 20.1614, 47.3216]}, "14": {"type": "O", "Isotropic": 316.3902, "Anisotropy": 64.997, "tensor": [[7.9958, 32.975, 318.6891]], "eigenvalues": [281.3566, 308.0925, 359.7215]}, "15": {"type": "H", "Isotropic": 28.3168, "Anisotropy": 28.3118, "tensor": [[23.0355, 3.5364, 9.1339], [3.1662, 24.7797, 10.8255], [8.5478, 11.1904, 37.1354]], "eigenvalues": [17.3088, 20.4503, 47.1914]}, "16": {"type": "H", "Isotropic": 25.8159, "Anisotropy": 29.5275, "tensor": [[33.1011, 13.9669, 2.2301], [14.5474, 28.1812, 2.1565], [2.7578, 2.4481, 16.1652]], "eigenvalues": [15.7213, 16.2254, 45.5009]}, "17": {"type": "H", "Isotropic": 27.7331, "Anisotropy": 26.8981, "tensor": [], "eigenvalues": [18.3008, 19.2334, 45.6652]}, "18": {"type": "O", "Isotropic": 294.667, "Anisotropy": 37.3238, "tensor": [[6.4547, 286.6112, 12.5021]], "eigenvalues": [269.0174, 295.4341, 319.5496]}, "19": {"type": "H", "Isotropic": 30.2016, "Anisotropy": 18.4674, "tensor": [], "eigenvalues": [23.5272, 24.5643, 42.5132]}, "20": {"type": "O", "Isotropic": 299.8666, "Anisotropy": 31.4077, "tensor": [], "eigenvalues": [284.498, 294.2967, 320.805]}, "21": {"type": "H", "Isotropic": 26.6134, "Anisotropy": 28.1469, "tensor": [], "eigenvalues": [16.0627, 18.3995, 45.378]}, "22": {"type": "H", "Isotropic": 26.8313, "Anisotropy": 28.3221, "tensor": [[0.133, 0.6062, 18.8253]], "eigenvalues": [15.8442, 18.937, 45.7127]}, "23": {"type": "O", "Isotropic": 306.8957, "Anisotropy": 47.7837, "tensor": [[5.4075, 12.6433, 295.6036]], "eigenvalues": [282.1553, 299.7803, 338.7515]}, "24": {"type": "H", "Isotropic": 30.6743, "Anisotropy": 17.5831, "tensor": [[26.1377, 3.6839, 1.3819], [2.9169, 38.6801, 6.3148], [1.1832, 6.7246, 27.2051]], "eigenvalues": [24.2273, 25.3993, 42.3964]}, "25": {"type": "O", "Isotropic": 309.0086, "Anisotropy": 22.1283, "tensor": [[308.8042, 7.8594, 2.3595], [6.9742, 299.5828, 7.7367], [2.6627, 9.4052, 318.639]], "eigenvalues": [293.735, 309.53, 323.7609]}, "26": {"type": "H", "Isotropic": 29.6672, "Anisotropy": 16.7185, "tensor": [[35.6811, 7.0601, 4.5256], [6.4311, 26.5081, 3.0022], [3.14, 2.4866, 26.8123]], "eigenvalues": [22.7892, 25.3994, 40.8129]}, "27": {"type": "H", "Isotropic": 29.7053, "Anisotropy": 18.8129, "tensor": [], "eigenvalues": [22.8084, 24.0603, 42.2473]}, "28": {"type": "O", "Isotropic": 293.947, "Anisotropy": 47.0589, "tensor": [], "eigenvalues": [268.7358, 287.7857, 325.3197]}, "29": {"type": "H", "Isotropic": 25.8191, "Anisotropy": 31.3626, "tensor": [], "eigenvalues": [14.5793, 16.1504, 46.7275]}, "30": {"type": "H", "Isotropic": 27.396, "Anisotropy": 27.8865, "tensor": [], "eigenvalues": [17.5068, 18.6941, 45.987]}, "31": {"type": "O", "Isotropic": 301.3149, "Anisotropy": 48.3139, "tensor": [[281.4633, 4.7116, 17.6817]], "eigenvalues": [273.9973, 296.4232, 333.5241]}, "32": {"type": "H", "Isotropic": 30.7174, "Anisotropy": 18.3778, "tensor": [[24.8645, 1.0796, 3.0196], [1.2835, 27.3923, 6.3272], [3.2025, 5.8139, 39.8954]], "eigenvalues": [24.2453, 24.9377, 42.9693]}, "33": {"type": "H", "Isotropic": 25.084, "Anisotropy": 31.4862, "tensor": [], "eigenvalues": [13.5446, 15.6326, 46.0748]}, "34": {"type": "O", "Isotropic": 295.1092, "Anisotropy": 42.855, "tensor": [], "eigenvalues": [277.1874, 284.461, 323.6792]}, "35": {"type": "H", "Isotropic": 27.2308, "Anisotropy": 27.5645, "tensor": [], "eigenvalues": [17.5241, 18.5612, 45.6071]}, "36": {"type": "H", "Isotropic": 27.0648, "Anisotropy": 27.7408, "tensor": [], "eigenvalues": [16.6763, 18.9595, 45.5587]}}}}, "functional": "B3LYP", "basis": "6-31+G*", "phase": "solution", "type": "nmr;scrf", "smiles": "O.O.O.O.O.O.O.O.O.O.O.O", "formula": "H24 O12", "formula_pretty": "H2O", "formula_anonymous": "AB2", "formula_alphabetical": "H24 O12", "chemsys": "H-O", "nsites": 36, "nelements": 2, "is_ordered": true, "is_valid": true, "tag": "unknown", "wall_time (s)": 36.43138284422457, "last_updated": "2021-02-16T20:18:34.859644", "_id": null}