{"input": {"molecule": {"charge": 0, "spin_multiplicity": 1, "sites": [{"name": "O", "species": [{"element": "O", "occu": 1}], "xyz": [-0.181873, 1.06526, 0.493636], "properties": {}}, {"name": "H", "species": [{"element": "H", "occu": 1}], "xyz": [-0.135774, 0.098009, 0.558999], "properties": {}}, {"name": "H", "species": [{"element": "H", "occu": 1}], "xyz": [-1.117198, 1.286917, 0.209971], "properties": {}}, {"name": "O", "species": [{"element": "O", "occu": 1}], "xyz": [-2.667955, 1.90436, -0.102929], "properties": {}}, {"name": "H", "species": [{"element": "H", "occu": 1}], "xyz": [-3.315234, 1.272187, 0.290844], "properties": {}}, {"name": "H", "species": [{"element": "H", "occu": 1}], "xyz": [-2.684584, 2.671392, 0.523387], "properties": {}}, {"name": "O", "species": [{"element": "O", "occu": 1}], "xyz": [-2.605589, 3.778669, 1.955644], "properties": {}}, {"name": "H", "species": [{"element": "H", "occu": 1}], "xyz": [-1.727849, 3.482027, 2.301582], "properties": {}}, {"name": "H", "species": [{"element": "H", "occu": 1}], "xyz": [-3.247374, 3.326476, 2.54372], "properties": {}}, {"name": "H", "species": [{"element": "H", "occu": 1}], "xyz": [-0.655343, 1.999234, 3.569337], "properties": {}}, {"name": "O", "species": [{"element": "O", "occu": 1}], "xyz": [-0.264973, 2.558423, 2.866391], "properties": {}}, {"name": "H", "species": [{"element": "H", "occu": 1}], "xyz": [-0.131232, 1.958664, 2.096546], "properties": {}}, {"name": "H", "species": [{"element": "H", "occu": 1}], "xyz": [-4.204586, -0.565421, 1.520784], "properties": {}}, {"name": "O", "species": [{"element": "O", "occu": 1}], "xyz": [-4.488541, 0.344313, 1.339007], "properties": {}}, {"name": "H", "species": [{"element": "H", "occu": 1}], "xyz": [-4.403452, 0.826484, 2.19542], "properties": {}}, {"name": "H", "species": [{"element": "H", "occu": 1}], "xyz": [-1.62073, 0.135282, 4.875065], "properties": {}}, {"name": "H", "species": [{"element": "H", "occu": 1}], "xyz": [-1.605332, 1.404946, 5.758724], "properties": {}}, {"name": "O", "species": [{"element": "O", "occu": 1}], "xyz": [-1.749694, 1.098484, 4.847454], "properties": {}}, {"name": "H", "species": [{"element": "H", "occu": 1}], "xyz": [-3.333781, 1.615264, 4.133577], "properties": {}}, {"name": "O", "species": [{"element": "O", "occu": 1}], "xyz": [-4.076228, 1.949576, 3.576451], "properties": {}}, {"name": "H", "species": [{"element": "H", "occu": 1}], "xyz": [-4.812396, 2.137088, 4.180716], "properties": {}}, {"name": "H", "species": [{"element": "H", "occu": 1}], "xyz": [1.038454, 1.761332, -0.663536], "properties": {}}, {"name": "O", "species": [{"element": "O", "occu": 1}], "xyz": [1.719592, 2.156009, -1.255173], "properties": {}}, {"name": "H", "species": [{"element": "H", "occu": 1}], "xyz": [1.327947, 2.133443, -2.141986], "properties": {}}]}, "functional": "B3LYP", "basis_set": "6-31+G*", "route_parameters": {"NMR": "GIAO", "iop(7/33=1)": null, "int": "ultrafine", "EmpiricalDispersion": "GD3", "NoSymmetry": null, "test": null, "SCRF": "(Solvent=Water)"}, "title": "H16 O8", "charge": 0, "spin_multiplicity": 1, "input_parameters": {}, "link0_parameters": {"%chk": "checkpoint.chk", "%mem": "100GB", "%NProcShared": "24"}, "dieze_tag": "#P", "nbasisfunctions": 184, "pcm_parameters": {}}, "output": {"has_gaussian_completed": true, "is_pcm": true, "errors": [], "Mulliken_charges": {"1": ["O", -1.178624], "2": ["H", 0.526612], "3": ["H", 0.630813], "4": ["O", -1.187955], "5": ["H", 0.58883], "6": ["H", 0.600078], "7": ["O", -1.194628], "8": ["H", 0.599822], "9": ["H", 0.58671], "10": ["H", 0.590917], "11": ["O", -1.187622], "12": ["H", 0.604874], "13": ["H", 0.514408], "14": ["O", -1.10074], "15": ["H", 0.600218], "16": ["H", 0.530946], "17": ["H", 0.536901], "18": ["O", -1.066333], "19": ["H", 0.599169], "20": ["O", -1.127777], "21": ["H", 0.52505], "22": ["H", 0.582151], "23": ["O", -1.053816], "24": ["H", 0.479995]}, "tensor": {"1": {"type": "O", "Isotropic": 292.3795, "Anisotropy": 38.0024, "tensor": [], "eigenvalues": [276.8512, 282.5728, 317.7144]}, "2": {"type": "H", "Isotropic": 30.4045, "Anisotropy": 16.0895, "tensor": [], "eigenvalues": [24.1627, 25.9199, 41.1308]}, "3": {"type": "H", "Isotropic": 24.6212, "Anisotropy": 31.7738, "tensor": [], "eigenvalues": [13.0254, 15.0345, 45.8037]}, "4": {"type": "O", "Isotropic": 289.811, "Anisotropy": 32.2519, "tensor": [[11.7083, 301.4649, 9.4438]], "eigenvalues": [270.0472, 288.0736, 311.3122]}, "5": {"type": "H", "Isotropic": 26.8766, "Anisotropy": 27.5316, "tensor": [], "eigenvalues": [16.0574, 19.3414, 45.231]}, "6": {"type": "H", "Isotropic": 26.6441, "Anisotropy": 26.5576, "tensor": [[0.9791, 32.112, 13.0528], [0.3312, 13.0317, 30.4316]], "eigenvalues": [17.1774, 18.4056, 44.3492]}, "7": {"type": "O", "Isotropic": 294.6534, "Anisotropy": 35.2912, "tensor": [], "eigenvalues": [278.0507, 287.7285, 318.1809]}, "8": {"type": "H", "Isotropic": 26.7075, "Anisotropy": 26.9419, "tensor": [], "eigenvalues": [17.102, 18.3517, 44.6687]}, "9": {"type": "H", "Isotropic": 28.1072, "Anisotropy": 24.3559, "tensor": [], "eigenvalues": [19.0477, 20.9294, 44.3444]}, "10": {"type": "H", "Isotropic": 28.1406, "Anisotropy": 26.4596, "tensor": [], "eigenvalues": [18.4792, 20.1622, 45.7803]}, "11": {"type": "O", "Isotropic": 299.3604, "Anisotropy": 44.5277, "tensor": [], "eigenvalues": [281.9917, 287.044, 329.0456]}, "12": {"type": "H", "Isotropic": 27.1155, "Anisotropy": 28.2097, "tensor": [], "eigenvalues": [16.8055, 18.619, 45.922]}, "13": {"type": "H", "Isotropic": 30.6985, "Anisotropy": 16.845, "tensor": [], "eigenvalues": [24.697, 25.4699, 41.9285]}, "14": {"type": "O", "Isotropic": 307.916, "Anisotropy": 45.8329, "tensor": [], "eigenvalues": [283.4379, 301.8389, 338.4713]}, "15": {"type": "H", "Isotropic": 26.9185, "Anisotropy": 28.9339, "tensor": [[17.5172, 2.7776, 2.1109], [2.6769, 26.1173, 12.622], [1.9104, 13.6346, 37.121]], "eigenvalues": [16.1185, 18.4293, 46.2078]}, "16": {"type": "H", "Isotropic": 29.821, "Anisotropy": 17.1022, "tensor": [], "eigenvalues": [23.108, 25.1325, 41.2224]}, "17": {"type": "H", "Isotropic": 29.7298, "Anisotropy": 18.7036, "tensor": [[23.4746, 0.8721, 2.8224], [0.5457, 25.5366, 4.2605], [2.833, 5.823, 40.1782]], "eigenvalues": [22.9955, 23.9951, 42.1988]}, "18": {"type": "O", "Isotropic": 310.2344, "Anisotropy": 22.4414, "tensor": [[4.4403, 7.135, 315.459]], "eigenvalues": [293.6286, 311.8793, 325.1954]}, "19": {"type": "H", "Isotropic": 26.6278, "Anisotropy": 28.1733, "tensor": [], "eigenvalues": [15.3115, 19.1618, 45.41]}, "20": {"type": "O", "Isotropic": 301.251, "Anisotropy": 34.5112, "tensor": [], "eigenvalues": [280.7852, 298.7094, 324.2585]}, "21": {"type": "H", "Isotropic": 30.1195, "Anisotropy": 19.1404, "tensor": [], "eigenvalues": [22.9966, 24.4821, 42.8797]}, "22": {"type": "H", "Isotropic": 27.3766, "Anisotropy": 32.3802, "tensor": [], "eigenvalues": [15.9531, 17.2132, 48.9634]}, "23": {"type": "O", "Isotropic": 320.395, "Anisotropy": 64.2684, "tensor": [], "eigenvalues": [287.2606, 310.6838, 363.2406]}, "24": {"type": "H", "Isotropic": 31.1322, "Anisotropy": 17.5848, "tensor": [[27.4647, 0.4999, 4.1036]], "eigenvalues": [23.8276, 26.7135, 42.8554]}}, "output": {"energies": [-611.539348351], "final_energy": -611.539348351, "final_energy_per_atom": -25.480806181291666, "molecule": {"charge": 0.0, "spin_multiplicity": 1, "sites": [{"name": "O", "species": [{"element": "O", "occu": 1}], "xyz": [-0.181873, 1.06526, 0.493636], "properties": {}}, {"name": "H", "species": [{"element": "H", "occu": 1}], "xyz": [-0.135774, 0.098009, 0.558999], "properties": {}}, {"name": "H", "species": [{"element": "H", "occu": 1}], "xyz": [-1.117198, 1.286917, 0.209971], "properties": {}}, {"name": "O", "species": [{"element": "O", "occu": 1}], "xyz": [-2.667955, 1.90436, -0.102929], "properties": {}}, {"name": "H", "species": [{"element": "H", "occu": 1}], "xyz": [-3.315234, 1.272187, 0.290844], "properties": {}}, {"name": "H", "species": [{"element": "H", "occu": 1}], "xyz": [-2.684584, 2.671392, 0.523387], "properties": {}}, {"name": "O", "species": [{"element": "O", "occu": 1}], "xyz": [-2.605589, 3.778669, 1.955644], "properties": {}}, {"name": "H", "species": [{"element": "H", "occu": 1}], "xyz": [-1.727849, 3.482027, 2.301582], "properties": {}}, {"name": "H", "species": [{"element": "H", "occu": 1}], "xyz": [-3.247374, 3.326476, 2.54372], "properties": {}}, {"name": "H", "species": [{"element": "H", "occu": 1}], "xyz": [-0.655343, 1.999234, 3.569337], "properties": {}}, {"name": "O", "species": [{"element": "O", "occu": 1}], "xyz": [-0.264973, 2.558423, 2.866391], "properties": {}}, {"name": "H", "species": [{"element": "H", "occu": 1}], "xyz": [-0.131232, 1.958664, 2.096546], "properties": {}}, {"name": "H", "species": [{"element": "H", "occu": 1}], "xyz": [-4.204586, -0.565421, 1.520784], "properties": {}}, {"name": "O", "species": [{"element": "O", "occu": 1}], "xyz": [-4.488541, 0.344313, 1.339007], "properties": {}}, {"name": "H", "species": [{"element": "H", "occu": 1}], "xyz": [-4.403452, 0.826484, 2.19542], "properties": {}}, {"name": "H", "species": [{"element": "H", "occu": 1}], "xyz": [-1.62073, 0.135282, 4.875065], "properties": {}}, {"name": "H", "species": [{"element": "H", "occu": 1}], "xyz": [-1.605332, 1.404946, 5.758724], "properties": {}}, {"name": "O", "species": [{"element": "O", "occu": 1}], "xyz": [-1.749694, 1.098484, 4.847454], "properties": {}}, {"name": "H", "species": [{"element": "H", "occu": 1}], "xyz": [-3.333781, 1.615264, 4.133577], "properties": {}}, {"name": "O", "species": [{"element": "O", "occu": 1}], "xyz": [-4.076228, 1.949576, 3.576451], "properties": {}}, {"name": "H", "species": [{"element": "H", "occu": 1}], "xyz": [-4.812396, 2.137088, 4.180716], "properties": {}}, {"name": "H", "species": [{"element": "H", "occu": 1}], "xyz": [1.038454, 1.761332, -0.663536], "properties": {}}, {"name": "O", "species": [{"element": "O", "occu": 1}], "xyz": [1.719592, 2.156009, -1.255173], "properties": {}}, {"name": "H", "species": [{"element": "H", "occu": 1}], "xyz": [1.327947, 2.133443, -2.141986], "properties": {}}]}, "stationary_type": "Minimum", "corrections": {}, "tensor": {"1": {"type": "O", "Isotropic": 292.3795, "Anisotropy": 38.0024, "tensor": [], "eigenvalues": [276.8512, 282.5728, 317.7144]}, "2": {"type": "H", "Isotropic": 30.4045, "Anisotropy": 16.0895, "tensor": [], "eigenvalues": [24.1627, 25.9199, 41.1308]}, "3": {"type": "H", "Isotropic": 24.6212, "Anisotropy": 31.7738, "tensor": [], "eigenvalues": [13.0254, 15.0345, 45.8037]}, "4": {"type": "O", "Isotropic": 289.811, "Anisotropy": 32.2519, "tensor": [[11.7083, 301.4649, 9.4438]], "eigenvalues": [270.0472, 288.0736, 311.3122]}, "5": {"type": "H", "Isotropic": 26.8766, "Anisotropy": 27.5316, "tensor": [], "eigenvalues": [16.0574, 19.3414, 45.231]}, "6": {"type": "H", "Isotropic": 26.6441, "Anisotropy": 26.5576, "tensor": [[0.9791, 32.112, 13.0528], [0.3312, 13.0317, 30.4316]], "eigenvalues": [17.1774, 18.4056, 44.3492]}, "7": {"type": "O", "Isotropic": 294.6534, "Anisotropy": 35.2912, "tensor": [], "eigenvalues": [278.0507, 287.7285, 318.1809]}, "8": {"type": "H", "Isotropic": 26.7075, "Anisotropy": 26.9419, "tensor": [], "eigenvalues": [17.102, 18.3517, 44.6687]}, "9": {"type": "H", "Isotropic": 28.1072, "Anisotropy": 24.3559, "tensor": [], "eigenvalues": [19.0477, 20.9294, 44.3444]}, "10": {"type": "H", "Isotropic": 28.1406, "Anisotropy": 26.4596, "tensor": [], "eigenvalues": [18.4792, 20.1622, 45.7803]}, "11": {"type": "O", "Isotropic": 299.3604, "Anisotropy": 44.5277, "tensor": [], "eigenvalues": [281.9917, 287.044, 329.0456]}, "12": {"type": "H", "Isotropic": 27.1155, "Anisotropy": 28.2097, "tensor": [], "eigenvalues": [16.8055, 18.619, 45.922]}, "13": {"type": "H", "Isotropic": 30.6985, "Anisotropy": 16.845, "tensor": [], "eigenvalues": [24.697, 25.4699, 41.9285]}, "14": {"type": "O", "Isotropic": 307.916, "Anisotropy": 45.8329, "tensor": [], "eigenvalues": [283.4379, 301.8389, 338.4713]}, "15": {"type": "H", "Isotropic": 26.9185, "Anisotropy": 28.9339, "tensor": [[17.5172, 2.7776, 2.1109], [2.6769, 26.1173, 12.622], [1.9104, 13.6346, 37.121]], "eigenvalues": [16.1185, 18.4293, 46.2078]}, "16": {"type": "H", "Isotropic": 29.821, "Anisotropy": 17.1022, "tensor": [], "eigenvalues": [23.108, 25.1325, 41.2224]}, "17": {"type": "H", "Isotropic": 29.7298, "Anisotropy": 18.7036, "tensor": [[23.4746, 0.8721, 2.8224], [0.5457, 25.5366, 4.2605], [2.833, 5.823, 40.1782]], "eigenvalues": [22.9955, 23.9951, 42.1988]}, "18": {"type": "O", "Isotropic": 310.2344, "Anisotropy": 22.4414, "tensor": [[4.4403, 7.135, 315.459]], "eigenvalues": [293.6286, 311.8793, 325.1954]}, "19": {"type": "H", "Isotropic": 26.6278, "Anisotropy": 28.1733, "tensor": [], "eigenvalues": [15.3115, 19.1618, 45.41]}, "20": {"type": "O", "Isotropic": 301.251, "Anisotropy": 34.5112, "tensor": [], "eigenvalues": [280.7852, 298.7094, 324.2585]}, "21": {"type": "H", "Isotropic": 30.1195, "Anisotropy": 19.1404, "tensor": [], "eigenvalues": [22.9966, 24.4821, 42.8797]}, "22": {"type": "H", "Isotropic": 27.3766, "Anisotropy": 32.3802, "tensor": [], "eigenvalues": [15.9531, 17.2132, 48.9634]}, "23": {"type": "O", "Isotropic": 320.395, "Anisotropy": 64.2684, "tensor": [], "eigenvalues": [287.2606, 310.6838, 363.2406]}, "24": {"type": "H", "Isotropic": 31.1322, "Anisotropy": 17.5848, "tensor": [[27.4647, 0.4999, 4.1036]], "eigenvalues": [23.8276, 26.7135, 42.8554]}}}}, "functional": "B3LYP", "basis": "6-31+G*", "phase": "solution", "type": "nmr;scrf", "smiles": "O.O.O.O.O.O.O.O", "formula": "H16 O8", "formula_pretty": "H2O", "formula_anonymous": "AB2", "formula_alphabetical": "H16 O8", "chemsys": "H-O", "nsites": 24, "nelements": 2, "is_ordered": true, "is_valid": true, "tag": "unknown", "wall_time (s)": 22.652816167101264, "last_updated": "2021-02-10T02:05:27.100102", "_id": null}