{"input": {"molecule": {"charge": 1, "spin_multiplicity": 1, "sites": [{"name": "Li", "species": [{"element": "Li", "occu": 1}], "xyz": [6.59656, 24.736842, 36.489039], "properties": {}}, {"name": "O", "species": [{"element": "O", "occu": 1}], "xyz": [6.348038, 22.918155, 37.620143], "properties": {}}, {"name": "C", "species": [{"element": "C", "occu": 1}], "xyz": [6.443803, 21.601032, 37.108322], "properties": {}}, {"name": "C", "species": [{"element": "C", "occu": 1}], "xyz": [5.391499, 23.028607, 38.657711], "properties": {}}, {"name": "C", "species": [{"element": "C", "occu": 1}], "xyz": [5.506333, 24.398019, 39.276273], "properties": {}}, {"name": "O", "species": [{"element": "O", "occu": 1}], "xyz": [5.503179, 25.363736, 38.241557], "properties": {}}, {"name": "C", "species": [{"element": "C", "occu": 1}], "xyz": [5.416647, 26.688458, 38.734895], "properties": {}}, {"name": "H", "species": [{"element": "H", "occu": 1}], "xyz": [5.464106, 21.235177, 36.780828], "properties": {}}, {"name": "H", "species": [{"element": "H", "occu": 1}], "xyz": [6.835714, 20.920773, 37.870897], "properties": {}}, {"name": "H", "species": [{"element": "H", "occu": 1}], "xyz": [5.570216, 22.269556, 39.427804], "properties": {}}, {"name": "H", "species": [{"element": "H", "occu": 1}], "xyz": [4.386312, 22.870768, 38.248708], "properties": {}}, {"name": "H", "species": [{"element": "H", "occu": 1}], "xyz": [6.432384, 24.484897, 39.857369], "properties": {}}, {"name": "H", "species": [{"element": "H", "occu": 1}], "xyz": [4.660742, 24.558524, 39.954846], "properties": {}}, {"name": "H", "species": [{"element": "H", "occu": 1}], "xyz": [5.520466, 27.357887, 37.883404], "properties": {}}, {"name": "H", "species": [{"element": "H", "occu": 1}], "xyz": [6.216929, 26.89177, 39.455377], "properties": {}}, {"name": "H", "species": [{"element": "H", "occu": 1}], "xyz": [4.452148, 26.852885, 39.225358], "properties": {}}, {"name": "H", "species": [{"element": "H", "occu": 1}], "xyz": [7.119074, 21.633728, 36.255878], "properties": {}}, {"name": "O", "species": [{"element": "O", "occu": 1}], "xyz": [4.782462, 24.672268, 35.289084], "properties": {}}, {"name": "C", "species": [{"element": "C", "occu": 1}], "xyz": [3.707669, 23.81146, 35.608827], "properties": {}}, {"name": "C", "species": [{"element": "C", "occu": 1}], "xyz": [4.359459, 26.009729, 35.100609], "properties": {}}, {"name": "C", "species": [{"element": "C", "occu": 1}], "xyz": [5.547618, 26.820602, 34.661543], "properties": {}}, {"name": "O", "species": [{"element": "O", "occu": 1}], "xyz": [6.558361, 26.692422, 35.643254], "properties": {}}, {"name": "C", "species": [{"element": "C", "occu": 1}], "xyz": [7.700684, 27.476979, 35.353828], "properties": {}}, {"name": "H", "species": [{"element": "H", "occu": 1}], "xyz": [2.967593, 23.802889, 34.802562], "properties": {}}, {"name": "H", "species": [{"element": "H", "occu": 1}], "xyz": [3.220206, 24.126159, 36.538183], "properties": {}}, {"name": "H", "species": [{"element": "H", "occu": 1}], "xyz": [3.949655, 26.401681, 36.040308], "properties": {}}, {"name": "H", "species": [{"element": "H", "occu": 1}], "xyz": [3.578554, 26.059455, 34.333196], "properties": {}}, {"name": "H", "species": [{"element": "H", "occu": 1}], "xyz": [5.254094, 27.870568, 34.547763], "properties": {}}, {"name": "H", "species": [{"element": "H", "occu": 1}], "xyz": [5.922053, 26.458662, 33.695366], "properties": {}}, {"name": "H", "species": [{"element": "H", "occu": 1}], "xyz": [8.124693, 27.202221, 34.38109], "properties": {}}, {"name": "H", "species": [{"element": "H", "occu": 1}], "xyz": [8.433496, 27.282346, 36.133475], "properties": {}}, {"name": "H", "species": [{"element": "H", "occu": 1}], "xyz": [7.441663, 28.540378, 35.339473], "properties": {}}, {"name": "H", "species": [{"element": "H", "occu": 1}], "xyz": [4.115138, 22.808981, 35.731116], "properties": {}}, {"name": "O", "species": [{"element": "O", "occu": 1}], "xyz": [8.63106, 25.002435, 37.206222], "properties": {}}, {"name": "C", "species": [{"element": "C", "occu": 1}], "xyz": [8.917328, 25.182577, 38.578747], "properties": {}}, {"name": "C", "species": [{"element": "C", "occu": 1}], "xyz": [9.413502, 23.976676, 36.624108], "properties": {}}, {"name": "C", "species": [{"element": "C", "occu": 1}], "xyz": [9.121703, 23.944473, 35.148815], "properties": {}}, {"name": "O", "species": [{"element": "O", "occu": 1}], "xyz": [7.730358, 23.753927, 34.976191], "properties": {}}, {"name": "C", "species": [{"element": "C", "occu": 1}], "xyz": [7.359095, 23.647582, 33.614207], "properties": {}}, {"name": "H", "species": [{"element": "H", "occu": 1}], "xyz": [9.968021, 25.453603, 38.721482], "properties": {}}, {"name": "H", "species": [{"element": "H", "occu": 1}], "xyz": [8.704006, 24.268928, 39.144469], "properties": {}}, {"name": "H", "species": [{"element": "H", "occu": 1}], "xyz": [9.164334, 23.014623, 37.089871], "properties": {}}, {"name": "H", "species": [{"element": "H", "occu": 1}], "xyz": [10.480169, 24.173295, 36.781353], "properties": {}}, {"name": "H", "species": [{"element": "H", "occu": 1}], "xyz": [9.681869, 23.126413, 34.681349], "properties": {}}, {"name": "H", "species": [{"element": "H", "occu": 1}], "xyz": [9.427645, 24.887449, 34.677851], "properties": {}}, {"name": "H", "species": [{"element": "H", "occu": 1}], "xyz": [7.651841, 24.546695, 33.059621], "properties": {}}, {"name": "H", "species": [{"element": "H", "occu": 1}], "xyz": [6.277229, 23.540773, 33.581135], "properties": {}}, {"name": "H", "species": [{"element": "H", "occu": 1}], "xyz": [7.835938, 22.776621, 33.153476], "properties": {}}, {"name": "H", "species": [{"element": "H", "occu": 1}], "xyz": [8.286472, 25.992818, 38.941416], "properties": {}}]}, "functional": "wB97X", "basis_set": "Def2TZVP", "route_parameters": {"NMR": "GIAO", "iop(7/33=1)": null, "int": "ultrafine", "NoSymmetry": null, "test": null, "SCRF": {"Solvent": "TetraHydroFuran"}}, "title": "Li1 H30 C12 O6", "charge": 1, "spin_multiplicity": 1, "input_parameters": {}, "link0_parameters": {"%chk": "checkpoint.chk", "%mem": "45GB", "%NProcShared": "28"}, "dieze_tag": "#P", "nbasisfunctions": 752, "pcm_parameters": {}}, "output": {"has_gaussian_completed": true, "is_pcm": true, "errors": [], "Mulliken_charges": {"1": ["Li", 0.621613], "2": ["O", -0.352129], "3": ["C", -0.210185], "4": ["C", -0.063131], "5": ["C", -0.064279], "6": ["O", -0.351125], "7": ["C", -0.210103], "8": ["H", 0.128392], "9": ["H", 0.14489], "10": ["H", 0.14393], "11": ["H", 0.125853], "12": ["H", 0.125553], "13": ["H", 0.144108], "14": ["H", 0.139325], "15": ["H", 0.127672], "16": ["H", 0.144665], "17": ["H", 0.139447], "18": ["O", -0.362702], "19": ["C", -0.190317], "20": ["C", -0.065141], "21": ["C", -0.038246], "22": ["O", -0.372248], "23": ["C", -0.200638], "24": ["H", 0.149452], "25": ["H", 0.133045], "26": ["H", 0.13305], "27": ["H", 0.141962], "28": ["H", 0.144378], "29": ["H", 0.126501], "30": ["H", 0.128953], "31": ["H", 0.142819], "32": ["H", 0.142719], "33": ["H", 0.119702], "34": ["O", -0.363083], "35": ["C", -0.191821], "36": ["C", -0.065802], "37": ["C", -0.038363], "38": ["O", -0.372477], "39": ["C", -0.201498], "40": ["H", 0.14962], "41": ["H", 0.132688], "42": ["H", 0.13331], "43": ["H", 0.142155], "44": ["H", 0.14439], "45": ["H", 0.126898], "46": ["H", 0.129468], "47": ["H", 0.142974], "48": ["H", 0.142713], "49": ["H", 0.121046]}, "output": {"energies": [-934.227313771], "final_energy": -934.227313771, "final_energy_per_atom": -19.06586354634694, "molecule": {"charge": 0.0, "spin_multiplicity": 2, "sites": [{"name": "Li", "species": [{"element": "Li", "occu": 1}], "xyz": [6.59656, 24.736842, 36.489039], "properties": {}}, {"name": "O", "species": [{"element": "O", "occu": 1}], "xyz": [6.348038, 22.918155, 37.620143], "properties": {}}, {"name": "C", "species": [{"element": "C", "occu": 1}], "xyz": [6.443803, 21.601032, 37.108322], "properties": {}}, {"name": "C", "species": [{"element": "C", "occu": 1}], "xyz": [5.391499, 23.028607, 38.657711], "properties": {}}, {"name": "C", "species": [{"element": "C", "occu": 1}], "xyz": [5.506333, 24.398019, 39.276273], "properties": {}}, {"name": "O", "species": [{"element": "O", "occu": 1}], "xyz": [5.503179, 25.363736, 38.241557], "properties": {}}, {"name": "C", "species": [{"element": "C", "occu": 1}], "xyz": [5.416647, 26.688458, 38.734895], "properties": {}}, {"name": "H", "species": [{"element": "H", "occu": 1}], "xyz": [5.464106, 21.235177, 36.780828], "properties": {}}, {"name": "H", "species": [{"element": "H", "occu": 1}], "xyz": [6.835714, 20.920773, 37.870897], "properties": {}}, {"name": "H", "species": [{"element": "H", "occu": 1}], "xyz": [5.570216, 22.269556, 39.427804], "properties": {}}, {"name": "H", "species": [{"element": "H", "occu": 1}], "xyz": [4.386312, 22.870768, 38.248708], "properties": {}}, {"name": "H", "species": [{"element": "H", "occu": 1}], "xyz": [6.432384, 24.484897, 39.857369], "properties": {}}, {"name": "H", "species": [{"element": "H", "occu": 1}], "xyz": [4.660742, 24.558524, 39.954846], "properties": {}}, {"name": "H", "species": [{"element": "H", "occu": 1}], "xyz": [5.520466, 27.357887, 37.883404], "properties": {}}, {"name": "H", "species": [{"element": "H", "occu": 1}], "xyz": [6.216929, 26.89177, 39.455377], "properties": {}}, {"name": "H", "species": [{"element": "H", "occu": 1}], "xyz": [4.452148, 26.852885, 39.225358], "properties": {}}, {"name": "H", "species": [{"element": "H", "occu": 1}], "xyz": [7.119074, 21.633728, 36.255878], "properties": {}}, {"name": "O", "species": [{"element": "O", "occu": 1}], "xyz": [4.782462, 24.672268, 35.289084], "properties": {}}, {"name": "C", "species": [{"element": "C", "occu": 1}], "xyz": [3.707669, 23.81146, 35.608827], "properties": {}}, {"name": "C", "species": [{"element": "C", "occu": 1}], "xyz": [4.359459, 26.009729, 35.100609], "properties": {}}, {"name": "C", "species": [{"element": "C", "occu": 1}], "xyz": [5.547618, 26.820602, 34.661543], "properties": {}}, {"name": "O", "species": [{"element": "O", "occu": 1}], "xyz": [6.558361, 26.692422, 35.643254], "properties": {}}, {"name": "C", "species": [{"element": "C", "occu": 1}], "xyz": [7.700684, 27.476979, 35.353828], "properties": {}}, {"name": "H", "species": [{"element": "H", "occu": 1}], "xyz": [2.967593, 23.802889, 34.802562], "properties": {}}, {"name": "H", "species": [{"element": "H", "occu": 1}], "xyz": [3.220206, 24.126159, 36.538183], "properties": {}}, {"name": "H", "species": [{"element": "H", "occu": 1}], "xyz": [3.949655, 26.401681, 36.040308], "properties": {}}, {"name": "H", "species": [{"element": "H", "occu": 1}], "xyz": [3.578554, 26.059455, 34.333196], "properties": {}}, {"name": "H", "species": [{"element": "H", "occu": 1}], "xyz": [5.254094, 27.870568, 34.547763], "properties": {}}, {"name": "H", "species": [{"element": "H", "occu": 1}], "xyz": [5.922053, 26.458662, 33.695366], "properties": {}}, {"name": "H", "species": [{"element": "H", "occu": 1}], "xyz": [8.124693, 27.202221, 34.38109], "properties": {}}, {"name": "H", "species": [{"element": "H", "occu": 1}], "xyz": [8.433496, 27.282346, 36.133475], "properties": {}}, {"name": "H", "species": [{"element": "H", "occu": 1}], "xyz": [7.441663, 28.540378, 35.339473], "properties": {}}, {"name": "H", "species": [{"element": "H", "occu": 1}], "xyz": [4.115138, 22.808981, 35.731116], "properties": {}}, {"name": "O", "species": [{"element": "O", "occu": 1}], "xyz": [8.63106, 25.002435, 37.206222], "properties": {}}, {"name": "C", "species": [{"element": "C", "occu": 1}], "xyz": [8.917328, 25.182577, 38.578747], "properties": {}}, {"name": "C", "species": [{"element": "C", "occu": 1}], "xyz": [9.413502, 23.976676, 36.624108], "properties": {}}, {"name": "C", "species": [{"element": "C", "occu": 1}], "xyz": [9.121703, 23.944473, 35.148815], "properties": {}}, {"name": "O", "species": [{"element": "O", "occu": 1}], "xyz": [7.730358, 23.753927, 34.976191], "properties": {}}, {"name": "C", "species": [{"element": "C", "occu": 1}], "xyz": [7.359095, 23.647582, 33.614207], "properties": {}}, {"name": "H", "species": [{"element": "H", "occu": 1}], "xyz": [9.968021, 25.453603, 38.721482], "properties": {}}, {"name": "H", "species": [{"element": "H", "occu": 1}], "xyz": [8.704006, 24.268928, 39.144469], "properties": {}}, {"name": "H", "species": [{"element": "H", "occu": 1}], "xyz": [9.164334, 23.014623, 37.089871], "properties": {}}, {"name": "H", "species": [{"element": "H", "occu": 1}], "xyz": [10.480169, 24.173295, 36.781353], "properties": {}}, {"name": "H", "species": [{"element": "H", "occu": 1}], "xyz": [9.681869, 23.126413, 34.681349], "properties": {}}, {"name": "H", "species": [{"element": "H", "occu": 1}], "xyz": [9.427645, 24.887449, 34.677851], "properties": {}}, {"name": "H", "species": [{"element": "H", "occu": 1}], "xyz": [7.651841, 24.546695, 33.059621], "properties": {}}, {"name": "H", "species": [{"element": "H", "occu": 1}], "xyz": [6.277229, 23.540773, 33.581135], "properties": {}}, {"name": "H", "species": [{"element": "H", "occu": 1}], "xyz": [7.835938, 22.776621, 33.153476], "properties": {}}, {"name": "H", "species": [{"element": "H", "occu": 1}], "xyz": [8.286472, 25.992818, 38.941416], "properties": {}}]}, "stationary_type": "Minimum", "corrections": {}, "tensor": {"1": {"type": "Li", "Isotropic": 93.7457, "Anisotropy": 2.2276, "tensor": [[94.5536, -0.935, -0.75], [-1.4187, 92.5551, -1.7516], [-0.7658, -1.6832, 94.1284]], "eigenvalues": [90.9144, 95.092, 95.2308]}, "2": {"type": "O", "Isotropic": 324.5285, "Anisotropy": 37.5942, "tensor": [[330.7617, 2.9653, -31.9848], [12.1787, 323.2303, 5.8832], [-15.5144, 11.2243, 319.5933]], "eigenvalues": [296.0006, 327.9935, 349.5912]}, "3": {"type": "C", "Isotropic": 129.7406, "Anisotropy": 86.8324, "tensor": [[101.2552, -8.9538, -0.9306], [-10.3595, 173.2227, 32.4782], [-5.734, 29.0533, 114.7438]], "eigenvalues": [99.7469, 101.8459, 187.6288]}, "4": {"type": "C", "Isotropic": 118.5585, "Anisotropy": 66.5713, "tensor": [[119.1324, -9.3332, -31.3838], [-4.1751, 104.8203, 6.1016], [-37.4023, 14.3122, 131.7228]], "eigenvalues": [90.3167, 102.4195, 162.9393]}, "5": {"type": "C", "Isotropic": 118.2178, "Anisotropy": 65.1659, "tensor": [[90.1958, 3.0623, -7.3985], [-3.4356, 138.7176, -24.7886], [1.9751, -32.5601, 125.7399]], "eigenvalues": [89.7797, 103.2119, 161.6617]}, "6": {"type": "O", "Isotropic": 323.9055, "Anisotropy": 34.3103, "tensor": [[297.6103, -3.4996, 10.8054], [6.4967, 333.0584, -2.4983], [2.6619, -14.1311, 341.0478]], "eigenvalues": [296.3796, 328.5578, 346.779]}, "7": {"type": "C", "Isotropic": 130.8981, "Anisotropy": 84.2235, "tensor": [[104.5511, -4.2927, -5.7224], [-5.8989, 179.075, 21.2865], [-2.4221, 27.0192, 109.0683]], "eigenvalues": [100.1337, 105.5135, 187.0471]}, "8": {"type": "H", "Isotropic": 28.5298, "Anisotropy": 8.6803, "tensor": [[26.5713, 1.126, 1.3551], [3.7243, 32.4041, 2.2703], [2.6246, 2.2432, 26.614]], "eigenvalues": [24.599, 26.6737, 34.3167]}, "9": {"type": "H", "Isotropic": 28.4267, "Anisotropy": 10.1936, "tensor": [[25.7159, -2.3162, 1.1523], [-2.4907, 34.2675, -2.9449], [0.8411, -0.2446, 25.2967]], "eigenvalues": [24.4745, 25.5832, 35.2225]}, "10": {"type": "H", "Isotropic": 28.3211, "Anisotropy": 7.9542, "tensor": [[25.2767, 1.2746, -2.4385], [-0.1237, 28.8439, -1.7086], [-1.7676, -4.535, 30.8428]], "eigenvalues": [24.5035, 26.836, 33.6239]}, "11": {"type": "H", "Isotropic": 28.0184, "Anisotropy": 6.2909, "tensor": [[31.3239, 1.2978, -0.908], [0.7672, 25.7681, 0.0042], [-2.8541, -0.787, 26.9631]], "eigenvalues": [25.5789, 26.2639, 32.2123]}, "12": {"type": "H", "Isotropic": 28.0275, "Anisotropy": 6.3445, "tensor": [[27.0541, -0.0035, 1.6032], [-0.9804, 26.5288, -2.7859], [2.6445, -1.3118, 30.4995]], "eigenvalues": [25.4825, 26.3428, 32.2571]}, "13": {"type": "H", "Isotropic": 28.4077, "Anisotropy": 8.0728, "tensor": [[26.9987, -0.6893, -3.9868], [1.0788, 27.0877, -2.1261], [-4.2342, 0.2612, 31.1367]], "eigenvalues": [24.4253, 27.0083, 33.7896]}, "14": {"type": "H", "Isotropic": 27.8906, "Anisotropy": 5.7175, "tensor": [[23.6709, -0.8366, -1.5106], [-0.542, 31.6202, -1.8533], [-1.3568, 1.0779, 28.3806]], "eigenvalues": [23.1986, 28.7709, 31.7022]}, "15": {"type": "H", "Isotropic": 28.6055, "Anisotropy": 8.5667, "tensor": [[27.2174, 0.4358, 0.7715], [2.3591, 30.3869, 5.5423], [1.3068, 3.3768, 28.2121]], "eigenvalues": [24.7084, 26.7914, 34.3166]}, "16": {"type": "H", "Isotropic": 28.5047, "Anisotropy": 10.0611, "tensor": [[28.6554, -2.5544, -2.1757], [-4.7788, 29.6738, 4.42], [-2.925, 2.6348, 27.1849]], "eigenvalues": [24.6879, 25.6141, 35.2121]}, "17": {"type": "H", "Isotropic": 27.7263, "Anisotropy": 5.9627, "tensor": [[25.1635, 0.1692, -2.8507], [-1.3291, 30.2289, 2.7362], [-3.6768, 0.2893, 27.7864]], "eigenvalues": [22.9382, 28.5392, 31.7014]}, "18": {"type": "O", "Isotropic": 319.4222, "Anisotropy": 36.4212, "tensor": [[321.9953, -15.9705, -8.4895], [-7.2956, 337.4415, -8.3054], [-16.2849, -2.9364, 298.8298]], "eigenvalues": [291.2855, 323.278, 343.703]}, "19": {"type": "C", "Isotropic": 128.8381, "Anisotropy": 85.3624, "tensor": [[142.5546, 42.2309, -15.2103], [40.1443, 138.4397, -11.5252], [-9.8249, -14.2039, 105.5201]], "eigenvalues": [99.0704, 101.6976, 185.7464]}, "20": {"type": "C", "Isotropic": 117.6119, "Anisotropy": 64.1822, "tensor": [[105.1328, -12.6466, 4.0853], [-2.6198, 156.6457, -11.0956], [2.7884, -15.279, 91.0572]], "eigenvalues": [88.2726, 104.1631, 160.4]}, "21": {"type": "C", "Isotropic": 117.2403, "Anisotropy": 66.6218, "tensor": [[137.9315, 7.0701, 31.3584], [0.8485, 93.6027, -12.0841], [31.3705, 1.0066, 120.1866]], "eigenvalues": [88.0784, 101.9876, 161.6549]}, "22": {"type": "O", "Isotropic": 317.3835, "Anisotropy": 33.185, "tensor": [[319.8048, 8.9322, 0.0792], [4.7517, 297.2573, -10.4857], [9.9227, -15.3989, 335.0883]], "eigenvalues": [291.0105, 321.6332, 339.5068]}, "23": {"type": "C", "Isotropic": 129.4742, "Anisotropy": 84.9636, "tensor": [[159.659, 35.6733, -7.3483], [39.1585, 126.7737, -8.199], [-13.1622, -8.1994, 101.9899]], "eigenvalues": [99.4287, 102.8773, 186.1167]}, "24": {"type": "H", "Isotropic": 28.4639, "Anisotropy": 10.0644, "tensor": [[31.9908, 2.9841, 3.8625], [4.5997, 26.4997, 1.6978], [2.1669, 0.6083, 26.9014]], "eigenvalues": [24.4752, 25.7431, 35.1735]}, "25": {"type": "H", "Isotropic": 28.4379, "Anisotropy": 6.9887, "tensor": [[31.0694, 1.4469, -2.4473], [3.3556, 25.273, -2.2347], [-1.1416, -0.625, 28.9713]], "eigenvalues": [24.2744, 27.9422, 33.097]}, "26": {"type": "H", "Isotropic": 28.0746, "Anisotropy": 5.3768, "tensor": [[27.7689, -2.0099, -1.0075], [-3.1385, 29.3258, 2.3453], [-0.1656, 0.224, 27.1292]], "eigenvalues": [25.7719, 26.7929, 31.6591]}, "27": {"type": "H", "Isotropic": 28.5063, "Anisotropy": 8.1006, "tensor": [[30.0469, -0.532, 3.0767], [-3.0218, 28.0322, -2.9453], [4.1256, -1.6662, 27.4397]], "eigenvalues": [24.6072, 27.005, 33.9067]}, "28": {"type": "H", "Isotropic": 28.3218, "Anisotropy": 7.9838, "tensor": [[27.7651, -3.3411, 2.7365], [-0.7974, 30.6607, -2.4209], [1.7562, -3.5048, 26.5397]], "eigenvalues": [24.5043, 26.8168, 33.6444]}, "29": {"type": "H", "Isotropic": 28.0913, "Anisotropy": 6.4574, "tensor": [[26.3737, -0.2059, 2.7402], [-0.1144, 25.9187, -0.8174], [0.211, -0.2786, 31.9814]], "eigenvalues": [25.8645, 26.0131, 32.3962]}, "30": {"type": "H", "Isotropic": 28.6651, "Anisotropy": 7.9198, "tensor": [[29.8565, 0.9844, -5.3491], [1.7948, 28.2461, -2.7368], [-2.9237, -0.6995, 27.8925]], "eigenvalues": [24.5483, 27.502, 33.9449]}, "31": {"type": "H", "Isotropic": 27.8525, "Anisotropy": 5.8412, "tensor": [[30.1522, 1.2907, 3.4073], [3.0141, 28.0237, -1.2984], [1.3861, -2.1672, 25.3817]], "eigenvalues": [23.1274, 28.6836, 31.7466]}, "32": {"type": "H", "Isotropic": 28.5358, "Anisotropy": 9.9992, "tensor": [[26.7367, 4.3948, -1.2365], [1.8481, 33.9241, -0.7267], [-0.4711, -0.915, 24.9466]], "eigenvalues": [24.5744, 25.831, 35.2019]}, "33": {"type": "H", "Isotropic": 28.2799, "Anisotropy": 6.854, "tensor": [[27.7033, 3.7108, 1.0224], [0.6768, 31.6943, -1.6837], [1.5815, -1.92, 25.442]], "eigenvalues": [23.966, 28.0244, 32.8492]}, "34": {"type": "O", "Isotropic": 317.6472, "Anisotropy": 37.308, "tensor": [[307.6223, -22.056, -5.4383], [-26.4326, 325.1565, 7.7561], [3.9479, -1.9798, 320.1629]], "eigenvalues": [290.5712, 319.8512, 342.5193]}, "35": {"type": "C", "Isotropic": 129.0615, "Anisotropy": 84.616, "tensor": [[104.5227, 2.9407, 15.0], [4.2865, 102.668, 15.6456], [10.5749, 17.0241, 179.9939]], "eigenvalues": [99.0612, 102.6512, 185.4722]}, "36": {"type": "C", "Isotropic": 117.1787, "Anisotropy": 66.91, "tensor": [[111.9424, -30.6811, -15.775], [-21.4265, 121.5884, 27.8014], [-9.9765, 24.3181, 118.0054]], "eigenvalues": [87.4488, 102.3019, 161.7854]}, "37": {"type": "C", "Isotropic": 115.9423, "Anisotropy": 66.5661, "tensor": [[155.0967, 11.2589, 19.0919], [4.1605, 88.1993, 6.0751], [10.9842, 4.6186, 104.5308]], "eigenvalues": [86.4298, 101.0773, 160.3196]}, "38": {"type": "O", "Isotropic": 318.821, "Anisotropy": 30.5645, "tensor": [[333.1714, 8.3001, 1.9345], [12.0358, 297.0371, -14.2319], [-8.3833, -8.3814, 326.2546]], "eigenvalues": [291.3675, 325.8983, 339.1974]}, "39": {"type": "C", "Isotropic": 129.6384, "Anisotropy": 83.3922, "tensor": [[110.4517, 1.4772, 21.3413], [1.2526, 102.079, 8.8856], [27.6969, 6.6258, 176.3845]], "eigenvalues": [100.602, 103.08, 185.2332]}, "40": {"type": "H", "Isotropic": 28.5308, "Anisotropy": 9.9492, "tensor": [[30.223, 2.2736, 2.8445], [2.6778, 25.6053, 1.7113], [5.6333, 1.6985, 29.764]], "eigenvalues": [24.5215, 25.9072, 35.1635]}, "41": {"type": "H", "Isotropic": 28.6157, "Anisotropy": 6.7589, "tensor": [[27.9797, 0.5759, 1.2713], [1.1274, 25.492, -0.7524], [0.7407, -3.6372, 32.3755]], "eigenvalues": [24.4983, 28.2272, 33.1217]}, "42": {"type": "H", "Isotropic": 28.1857, "Anisotropy": 5.6577, "tensor": [[27.698, -2.7687, 0.1447], [-1.1456, 31.0429, -1.3458], [-0.3018, 0.6613, 25.816]], "eigenvalues": [25.7591, 26.8404, 31.9575]}, "43": {"type": "H", "Isotropic": 28.3809, "Anisotropy": 8.1635, "tensor": [[33.4774, -1.0565, 1.4233], [-2.3463, 25.4279, 0.8436], [-1.1505, 1.3955, 26.2375]], "eigenvalues": [24.3962, 26.9233, 33.8233]}, "44": {"type": "H", "Isotropic": 28.4072, "Anisotropy": 8.0105, "tensor": [[31.4122, -3.5804, -3.1184], [-2.2851, 26.6094, 2.2398], [-0.5629, 1.5302, 27.2001]], "eigenvalues": [24.7308, 26.7433, 33.7476]}, "45": {"type": "H", "Isotropic": 28.0631, "Anisotropy": 6.3074, "tensor": [[30.4289, 3.2508, -2.5669], [1.4575, 27.0142, -1.1055], [-0.7085, -0.7362, 26.7461]], "eigenvalues": [25.7966, 26.1246, 32.268]}, "46": {"type": "H", "Isotropic": 28.5975, "Anisotropy": 8.1166, "tensor": [[24.9261, -1.2837, 0.6955], [-0.8595, 27.3886, -0.668], [-1.2062, -3.0801, 33.4778]], "eigenvalues": [24.4275, 27.3565, 34.0086]}, "47": {"type": "H", "Isotropic": 27.7557, "Anisotropy": 6.0146, "tensor": [[29.7626, -0.5979, 0.409], [-0.1986, 23.9531, 2.3386], [3.2153, 2.5972, 29.5515]], "eigenvalues": [22.8646, 28.6371, 31.7654]}, "48": {"type": "H", "Isotropic": 28.4988, "Anisotropy": 9.9968, "tensor": [[24.8476, -0.4102, 0.5064], [-1.1685, 28.3688, 3.5241], [-1.5325, 5.1712, 32.28]], "eigenvalues": [24.6196, 25.7135, 35.1633]}, "49": {"type": "H", "Isotropic": 28.3889, "Anisotropy": 6.7733, "tensor": [[27.9624, -0.5604, 0.8866], [-1.1926, 26.6239, 2.7173], [-1.2811, 4.7457, 30.5805]], "eigenvalues": [24.2633, 27.999, 32.9044]}}, "dipole_moment": {"X": 31.4664, "Y": 118.5897, "Z": 175.7927, "Tot": 214.3752}}}, "functional": "wB97X", "basis": "Def2TZVP", "phase": "solution", "type": "nmr;scrf", "smiles": "[Li].O(C)CCOC.O(C)CCOC.O(C)CCOC", "inchi": "InChI=1S/3C4H10O2.Li/c3*1-5-3-4-6-2;/h3*3-4H2,1-2H3;", "formula": "Li1 H30 C12 O6", "formula_pretty": "LiH30(C2O)6", "formula_anonymous": "AB6C12D30", "formula_alphabetical": "C12 H30 Li1 O6", "chemsys": "C-H-Li-O", "nsites": 49, "nelements": 4, "is_ordered": true, "is_valid": true, "gauss_version": "ES64L-G16RevC.01", "structural_change": "no_change", "tag": "oplsdp_conf_4", "wall_time (s)": 1119.4705021162517, "version": "0.0.1", "last_updated": "2021-11-18T10:37:52.623109", "_id": null}