{"input": {"molecule": {"charge": 1, "spin_multiplicity": 1, "sites": [{"name": "Li", "species": [{"element": "Li", "occu": 1}], "xyz": [4.002041, 49.409537, 26.000731], "properties": {}}, {"name": "O", "species": [{"element": "O", "occu": 1}], "xyz": [2.387237, 50.082312, 27.264265], "properties": {}}, {"name": "C", "species": [{"element": "C", "occu": 1}], "xyz": [1.812094, 51.373308, 27.306012], "properties": {}}, {"name": "C", "species": [{"element": "C", "occu": 1}], "xyz": [2.369157, 49.430789, 28.52182], "properties": {}}, {"name": "C", "species": [{"element": "C", "occu": 1}], "xyz": [2.686401, 47.975306, 28.303321], "properties": {}}, {"name": "O", "species": [{"element": "O", "occu": 1}], "xyz": [3.871682, 47.882763, 27.538319], "properties": {}}, {"name": "C", "species": [{"element": "C", "occu": 1}], "xyz": [4.263524, 46.538478, 27.321285], "properties": {}}, {"name": "H", "species": [{"element": "H", "occu": 1}], "xyz": [1.853498, 51.783288, 26.298755], "properties": {}}, {"name": "H", "species": [{"element": "H", "occu": 1}], "xyz": [2.362254, 52.032971, 27.986533], "properties": {}}, {"name": "H", "species": [{"element": "H", "occu": 1}], "xyz": [1.379493, 49.517995, 28.983437], "properties": {}}, {"name": "H", "species": [{"element": "H", "occu": 1}], "xyz": [3.102531, 49.895027, 29.191972], "properties": {}}, {"name": "H", "species": [{"element": "H", "occu": 1}], "xyz": [1.86376, 47.479789, 27.772434], "properties": {}}, {"name": "H", "species": [{"element": "H", "occu": 1}], "xyz": [2.812966, 47.478974, 29.272487], "properties": {}}, {"name": "H", "species": [{"element": "H", "occu": 1}], "xyz": [4.450481, 46.035334, 28.27513], "properties": {}}, {"name": "H", "species": [{"element": "H", "occu": 1}], "xyz": [5.175485, 46.559547, 26.729675], "properties": {}}, {"name": "H", "species": [{"element": "H", "occu": 1}], "xyz": [3.486743, 45.991396, 26.775181], "properties": {}}, {"name": "H", "species": [{"element": "H", "occu": 1}], "xyz": [0.768934, 51.31941, 27.632387], "properties": {}}, {"name": "O", "species": [{"element": "O", "occu": 1}], "xyz": [5.657678, 50.421729, 26.923396], "properties": {}}, {"name": "C", "species": [{"element": "C", "occu": 1}], "xyz": [5.568779, 51.014298, 28.203771], "properties": {}}, {"name": "C", "species": [{"element": "C", "occu": 1}], "xyz": [6.813284, 49.615919, 26.784248], "properties": {}}, {"name": "C", "species": [{"element": "C", "occu": 1}], "xyz": [6.858624, 49.090351, 25.375472], "properties": {}}, {"name": "O", "species": [{"element": "O", "occu": 1}], "xyz": [5.658094, 48.380264, 25.134033], "properties": {}}, {"name": "C", "species": [{"element": "C", "occu": 1}], "xyz": [5.713368, 47.570571, 23.975849], "properties": {}}, {"name": "H", "species": [{"element": "H", "occu": 1}], "xyz": [6.438831, 51.650075, 28.395861], "properties": {}}, {"name": "H", "species": [{"element": "H", "occu": 1}], "xyz": [5.506058, 50.248695, 28.984933], "properties": {}}, {"name": "H", "species": [{"element": "H", "occu": 1}], "xyz": [6.768475, 48.784348, 27.498974], "properties": {}}, {"name": "H", "species": [{"element": "H", "occu": 1}], "xyz": [7.714921, 50.204752, 26.987746], "properties": {}}, {"name": "H", "species": [{"element": "H", "occu": 1}], "xyz": [7.723759, 48.426622, 25.266758], "properties": {}}, {"name": "H", "species": [{"element": "H", "occu": 1}], "xyz": [6.954642, 49.912078, 24.655151], "properties": {}}, {"name": "H", "species": [{"element": "H", "occu": 1}], "xyz": [5.94478, 48.169001, 23.087684], "properties": {}}, {"name": "H", "species": [{"element": "H", "occu": 1}], "xyz": [4.735668, 47.105769, 23.858691], "properties": {}}, {"name": "H", "species": [{"element": "H", "occu": 1}], "xyz": [6.477505, 46.794761, 24.087147], "properties": {}}, {"name": "H", "species": [{"element": "H", "occu": 1}], "xyz": [4.668078, 51.626769, 28.220171], "properties": {}}, {"name": "O", "species": [{"element": "O", "occu": 1}], "xyz": [3.872603, 51.068251, 24.611316], "properties": {}}, {"name": "C", "species": [{"element": "C", "occu": 1}], "xyz": [4.228947, 52.423013, 24.809427], "properties": {}}, {"name": "C", "species": [{"element": "C", "occu": 1}], "xyz": [2.88672, 50.888458, 23.613247], "properties": {}}, {"name": "C", "species": [{"element": "C", "occu": 1}], "xyz": [2.835204, 49.413149, 23.294186], "properties": {}}, {"name": "O", "species": [{"element": "O", "occu": 1}], "xyz": [2.627234, 48.632066, 24.460954], "properties": {}}, {"name": "C", "species": [{"element": "C", "occu": 1}], "xyz": [1.257069, 48.447922, 24.776773], "properties": {}}, {"name": "H", "species": [{"element": "H", "occu": 1}], "xyz": [4.664758, 52.842857, 23.897373], "properties": {}}, {"name": "H", "species": [{"element": "H", "occu": 1}], "xyz": [4.965093, 52.446444, 25.610196], "properties": {}}, {"name": "H", "species": [{"element": "H", "occu": 1}], "xyz": [3.149917, 51.444934, 22.706062], "properties": {}}, {"name": "H", "species": [{"element": "H", "occu": 1}], "xyz": [1.9179, 51.263195, 23.97007], "properties": {}}, {"name": "H", "species": [{"element": "H", "occu": 1}], "xyz": [3.795935, 49.1048, 22.879696], "properties": {}}, {"name": "H", "species": [{"element": "H", "occu": 1}], "xyz": [2.056931, 49.211422, 22.551566], "properties": {}}, {"name": "H", "species": [{"element": "H", "occu": 1}], "xyz": [1.209313, 47.804623, 25.652801], "properties": {}}, {"name": "H", "species": [{"element": "H", "occu": 1}], "xyz": [0.73885, 47.963814, 23.943768], "properties": {}}, {"name": "H", "species": [{"element": "H", "occu": 1}], "xyz": [0.763854, 49.396582, 25.009593], "properties": {}}, {"name": "H", "species": [{"element": "H", "occu": 1}], "xyz": [3.357336, 53.024292, 25.091745], "properties": {}}]}, "functional": "wB97X", "basis_set": "Def2TZVP", "route_parameters": {"NMR": "GIAO", "iop(7/33=1)": null, "int": "ultrafine", "NoSymmetry": null, "test": null, "SCRF": {"Solvent": "TetraHydroFuran"}}, "title": "Li1 H30 C12 O6", "charge": 1, "spin_multiplicity": 1, "input_parameters": {}, "link0_parameters": {"%chk": "checkpoint.chk", "%mem": "45GB", "%NProcShared": "28"}, "dieze_tag": "#P", "nbasisfunctions": 752, "pcm_parameters": {}}, "output": {"has_gaussian_completed": true, "is_pcm": true, "errors": [], "Mulliken_charges": {"1": ["Li", 0.624287], "2": ["O", -0.36149], "3": ["C", -0.187049], "4": ["C", -0.055315], "5": ["C", -0.069269], "6": ["O", -0.348255], "7": ["C", -0.19243], "8": ["H", 0.105923], "9": ["H", 0.136325], "10": ["H", 0.143994], "11": ["H", 0.125892], "12": ["H", 0.121057], "13": ["H", 0.141513], "14": ["H", 0.137263], "15": ["H", 0.133813], "16": ["H", 0.132962], "17": ["H", 0.149428], "18": ["O", -0.368352], "19": ["C", -0.200118], "20": ["C", -0.052034], "21": ["C", -0.032972], "22": ["O", -0.373254], "23": ["C", -0.247071], "24": ["H", 0.15317], "25": ["H", 0.137829], "26": ["H", 0.129906], "27": ["H", 0.139781], "28": ["H", 0.143003], "29": ["H", 0.129179], "30": ["H", 0.14477], "31": ["H", 0.154255], "32": ["H", 0.151689], "33": ["H", 0.119248], "34": ["O", -0.344902], "35": ["C", -0.199747], "36": ["C", -0.080403], "37": ["C", -0.034118], "38": ["O", -0.368362], "39": ["C", -0.181264], "40": ["H", 0.139859], "41": ["H", 0.139204], "42": ["H", 0.137232], "43": ["H", 0.130397], "44": ["H", 0.12642], "45": ["H", 0.1495], "46": ["H", 0.119622], "47": ["H", 0.140279], "48": ["H", 0.130659], "49": ["H", 0.127947]}, "output": {"energies": [-934.223224185], "final_energy": -934.223224185, "final_energy_per_atom": -19.065780085408164, "molecule": {"charge": 0.0, "spin_multiplicity": 2, "sites": [{"name": "Li", "species": [{"element": "Li", "occu": 1}], "xyz": [4.002041, 49.409537, 26.000731], "properties": {}}, {"name": "O", "species": [{"element": "O", "occu": 1}], "xyz": [2.387237, 50.082312, 27.264265], "properties": {}}, {"name": "C", "species": [{"element": "C", "occu": 1}], "xyz": [1.812094, 51.373308, 27.306012], "properties": {}}, {"name": "C", "species": [{"element": "C", "occu": 1}], "xyz": [2.369157, 49.430789, 28.52182], "properties": {}}, {"name": "C", "species": [{"element": "C", "occu": 1}], "xyz": [2.686401, 47.975306, 28.303321], "properties": {}}, {"name": "O", "species": [{"element": "O", "occu": 1}], "xyz": [3.871682, 47.882763, 27.538319], "properties": {}}, {"name": "C", "species": [{"element": "C", "occu": 1}], "xyz": [4.263524, 46.538478, 27.321285], "properties": {}}, {"name": "H", "species": [{"element": "H", "occu": 1}], "xyz": [1.853498, 51.783288, 26.298755], "properties": {}}, {"name": "H", "species": [{"element": "H", "occu": 1}], "xyz": [2.362254, 52.032971, 27.986533], "properties": {}}, {"name": "H", "species": [{"element": "H", "occu": 1}], "xyz": [1.379493, 49.517995, 28.983437], "properties": {}}, {"name": "H", "species": [{"element": "H", "occu": 1}], "xyz": [3.102531, 49.895027, 29.191972], "properties": {}}, {"name": "H", "species": [{"element": "H", "occu": 1}], "xyz": [1.86376, 47.479789, 27.772434], "properties": {}}, {"name": "H", "species": [{"element": "H", "occu": 1}], "xyz": [2.812966, 47.478974, 29.272487], "properties": {}}, {"name": "H", "species": [{"element": "H", "occu": 1}], "xyz": [4.450481, 46.035334, 28.27513], "properties": {}}, {"name": "H", "species": [{"element": "H", "occu": 1}], "xyz": [5.175485, 46.559547, 26.729675], "properties": {}}, {"name": "H", "species": [{"element": "H", "occu": 1}], "xyz": [3.486743, 45.991396, 26.775181], "properties": {}}, {"name": "H", "species": [{"element": "H", "occu": 1}], "xyz": [0.768934, 51.31941, 27.632387], "properties": {}}, {"name": "O", "species": [{"element": "O", "occu": 1}], "xyz": [5.657678, 50.421729, 26.923396], "properties": {}}, {"name": "C", "species": [{"element": "C", "occu": 1}], "xyz": [5.568779, 51.014298, 28.203771], "properties": {}}, {"name": "C", "species": [{"element": "C", "occu": 1}], "xyz": [6.813284, 49.615919, 26.784248], "properties": {}}, {"name": "C", "species": [{"element": "C", "occu": 1}], "xyz": [6.858624, 49.090351, 25.375472], "properties": {}}, {"name": "O", "species": [{"element": "O", "occu": 1}], "xyz": [5.658094, 48.380264, 25.134033], "properties": {}}, {"name": "C", "species": [{"element": "C", "occu": 1}], "xyz": [5.713368, 47.570571, 23.975849], "properties": {}}, {"name": "H", "species": [{"element": "H", "occu": 1}], "xyz": [6.438831, 51.650075, 28.395861], "properties": {}}, {"name": "H", "species": [{"element": "H", "occu": 1}], "xyz": [5.506058, 50.248695, 28.984933], "properties": {}}, {"name": "H", "species": [{"element": "H", "occu": 1}], "xyz": [6.768475, 48.784348, 27.498974], "properties": {}}, {"name": "H", "species": [{"element": "H", "occu": 1}], "xyz": [7.714921, 50.204752, 26.987746], "properties": {}}, {"name": "H", "species": [{"element": "H", "occu": 1}], "xyz": [7.723759, 48.426622, 25.266758], "properties": {}}, {"name": "H", "species": [{"element": "H", "occu": 1}], "xyz": [6.954642, 49.912078, 24.655151], "properties": {}}, {"name": "H", "species": [{"element": "H", "occu": 1}], "xyz": [5.94478, 48.169001, 23.087684], "properties": {}}, {"name": "H", "species": [{"element": "H", "occu": 1}], "xyz": [4.735668, 47.105769, 23.858691], "properties": {}}, {"name": "H", "species": [{"element": "H", "occu": 1}], "xyz": [6.477505, 46.794761, 24.087147], "properties": {}}, {"name": "H", "species": [{"element": "H", "occu": 1}], "xyz": [4.668078, 51.626769, 28.220171], "properties": {}}, {"name": "O", "species": [{"element": "O", "occu": 1}], "xyz": [3.872603, 51.068251, 24.611316], "properties": {}}, {"name": "C", "species": [{"element": "C", "occu": 1}], "xyz": [4.228947, 52.423013, 24.809427], "properties": {}}, {"name": "C", "species": [{"element": "C", "occu": 1}], "xyz": [2.88672, 50.888458, 23.613247], "properties": {}}, {"name": "C", "species": [{"element": "C", "occu": 1}], "xyz": [2.835204, 49.413149, 23.294186], "properties": {}}, {"name": "O", "species": [{"element": "O", "occu": 1}], "xyz": [2.627234, 48.632066, 24.460954], "properties": {}}, {"name": "C", "species": [{"element": "C", "occu": 1}], "xyz": [1.257069, 48.447922, 24.776773], "properties": {}}, {"name": "H", "species": [{"element": "H", "occu": 1}], "xyz": [4.664758, 52.842857, 23.897373], "properties": {}}, {"name": "H", "species": [{"element": "H", "occu": 1}], "xyz": [4.965093, 52.446444, 25.610196], "properties": {}}, {"name": "H", "species": [{"element": "H", "occu": 1}], "xyz": [3.149917, 51.444934, 22.706062], "properties": {}}, {"name": "H", "species": [{"element": "H", "occu": 1}], "xyz": [1.9179, 51.263195, 23.97007], "properties": {}}, {"name": "H", "species": [{"element": "H", "occu": 1}], "xyz": [3.795935, 49.1048, 22.879696], "properties": {}}, {"name": "H", "species": [{"element": "H", "occu": 1}], "xyz": [2.056931, 49.211422, 22.551566], "properties": {}}, {"name": "H", "species": [{"element": "H", "occu": 1}], "xyz": [1.209313, 47.804623, 25.652801], "properties": {}}, {"name": "H", "species": [{"element": "H", "occu": 1}], "xyz": [0.73885, 47.963814, 23.943768], "properties": {}}, {"name": "H", "species": [{"element": "H", "occu": 1}], "xyz": [0.763854, 49.396582, 25.009593], "properties": {}}, {"name": "H", "species": [{"element": "H", "occu": 1}], "xyz": [3.357336, 53.024292, 25.091745], "properties": {}}]}, "stationary_type": "Minimum", "corrections": {}, "tensor": {"1": {"type": "Li", "Isotropic": 93.7639, "Anisotropy": 2.444, "tensor": [[94.7772, -0.1461, 0.352], [-0.9772, 91.7925, -1.4486], [0.0266, -0.9585, 94.722]], "eigenvalues": [91.2987, 94.5998, 95.3933]}, "2": {"type": "O", "Isotropic": 325.8588, "Anisotropy": 41.1588, "tensor": [[298.8665, -11.0047, 0.7677], [-7.3776, 329.2115, -2.7822], [-0.1463, -15.615, 349.4985]], "eigenvalues": [296.2071, 328.0713, 353.2981]}, "3": {"type": "C", "Isotropic": 129.4902, "Anisotropy": 85.5723, "tensor": [[116.2137, -31.8587, -3.2279], [-30.4728, 172.5578, -7.2101], [-3.055, -3.2263, 99.699]], "eigenvalues": [95.7863, 106.1458, 186.5384]}, "4": {"type": "C", "Isotropic": 118.6342, "Anisotropy": 65.0265, "tensor": [[95.9291, -4.7782, -7.8429], [-8.5801, 119.5522, -28.7866], [2.328, -31.6261, 140.4212]], "eigenvalues": [89.8403, 104.077, 161.9852]}, "5": {"type": "C", "Isotropic": 117.2815, "Anisotropy": 65.9672, "tensor": [[136.7308, -15.9816, -28.4224], [-7.9738, 103.794, 2.3609], [-36.1499, 5.3094, 111.3197]], "eigenvalues": [88.373, 102.2118, 161.2597]}, "6": {"type": "O", "Isotropic": 323.3185, "Anisotropy": 40.528, "tensor": [[340.929, -4.7749, -21.0448], [14.4644, 323.5233, -3.8813], [-19.0475, 10.1628, 305.5034]], "eigenvalues": [295.6157, 324.0027, 350.3372]}, "7": {"type": "C", "Isotropic": 130.3722, "Anisotropy": 86.0687, "tensor": [[110.2676, -23.131, -5.8366], [-28.5868, 176.4004, 14.4816], [-6.9184, 11.2774, 104.4487]], "eigenvalues": [99.846, 103.5194, 187.7513]}, "8": {"type": "H", "Isotropic": 28.2656, "Anisotropy": 6.5111, "tensor": [[26.0794, -3.1205, -0.523], [-2.1777, 30.1247, -4.2197], [-1.7012, -1.3214, 28.5927]], "eigenvalues": [23.6519, 28.5386, 32.6064]}, "9": {"type": "H", "Isotropic": 28.3701, "Anisotropy": 8.2617, "tensor": [[26.6043, -1.7287, -0.7837], [0.127, 32.7007, 3.9418], [-0.1163, 1.8788, 25.8053]], "eigenvalues": [24.7289, 26.5034, 33.8779]}, "10": {"type": "H", "Isotropic": 28.4104, "Anisotropy": 7.9213, "tensor": [[28.6179, -1.371, -3.3945], [0.6399, 26.504, -2.1078], [-5.0257, -0.0881, 30.1092]], "eigenvalues": [24.5739, 26.966, 33.6912]}, "11": {"type": "H", "Isotropic": 27.8631, "Anisotropy": 6.3883, "tensor": [[26.1416, 0.6784, 0.9402], [0.3204, 25.6776, -1.288], [1.945, 0.7359, 31.7702]], "eigenvalues": [25.1804, 26.287, 32.122]}, "12": {"type": "H", "Isotropic": 28.2117, "Anisotropy": 6.3913, "tensor": [[31.4399, 2.8526, 0.0456], [1.2873, 27.0255, -0.2856], [-1.9203, -1.2774, 26.1698]], "eigenvalues": [25.6855, 26.477, 32.4726]}, "13": {"type": "H", "Isotropic": 28.4298, "Anisotropy": 7.9609, "tensor": [[26.547, 0.6909, -3.1671], [-0.7091, 27.2691, -2.024], [-1.8229, -3.9964, 31.4732]], "eigenvalues": [24.6633, 26.889, 33.737]}, "14": {"type": "H", "Isotropic": 28.6324, "Anisotropy": 10.0494, "tensor": [[26.0018, -3.0441, 1.7448], [-2.4051, 32.5573, -4.9234], [1.1499, -2.0738, 27.3382]], "eigenvalues": [24.9745, 25.5908, 35.3321]}, "15": {"type": "H", "Isotropic": 27.8958, "Anisotropy": 5.5911, "tensor": [[27.5027, -1.1472, -3.3921], [-3.5077, 29.7352, 0.1403], [-3.4403, -1.6824, 26.4496]], "eigenvalues": [22.8577, 29.2065, 31.6232]}, "16": {"type": "H", "Isotropic": 28.6192, "Anisotropy": 8.3048, "tensor": [[25.2646, -0.1878, 0.5941], [2.5333, 33.4333, 2.0796], [1.1811, 1.6469, 27.1598]], "eigenvalues": [24.8894, 26.8125, 34.1557]}, "17": {"type": "H", "Isotropic": 28.3728, "Anisotropy": 9.8443, "tensor": [[31.8433, -3.0179, -1.807], [-5.3774, 28.2013, 1.7344], [-1.1439, 0.4215, 25.0737]], "eigenvalues": [24.7247, 25.4579, 34.9357]}, "18": {"type": "O", "Isotropic": 319.1446, "Anisotropy": 32.3602, "tensor": [[322.3615, -21.5481, -4.1873], [-24.4635, 308.9074, -1.7872], [10.8531, -2.7486, 326.1648]], "eigenvalues": [291.6643, 325.0514, 340.718]}, "19": {"type": "C", "Isotropic": 128.8188, "Anisotropy": 85.5074, "tensor": [[102.2087, -4.7604, -7.0318], [-2.6532, 118.6134, 34.5779], [-12.2271, 36.1021, 165.6343]], "eigenvalues": [98.8938, 101.7388, 185.8237]}, "20": {"type": "C", "Isotropic": 115.8384, "Anisotropy": 65.1926, "tensor": [[134.755, -33.3363, -10.7441], [-25.0263, 113.0116, 17.5007], [-6.41, 13.3213, 99.7486]], "eigenvalues": [86.4738, 101.7412, 159.3002]}, "21": {"type": "C", "Isotropic": 117.1782, "Anisotropy": 67.0795, "tensor": [[138.136, 34.43, 13.2348], [21.9693, 110.6848, 18.0693], [10.9565, 14.5749, 102.7139]], "eigenvalues": [87.514, 102.1229, 161.8979]}, "22": {"type": "O", "Isotropic": 320.5005, "Anisotropy": 45.9119, "tensor": [[338.3967, 26.3117, -1.2014], [21.6555, 305.2315, 8.6767], [-10.0733, 3.8195, 317.8734]], "eigenvalues": [290.2448, 320.1484, 351.1084]}, "23": {"type": "C", "Isotropic": 130.8609, "Anisotropy": 86.1764, "tensor": [[103.4104, -0.7466, 1.3199], [-1.4699, 131.8423, 40.9136], [4.7188, 42.6643, 157.3298]], "eigenvalues": [99.1769, 105.0939, 188.3118]}, "24": {"type": "H", "Isotropic": 28.4193, "Anisotropy": 10.1129, "tensor": [[26.9828, 2.6521, 1.2844], [3.8447, 29.033, 3.711], [3.3971, 4.5084, 29.242]], "eigenvalues": [24.4246, 25.6719, 35.1612]}, "25": {"type": "H", "Isotropic": 28.4702, "Anisotropy": 7.1855, "tensor": [[26.7071, 1.6663, -0.0819], [1.4918, 25.4601, 1.6047], [0.208, -0.9367, 33.2436]], "eigenvalues": [24.3793, 27.7708, 33.2606]}, "26": {"type": "H", "Isotropic": 28.3511, "Anisotropy": 6.2747, "tensor": [[29.2089, -3.1061, 2.5818], [-2.0753, 28.8615, -2.1146], [0.9237, -0.6884, 26.9831]], "eigenvalues": [26.0192, 26.4999, 32.5343]}, "27": {"type": "H", "Isotropic": 28.4078, "Anisotropy": 8.174, "tensor": [[33.4606, 2.1801, 2.2829], [-0.0661, 25.9748, 1.3671], [0.1447, 1.5533, 25.788]], "eigenvalues": [24.415, 26.9512, 33.8571]}, "28": {"type": "H", "Isotropic": 28.5892, "Anisotropy": 8.0432, "tensor": [[33.7148, -2.0668, -1.6322], [-0.2202, 26.1313, 1.7389], [0.5924, 1.1791, 25.9215]], "eigenvalues": [24.5454, 27.271, 33.9513]}, "29": {"type": "H", "Isotropic": 27.961, "Anisotropy": 6.8373, "tensor": [[28.9327, 3.6399, -2.6274], [2.526, 28.1752, -1.9342], [-0.7548, -0.9479, 26.7751]], "eigenvalues": [25.4446, 25.9192, 32.5192]}, "30": {"type": "H", "Isotropic": 28.5441, "Anisotropy": 8.7287, "tensor": [[26.2059, -1.2096, -0.9253], [-1.8166, 25.5677, 2.5917], [-1.8023, -0.0283, 33.8586]], "eigenvalues": [24.3382, 26.9308, 34.3632]}, "31": {"type": "H", "Isotropic": 28.1163, "Anisotropy": 6.6868, "tensor": [[28.3384, -0.0139, 0.3449], [1.3031, 28.4606, 3.6585], [2.4668, 4.4696, 27.5499]], "eigenvalues": [23.8262, 27.9485, 32.5742]}, "32": {"type": "H", "Isotropic": 28.6007, "Anisotropy": 9.9233, "tensor": [[26.6768, -2.8649, -0.8283], [-4.4118, 31.2706, 2.7394], [-2.935, 3.816, 27.8548]], "eigenvalues": [24.6682, 25.9177, 35.2163]}, "33": {"type": "H", "Isotropic": 28.2127, "Anisotropy": 6.5892, "tensor": [[28.8977, -0.9357, 0.1661], [-2.0266, 27.6378, 3.01], [-2.5719, 4.5135, 28.1028]], "eigenvalues": [24.0864, 27.9463, 32.6055]}, "34": {"type": "O", "Isotropic": 319.7011, "Anisotropy": 39.6105, "tensor": [[326.119, -8.163, 26.7136], [-11.4459, 321.6003, 0.0474], [23.7636, 9.7057, 311.384]], "eigenvalues": [289.4424, 323.5528, 346.1081]}, "35": {"type": "C", "Isotropic": 129.4078, "Anisotropy": 87.4755, "tensor": [[104.3821, 25.6304, 2.2523], [26.5645, 176.9408, 15.2726], [5.2039, 11.422, 106.9006]], "eigenvalues": [95.9368, 104.5619, 187.7248]}, "36": {"type": "C", "Isotropic": 120.5655, "Anisotropy": 75.291, "tensor": [[118.7479, 16.3761, 34.3726], [11.3027, 107.8489, 9.8248], [43.5333, 8.6476, 135.0998]], "eigenvalues": [85.8391, 105.0979, 170.7595]}, "37": {"type": "C", "Isotropic": 117.1381, "Anisotropy": 63.7785, "tensor": [[95.0114, 11.6364, -1.2357], [16.5803, 116.6213, -25.991], [-11.6213, -26.6511, 139.7815]], "eigenvalues": [87.0152, 104.742, 159.657]}, "38": {"type": "O", "Isotropic": 332.0135, "Anisotropy": 35.7026, "tensor": [[336.5788, 1.4398, -3.5725], [-3.6096, 315.6537, -14.7621], [18.0939, -22.9727, 343.8081]], "eigenvalues": [306.0137, 334.2116, 355.8153]}, "39": {"type": "C", "Isotropic": 131.8386, "Anisotropy": 79.3238, "tensor": [[177.151, 18.5261, -16.6107], [17.5766, 97.181, -3.1133], [-12.4222, -7.3688, 121.1837]], "eigenvalues": [93.1266, 117.668, 184.7211]}, "40": {"type": "H", "Isotropic": 28.5324, "Anisotropy": 10.0513, "tensor": [[26.6083, 3.212, -2.4517], [3.2343, 32.1012, -4.5031], [-1.5257, -1.8086, 26.8878]], "eigenvalues": [24.736, 25.628, 35.2333]}, "41": {"type": "H", "Isotropic": 27.8534, "Anisotropy": 6.0783, "tensor": [[26.3692, 1.5028, 3.3429], [3.2282, 30.1453, 1.2336], [3.564, -1.3362, 27.0457]], "eigenvalues": [22.7838, 28.8709, 31.9057]}, "42": {"type": "H", "Isotropic": 28.7768, "Anisotropy": 8.5746, "tensor": [[25.7383, -0.1604, 2.7217], [0.6621, 27.8442, -1.4204], [1.4074, -4.4803, 32.7478]], "eigenvalues": [24.7113, 27.1258, 34.4932]}, "43": {"type": "H", "Isotropic": 27.9538, "Anisotropy": 6.3137, "tensor": [[30.9165, -1.4014, 1.348], [-0.8068, 26.6373, -0.0473], [3.2613, -1.2552, 26.3077]], "eigenvalues": [25.323, 26.3755, 32.163]}, "44": {"type": "H", "Isotropic": 27.8377, "Anisotropy": 6.1706, "tensor": [[27.4068, -1.8185, -2.0957], [-0.9158, 26.1542, -1.6264], [-3.933, -0.2305, 29.952]], "eigenvalues": [24.0866, 27.475, 31.9514]}, "45": {"type": "H", "Isotropic": 28.5291, "Anisotropy": 8.0563, "tensor": [[25.8837, 2.3135, 1.6092], [0.5305, 26.7205, -0.6062], [3.6252, 0.9924, 32.9832]], "eigenvalues": [24.3178, 27.3696, 33.9]}, "46": {"type": "H", "Isotropic": 28.4936, "Anisotropy": 6.6372, "tensor": [[29.5802, 4.117, -2.0299], [2.4753, 26.2434, -2.0317], [0.1024, -2.4535, 29.6572]], "eigenvalues": [23.8445, 28.7179, 32.9184]}, "47": {"type": "H", "Isotropic": 28.7184, "Anisotropy": 10.1849, "tensor": [[32.4511, 4.0732, 4.0065], [3.5108, 27.0441, 2.0645], [1.0333, 1.7772, 26.6599]], "eigenvalues": [24.7506, 25.8962, 35.5083]}, "48": {"type": "H", "Isotropic": 28.288, "Anisotropy": 7.235, "tensor": [[32.6441, -2.3752, -1.2649], [0.5972, 26.0226, 1.3021], [-1.434, 1.6333, 26.1973]], "eigenvalues": [24.6289, 27.1238, 33.1113]}, "49": {"type": "H", "Isotropic": 28.4637, "Anisotropy": 8.5114, "tensor": [[25.5627, 0.1183, -0.928], [-2.6851, 33.7842, 1.0008], [-1.5964, 0.8827, 26.0442]], "eigenvalues": [24.5004, 26.7528, 34.138]}}, "dipole_moment": {"X": 18.4709, "Y": 238.2067, "Z": 125.3291, "Tot": 269.7981}}}, "functional": "wB97X", "basis": "Def2TZVP", "phase": "solution", "type": "nmr;scrf", "smiles": "[Li].O(C)CCOC.O(C)CCOC.O(C)CCOC", "inchi": "InChI=1S/3C4H10O2.Li/c3*1-5-3-4-6-2;/h3*3-4H2,1-2H3;", "formula": "Li1 H30 C12 O6", "formula_pretty": "LiH30(C2O)6", "formula_anonymous": "AB6C12D30", "formula_alphabetical": "C12 H30 Li1 O6", "chemsys": "C-H-Li-O", "nsites": 49, "nelements": 4, "is_ordered": true, "is_valid": true, "gauss_version": "ES64L-G16RevC.01", "structural_change": "no_change", "tag": "oplsdp_conf_5", "wall_time (s)": 1105.259035512805, "version": "0.0.1", "last_updated": "2021-11-19T14:56:12.184920", "_id": null}