{"input": {"molecule": {"charge": 1, "spin_multiplicity": 1, "sites": [{"name": "Li", "species": [{"element": "Li", "occu": 1}], "xyz": [27.055664, 6.206531, 42.525226], "properties": {}}, {"name": "O", "species": [{"element": "O", "occu": 1}], "xyz": [26.878286, 6.355177, 40.385038], "properties": {}}, {"name": "C", "species": [{"element": "C", "occu": 1}], "xyz": [27.24433, 7.487203, 39.618369], "properties": {}}, {"name": "C", "species": [{"element": "C", "occu": 1}], "xyz": [25.688035, 5.746496, 39.922434], "properties": {}}, {"name": "C", "species": [{"element": "C", "occu": 1}], "xyz": [25.468678, 4.47754, 40.701748], "properties": {}}, {"name": "O", "species": [{"element": "O", "occu": 1}], "xyz": [25.495393, 4.79004, 42.081325], "properties": {}}, {"name": "C", "species": [{"element": "C", "occu": 1}], "xyz": [25.157635, 3.683808, 42.896957], "properties": {}}, {"name": "H", "species": [{"element": "H", "occu": 1}], "xyz": [28.123798, 7.924896, 40.085777], "properties": {}}, {"name": "H", "species": [{"element": "H", "occu": 1}], "xyz": [26.435532, 8.227178, 39.604472], "properties": {}}, {"name": "H", "species": [{"element": "H", "occu": 1}], "xyz": [25.766749, 5.508734, 38.855282], "properties": {}}, {"name": "H", "species": [{"element": "H", "occu": 1}], "xyz": [24.843863, 6.433865, 40.060496], "properties": {}}, {"name": "H", "species": [{"element": "H", "occu": 1}], "xyz": [26.253142, 3.744973, 40.473475], "properties": {}}, {"name": "H", "species": [{"element": "H", "occu": 1}], "xyz": [24.501364, 4.04324, 40.424132], "properties": {}}, {"name": "H", "species": [{"element": "H", "occu": 1}], "xyz": [24.127246, 3.367035, 42.70717], "properties": {}}, {"name": "H", "species": [{"element": "H", "occu": 1}], "xyz": [25.264991, 3.999221, 43.932531], "properties": {}}, {"name": "H", "species": [{"element": "H", "occu": 1}], "xyz": [25.828758, 2.838556, 42.705243], "properties": {}}, {"name": "H", "species": [{"element": "H", "occu": 1}], "xyz": [27.47408, 7.195587, 38.588719], "properties": {}}, {"name": "O", "species": [{"element": "O", "occu": 1}], "xyz": [28.713252, 4.840025, 42.414461], "properties": {}}, {"name": "C", "species": [{"element": "C", "occu": 1}], "xyz": [29.122697, 4.149319, 41.248939], "properties": {}}, {"name": "C", "species": [{"element": "C", "occu": 1}], "xyz": [28.794961, 4.038608, 43.577399], "properties": {}}, {"name": "C", "species": [{"element": "C", "occu": 1}], "xyz": [28.495491, 4.902819, 44.77293], "properties": {}}, {"name": "O", "species": [{"element": "O", "occu": 1}], "xyz": [27.254256, 5.547222, 44.559718], "properties": {}}, {"name": "C", "species": [{"element": "C", "occu": 1}], "xyz": [26.817646, 6.273593, 45.693341], "properties": {}}, {"name": "H", "species": [{"element": "H", "occu": 1}], "xyz": [28.966295, 4.816573, 40.404123], "properties": {}}, {"name": "H", "species": [{"element": "H", "occu": 1}], "xyz": [28.528646, 3.239056, 41.106261], "properties": {}}, {"name": "H", "species": [{"element": "H", "occu": 1}], "xyz": [29.798996, 3.611142, 43.680327], "properties": {}}, {"name": "H", "species": [{"element": "H", "occu": 1}], "xyz": [28.075046, 3.213325, 43.508155], "properties": {}}, {"name": "H", "species": [{"element": "H", "occu": 1}], "xyz": [29.282693, 5.654626, 44.911755], "properties": {}}, {"name": "H", "species": [{"element": "H", "occu": 1}], "xyz": [28.454781, 4.277423, 45.672162], "properties": {}}, {"name": "H", "species": [{"element": "H", "occu": 1}], "xyz": [25.899799, 6.787453, 45.415982], "properties": {}}, {"name": "H", "species": [{"element": "H", "occu": 1}], "xyz": [27.568987, 7.012286, 45.995808], "properties": {}}, {"name": "H", "species": [{"element": "H", "occu": 1}], "xyz": [26.628907, 5.597261, 46.533064], "properties": {}}, {"name": "H", "species": [{"element": "H", "occu": 1}], "xyz": [30.179851, 3.87404, 41.31762], "properties": {}}, {"name": "O", "species": [{"element": "O", "occu": 1}], "xyz": [28.3263, 7.937163, 42.669206], "properties": {}}, {"name": "C", "species": [{"element": "C", "occu": 1}], "xyz": [29.712933, 7.905546, 42.950911], "properties": {}}, {"name": "C", "species": [{"element": "C", "occu": 1}], "xyz": [27.663634, 9.002923, 43.322226], "properties": {}}, {"name": "C", "species": [{"element": "C", "occu": 1}], "xyz": [26.23932, 9.045459, 42.83767], "properties": {}}, {"name": "O", "species": [{"element": "O", "occu": 1}], "xyz": [25.663489, 7.767281, 43.027837], "properties": {}}, {"name": "C", "species": [{"element": "C", "occu": 1}], "xyz": [24.281859, 7.743161, 42.721386], "properties": {}}, {"name": "H", "species": [{"element": "H", "occu": 1}], "xyz": [30.122279, 7.020581, 42.468402], "properties": {}}, {"name": "H", "species": [{"element": "H", "occu": 1}], "xyz": [29.889671, 7.844, 44.031042], "properties": {}}, {"name": "H", "species": [{"element": "H", "occu": 1}], "xyz": [28.15288, 9.957158, 43.095181], "properties": {}}, {"name": "H", "species": [{"element": "H", "occu": 1}], "xyz": [27.697174, 8.848311, 44.408177], "properties": {}}, {"name": "H", "species": [{"element": "H", "occu": 1}], "xyz": [26.202587, 9.312196, 41.773862], "properties": {}}, {"name": "H", "species": [{"element": "H", "occu": 1}], "xyz": [25.685953, 9.804788, 43.402159], "properties": {}}, {"name": "H", "species": [{"element": "H", "occu": 1}], "xyz": [24.106134, 8.071153, 41.690239], "properties": {}}, {"name": "H", "species": [{"element": "H", "occu": 1}], "xyz": [23.726486, 8.398168, 43.400086], "properties": {}}, {"name": "H", "species": [{"element": "H", "occu": 1}], "xyz": [23.94199, 6.716006, 42.834398], "properties": {}}, {"name": "H", "species": [{"element": "H", "occu": 1}], "xyz": [30.203866, 8.803787, 42.56328], "properties": {}}]}, "functional": "wB97X", "basis_set": "Def2TZVP", "route_parameters": {"NMR": "GIAO", "iop(7/33=1)": null, "int": "ultrafine", "NoSymmetry": null, "test": null, "SCRF": {"Solvent": "TetraHydroFuran"}}, "title": "Li1 H30 C12 O6", "charge": 1, "spin_multiplicity": 1, "input_parameters": {}, "link0_parameters": {"%chk": "checkpoint.chk", "%mem": "45GB", "%NProcShared": "28"}, "dieze_tag": "#P", "nbasisfunctions": 752, "pcm_parameters": {}}, "output": {"has_gaussian_completed": true, "is_pcm": true, "errors": [], "Mulliken_charges": {"1": ["Li", 0.589794], "2": ["O", -0.365701], "3": ["C", -0.209581], "4": ["C", -0.039291], "5": ["C", -0.039738], "6": ["O", -0.365621], "7": ["C", -0.208588], "8": ["H", 0.146542], "9": ["H", 0.128562], "10": ["H", 0.142067], "11": ["H", 0.119907], "12": ["H", 0.119614], "13": ["H", 0.142243], "14": ["H", 0.146123], "15": ["H", 0.146901], "16": ["H", 0.127241], "17": ["H", 0.145997], "18": ["O", -0.365594], "19": ["C", -0.209888], "20": ["C", -0.040204], "21": ["C", -0.038906], "22": ["O", -0.366298], "23": ["C", -0.209745], "24": ["H", 0.146944], "25": ["H", 0.12797], "26": ["H", 0.14231], "27": ["H", 0.119745], "28": ["H", 0.120367], "29": ["H", 0.142061], "30": ["H", 0.146644], "31": ["H", 0.128788], "32": ["H", 0.146055], "33": ["H", 0.146203], "34": ["O", -0.365797], "35": ["C", -0.209184], "36": ["C", -0.039982], "37": ["C", -0.039336], "38": ["O", -0.366143], "39": ["C", -0.207881], "40": ["H", 0.146256], "41": ["H", 0.128476], "42": ["H", 0.14208], "43": ["H", 0.120408], "44": ["H", 0.120441], "45": ["H", 0.142097], "46": ["H", 0.127272], "47": ["H", 0.145996], "48": ["H", 0.146456], "49": ["H", 0.14592]}, "output": {"energies": [-934.227199981], "final_energy": -934.227199981, "final_energy_per_atom": -19.06586122410204, "molecule": {"charge": 0.0, "spin_multiplicity": 2, "sites": [{"name": "Li", "species": [{"element": "Li", "occu": 1}], "xyz": [27.055664, 6.206531, 42.525226], "properties": {}}, {"name": "O", "species": [{"element": "O", "occu": 1}], "xyz": [26.878286, 6.355177, 40.385038], "properties": {}}, {"name": "C", "species": [{"element": "C", "occu": 1}], "xyz": [27.24433, 7.487203, 39.618369], "properties": {}}, {"name": "C", "species": [{"element": "C", "occu": 1}], "xyz": [25.688035, 5.746496, 39.922434], "properties": {}}, {"name": "C", "species": [{"element": "C", "occu": 1}], "xyz": [25.468678, 4.47754, 40.701748], "properties": {}}, {"name": "O", "species": [{"element": "O", "occu": 1}], "xyz": [25.495393, 4.79004, 42.081325], "properties": {}}, {"name": "C", "species": [{"element": "C", "occu": 1}], "xyz": [25.157635, 3.683808, 42.896957], "properties": {}}, {"name": "H", "species": [{"element": "H", "occu": 1}], "xyz": [28.123798, 7.924896, 40.085777], "properties": {}}, {"name": "H", "species": [{"element": "H", "occu": 1}], "xyz": [26.435532, 8.227178, 39.604472], "properties": {}}, {"name": "H", "species": [{"element": "H", "occu": 1}], "xyz": [25.766749, 5.508734, 38.855282], "properties": {}}, {"name": "H", "species": [{"element": "H", "occu": 1}], "xyz": [24.843863, 6.433865, 40.060496], "properties": {}}, {"name": "H", "species": [{"element": "H", "occu": 1}], "xyz": [26.253142, 3.744973, 40.473475], "properties": {}}, {"name": "H", "species": [{"element": "H", "occu": 1}], "xyz": [24.501364, 4.04324, 40.424132], "properties": {}}, {"name": "H", "species": [{"element": "H", "occu": 1}], "xyz": [24.127246, 3.367035, 42.70717], "properties": {}}, {"name": "H", "species": [{"element": "H", "occu": 1}], "xyz": [25.264991, 3.999221, 43.932531], "properties": {}}, {"name": "H", "species": [{"element": "H", "occu": 1}], "xyz": [25.828758, 2.838556, 42.705243], "properties": {}}, {"name": "H", "species": [{"element": "H", "occu": 1}], "xyz": [27.47408, 7.195587, 38.588719], "properties": {}}, {"name": "O", "species": [{"element": "O", "occu": 1}], "xyz": [28.713252, 4.840025, 42.414461], "properties": {}}, {"name": "C", "species": [{"element": "C", "occu": 1}], "xyz": [29.122697, 4.149319, 41.248939], "properties": {}}, {"name": "C", "species": [{"element": "C", "occu": 1}], "xyz": [28.794961, 4.038608, 43.577399], "properties": {}}, {"name": "C", "species": [{"element": "C", "occu": 1}], "xyz": [28.495491, 4.902819, 44.77293], "properties": {}}, {"name": "O", "species": [{"element": "O", "occu": 1}], "xyz": [27.254256, 5.547222, 44.559718], "properties": {}}, {"name": "C", "species": [{"element": "C", "occu": 1}], "xyz": [26.817646, 6.273593, 45.693341], "properties": {}}, {"name": "H", "species": [{"element": "H", "occu": 1}], "xyz": [28.966295, 4.816573, 40.404123], "properties": {}}, {"name": "H", "species": [{"element": "H", "occu": 1}], "xyz": [28.528646, 3.239056, 41.106261], "properties": {}}, {"name": "H", "species": [{"element": "H", "occu": 1}], "xyz": [29.798996, 3.611142, 43.680327], "properties": {}}, {"name": "H", "species": [{"element": "H", "occu": 1}], "xyz": [28.075046, 3.213325, 43.508155], "properties": {}}, {"name": "H", "species": [{"element": "H", "occu": 1}], "xyz": [29.282693, 5.654626, 44.911755], "properties": {}}, {"name": "H", "species": [{"element": "H", "occu": 1}], "xyz": [28.454781, 4.277423, 45.672162], "properties": {}}, {"name": "H", "species": [{"element": "H", "occu": 1}], "xyz": [25.899799, 6.787453, 45.415982], "properties": {}}, {"name": "H", "species": [{"element": "H", "occu": 1}], "xyz": [27.568987, 7.012286, 45.995808], "properties": {}}, {"name": "H", "species": [{"element": "H", "occu": 1}], "xyz": [26.628907, 5.597261, 46.533064], "properties": {}}, {"name": "H", "species": [{"element": "H", "occu": 1}], "xyz": [30.179851, 3.87404, 41.31762], "properties": {}}, {"name": "O", "species": [{"element": "O", "occu": 1}], "xyz": [28.3263, 7.937163, 42.669206], "properties": {}}, {"name": "C", "species": [{"element": "C", "occu": 1}], "xyz": [29.712933, 7.905546, 42.950911], "properties": {}}, {"name": "C", "species": [{"element": "C", "occu": 1}], "xyz": [27.663634, 9.002923, 43.322226], "properties": {}}, {"name": "C", "species": [{"element": "C", "occu": 1}], "xyz": [26.23932, 9.045459, 42.83767], "properties": {}}, {"name": "O", "species": [{"element": "O", "occu": 1}], "xyz": [25.663489, 7.767281, 43.027837], "properties": {}}, {"name": "C", "species": [{"element": "C", "occu": 1}], "xyz": [24.281859, 7.743161, 42.721386], "properties": {}}, {"name": "H", "species": [{"element": "H", "occu": 1}], "xyz": [30.122279, 7.020581, 42.468402], "properties": {}}, {"name": "H", "species": [{"element": "H", "occu": 1}], "xyz": [29.889671, 7.844, 44.031042], "properties": {}}, {"name": "H", "species": [{"element": "H", "occu": 1}], "xyz": [28.15288, 9.957158, 43.095181], "properties": {}}, {"name": "H", "species": [{"element": "H", "occu": 1}], "xyz": [27.697174, 8.848311, 44.408177], "properties": {}}, {"name": "H", "species": [{"element": "H", "occu": 1}], "xyz": [26.202587, 9.312196, 41.773862], "properties": {}}, {"name": "H", "species": [{"element": "H", "occu": 1}], "xyz": [25.685953, 9.804788, 43.402159], "properties": {}}, {"name": "H", "species": [{"element": "H", "occu": 1}], "xyz": [24.106134, 8.071153, 41.690239], "properties": {}}, {"name": "H", "species": [{"element": "H", "occu": 1}], "xyz": [23.726486, 8.398168, 43.400086], "properties": {}}, {"name": "H", "species": [{"element": "H", "occu": 1}], "xyz": [23.94199, 6.716006, 42.834398], "properties": {}}, {"name": "H", "species": [{"element": "H", "occu": 1}], "xyz": [30.203866, 8.803787, 42.56328], "properties": {}}]}, "stationary_type": "Minimum", "corrections": {}, "tensor": {"1": {"type": "Li", "Isotropic": 93.9265, "Anisotropy": 2.2348, "tensor": [[92.6825, -0.4379, 1.9716], [-0.4905, 95.3342, 0.4256], [2.0003, 0.3025, 93.763]], "eigenvalues": [91.0828, 95.2805, 95.4164]}, "2": {"type": "O", "Isotropic": 319.0928, "Anisotropy": 31.3231, "tensor": [[328.4162, 9.8525, 18.3797], [3.4467, 321.6003, -14.7419], [20.4789, -5.8458, 307.262]], "eigenvalues": [290.841, 326.4626, 339.9749]}, "3": {"type": "C", "Isotropic": 129.3382, "Anisotropy": 83.3321, "tensor": [[106.5441, 19.0045, -13.3964], [23.1565, 156.2651, -29.5519], [-14.5072, -35.4152, 125.2053]], "eigenvalues": [98.347, 104.7747, 184.8929]}, "4": {"type": "C", "Isotropic": 117.5473, "Anisotropy": 66.0282, "tensor": [[137.7018, 30.4036, 10.3045], [30.3064, 114.2641, -0.884], [19.789, 4.8782, 100.6761]], "eigenvalues": [88.5102, 102.5656, 161.5661]}, "5": {"type": "C", "Isotropic": 118.2452, "Anisotropy": 66.359, "tensor": [[90.7707, 5.4572, 2.3349], [2.7882, 101.9293, 8.5697], [-5.309, 1.6455, 162.0355]], "eigenvalues": [89.2858, 102.9652, 162.4845]}, "6": {"type": "O", "Isotropic": 319.9749, "Anisotropy": 32.1867, "tensor": [[294.1234, -7.0973, -0.4049], [0.2759, 332.1403, 11.7964], [-1.4013, 4.8245, 333.6611]], "eigenvalues": [293.8191, 324.673, 341.4327]}, "7": {"type": "C", "Isotropic": 130.1993, "Anisotropy": 82.2333, "tensor": [[109.8214, 16.4135, -12.1476], [12.0049, 147.3527, -42.8411], [-10.8751, -36.3179, 133.4239]], "eigenvalues": [100.1822, 105.3942, 185.0215]}, "8": {"type": "H", "Isotropic": 27.8746, "Anisotropy": 6.2736, "tensor": [[26.9475, 3.4988, 0.7459], [4.9642, 28.0118, -0.5324], [-0.8572, -2.0844, 28.6646]], "eigenvalues": [23.0905, 28.4764, 32.0571]}, "9": {"type": "H", "Isotropic": 28.5599, "Anisotropy": 7.9263, "tensor": [[24.6908, -0.3743, -0.899], [-3.0101, 31.9922, -2.4596], [0.9256, -2.9981, 28.9967]], "eigenvalues": [24.2328, 27.6029, 33.8441]}, "10": {"type": "H", "Isotropic": 28.4359, "Anisotropy": 7.8655, "tensor": [[26.6012, 1.5134, 3.4164], [1.8233, 26.4445, 2.6507], [1.2988, 0.3976, 32.262]], "eigenvalues": [24.7999, 26.8282, 33.6795]}, "11": {"type": "H", "Isotropic": 27.9865, "Anisotropy": 5.8098, "tensor": [[31.0738, -2.0375, 1.5582], [0.5318, 26.1975, 0.6954], [2.2581, -0.3029, 26.6883]], "eigenvalues": [25.5987, 26.5012, 31.8597]}, "12": {"type": "H", "Isotropic": 28.0065, "Anisotropy": 5.7662, "tensor": [[26.692, -0.8302, 0.06], [-1.4795, 28.2139, 1.7175], [-1.4977, 3.9297, 29.1137]], "eigenvalues": [25.5958, 26.5731, 31.8506]}, "13": {"type": "H", "Isotropic": 28.4218, "Anisotropy": 7.9424, "tensor": [[28.6, 3.3734, 1.8616], [2.8416, 27.3783, 0.6443], [3.9923, 2.8048, 29.287]], "eigenvalues": [24.7233, 26.8254, 33.7167]}, "14": {"type": "H", "Isotropic": 28.487, "Anisotropy": 9.9506, "tensor": [[30.8381, 3.4808, -0.8899], [5.1499, 29.1979, -1.2885], [-2.52, -2.811, 25.4249]], "eigenvalues": [24.5136, 25.8266, 35.1207]}, "15": {"type": "H", "Isotropic": 27.9452, "Anisotropy": 6.3039, "tensor": [[25.993, 2.9162, -0.6981], [2.9892, 26.788, -3.249], [0.2377, -0.6665, 31.0544]], "eigenvalues": [23.2426, 28.4451, 32.1478]}, "16": {"type": "H", "Isotropic": 28.6272, "Anisotropy": 7.7945, "tensor": [[27.5359, 1.0739, 0.4209], [-0.993, 32.9838, -1.3872], [1.0737, -3.9247, 25.3618]], "eigenvalues": [24.3618, 27.6962, 33.8235]}, "17": {"type": "H", "Isotropic": 28.462, "Anisotropy": 9.9078, "tensor": [[25.6465, 0.6533, -3.4167], [0.7294, 26.6943, -4.0152], [-2.7014, -1.3873, 33.0454]], "eigenvalues": [24.4957, 25.8232, 35.0673]}, "18": {"type": "O", "Isotropic": 320.6514, "Anisotropy": 35.0813, "tensor": [[294.7438, 1.8463, -0.2538], [-1.9685, 337.454, -16.4279], [-2.0083, -2.953, 329.7565]], "eigenvalues": [294.7039, 323.2115, 344.0389]}, "19": {"type": "C", "Isotropic": 128.7703, "Anisotropy": 82.9901, "tensor": [[108.6058, -12.2118, -20.0378], [-14.0014, 116.0546, 33.9189], [-16.6088, 28.5298, 161.6506]], "eigenvalues": [97.7303, 104.4836, 184.0971]}, "20": {"type": "C", "Isotropic": 117.5846, "Anisotropy": 65.5564, "tensor": [[91.5291, -8.5998, 3.5245], [-1.0294, 111.9343, -26.6811], [-4.7417, -21.8976, 149.2904]], "eigenvalues": [89.4867, 101.9783, 161.2889]}, "21": {"type": "C", "Isotropic": 117.1218, "Anisotropy": 65.5041, "tensor": [[139.1227, -30.3035, -4.5862], [-36.0586, 109.8167, 0.394], [9.5734, 1.0681, 102.4259]], "eigenvalues": [87.9278, 102.6463, 160.7911]}, "22": {"type": "O", "Isotropic": 319.5847, "Anisotropy": 35.5676, "tensor": [[335.179, -14.7507, 12.624], [-9.0848, 307.8018, 15.4807], [15.1829, 9.0027, 315.7733]], "eigenvalues": [291.549, 323.9086, 343.2965]}, "23": {"type": "C", "Isotropic": 129.4611, "Anisotropy": 84.0838, "tensor": [[110.2667, -15.1995, -22.4378], [-15.5019, 126.1996, 31.3975], [-26.1008, 34.8077, 151.917]], "eigenvalues": [99.1099, 103.7564, 185.5169]}, "24": {"type": "H", "Isotropic": 27.9222, "Anisotropy": 6.1838, "tensor": [[26.4639, -2.3624, -1.8403], [-2.7288, 25.6064, 1.0145], [-0.8429, -1.4998, 31.6964]], "eigenvalues": [23.3194, 28.4025, 32.0448]}, "25": {"type": "H", "Isotropic": 28.6232, "Anisotropy": 7.9588, "tensor": [[27.4414, -1.3398, -0.2248], [0.213, 30.1703, 3.3688], [0.9255, 5.8505, 28.2578]], "eigenvalues": [24.3776, 27.5628, 33.929]}, "26": {"type": "H", "Isotropic": 28.3185, "Anisotropy": 8.0328, "tensor": [[29.1693, -3.7843, 0.65], [-4.1876, 28.0172, -0.7198], [2.9086, -2.7874, 27.7689]], "eigenvalues": [24.5553, 26.7265, 33.6737]}, "27": {"type": "H", "Isotropic": 28.1855, "Anisotropy": 6.1926, "tensor": [[26.4598, 0.6438, 0.2052], [1.5041, 30.8973, -1.3405], [-0.5602, -3.5868, 27.1995]], "eigenvalues": [25.7696, 26.4731, 32.3139]}, "28": {"type": "H", "Isotropic": 28.0835, "Anisotropy": 6.1692, "tensor": [[31.4157, 1.5298, 2.4576], [-0.666, 26.3929, -0.3334], [1.6826, 0.4707, 26.442]], "eigenvalues": [25.6832, 26.3711, 32.1963]}, "29": {"type": "H", "Isotropic": 28.3689, "Anisotropy": 8.0448, "tensor": [[26.6999, -2.8857, 2.6755], [-2.4937, 27.8952, -4.1237], [0.7624, -1.9001, 30.5116]], "eigenvalues": [24.4673, 26.9073, 33.7321]}, "30": {"type": "H", "Isotropic": 28.0446, "Anisotropy": 5.9997, "tensor": [[27.9281, -3.2809, -0.5904], [-3.9504, 26.8204, -0.3637], [-3.0253, 1.0966, 29.3854]], "eigenvalues": [23.5685, 28.521, 32.0444]}, "31": {"type": "H", "Isotropic": 28.6034, "Anisotropy": 7.902, "tensor": [[24.7306, 0.2269, -0.9402], [2.2322, 29.7658, 2.8014], [1.4662, 3.4674, 31.3138]], "eigenvalues": [24.4074, 27.5314, 33.8714]}, "32": {"type": "H", "Isotropic": 28.514, "Anisotropy": 10.0528, "tensor": [[25.6081, 0.7457, -3.7605], [0.1867, 25.879, 0.5972], [-2.7268, -1.8479, 34.055]], "eigenvalues": [24.4639, 25.8623, 35.2159]}, "33": {"type": "H", "Isotropic": 28.4079, "Anisotropy": 10.1811, "tensor": [[31.4483, -2.7736, -2.3252], [-3.3792, 26.4375, 2.0048], [-4.4963, 3.279, 27.3377]], "eigenvalues": [24.2008, 25.8275, 35.1952]}, "34": {"type": "O", "Isotropic": 317.4867, "Anisotropy": 33.3069, "tensor": [[314.5196, -5.716, 8.8924], [-10.8712, 316.3354, 16.5164], [7.0423, 24.5661, 321.6052]], "eigenvalues": [292.3143, 320.4545, 339.6914]}, "35": {"type": "C", "Isotropic": 128.5336, "Anisotropy": 83.9575, "tensor": [[181.9086, -7.6463, 12.7009], [-2.1612, 102.3113, -2.3502], [14.6086, -3.5391, 101.381]], "eigenvalues": [98.0107, 103.085, 184.5053]}, "36": {"type": "C", "Isotropic": 117.2644, "Anisotropy": 65.084, "tensor": [[122.2772, -20.5675, -9.1868], [-30.3541, 128.7716, 24.7156], [-13.9139, 18.1285, 100.7444]], "eigenvalues": [88.9502, 102.1894, 160.6537]}, "37": {"type": "C", "Isotropic": 117.5822, "Anisotropy": 65.1212, "tensor": [[120.0079, 21.3701, 1.5597], [30.7499, 144.0041, -8.817], [-1.4389, -2.3249, 88.7347]], "eigenvalues": [87.8338, 103.9165, 160.9964]}, "38": {"type": "O", "Isotropic": 316.6151, "Anisotropy": 29.467, "tensor": [[313.6954, -0.0655, 11.6061], [8.5184, 330.0678, -9.1948], [13.8739, -17.86, 306.0822]], "eigenvalues": [291.8279, 321.7577, 336.2598]}, "39": {"type": "C", "Isotropic": 128.9179, "Anisotropy": 84.1633, "tensor": [[181.3801, 8.5224, 16.8632], [2.8506, 101.4257, 0.2872], [15.2923, 4.77, 103.9478]], "eigenvalues": [99.4937, 102.2331, 185.0267]}, "40": {"type": "H", "Isotropic": 28.0273, "Anisotropy": 6.0996, "tensor": [[31.6404, -2.1582, -1.6728], [0.2364, 28.7859, 1.0806], [-0.1389, 0.8842, 23.6557]], "eigenvalues": [23.41, 28.5783, 32.0937]}, "41": {"type": "H", "Isotropic": 28.6171, "Anisotropy": 7.8809, "tensor": [[30.9545, 1.4083, 5.5235], [0.8948, 26.4462, -1.2041], [2.4056, -0.9923, 28.4505]], "eigenvalues": [24.3626, 27.6176, 33.871]}, "42": {"type": "H", "Isotropic": 28.479, "Anisotropy": 8.1583, "tensor": [[27.204, -0.1906, -0.0936], [2.6738, 33.5379, 1.2698], [0.1081, 1.083, 24.6952]], "eigenvalues": [24.5319, 26.9873, 33.9179]}, "43": {"type": "H", "Isotropic": 28.0503, "Anisotropy": 5.9173, "tensor": [[25.8993, -0.797, -1.4219], [-0.3292, 27.7569, 3.3857], [0.0252, 1.3625, 30.4946]], "eigenvalues": [25.7414, 26.4143, 31.9952]}, "44": {"type": "H", "Isotropic": 28.2213, "Anisotropy": 6.1131, "tensor": [[25.8273, 0.9777, -0.7858], [-0.1782, 30.4299, -3.7929], [0.2039, -1.5158, 28.4068]], "eigenvalues": [25.7893, 26.5779, 32.2967]}, "45": {"type": "H", "Isotropic": 28.3305, "Anisotropy": 7.9028, "tensor": [[27.1879, -0.0211, -0.3311], [-3.1386, 32.5169, 2.4002], [-0.9348, 2.0695, 25.2867]], "eigenvalues": [24.6375, 26.755, 33.599]}, "46": {"type": "H", "Isotropic": 28.5898, "Anisotropy": 7.8934, "tensor": [[30.9338, -2.9844, 4.8483], [-1.4209, 25.8787, 0.4982], [2.0432, 0.1357, 28.9569]], "eigenvalues": [24.3628, 27.5545, 33.8521]}, "47": {"type": "H", "Isotropic": 28.3871, "Anisotropy": 10.1071, "tensor": [[33.3795, -4.1619, -2.7935], [-1.9963, 25.5407, 1.5697], [-1.4796, 1.0989, 26.2411]], "eigenvalues": [24.2497, 25.7864, 35.1252]}, "48": {"type": "H", "Isotropic": 27.8777, "Anisotropy": 6.3328, "tensor": [[31.4017, 2.7316, -0.316], [0.2768, 28.8348, 0.5777], [-0.1158, 1.2257, 23.3964]], "eigenvalues": [23.2245, 28.3089, 32.0995]}, "49": {"type": "H", "Isotropic": 28.5404, "Anisotropy": 9.9618, "tensor": [[32.8207, 5.3736, -1.037], [2.7972, 27.4487, -1.3712], [-0.5417, -0.9353, 25.3518]], "eigenvalues": [24.584, 25.8556, 35.1816]}}, "dipole_moment": {"X": 129.9886, "Y": 29.799, "Z": 204.2479, "Tot": 243.9308}}}, "functional": "wB97X", "basis": "Def2TZVP", "phase": "solution", "type": "nmr;scrf", "smiles": "[Li].O(C)CCOC.O(C)CCOC.O(C)CCOC", "inchi": "InChI=1S/3C4H10O2.Li/c3*1-5-3-4-6-2;/h3*3-4H2,1-2H3;", "formula": "Li1 H30 C12 O6", "formula_pretty": "LiH30(C2O)6", "formula_anonymous": "AB6C12D30", "formula_alphabetical": "C12 H30 Li1 O6", "chemsys": "C-H-Li-O", "nsites": 49, "nelements": 4, "is_ordered": true, "is_valid": true, "gauss_version": "ES64L-G16RevC.01", "structural_change": "no_change", "tag": "oplsdp_conf_2", "wall_time (s)": 1082.4296530568972, "version": "0.0.1", "last_updated": "2021-11-18T10:36:06.522616", "_id": null}