{"input": {"molecule": {"charge": 0, "spin_multiplicity": 1, "sites": [{"name": "Li", "species": [{"element": "Li", "occu": 1}], "xyz": [42.457262, 2.239462, 39.162577], "properties": {}}, {"name": "O", "species": [{"element": "O", "occu": 1}], "xyz": [43.362957, 0.516241, 39.846914], "properties": {}}, {"name": "C", "species": [{"element": "C", "occu": 1}], "xyz": [44.726863, 0.176208, 39.675253], "properties": {}}, {"name": "C", "species": [{"element": "C", "occu": 1}], "xyz": [42.503722, -0.606283, 39.746911], "properties": {}}, {"name": "C", "species": [{"element": "C", "occu": 1}], "xyz": [41.093649, -0.137162, 39.985218], "properties": {}}, {"name": "O", "species": [{"element": "O", "occu": 1}], "xyz": [40.838988, 0.924541, 39.080882], "properties": {}}, {"name": "C", "species": [{"element": "C", "occu": 1}], "xyz": [39.48888, 1.355155, 39.099835], "properties": {}}, {"name": "H", "species": [{"element": "H", "occu": 1}], "xyz": [45.301287, 1.098615, 39.71885], "properties": {}}, {"name": "H", "species": [{"element": "H", "occu": 1}], "xyz": [44.885453, -0.302346, 38.702672], "properties": {}}, {"name": "H", "species": [{"element": "H", "occu": 1}], "xyz": [42.774323, -1.362859, 40.491577], "properties": {}}, {"name": "H", "species": [{"element": "H", "occu": 1}], "xyz": [42.5983, -1.048701, 38.74712], "properties": {}}, {"name": "H", "species": [{"element": "H", "occu": 1}], "xyz": [40.969819, 0.220232, 41.014232], "properties": {}}, {"name": "H", "species": [{"element": "H", "occu": 1}], "xyz": [40.397284, -0.965046, 39.810606], "properties": {}}, {"name": "H", "species": [{"element": "H", "occu": 1}], "xyz": [39.41181, 2.213843, 38.434294], "properties": {}}, {"name": "H", "species": [{"element": "H", "occu": 1}], "xyz": [39.192354, 1.653498, 40.109125], "properties": {}}, {"name": "H", "species": [{"element": "H", "occu": 1}], "xyz": [38.83063, 0.555456, 38.745715], "properties": {}}, {"name": "H", "species": [{"element": "H", "occu": 1}], "xyz": [45.053793, -0.50413, 40.467285], "properties": {}}, {"name": "O", "species": [{"element": "O", "occu": 1}], "xyz": [44.294451, 3.331538, 39.058768], "properties": {}}, {"name": "C", "species": [{"element": "C", "occu": 1}], "xyz": [44.783608, 4.01267, 40.201611], "properties": {}}, {"name": "C", "species": [{"element": "C", "occu": 1}], "xyz": [44.119911, 4.187597, 37.94498], "properties": {}}, {"name": "C", "species": [{"element": "C", "occu": 1}], "xyz": [43.683688, 3.338703, 36.781197], "properties": {}}, {"name": "O", "species": [{"element": "O", "occu": 1}], "xyz": [42.514837, 2.636348, 37.166013], "properties": {}}, {"name": "C", "species": [{"element": "C", "occu": 1}], "xyz": [42.013866, 1.796416, 36.142234], "properties": {}}, {"name": "H", "species": [{"element": "H", "occu": 1}], "xyz": [44.855769, 3.284358, 41.008744], "properties": {}}, {"name": "H", "species": [{"element": "H", "occu": 1}], "xyz": [44.100123, 4.811947, 40.502577], "properties": {}}, {"name": "H", "species": [{"element": "H", "occu": 1}], "xyz": [45.058979, 4.696299, 37.699375], "properties": {}}, {"name": "H", "species": [{"element": "H", "occu": 1}], "xyz": [43.360566, 4.944268, 38.17778], "properties": {}}, {"name": "H", "species": [{"element": "H", "occu": 1}], "xyz": [44.4705, 2.622113, 36.5145], "properties": {}}, {"name": "H", "species": [{"element": "H", "occu": 1}], "xyz": [43.479495, 3.973774, 35.91197], "properties": {}}, {"name": "H", "species": [{"element": "H", "occu": 1}], "xyz": [41.150877, 1.271915, 36.54678], "properties": {}}, {"name": "H", "species": [{"element": "H", "occu": 1}], "xyz": [42.77122, 1.06676, 35.836016], "properties": {}}, {"name": "H", "species": [{"element": "H", "occu": 1}], "xyz": [41.715005, 2.389283, 35.272481], "properties": {}}, {"name": "H", "species": [{"element": "H", "occu": 1}], "xyz": [45.77417, 4.432495, 40.000639], "properties": {}}, {"name": "N", "species": [{"element": "N", "occu": 1}], "xyz": [40.722054, 2.74016, 42.025972], "properties": {}}, {"name": "S", "species": [{"element": "S", "occu": 1}], "xyz": [41.134706, 4.095438, 41.380062], "properties": {}}, {"name": "O", "species": [{"element": "O", "occu": 1}], "xyz": [42.003926, 4.927797, 42.150822], "properties": {}}, {"name": "O", "species": [{"element": "O", "occu": 1}], "xyz": [41.487294, 3.843007, 40.002655], "properties": {}}, {"name": "C", "species": [{"element": "C", "occu": 1}], "xyz": [39.574081, 5.067196, 41.222812], "properties": {}}, {"name": "F", "species": [{"element": "F", "occu": 1}], "xyz": [38.648606, 4.372674, 40.563986], "properties": {}}, {"name": "F", "species": [{"element": "F", "occu": 1}], "xyz": [39.821199, 6.189819, 40.551612], "properties": {}}, {"name": "F", "species": [{"element": "F", "occu": 1}], "xyz": [39.098313, 5.382361, 42.422621], "properties": {}}, {"name": "S", "species": [{"element": "S", "occu": 1}], "xyz": [40.644695, 2.377363, 43.560115], "properties": {}}, {"name": "O", "species": [{"element": "O", "occu": 1}], "xyz": [40.709685, 3.483741, 44.464506], "properties": {}}, {"name": "O", "species": [{"element": "O", "occu": 1}], "xyz": [41.427662, 1.211085, 43.833537], "properties": {}}, {"name": "C", "species": [{"element": "C", "occu": 1}], "xyz": [38.903613, 1.775628, 43.651414], "properties": {}}, {"name": "F", "species": [{"element": "F", "occu": 1}], "xyz": [38.047354, 2.738384, 43.318249], "properties": {}}, {"name": "F", "species": [{"element": "F", "occu": 1}], "xyz": [38.713991, 0.739116, 42.835969], "properties": {}}, {"name": "F", "species": [{"element": "F", "occu": 1}], "xyz": [38.645279, 1.38758, 44.89794], "properties": {}}]}, "functional": "wB97X", "basis_set": "Def2TZVP", "route_parameters": {"NMR": "GIAO", "iop(7/33=1)": null, "int": "ultrafine", "NoSymmetry": null, "test": null, "SCRF": {"Solvent": "TetraHydroFuran"}}, "title": "Li1 H20 C10 S2 N1 O8 F6", "charge": 0, "spin_multiplicity": 1, "input_parameters": {}, "link0_parameters": {"%chk": "checkpoint.chk", "%mem": "45GB", "%NProcShared": "28"}, "dieze_tag": "#P", "nbasisfunctions": 983, "pcm_parameters": {}}, "output": {"has_gaussian_completed": true, "is_pcm": true, "errors": [], "Mulliken_charges": {"1": ["Li", 0.678308], "2": ["O", -0.387808], "3": ["C", -0.185704], "4": ["C", -0.033268], "5": ["C", -0.025382], "6": ["O", -0.403061], "7": ["C", -0.203614], "8": ["H", 0.134952], "9": ["H", 0.128746], "10": ["H", 0.136262], "11": ["H", 0.12347], "12": ["H", 0.111692], "13": ["H", 0.134499], "14": ["H", 0.150141], "15": ["H", 0.118413], "16": ["H", 0.143531], "17": ["H", 0.137774], "18": ["O", -0.392456], "19": ["C", -0.210637], "20": ["C", -0.06681], "21": ["C", -0.024023], "22": ["O", -0.385832], "23": ["C", -0.18897], "24": ["H", 0.146802], "25": ["H", 0.137425], "26": ["H", 0.136347], "27": ["H", 0.145211], "28": ["H", 0.124308], "29": ["H", 0.134096], "30": ["H", 0.1385], "31": ["H", 0.130639], "32": ["H", 0.136928], "33": ["H", 0.140582], "34": ["N", -0.45506], "35": ["S", 0.843854], "36": ["O", -0.463587], "37": ["O", -0.553101], "38": ["C", 0.425702], "39": ["F", -0.155954], "40": ["F", -0.153687], "41": ["F", -0.149134], "42": ["S", 0.788203], "43": ["O", -0.461119], "44": ["O", -0.474214], "45": ["C", 0.412323], "46": ["F", -0.157116], "47": ["F", -0.155942], "48": ["F", -0.152231]}, "output": {"energies": [-2452.99797193], "final_energy": -2452.99797193, "final_energy_per_atom": -51.10412441520833, "molecule": {"charge": 0.0, "spin_multiplicity": 1, "sites": [{"name": "Li", "species": [{"element": "Li", "occu": 1}], "xyz": [42.457262, 2.239462, 39.162577], "properties": {}}, {"name": "O", "species": [{"element": "O", "occu": 1}], "xyz": [43.362957, 0.516241, 39.846914], "properties": {}}, {"name": "C", "species": [{"element": "C", "occu": 1}], "xyz": [44.726863, 0.176208, 39.675253], "properties": {}}, {"name": "C", "species": [{"element": "C", "occu": 1}], "xyz": [42.503722, -0.606283, 39.746911], "properties": {}}, {"name": "C", "species": [{"element": "C", "occu": 1}], "xyz": [41.093649, -0.137162, 39.985218], "properties": {}}, {"name": "O", "species": [{"element": "O", "occu": 1}], "xyz": [40.838988, 0.924541, 39.080882], "properties": {}}, {"name": "C", "species": [{"element": "C", "occu": 1}], "xyz": [39.48888, 1.355155, 39.099835], "properties": {}}, {"name": "H", "species": [{"element": "H", "occu": 1}], "xyz": [45.301287, 1.098615, 39.71885], "properties": {}}, {"name": "H", "species": [{"element": "H", "occu": 1}], "xyz": [44.885453, -0.302346, 38.702672], "properties": {}}, {"name": "H", "species": [{"element": "H", "occu": 1}], "xyz": [42.774323, -1.362859, 40.491577], "properties": {}}, {"name": "H", "species": [{"element": "H", "occu": 1}], "xyz": [42.5983, -1.048701, 38.74712], "properties": {}}, {"name": "H", "species": [{"element": "H", "occu": 1}], "xyz": [40.969819, 0.220232, 41.014232], "properties": {}}, {"name": "H", "species": [{"element": "H", "occu": 1}], "xyz": [40.397284, -0.965046, 39.810606], "properties": {}}, {"name": "H", "species": [{"element": "H", "occu": 1}], "xyz": [39.41181, 2.213843, 38.434294], "properties": {}}, {"name": "H", "species": [{"element": "H", "occu": 1}], "xyz": [39.192354, 1.653498, 40.109125], "properties": {}}, {"name": "H", "species": [{"element": "H", "occu": 1}], "xyz": [38.83063, 0.555456, 38.745715], "properties": {}}, {"name": "H", "species": [{"element": "H", "occu": 1}], "xyz": [45.053793, -0.50413, 40.467285], "properties": {}}, {"name": "O", "species": [{"element": "O", "occu": 1}], "xyz": [44.294451, 3.331538, 39.058768], "properties": {}}, {"name": "C", "species": [{"element": "C", "occu": 1}], "xyz": [44.783608, 4.01267, 40.201611], "properties": {}}, {"name": "C", "species": [{"element": "C", "occu": 1}], "xyz": [44.119911, 4.187597, 37.94498], "properties": {}}, {"name": "C", "species": [{"element": "C", "occu": 1}], "xyz": [43.683688, 3.338703, 36.781197], "properties": {}}, {"name": "O", "species": [{"element": "O", "occu": 1}], "xyz": [42.514837, 2.636348, 37.166013], "properties": {}}, {"name": "C", "species": [{"element": "C", "occu": 1}], "xyz": [42.013866, 1.796416, 36.142234], "properties": {}}, {"name": "H", "species": [{"element": "H", "occu": 1}], "xyz": [44.855769, 3.284358, 41.008744], "properties": {}}, {"name": "H", "species": [{"element": "H", "occu": 1}], "xyz": [44.100123, 4.811947, 40.502577], "properties": {}}, {"name": "H", "species": [{"element": "H", "occu": 1}], "xyz": [45.058979, 4.696299, 37.699375], "properties": {}}, {"name": "H", "species": [{"element": "H", "occu": 1}], "xyz": [43.360566, 4.944268, 38.17778], "properties": {}}, {"name": "H", "species": [{"element": "H", "occu": 1}], "xyz": [44.4705, 2.622113, 36.5145], "properties": {}}, {"name": "H", "species": [{"element": "H", "occu": 1}], "xyz": [43.479495, 3.973774, 35.91197], "properties": {}}, {"name": "H", "species": [{"element": "H", "occu": 1}], "xyz": [41.150877, 1.271915, 36.54678], "properties": {}}, {"name": "H", "species": [{"element": "H", "occu": 1}], "xyz": [42.77122, 1.06676, 35.836016], "properties": {}}, {"name": "H", "species": [{"element": "H", "occu": 1}], "xyz": [41.715005, 2.389283, 35.272481], "properties": {}}, {"name": "H", "species": [{"element": "H", "occu": 1}], "xyz": [45.77417, 4.432495, 40.000639], "properties": {}}, {"name": "N", "species": [{"element": "N", "occu": 1}], "xyz": [40.722054, 2.74016, 42.025972], "properties": {}}, {"name": "S", "species": [{"element": "S", "occu": 1}], "xyz": [41.134706, 4.095438, 41.380062], "properties": {}}, {"name": "O", "species": [{"element": "O", "occu": 1}], "xyz": [42.003926, 4.927797, 42.150822], "properties": {}}, {"name": "O", "species": [{"element": "O", "occu": 1}], "xyz": [41.487294, 3.843007, 40.002655], "properties": {}}, {"name": "C", "species": [{"element": "C", "occu": 1}], "xyz": [39.574081, 5.067196, 41.222812], "properties": {}}, {"name": "F", "species": [{"element": "F", "occu": 1}], "xyz": [38.648606, 4.372674, 40.563986], "properties": {}}, {"name": "F", "species": [{"element": "F", "occu": 1}], "xyz": [39.821199, 6.189819, 40.551612], "properties": {}}, {"name": "F", "species": [{"element": "F", "occu": 1}], "xyz": [39.098313, 5.382361, 42.422621], "properties": {}}, {"name": "S", "species": [{"element": "S", "occu": 1}], "xyz": [40.644695, 2.377363, 43.560115], "properties": {}}, {"name": "O", "species": [{"element": "O", "occu": 1}], "xyz": [40.709685, 3.483741, 44.464506], "properties": {}}, {"name": "O", "species": [{"element": "O", "occu": 1}], "xyz": [41.427662, 1.211085, 43.833537], "properties": {}}, {"name": "C", "species": [{"element": "C", "occu": 1}], "xyz": [38.903613, 1.775628, 43.651414], "properties": {}}, {"name": "F", "species": [{"element": "F", "occu": 1}], "xyz": [38.047354, 2.738384, 43.318249], "properties": {}}, {"name": "F", "species": [{"element": "F", "occu": 1}], "xyz": [38.713991, 0.739116, 42.835969], "properties": {}}, {"name": "F", "species": [{"element": "F", "occu": 1}], "xyz": [38.645279, 1.38758, 44.89794], "properties": {}}]}, "stationary_type": "Minimum", "corrections": {}, "tensor": {"1": {"type": "Li", "Isotropic": 93.132, "Anisotropy": 5.0367, "tensor": [[92.7461, 1.5776, -1.9372], [1.7397, 95.0334, -0.8263], [-2.4001, -0.4833, 91.6167]], "eigenvalues": [89.8857, 93.0205, 96.4899]}, "2": {"type": "O", "Isotropic": 319.6861, "Anisotropy": 35.793, "tensor": [[323.6013, -0.1328, -7.0758], [7.5735, 337.2186, 12.4222], [-6.6208, 21.2514, 298.2385]], "eigenvalues": [290.1901, 325.3201, 343.5481]}, "3": {"type": "C", "Isotropic": 130.3334, "Anisotropy": 87.0953, "tensor": [[184.2976, -13.2123, -8.9409], [-18.3278, 106.1196, 2.9707], [-10.0302, -0.4972, 100.5829]], "eigenvalues": [99.4484, 103.1547, 188.3969]}, "4": {"type": "C", "Isotropic": 116.3931, "Anisotropy": 68.6038, "tensor": [[131.4841, 24.6396, 5.6229], [35.548, 132.2224, 5.7943], [0.6703, -1.5791, 85.4728]], "eigenvalues": [85.2585, 101.7918, 162.1289]}, "5": {"type": "C", "Isotropic": 119.7742, "Anisotropy": 64.544, "tensor": [[111.8551, -9.1515, 5.0081], [-20.649, 133.1047, -34.5677], [9.0898, -30.6729, 114.3629]], "eigenvalues": [89.2044, 107.3147, 162.8035]}, "6": {"type": "O", "Isotropic": 319.9642, "Anisotropy": 36.9521, "tensor": [[317.95, -4.8878, -14.1513], [-9.5948, 313.0692, -14.4168], [-5.8765, -28.6359, 328.8734]], "eigenvalues": [292.5991, 322.6945, 344.5989]}, "7": {"type": "C", "Isotropic": 130.3424, "Anisotropy": 81.6189, "tensor": [[175.3163, -27.7382, 4.057], [-23.4693, 113.9619, -2.0321], [3.3917, 1.339, 101.7489]], "eigenvalues": [101.3263, 104.9459, 184.755]}, "8": {"type": "H", "Isotropic": 27.8831, "Anisotropy": 6.2968, "tensor": [[31.9691, 2.0269, 0.04], [-0.8233, 28.7932, -0.594], [-0.0454, -0.7306, 22.8869]], "eigenvalues": [22.8131, 28.7552, 32.0809]}, "9": {"type": "H", "Isotropic": 28.6686, "Anisotropy": 8.9782, "tensor": [[30.4312, -4.2638, -4.7891], [-2.3931, 27.2025, 1.437], [-2.1906, 1.1625, 28.3721]], "eigenvalues": [24.8102, 26.5415, 34.6541]}, "10": {"type": "H", "Isotropic": 28.1857, "Anisotropy": 7.1402, "tensor": [[26.8722, 1.1679, -0.5608], [-1.7009, 31.7089, -3.0563], [0.5065, -2.7906, 25.9759]], "eigenvalues": [24.7403, 26.8709, 32.9458]}, "11": {"type": "H", "Isotropic": 28.2863, "Anisotropy": 7.4538, "tensor": [[26.9335, 1.6928, 1.1179], [0.1851, 30.9518, 4.4084], [-0.2431, 2.8184, 26.9736]], "eigenvalues": [24.8329, 26.7706, 33.2555]}, "12": {"type": "H", "Isotropic": 27.5184, "Anisotropy": 6.9116, "tensor": [[24.4532, -1.5868, -1.3203], [-1.3865, 26.4206, -1.0451], [-2.2865, 1.0188, 31.6815]], "eigenvalues": [23.3424, 27.0866, 32.1262]}, "13": {"type": "H", "Isotropic": 28.5418, "Anisotropy": 7.1091, "tensor": [[27.7917, 0.9212, 0.0735], [3.6062, 32.1649, -0.7906], [-0.9232, -1.2128, 25.6687]], "eigenvalues": [25.5132, 26.831, 33.2811]}, "14": {"type": "H", "Isotropic": 28.2655, "Anisotropy": 6.5524, "tensor": [[29.7549, -3.9308, 2.7076], [-1.9601, 27.8431, -1.1476], [0.9655, -0.5998, 27.1986]], "eigenvalues": [25.5637, 26.5991, 32.6338]}, "15": {"type": "H", "Isotropic": 28.1149, "Anisotropy": 7.6206, "tensor": [[29.1576, -1.5538, -3.6062], [-1.4195, 26.6191, 4.2252], [-0.8299, 3.2081, 28.5681]], "eigenvalues": [23.7443, 27.4052, 33.1953]}, "16": {"type": "H", "Isotropic": 28.6479, "Anisotropy": 9.2099, "tensor": [[33.3749, 3.4271, 2.3728], [0.6464, 26.0543, 1.9767], [2.1315, 1.952, 26.5146]], "eigenvalues": [24.3065, 26.8494, 34.7879]}, "17": {"type": "H", "Isotropic": 28.4361, "Anisotropy": 9.9025, "tensor": [[31.5555, -5.114, 3.2272], [-3.0809, 26.9586, -2.3171], [1.4584, -1.4909, 26.7942]], "eigenvalues": [24.4134, 25.8571, 35.0378]}, "18": {"type": "O", "Isotropic": 319.0263, "Anisotropy": 38.8904, "tensor": [[294.2469, -8.0464, 13.6805], [-3.82, 336.3904, -19.7248], [7.5587, -0.4315, 326.4416]], "eigenvalues": [290.8756, 321.25, 344.9533]}, "19": {"type": "C", "Isotropic": 129.8441, "Anisotropy": 83.6441, "tensor": [[115.2411, 13.1445, 24.8765], [14.4876, 113.4414, 31.5015], [22.0372, 27.8833, 160.8498]], "eigenvalues": [98.4329, 105.4926, 185.6068]}, "20": {"type": "C", "Isotropic": 117.6558, "Anisotropy": 65.1437, "tensor": [[94.7872, 4.3117, 8.3997], [-8.1093, 112.1246, -26.4882], [14.8734, -23.2488, 146.0558]], "eigenvalues": [91.1502, 100.7324, 161.085]}, "21": {"type": "C", "Isotropic": 116.5082, "Anisotropy": 66.1105, "tensor": [[136.2643, 31.4087, -2.9225], [36.1229, 110.4345, 0.6736], [-13.2193, -5.0687, 102.8257]], "eigenvalues": [86.6974, 102.2453, 160.5818]}, "22": {"type": "O", "Isotropic": 319.7446, "Anisotropy": 39.5188, "tensor": [[329.1243, 15.9422, -18.1883], [9.8992, 307.7693, 17.5555], [-21.6902, 6.8055, 322.3403]], "eigenvalues": [288.9261, 324.2173, 346.0905]}, "23": {"type": "C", "Isotropic": 130.7768, "Anisotropy": 86.0753, "tensor": [[114.837, 20.7211, 21.7699], [21.5562, 133.3265, 33.4314], [24.7399, 37.6527, 144.1671]], "eigenvalues": [101.0099, 103.1602, 188.1604]}, "24": {"type": "H", "Isotropic": 28.3595, "Anisotropy": 6.853, "tensor": [[27.1044, -0.101, 2.4201], [0.8075, 25.924, 1.291], [2.0955, -1.2859, 32.05]], "eigenvalues": [25.7126, 26.4377, 32.9282]}, "25": {"type": "H", "Isotropic": 28.3086, "Anisotropy": 7.0079, "tensor": [[28.9312, 1.3097, -1.6978], [-0.1608, 27.4712, 3.3478], [-3.3021, 5.3153, 28.5233]], "eigenvalues": [22.8841, 29.0611, 32.9805]}, "26": {"type": "H", "Isotropic": 28.3862, "Anisotropy": 8.2954, "tensor": [[28.3736, 3.3974, -0.757], [4.2282, 28.1918, -1.7688], [-2.7277, -3.5317, 28.5932]], "eigenvalues": [24.3173, 26.9249, 33.9165]}, "27": {"type": "H", "Isotropic": 28.0912, "Anisotropy": 5.7667, "tensor": [[26.1179, -1.5252, -0.8744], [-1.9228, 30.2333, -1.4251], [0.4128, -3.0801, 27.9223]], "eigenvalues": [25.0419, 27.296, 31.9356]}, "28": {"type": "H", "Isotropic": 28.2003, "Anisotropy": 7.4135, "tensor": [[31.3229, -0.9258, -3.3667], [1.268, 25.2672, 0.2482], [-2.7177, 1.5279, 28.0108]], "eigenvalues": [24.7558, 26.7024, 33.1427]}, "29": {"type": "H", "Isotropic": 28.3778, "Anisotropy": 8.1108, "tensor": [[26.3286, 2.385, -1.9317], [1.701, 27.7199, -4.5367], [-0.1984, -2.3702, 31.085]], "eigenvalues": [24.5398, 26.8086, 33.785]}, "30": {"type": "H", "Isotropic": 27.8338, "Anisotropy": 5.8962, "tensor": [[27.6484, 4.0544, -0.6763], [4.3597, 26.1368, 0.3307], [1.639, 1.9385, 29.7162]], "eigenvalues": [22.5732, 29.1636, 31.7646]}, "31": {"type": "H", "Isotropic": 28.623, "Anisotropy": 8.9856, "tensor": [[25.0586, 0.0761, 0.708], [-2.1013, 30.3355, 3.9481], [-1.518, 4.2578, 30.475]], "eigenvalues": [24.8256, 26.4301, 34.6134]}, "32": {"type": "H", "Isotropic": 28.4636, "Anisotropy": 10.0303, "tensor": [[26.5583, -0.1768, 4.1521], [0.3928, 25.3014, 1.7135], [3.2666, -0.966, 33.5311]], "eigenvalues": [24.947, 25.2934, 35.1505]}, "33": {"type": "H", "Isotropic": 28.639, "Anisotropy": 9.5893, "tensor": [[32.1572, 3.2105, 1.1385], [3.8902, 26.7108, 1.2603], [3.2983, 3.1965, 27.049]], "eigenvalues": [24.369, 26.5161, 35.0319]}, "34": {"type": "N", "Isotropic": 117.1653, "Anisotropy": 62.7427, "tensor": [[94.9776, -5.8432, -12.3914], [-4.0042, 120.7827, -28.6356], [-13.0051, -29.3398, 135.7356]], "eigenvalues": [84.4749, 108.0273, 158.9938]}, "35": {"type": "S", "Isotropic": 174.5574, "Anisotropy": 208.7867, "tensor": [[136.1552, 99.6854, -2.5479], [84.7033, 132.4068, 112.7083], [8.2861, 61.1844, 255.1103]], "eigenvalues": [24.9172, 185.0066, 313.7485]}, "36": {"type": "O", "Isotropic": 130.6662, "Anisotropy": 58.7866, "tensor": [[110.6055, 1.4259, -8.4989], [37.0776, 146.7284, 22.8533], [0.4889, 28.2986, 134.6648]], "eigenvalues": [96.0024, 126.139, 169.8573]}, "37": {"type": "O", "Isotropic": 140.6449, "Anisotropy": 83.6505, "tensor": [[105.1544, 23.7703, 17.449], [22.2622, 121.3267, 5.1702], [-13.9861, 9.972, 195.4534]], "eigenvalues": [88.762, 136.7607, 196.4119]}, "38": {"type": "C", "Isotropic": 59.1723, "Anisotropy": 7.9309, "tensor": [[53.2073, 4.5229, -1.4354], [7.653, 61.1439, 1.3529], [-1.2217, 0.4, 63.1657]], "eigenvalues": [49.7215, 63.3358, 64.4596]}, "39": {"type": "F", "Isotropic": 267.2488, "Anisotropy": 122.9627, "tensor": [[276.8416, 62.3345, 35.779], [60.1716, 246.8587, 20.8495], [36.7622, 21.2665, 278.0463]], "eigenvalues": [198.2761, 254.2465, 349.224]}, "40": {"type": "F", "Isotropic": 268.6141, "Anisotropy": 128.3085, "tensor": [[201.1488, 25.3248, -2.0981], [25.7232, 321.9059, -45.8939], [-3.95, -42.4459, 282.7875]], "eigenvalues": [195.5108, 256.1785, 354.1531]}, "41": {"type": "F", "Isotropic": 269.4786, "Anisotropy": 123.7231, "tensor": [[239.6082, 13.8033, -55.3444], [9.9402, 247.4433, 28.6557], [-50.4181, 30.9845, 321.3843]], "eigenvalues": [200.6669, 255.8082, 351.9606]}, "42": {"type": "S", "Isotropic": 174.5692, "Anisotropy": 260.1672, "tensor": [[97.1115, -122.2989, 32.2305], [-104.7117, 280.4496, 56.2964], [33.8325, 86.779, 146.1464]], "eigenvalues": [13.4226, 162.2709, 348.014]}, "43": {"type": "O", "Isotropic": 144.7801, "Anisotropy": 97.8286, "tensor": [[129.5972, -62.1056, -17.3859], [-36.1962, 164.8402, 26.5707], [4.0812, 30.134, 139.9029]], "eigenvalues": [92.1172, 132.224, 209.9991]}, "44": {"type": "O", "Isotropic": 127.4108, "Anisotropy": 66.1145, "tensor": [[95.8647, -11.4619, 8.2942], [-25.0547, 163.2604, -2.9588], [20.5187, -16.4857, 123.1072]], "eigenvalues": [87.2666, 123.4786, 171.4871]}, "45": {"type": "C", "Isotropic": 60.579, "Anisotropy": 7.8265, "tensor": [[53.6132, -4.8048, -3.0331], [-3.5368, 62.8743, -2.2052], [-1.9017, -0.0168, 65.2495]], "eigenvalues": [51.4816, 64.4588, 65.7967]}, "46": {"type": "F", "Isotropic": 269.2804, "Anisotropy": 123.8663, "tensor": [[259.517, -73.3933, 24.1757], [-71.7936, 285.1858, -11.8032], [19.8562, -10.2054, 263.1383]], "eigenvalues": [197.0993, 258.8839, 351.8579]}, "47": {"type": "F", "Isotropic": 267.225, "Anisotropy": 126.0341, "tensor": [[202.32, 8.5267, 26.0892], [4.182, 312.9116, 48.7448], [24.6804, 45.0489, 286.4434]], "eigenvalues": [194.8187, 255.6086, 351.2477]}, "48": {"type": "F", "Isotropic": 275.1339, "Anisotropy": 122.5401, "tensor": [[211.234, -9.6337, -34.4986], [-11.0385, 273.5869, -29.0551], [-31.7929, -29.2369, 340.5807]], "eigenvalues": [199.1583, 269.416, 356.8273]}}, "dipole_moment": {"X": 5.5938, "Y": -5.3493, "Z": -15.1801, "Tot": 17.0394}}}, "functional": "wB97X", "basis": "Def2TZVP", "phase": "solution", "type": "nmr;scrf", "smiles": "[Li].O(C)CCOC.O(C)CCOC.[N](S(=O)(=O)C(F)(F)F)S(=O)(=O)C(F)(F)F", "inchi": "InChI=1S/2C4H10O2.C2F6NO4S2.Li/c2*1-5-3-4-6-2;3-1(4,5)14(10,11)9-15(12,13)2(6,7)8;/h2*3-4H2,1-2H3;;", "formula": "Li1 H20 C10 S2 N1 O8 F6", "formula_pretty": "LiH20C10S2N(O4F3)2", "formula_anonymous": "ABC2D6E8F10G20", "formula_alphabetical": "C10 F6 H20 Li1 N1 O8 S2", "chemsys": "C-F-H-Li-N-O-S", "nsites": 48, "nelements": 7, "is_ordered": true, "is_valid": true, "gauss_version": "ES64L-G16RevC.01", "structural_change": "no_change", "tag": "oplsdp_conf_6", "wall_time (s)": 1746.1197898238897, "version": "0.0.1", "last_updated": "2021-11-23T19:25:31.029677", "_id": null}