{"input": {"molecule": {"charge": 1, "spin_multiplicity": 1, "sites": [{"name": "Li", "species": [{"element": "Li", "occu": 1}], "xyz": [15.498054, 30.572178, 5.407703], "properties": {}}, {"name": "O", "species": [{"element": "O", "occu": 1}], "xyz": [15.965829, 32.671831, 5.268635], "properties": {}}, {"name": "C", "species": [{"element": "C", "occu": 1}], "xyz": [17.265611, 33.21648, 5.398923], "properties": {}}, {"name": "C", "species": [{"element": "C", "occu": 1}], "xyz": [14.981045, 33.458492, 5.91094], "properties": {}}, {"name": "C", "species": [{"element": "C", "occu": 1}], "xyz": [13.628156, 32.87707, 5.599581], "properties": {}}, {"name": "O", "species": [{"element": "O", "occu": 1}], "xyz": [13.63661, 31.508279, 5.956442], "properties": {}}, {"name": "C", "species": [{"element": "C", "occu": 1}], "xyz": [12.360595, 30.908146, 5.83527], "properties": {}}, {"name": "H", "species": [{"element": "H", "occu": 1}], "xyz": [17.324901, 34.191323, 4.9047], "properties": {}}, {"name": "H", "species": [{"element": "H", "occu": 1}], "xyz": [17.9579, 32.519648, 4.931376], "properties": {}}, {"name": "H", "species": [{"element": "H", "occu": 1}], "xyz": [15.022677, 34.494041, 5.553963], "properties": {}}, {"name": "H", "species": [{"element": "H", "occu": 1}], "xyz": [15.158386, 33.459608, 6.993807], "properties": {}}, {"name": "H", "species": [{"element": "H", "occu": 1}], "xyz": [13.400637, 32.978521, 4.530809], "properties": {}}, {"name": "H", "species": [{"element": "H", "occu": 1}], "xyz": [12.861812, 33.417399, 6.167187], "properties": {}}, {"name": "H", "species": [{"element": "H", "occu": 1}], "xyz": [11.973788, 31.017334, 4.815373], "properties": {}}, {"name": "H", "species": [{"element": "H", "occu": 1}], "xyz": [11.652776, 31.367752, 6.532414], "properties": {}}, {"name": "H", "species": [{"element": "H", "occu": 1}], "xyz": [12.475769, 29.851068, 6.06478], "properties": {}}, {"name": "H", "species": [{"element": "H", "occu": 1}], "xyz": [17.533146, 33.338684, 6.455077], "properties": {}}, {"name": "O", "species": [{"element": "O", "occu": 1}], "xyz": [15.108989, 30.397222, 3.298977], "properties": {}}, {"name": "C", "species": [{"element": "C", "occu": 1}], "xyz": [14.932718, 31.486601, 2.412737], "properties": {}}, {"name": "C", "species": [{"element": "C", "occu": 1}], "xyz": [14.221177, 29.329263, 3.029834], "properties": {}}, {"name": "C", "species": [{"element": "C", "occu": 1}], "xyz": [14.591096, 28.169191, 3.914407], "properties": {}}, {"name": "O", "species": [{"element": "O", "occu": 1}], "xyz": [14.610561, 28.617708, 5.255902], "properties": {}}, {"name": "C", "species": [{"element": "C", "occu": 1}], "xyz": [14.817166, 27.563162, 6.176932], "properties": {}}, {"name": "H", "species": [{"element": "H", "occu": 1}], "xyz": [13.901099, 31.855427, 2.449389], "properties": {}}, {"name": "H", "species": [{"element": "H", "occu": 1}], "xyz": [15.164669, 31.187179, 1.385743], "properties": {}}, {"name": "H", "species": [{"element": "H", "occu": 1}], "xyz": [14.295071, 29.02309, 1.980014], "properties": {}}, {"name": "H", "species": [{"element": "H", "occu": 1}], "xyz": [13.189404, 29.64868, 3.223844], "properties": {}}, {"name": "H", "species": [{"element": "H", "occu": 1}], "xyz": [15.579536, 27.777775, 3.642341], "properties": {}}, {"name": "H", "species": [{"element": "H", "occu": 1}], "xyz": [13.855671, 27.366236, 3.787796], "properties": {}}, {"name": "H", "species": [{"element": "H", "occu": 1}], "xyz": [14.887023, 28.006189, 7.168049], "properties": {}}, {"name": "H", "species": [{"element": "H", "occu": 1}], "xyz": [15.746835, 27.027239, 5.952822], "properties": {}}, {"name": "H", "species": [{"element": "H", "occu": 1}], "xyz": [13.983805, 26.854467, 6.141671], "properties": {}}, {"name": "H", "species": [{"element": "H", "occu": 1}], "xyz": [15.608451, 32.277273, 2.73152], "properties": {}}, {"name": "O", "species": [{"element": "O", "occu": 1}], "xyz": [17.549706, 29.969459, 5.207063], "properties": {}}, {"name": "C", "species": [{"element": "C", "occu": 1}], "xyz": [18.114225, 29.368002, 4.056871], "properties": {}}, {"name": "C", "species": [{"element": "C", "occu": 1}], "xyz": [18.034948, 29.403088, 6.409247], "properties": {}}, {"name": "C", "species": [{"element": "C", "occu": 1}], "xyz": [17.505865, 30.211811, 7.563186], "properties": {}}, {"name": "O", "species": [{"element": "O", "occu": 1}], "xyz": [16.097783, 30.286572, 7.448152], "properties": {}}, {"name": "C", "species": [{"element": "C", "occu": 1}], "xyz": [15.492335, 30.903901, 8.568876], "properties": {}}, {"name": "H", "species": [{"element": "H", "occu": 1}], "xyz": [17.635735, 29.815364, 3.188367], "properties": {}}, {"name": "H", "species": [{"element": "H", "occu": 1}], "xyz": [17.932902, 28.286873, 4.053661], "properties": {}}, {"name": "H", "species": [{"element": "H", "occu": 1}], "xyz": [19.130727, 29.418699, 6.426927], "properties": {}}, {"name": "H", "species": [{"element": "H", "occu": 1}], "xyz": [17.704208, 28.359573, 6.485582], "properties": {}}, {"name": "H", "species": [{"element": "H", "occu": 1}], "xyz": [17.931111, 31.223324, 7.551351], "properties": {}}, {"name": "H", "species": [{"element": "H", "occu": 1}], "xyz": [17.790085, 29.729606, 8.505571], "properties": {}}, {"name": "H", "species": [{"element": "H", "occu": 1}], "xyz": [15.901627, 31.908117, 8.729832], "properties": {}}, {"name": "H", "species": [{"element": "H", "occu": 1}], "xyz": [15.657009, 30.306734, 9.471286], "properties": {}}, {"name": "H", "species": [{"element": "H", "occu": 1}], "xyz": [14.427053, 30.978973, 8.361659], "properties": {}}, {"name": "H", "species": [{"element": "H", "occu": 1}], "xyz": [19.193817, 29.545449, 4.022121], "properties": {}}]}, "functional": "wB97X", "basis_set": "Def2TZVP", "route_parameters": {"NMR": "GIAO", "iop(7/33=1)": null, "int": "ultrafine", "NoSymmetry": null, "test": null, "SCRF": {"Solvent": "TetraHydroFuran"}}, "title": "Li1 H30 C12 O6", "charge": 1, "spin_multiplicity": 1, "input_parameters": {}, "link0_parameters": {"%chk": "checkpoint.chk", "%mem": "45GB", "%NProcShared": "28"}, "dieze_tag": "#P", "nbasisfunctions": 752, "pcm_parameters": {}}, "output": {"has_gaussian_completed": true, "is_pcm": true, "errors": [], "Mulliken_charges": {"1": ["Li", 0.587093], "2": ["O", -0.365098], "3": ["C", -0.208581], "4": ["C", -0.038765], "5": ["C", -0.039186], "6": ["O", -0.36539], "7": ["C", -0.209831], "8": ["H", 0.145995], "9": ["H", 0.146704], "10": ["H", 0.141811], "11": ["H", 0.120223], "12": ["H", 0.119687], "13": ["H", 0.141862], "14": ["H", 0.12839], "15": ["H", 0.145837], "16": ["H", 0.1467], "17": ["H", 0.12724], "18": ["O", -0.365743], "19": ["C", -0.209746], "20": ["C", -0.039692], "21": ["C", -0.039005], "22": ["O", -0.365364], "23": ["C", -0.209458], "24": ["H", 0.128297], "25": ["H", 0.145874], "26": ["H", 0.142045], "27": ["H", 0.120221], "28": ["H", 0.120383], "29": ["H", 0.141895], "30": ["H", 0.146745], "31": ["H", 0.128206], "32": ["H", 0.146074], "33": ["H", 0.146934], "34": ["O", -0.365826], "35": ["C", -0.2094], "36": ["C", -0.039599], "37": ["C", -0.038904], "38": ["O", -0.366219], "39": ["C", -0.208781], "40": ["H", 0.146444], "41": ["H", 0.128768], "42": ["H", 0.142247], "43": ["H", 0.120301], "44": ["H", 0.119665], "45": ["H", 0.142258], "46": ["H", 0.128382], "47": ["H", 0.146024], "48": ["H", 0.146387], "49": ["H", 0.145896]}, "output": {"energies": [-934.227227738], "final_energy": -934.227227738, "final_energy_per_atom": -19.06586179057143, "molecule": {"charge": 0.0, "spin_multiplicity": 2, "sites": [{"name": "Li", "species": [{"element": "Li", "occu": 1}], "xyz": [15.498054, 30.572178, 5.407703], "properties": {}}, {"name": "O", "species": [{"element": "O", "occu": 1}], "xyz": [15.965829, 32.671831, 5.268635], "properties": {}}, {"name": "C", "species": [{"element": "C", "occu": 1}], "xyz": [17.265611, 33.21648, 5.398923], "properties": {}}, {"name": "C", "species": [{"element": "C", "occu": 1}], "xyz": [14.981045, 33.458492, 5.91094], "properties": {}}, {"name": "C", "species": [{"element": "C", "occu": 1}], "xyz": [13.628156, 32.87707, 5.599581], "properties": {}}, {"name": "O", "species": [{"element": "O", "occu": 1}], "xyz": [13.63661, 31.508279, 5.956442], "properties": {}}, {"name": "C", "species": [{"element": "C", "occu": 1}], "xyz": [12.360595, 30.908146, 5.83527], "properties": {}}, {"name": "H", "species": [{"element": "H", "occu": 1}], "xyz": [17.324901, 34.191323, 4.9047], "properties": {}}, {"name": "H", "species": [{"element": "H", "occu": 1}], "xyz": [17.9579, 32.519648, 4.931376], "properties": {}}, {"name": "H", "species": [{"element": "H", "occu": 1}], "xyz": [15.022677, 34.494041, 5.553963], "properties": {}}, {"name": "H", "species": [{"element": "H", "occu": 1}], "xyz": [15.158386, 33.459608, 6.993807], "properties": {}}, {"name": "H", "species": [{"element": "H", "occu": 1}], "xyz": [13.400637, 32.978521, 4.530809], "properties": {}}, {"name": "H", "species": [{"element": "H", "occu": 1}], "xyz": [12.861812, 33.417399, 6.167187], "properties": {}}, {"name": "H", "species": [{"element": "H", "occu": 1}], "xyz": [11.973788, 31.017334, 4.815373], "properties": {}}, {"name": "H", "species": [{"element": "H", "occu": 1}], "xyz": [11.652776, 31.367752, 6.532414], "properties": {}}, {"name": "H", "species": [{"element": "H", "occu": 1}], "xyz": [12.475769, 29.851068, 6.06478], "properties": {}}, {"name": "H", "species": [{"element": "H", "occu": 1}], "xyz": [17.533146, 33.338684, 6.455077], "properties": {}}, {"name": "O", "species": [{"element": "O", "occu": 1}], "xyz": [15.108989, 30.397222, 3.298977], "properties": {}}, {"name": "C", "species": [{"element": "C", "occu": 1}], "xyz": [14.932718, 31.486601, 2.412737], "properties": {}}, {"name": "C", "species": [{"element": "C", "occu": 1}], "xyz": [14.221177, 29.329263, 3.029834], "properties": {}}, {"name": "C", "species": [{"element": "C", "occu": 1}], "xyz": [14.591096, 28.169191, 3.914407], "properties": {}}, {"name": "O", "species": [{"element": "O", "occu": 1}], "xyz": [14.610561, 28.617708, 5.255902], "properties": {}}, {"name": "C", "species": [{"element": "C", "occu": 1}], "xyz": [14.817166, 27.563162, 6.176932], "properties": {}}, {"name": "H", "species": [{"element": "H", "occu": 1}], "xyz": [13.901099, 31.855427, 2.449389], "properties": {}}, {"name": "H", "species": [{"element": "H", "occu": 1}], "xyz": [15.164669, 31.187179, 1.385743], "properties": {}}, {"name": "H", "species": [{"element": "H", "occu": 1}], "xyz": [14.295071, 29.02309, 1.980014], "properties": {}}, {"name": "H", "species": [{"element": "H", "occu": 1}], "xyz": [13.189404, 29.64868, 3.223844], "properties": {}}, {"name": "H", "species": [{"element": "H", "occu": 1}], "xyz": [15.579536, 27.777775, 3.642341], "properties": {}}, {"name": "H", "species": [{"element": "H", "occu": 1}], "xyz": [13.855671, 27.366236, 3.787796], "properties": {}}, {"name": "H", "species": [{"element": "H", "occu": 1}], "xyz": [14.887023, 28.006189, 7.168049], "properties": {}}, {"name": "H", "species": [{"element": "H", "occu": 1}], "xyz": [15.746835, 27.027239, 5.952822], "properties": {}}, {"name": "H", "species": [{"element": "H", "occu": 1}], "xyz": [13.983805, 26.854467, 6.141671], "properties": {}}, {"name": "H", "species": [{"element": "H", "occu": 1}], "xyz": [15.608451, 32.277273, 2.73152], "properties": {}}, {"name": "O", "species": [{"element": "O", "occu": 1}], "xyz": [17.549706, 29.969459, 5.207063], "properties": {}}, {"name": "C", "species": [{"element": "C", "occu": 1}], "xyz": [18.114225, 29.368002, 4.056871], "properties": {}}, {"name": "C", "species": [{"element": "C", "occu": 1}], "xyz": [18.034948, 29.403088, 6.409247], "properties": {}}, {"name": "C", "species": [{"element": "C", "occu": 1}], "xyz": [17.505865, 30.211811, 7.563186], "properties": {}}, {"name": "O", "species": [{"element": "O", "occu": 1}], "xyz": [16.097783, 30.286572, 7.448152], "properties": {}}, {"name": "C", "species": [{"element": "C", "occu": 1}], "xyz": [15.492335, 30.903901, 8.568876], "properties": {}}, {"name": "H", "species": [{"element": "H", "occu": 1}], "xyz": [17.635735, 29.815364, 3.188367], "properties": {}}, {"name": "H", "species": [{"element": "H", "occu": 1}], "xyz": [17.932902, 28.286873, 4.053661], "properties": {}}, {"name": "H", "species": [{"element": "H", "occu": 1}], "xyz": [19.130727, 29.418699, 6.426927], "properties": {}}, {"name": "H", "species": [{"element": "H", "occu": 1}], "xyz": [17.704208, 28.359573, 6.485582], "properties": {}}, {"name": "H", "species": [{"element": "H", "occu": 1}], "xyz": [17.931111, 31.223324, 7.551351], "properties": {}}, {"name": "H", "species": [{"element": "H", "occu": 1}], "xyz": [17.790085, 29.729606, 8.505571], "properties": {}}, {"name": "H", "species": [{"element": "H", "occu": 1}], "xyz": [15.901627, 31.908117, 8.729832], "properties": {}}, {"name": "H", "species": [{"element": "H", "occu": 1}], "xyz": [15.657009, 30.306734, 9.471286], "properties": {}}, {"name": "H", "species": [{"element": "H", "occu": 1}], "xyz": [14.427053, 30.978973, 8.361659], "properties": {}}, {"name": "H", "species": [{"element": "H", "occu": 1}], "xyz": [19.193817, 29.545449, 4.022121], "properties": {}}]}, "stationary_type": "Minimum", "corrections": {}, "tensor": {"1": {"type": "Li", "Isotropic": 93.8034, "Anisotropy": 2.3742, "tensor": [[93.235, -0.8533, 2.0083], [-0.8243, 94.5613, 1.0408], [1.8133, 0.8361, 93.6139]], "eigenvalues": [91.0567, 94.9672, 95.3862]}, "2": {"type": "O", "Isotropic": 319.4052, "Anisotropy": 32.7636, "tensor": [[324.9105, -0.3073, 0.6939], [-9.6682, 315.3547, 20.5171], [-3.8364, 26.0239, 317.9503]], "eigenvalues": [293.1392, 323.8288, 341.2476]}, "3": {"type": "C", "Isotropic": 128.9436, "Anisotropy": 83.4732, "tensor": [[174.6648, 23.2578, 4.1939], [29.4964, 112.126, 0.4801], [5.7692, 1.0157, 100.0399]], "eigenvalues": [99.4217, 102.8166, 184.5924]}, "4": {"type": "C", "Isotropic": 117.6291, "Anisotropy": 65.0861, "tensor": [[138.7187, -16.9738, -19.7886], [-25.2445, 112.0284, 19.3099], [-20.3327, 11.55, 102.1402]], "eigenvalues": [90.271, 101.5965, 161.0198]}, "5": {"type": "C", "Isotropic": 116.9053, "Anisotropy": 66.4217, "tensor": [[101.4136, 3.813, 2.9055], [13.076, 157.0101, -17.629], [-1.2293, -11.2781, 92.2922]], "eigenvalues": [88.6491, 100.8804, 161.1864]}, "6": {"type": "O", "Isotropic": 317.8274, "Anisotropy": 29.3018, "tensor": [[318.0367, -4.616, 13.6549], [2.7908, 330.9949, -8.9745], [21.7242, -9.9198, 304.4505]], "eigenvalues": [290.9432, 325.177, 337.3619]}, "7": {"type": "C", "Isotropic": 129.5021, "Anisotropy": 82.8484, "tensor": [[166.118, 37.6774, 3.8928], [30.8777, 120.231, 3.5632], [3.3374, 4.4565, 102.1572]], "eigenvalues": [100.0546, 103.7172, 184.7344]}, "8": {"type": "H", "Isotropic": 28.5171, "Anisotropy": 9.9434, "tensor": [[28.8347, 5.8587, -1.2981], [3.3035, 30.7894, -2.548], [-0.721, -2.0997, 25.9273]], "eigenvalues": [24.5438, 25.8615, 35.1461]}, "9": {"type": "H", "Isotropic": 28.0008, "Anisotropy": 6.0085, "tensor": [[31.565, -1.0025, -2.5488], [1.471, 28.4566, -0.1597], [-1.1584, 0.301, 23.9809]], "eigenvalues": [23.5491, 28.4469, 32.0065]}, "10": {"type": "H", "Isotropic": 28.3871, "Anisotropy": 7.996, "tensor": [[27.0683, -2.9579, -0.398], [-0.0083, 33.3855, -0.1745], [-0.4347, 0.2256, 24.7077]], "eigenvalues": [24.63, 26.8136, 33.7178]}, "11": {"type": "H", "Isotropic": 28.1617, "Anisotropy": 5.9922, "tensor": [[26.5413, -1.5514, -2.1759], [-0.722, 27.7178, 3.0378], [-0.1187, 1.8411, 30.2261]], "eigenvalues": [25.8001, 26.5286, 32.1565]}, "12": {"type": "H", "Isotropic": 28.0656, "Anisotropy": 5.9842, "tensor": [[26.2446, -0.6943, 1.1723], [-2.0399, 29.1315, -3.6686], [1.3284, -1.2984, 28.8208]], "eigenvalues": [25.6533, 26.4884, 32.0551]}, "13": {"type": "H", "Isotropic": 28.4551, "Anisotropy": 7.9278, "tensor": [[29.1371, -1.6158, -1.1861], [-4.6298, 31.0113, 1.6342], [-1.4248, 1.0567, 25.217]], "eigenvalues": [24.7836, 26.8415, 33.7403]}, "14": {"type": "H", "Isotropic": 28.5232, "Anisotropy": 7.9555, "tensor": [[32.2321, 0.2678, 3.8593], [1.7256, 25.4066, 2.606], [1.3401, 1.3363, 27.931]], "eigenvalues": [24.306, 27.4367, 33.8269]}, "15": {"type": "H", "Isotropic": 28.4178, "Anisotropy": 10.0535, "tensor": [[33.8467, -0.697, -3.8487], [1.5798, 24.7607, 0.2649], [-2.7061, 0.736, 26.6461]], "eigenvalues": [24.3677, 25.7656, 35.1201]}, "16": {"type": "H", "Isotropic": 27.8983, "Anisotropy": 6.2124, "tensor": [[29.714, 3.1579, -1.668], [0.5148, 30.3676, -0.4141], [-1.2191, 0.1043, 23.6134]], "eigenvalues": [23.2794, 28.3756, 32.04]}, "17": {"type": "H", "Isotropic": 28.689, "Anisotropy": 7.7488, "tensor": [[30.0192, 3.0848, 5.1211], [2.4037, 28.2218, 0.9468], [2.2948, -0.2623, 27.8259]], "eigenvalues": [24.4483, 27.7638, 33.8549]}, "18": {"type": "O", "Isotropic": 319.819, "Anisotropy": 30.2108, "tensor": [[328.3054, 4.6855, 22.2221], [5.6362, 328.2245, -9.1987], [17.0343, 4.071, 302.927]], "eigenvalues": [291.6311, 327.8663, 339.9595]}, "19": {"type": "C", "Isotropic": 127.8148, "Anisotropy": 84.7341, "tensor": [[97.1062, -7.2848, 4.6096], [-3.1211, 154.4708, -36.142], [4.7296, -41.8045, 131.8672]], "eigenvalues": [96.4896, 102.6505, 184.3042]}, "20": {"type": "C", "Isotropic": 116.362, "Anisotropy": 66.759, "tensor": [[109.8867, 30.4286, 4.2637], [32.3782, 140.7616, -2.7326], [13.5678, 5.3737, 98.4376]], "eigenvalues": [86.2922, 101.9257, 160.8679]}, "21": {"type": "C", "Isotropic": 115.5206, "Anisotropy": 66.3578, "tensor": [[85.6829, 2.0424, 8.8092], [-0.319, 103.2492, 14.5586], [1.9124, 5.1554, 157.6297]], "eigenvalues": [85.2846, 101.518, 159.7591]}, "22": {"type": "O", "Isotropic": 319.4554, "Anisotropy": 31.7816, "tensor": [[301.9459, -17.6518, -0.89], [-12.1528, 324.5285, 14.1725], [1.2435, 5.0209, 331.8917]], "eigenvalues": [293.9953, 323.7277, 340.6431]}, "23": {"type": "C", "Isotropic": 129.3885, "Anisotropy": 82.7492, "tensor": [[104.2645, -5.2419, 9.2565], [-8.3482, 142.9199, -44.0608], [8.6328, -38.0481, 140.9812]], "eigenvalues": [99.9281, 103.6828, 184.5546]}, "24": {"type": "H", "Isotropic": 28.5746, "Anisotropy": 7.8471, "tensor": [[27.2386, -2.6851, 0.6021], [-4.9822, 29.2138, -2.1352], [2.7301, -2.1425, 29.2715]], "eigenvalues": [24.2674, 27.6505, 33.806]}, "25": {"type": "H", "Isotropic": 28.4689, "Anisotropy": 9.9554, "tensor": [[25.0356, -0.1643, -0.8514], [-0.4467, 26.2686, -4.2304], [-1.173, -1.4734, 34.1026]], "eigenvalues": [24.5197, 25.7812, 35.1059]}, "26": {"type": "H", "Isotropic": 28.416, "Anisotropy": 7.9343, "tensor": [[25.5602, 1.4452, 2.3818], [1.831, 28.2213, 4.1076], [1.4614, 1.1874, 31.4665]], "eigenvalues": [24.6987, 26.8438, 33.7055]}, "27": {"type": "H", "Isotropic": 28.0811, "Anisotropy": 5.8358, "tensor": [[31.2713, 0.0989, 0.7367], [2.8031, 26.7042, 1.0088], [1.4094, 0.6045, 26.2679]], "eigenvalues": [25.6502, 26.6216, 31.9717]}, "28": {"type": "H", "Isotropic": 28.0244, "Anisotropy": 5.9164, "tensor": [[27.4566, -0.9047, -0.4902], [-1.8589, 27.7812, 1.9095], [-2.6357, 3.3803, 28.8353]], "eigenvalues": [25.6057, 26.4988, 31.9686]}, "29": {"type": "H", "Isotropic": 28.4189, "Anisotropy": 7.9692, "tensor": [[26.5191, 3.4057, 1.3147], [2.6738, 30.3737, 0.9959], [2.4456, 3.7849, 28.3638]], "eigenvalues": [24.7443, 26.7806, 33.7316]}, "30": {"type": "H", "Isotropic": 27.8304, "Anisotropy": 6.3343, "tensor": [[23.9271, 1.7727, 1.2275], [1.6376, 28.3484, -3.1061], [0.9358, -0.395, 31.2157]], "eigenvalues": [23.0265, 28.4115, 32.0533]}, "31": {"type": "H", "Isotropic": 28.5308, "Anisotropy": 7.8927, "tensor": [[28.5128, -1.2295, 0.8678], [-2.7761, 31.6165, -1.5495], [2.5682, -3.7823, 25.4631]], "eigenvalues": [24.2353, 27.5644, 33.7926]}, "32": {"type": "H", "Isotropic": 28.4398, "Anisotropy": 10.0245, "tensor": [[27.1766, 2.3729, -0.7514], [4.0185, 31.875, -2.6648], [-1.8139, -4.5428, 26.2677]], "eigenvalues": [24.4611, 25.7354, 35.1228]}, "33": {"type": "H", "Isotropic": 27.8998, "Anisotropy": 6.2249, "tensor": [[24.195, 1.7148, 1.0832], [3.3122, 30.5349, -0.6957], [-0.0307, -2.5829, 28.9696]], "eigenvalues": [23.1281, 28.5216, 32.0498]}, "34": {"type": "O", "Isotropic": 317.9394, "Anisotropy": 34.9456, "tensor": [[301.8411, -13.0701, 12.0869], [-19.4358, 327.8835, -9.2134], [4.0327, -4.4339, 324.0937]], "eigenvalues": [293.3845, 319.1973, 341.2365]}, "35": {"type": "C", "Isotropic": 128.9124, "Anisotropy": 83.5603, "tensor": [[115.5449, -12.4031, -28.2235], [-11.1783, 111.1081, 30.6089], [-22.0636, 27.1351, 160.084]], "eigenvalues": [97.7354, 104.3824, 184.6192]}, "36": {"type": "C", "Isotropic": 117.6338, "Anisotropy": 66.0392, "tensor": [[100.1883, -15.1523, 19.4911], [-8.4514, 100.4037, -16.9072], [9.734, -14.721, 152.3094]], "eigenvalues": [88.4809, 102.7605, 161.6599]}, "37": {"type": "C", "Isotropic": 118.5195, "Anisotropy": 64.9364, "tensor": [[160.1172, -9.2154, -7.9617], [-11.8249, 92.3185, 3.6668], [4.6649, 6.5477, 103.1227]], "eigenvalues": [89.0728, 104.6752, 161.8104]}, "38": {"type": "O", "Isotropic": 322.6537, "Anisotropy": 35.8016, "tensor": [[345.4629, -0.4455, 1.4867], [3.2835, 310.1393, 20.6096], [7.1111, 15.8628, 312.3589]], "eigenvalues": [292.9089, 328.5307, 346.5214]}, "39": {"type": "C", "Isotropic": 129.2921, "Anisotropy": 83.386, "tensor": [[118.5067, -19.0708, -27.3015], [-19.6832, 117.1478, 24.1793], [-33.9878, 25.7299, 152.2217]], "eigenvalues": [97.71, 105.2835, 184.8828]}, "40": {"type": "H", "Isotropic": 27.9375, "Anisotropy": 6.2464, "tensor": [[27.9536, -1.699, -1.6002], [-1.5571, 23.9047, 1.1887], [0.2604, -0.6239, 31.9543]], "eigenvalues": [23.3311, 28.3797, 32.1018]}, "41": {"type": "H", "Isotropic": 28.6158, "Anisotropy": 7.938, "tensor": [[28.0149, -1.957, -1.3556], [-0.5171, 30.3176, 2.7878], [-1.3609, 5.6416, 27.515]], "eigenvalues": [24.4304, 27.5093, 33.9078]}, "42": {"type": "H", "Isotropic": 28.3462, "Anisotropy": 7.8923, "tensor": [[32.2011, -2.1621, 0.6346], [-2.0026, 25.2591, -0.0031], [3.7114, -1.0659, 27.5784]], "eigenvalues": [24.6805, 26.7504, 33.6077]}, "43": {"type": "H", "Isotropic": 28.0907, "Anisotropy": 6.1258, "tensor": [[26.4089, -1.6004, 0.9796], [-0.2336, 30.3481, -1.3281], [0.9989, -3.8511, 27.515]], "eigenvalues": [25.6683, 26.4292, 32.1746]}, "44": {"type": "H", "Isotropic": 28.0844, "Anisotropy": 5.8642, "tensor": [[30.4563, 3.4331, 1.6079], [1.0007, 27.7583, 0.2837], [0.9474, 0.5416, 26.0385]], "eigenvalues": [25.6676, 26.5917, 31.9938]}, "45": {"type": "H", "Isotropic": 28.4806, "Anisotropy": 7.9513, "tensor": [[29.4499, -2.1203, 4.4252], [-1.9995, 25.5475, -1.9259], [1.7959, -0.7741, 30.4444]], "eigenvalues": [24.6614, 26.999, 33.7815]}, "46": {"type": "H", "Isotropic": 28.6453, "Anisotropy": 7.8651, "tensor": [[24.6397, -1.9376, -1.2795], [-0.0497, 30.5467, 2.2696], [0.3923, 3.9872, 30.7495]], "eigenvalues": [24.4761, 27.5711, 33.8887]}, "47": {"type": "H", "Isotropic": 28.5248, "Anisotropy": 9.9234, "tensor": [[25.1289, 0.0304, -2.8907], [-0.2034, 25.7885, 0.0777], [-1.1001, -1.9014, 34.6572]], "eigenvalues": [24.6614, 25.7726, 35.1405]}, "48": {"type": "H", "Isotropic": 27.9294, "Anisotropy": 6.1101, "tensor": [[30.1245, -1.7723, -0.1605], [-2.8613, 24.1048, 0.3369], [-3.005, 0.4897, 29.559]], "eigenvalues": [23.314, 28.4715, 32.0029]}, "49": {"type": "H", "Isotropic": 28.4119, "Anisotropy": 10.0048, "tensor": [[32.1506, -0.1823, -3.2218], [-1.2278, 25.4171, 1.0859], [-5.725, 1.4829, 27.668]], "eigenvalues": [24.3404, 25.8135, 35.0818]}}, "dipole_moment": {"X": 74.4476, "Y": 146.834, "Z": 25.98, "Tot": 166.6662}}}, "functional": "wB97X", "basis": "Def2TZVP", "phase": "solution", "type": "nmr;scrf", "smiles": "[Li].O(C)CCOC.O(C)CCOC.O(C)CCOC", "inchi": "InChI=1S/3C4H10O2.Li/c3*1-5-3-4-6-2;/h3*3-4H2,1-2H3;", "formula": "Li1 H30 C12 O6", "formula_pretty": "LiH30(C2O)6", "formula_anonymous": "AB6C12D30", "formula_alphabetical": "C12 H30 Li1 O6", "chemsys": "C-H-Li-O", "nsites": 49, "nelements": 4, "is_ordered": true, "is_valid": true, "gauss_version": "ES64L-G16RevC.01", "structural_change": "no_change", "tag": "oplsdp_conf_1", "wall_time (s)": 1075.8820801693946, "version": "0.0.1", "last_updated": "2021-11-18T08:30:35.116699", "_id": null}