{"input": {"molecule": {"charge": 1, "spin_multiplicity": 1, "sites": [{"name": "Li", "species": [{"element": "Li", "occu": 1}], "xyz": [23.715752, 18.06388, 23.770562], "properties": {}}, {"name": "O", "species": [{"element": "O", "occu": 1}], "xyz": [25.622629, 18.479119, 24.281818], "properties": {}}, {"name": "C", "species": [{"element": "C", "occu": 1}], "xyz": [26.231239, 17.995506, 25.468276], "properties": {}}, {"name": "C", "species": [{"element": "C", "occu": 1}], "xyz": [25.914779, 19.842861, 24.023927], "properties": {}}, {"name": "C", "species": [{"element": "C", "occu": 1}], "xyz": [25.250573, 20.217653, 22.725737], "properties": {}}, {"name": "O", "species": [{"element": "O", "occu": 1}], "xyz": [23.877101, 19.874545, 22.829351], "properties": {}}, {"name": "C", "species": [{"element": "C", "occu": 1}], "xyz": [23.114898, 20.297327, 21.710173], "properties": {}}, {"name": "H", "species": [{"element": "H", "occu": 1}], "xyz": [25.913112, 18.586212, 26.334323], "properties": {}}, {"name": "H", "species": [{"element": "H", "occu": 1}], "xyz": [27.320558, 18.040911, 25.384473], "properties": {}}, {"name": "H", "species": [{"element": "H", "occu": 1}], "xyz": [26.996344, 19.995457, 23.94657], "properties": {}}, {"name": "H", "species": [{"element": "H", "occu": 1}], "xyz": [25.531161, 20.461365, 24.8447], "properties": {}}, {"name": "H", "species": [{"element": "H", "occu": 1}], "xyz": [25.702985, 19.676145, 21.886555], "properties": {}}, {"name": "H", "species": [{"element": "H", "occu": 1}], "xyz": [25.362621, 21.292422, 22.549495], "properties": {}}, {"name": "H", "species": [{"element": "H", "occu": 1}], "xyz": [23.486636, 19.835984, 20.790059], "properties": {}}, {"name": "H", "species": [{"element": "H", "occu": 1}], "xyz": [23.157973, 21.38524, 21.609669], "properties": {}}, {"name": "H", "species": [{"element": "H", "occu": 1}], "xyz": [22.084827, 19.990875, 21.881627], "properties": {}}, {"name": "H", "species": [{"element": "H", "occu": 1}], "xyz": [25.913159, 16.96252, 25.594812], "properties": {}}, {"name": "O", "species": [{"element": "O", "occu": 1}], "xyz": [22.449004, 18.52076, 25.262268], "properties": {}}, {"name": "C", "species": [{"element": "C", "occu": 1}], "xyz": [22.396967, 19.807263, 25.857854], "properties": {}}, {"name": "C", "species": [{"element": "C", "occu": 1}], "xyz": [22.417606, 17.466692, 26.210972], "properties": {}}, {"name": "C", "species": [{"element": "C", "occu": 1}], "xyz": [22.420042, 16.164797, 25.454526], "properties": {}}, {"name": "O", "species": [{"element": "O", "occu": 1}], "xyz": [23.531429, 16.177645, 24.57139], "properties": {}}, {"name": "C", "species": [{"element": "C", "occu": 1}], "xyz": [23.711595, 14.946002, 23.891348], "properties": {}}, {"name": "H", "species": [{"element": "H", "occu": 1}], "xyz": [23.231075, 19.94481, 26.554504], "properties": {}}, {"name": "H", "species": [{"element": "H", "occu": 1}], "xyz": [21.454288, 19.940839, 26.395702], "properties": {}}, {"name": "H", "species": [{"element": "H", "occu": 1}], "xyz": [21.516864, 17.53453, 26.829784], "properties": {}}, {"name": "H", "species": [{"element": "H", "occu": 1}], "xyz": [23.296562, 17.534427, 26.864059], "properties": {}}, {"name": "H", "species": [{"element": "H", "occu": 1}], "xyz": [21.494023, 16.048313, 24.879246], "properties": {}}, {"name": "H", "species": [{"element": "H", "occu": 1}], "xyz": [22.501484, 15.329982, 26.158308], "properties": {}}, {"name": "H", "species": [{"element": "H", "occu": 1}], "xyz": [23.893399, 14.139028, 24.60655], "properties": {}}, {"name": "H", "species": [{"element": "H", "occu": 1}], "xyz": [24.578138, 15.054497, 23.242107], "properties": {}}, {"name": "H", "species": [{"element": "H", "occu": 1}], "xyz": [22.830753, 14.701795, 23.289508], "properties": {}}, {"name": "H", "species": [{"element": "H", "occu": 1}], "xyz": [22.470726, 20.536998, 25.054047], "properties": {}}]}, "functional": "wB97X", "basis_set": "Def2TZVP", "route_parameters": {"NMR": "GIAO", "iop(7/33=1)": null, "int": "ultrafine", "NoSymmetry": null, "test": null, "SCRF": {"Solvent": "TetraHydroFuran"}}, "title": "Li1 H20 C8 O4", "charge": 1, "spin_multiplicity": 1, "input_parameters": {}, "link0_parameters": {"%chk": "checkpoint.chk", "%mem": "45GB", "%NProcShared": "28"}, "dieze_tag": "#P", "nbasisfunctions": 506, "pcm_parameters": {}}, "output": {"has_gaussian_completed": true, "is_pcm": true, "errors": [], "Mulliken_charges": {"1": ["Li", 0.830573], "2": ["O", -0.416945], "3": ["C", -0.192418], "4": ["C", -0.044033], "5": ["C", -0.04969], "6": ["O", -0.421452], "7": ["C", -0.193071], "8": ["H", 0.133793], "9": ["H", 0.143899], "10": ["H", 0.145403], "11": ["H", 0.135764], "12": ["H", 0.135147], "13": ["H", 0.141581], "14": ["H", 0.137725], "15": ["H", 0.141372], "16": ["H", 0.14502], "17": ["H", 0.142376], "18": ["O", -0.418628], "19": ["C", -0.190523], "20": ["C", -0.047088], "21": ["C", -0.047909], "22": ["O", -0.420098], "23": ["C", -0.192134], "24": ["H", 0.13337], "25": ["H", 0.143661], "26": ["H", 0.146257], "27": ["H", 0.136037], "28": ["H", 0.135043], "29": ["H", 0.141594], "30": ["H", 0.140547], "31": ["H", 0.144618], "32": ["H", 0.137274], "33": ["H", 0.142936]}, "output": {"energies": [-625.302037033], "final_energy": -625.302037033, "final_energy_per_atom": -18.948546576757575, "molecule": {"charge": 0.0, "spin_multiplicity": 2, "sites": [{"name": "Li", "species": [{"element": "Li", "occu": 1}], "xyz": [23.715752, 18.06388, 23.770562], "properties": {}}, {"name": "O", "species": [{"element": "O", "occu": 1}], "xyz": [25.622629, 18.479119, 24.281818], "properties": {}}, {"name": "C", "species": [{"element": "C", "occu": 1}], "xyz": [26.231239, 17.995506, 25.468276], "properties": {}}, {"name": "C", "species": [{"element": "C", "occu": 1}], "xyz": [25.914779, 19.842861, 24.023927], "properties": {}}, {"name": "C", "species": [{"element": "C", "occu": 1}], "xyz": [25.250573, 20.217653, 22.725737], "properties": {}}, {"name": "O", "species": [{"element": "O", "occu": 1}], "xyz": [23.877101, 19.874545, 22.829351], "properties": {}}, {"name": "C", "species": [{"element": "C", "occu": 1}], "xyz": [23.114898, 20.297327, 21.710173], "properties": {}}, {"name": "H", "species": [{"element": "H", "occu": 1}], "xyz": [25.913112, 18.586212, 26.334323], "properties": {}}, {"name": "H", "species": [{"element": "H", "occu": 1}], "xyz": [27.320558, 18.040911, 25.384473], "properties": {}}, {"name": "H", "species": [{"element": "H", "occu": 1}], "xyz": [26.996344, 19.995457, 23.94657], "properties": {}}, {"name": "H", "species": [{"element": "H", "occu": 1}], "xyz": [25.531161, 20.461365, 24.8447], "properties": {}}, {"name": "H", "species": [{"element": "H", "occu": 1}], "xyz": [25.702985, 19.676145, 21.886555], "properties": {}}, {"name": "H", "species": [{"element": "H", "occu": 1}], "xyz": [25.362621, 21.292422, 22.549495], "properties": {}}, {"name": "H", "species": [{"element": "H", "occu": 1}], "xyz": [23.486636, 19.835984, 20.790059], "properties": {}}, {"name": "H", "species": [{"element": "H", "occu": 1}], "xyz": [23.157973, 21.38524, 21.609669], "properties": {}}, {"name": "H", "species": [{"element": "H", "occu": 1}], "xyz": [22.084827, 19.990875, 21.881627], "properties": {}}, {"name": "H", "species": [{"element": "H", "occu": 1}], "xyz": [25.913159, 16.96252, 25.594812], "properties": {}}, {"name": "O", "species": [{"element": "O", "occu": 1}], "xyz": [22.449004, 18.52076, 25.262268], "properties": {}}, {"name": "C", "species": [{"element": "C", "occu": 1}], "xyz": [22.396967, 19.807263, 25.857854], "properties": {}}, {"name": "C", "species": [{"element": "C", "occu": 1}], "xyz": [22.417606, 17.466692, 26.210972], "properties": {}}, {"name": "C", "species": [{"element": "C", "occu": 1}], "xyz": [22.420042, 16.164797, 25.454526], "properties": {}}, {"name": "O", "species": [{"element": "O", "occu": 1}], "xyz": [23.531429, 16.177645, 24.57139], "properties": {}}, {"name": "C", "species": [{"element": "C", "occu": 1}], "xyz": [23.711595, 14.946002, 23.891348], "properties": {}}, {"name": "H", "species": [{"element": "H", "occu": 1}], "xyz": [23.231075, 19.94481, 26.554504], "properties": {}}, {"name": "H", "species": [{"element": "H", "occu": 1}], "xyz": [21.454288, 19.940839, 26.395702], "properties": {}}, {"name": "H", "species": [{"element": "H", "occu": 1}], "xyz": [21.516864, 17.53453, 26.829784], "properties": {}}, {"name": "H", "species": [{"element": "H", "occu": 1}], "xyz": [23.296562, 17.534427, 26.864059], "properties": {}}, {"name": "H", "species": [{"element": "H", "occu": 1}], "xyz": [21.494023, 16.048313, 24.879246], "properties": {}}, {"name": "H", "species": [{"element": "H", "occu": 1}], "xyz": [22.501484, 15.329982, 26.158308], "properties": {}}, {"name": "H", "species": [{"element": "H", "occu": 1}], "xyz": [23.893399, 14.139028, 24.60655], "properties": {}}, {"name": "H", "species": [{"element": "H", "occu": 1}], "xyz": [24.578138, 15.054497, 23.242107], "properties": {}}, {"name": "H", "species": [{"element": "H", "occu": 1}], "xyz": [22.830753, 14.701795, 23.289508], "properties": {}}, {"name": "H", "species": [{"element": "H", "occu": 1}], "xyz": [22.470726, 20.536998, 25.054047], "properties": {}}]}, "stationary_type": "Minimum", "corrections": {}, "tensor": {"1": {"type": "Li", "Isotropic": 93.2569, "Anisotropy": 10.2519, "tensor": [[92.4403, 2.6766, -2.363], [2.3478, 96.181, -4.2093], [-2.3108, -4.3338, 91.1496]], "eigenvalues": [88.493, 91.1863, 100.0916]}, "2": {"type": "O", "Isotropic": 319.4051, "Anisotropy": 34.6577, "tensor": [[298.3065, 9.9591, 11.2039], [9.917, 338.0029, -1.8708], [15.4158, 8.1701, 321.906]], "eigenvalues": [290.9974, 324.7077, 342.5102]}, "3": {"type": "C", "Isotropic": 128.7276, "Anisotropy": 86.9496, "tensor": [[115.4486, -13.7149, 30.6129], [-12.4873, 112.6292, -26.7536], [27.3886, -31.9399, 158.1051]], "eigenvalues": [97.984, 101.5048, 186.694]}, "4": {"type": "C", "Isotropic": 117.2335, "Anisotropy": 65.4841, "tensor": [[95.9266, 15.1555, 1.7555], [3.0516, 153.1951, -20.7188], [4.1506, -18.757, 102.5787]], "eigenvalues": [89.6799, 101.131, 160.8896]}, "5": {"type": "C", "Isotropic": 117.6943, "Anisotropy": 66.8916, "tensor": [[159.7907, 6.4285, 8.7567], [18.0191, 95.0418, -8.5721], [2.2482, -5.9998, 98.2504]], "eigenvalues": [86.8564, 103.9378, 162.2887]}, "6": {"type": "O", "Isotropic": 321.0545, "Anisotropy": 36.053, "tensor": [[336.8776, 8.8064, -3.7202], [6.8069, 294.8853, -7.733], [-10.4722, -14.7379, 331.4006]], "eigenvalues": [290.9984, 327.0753, 345.0898]}, "7": {"type": "C", "Isotropic": 130.1112, "Anisotropy": 90.1782, "tensor": [[130.7306, -14.5668, 39.3132], [-14.3839, 108.5756, -19.7789], [42.8219, -18.49, 151.0273]], "eigenvalues": [98.5272, 101.5763, 190.23]}, "8": {"type": "H", "Isotropic": 28.5263, "Anisotropy": 7.4132, "tensor": [[27.6376, 0.3356, 2.0359], [-0.4405, 24.7554, -1.3243], [0.5311, 1.374, 33.1859]], "eigenvalues": [24.7542, 27.3563, 33.4684]}, "9": {"type": "H", "Isotropic": 28.4229, "Anisotropy": 9.4008, "tensor": [[32.6223, -1.4057, 1.9151], [-2.7824, 25.4484, -1.6253], [4.285, -1.0978, 27.1981]], "eigenvalues": [24.6714, 25.9072, 34.6901]}, "10": {"type": "H", "Isotropic": 28.2774, "Anisotropy": 7.5249, "tensor": [[31.399, 2.024, 0.9829], [4.1372, 28.0356, -1.0007], [-0.8441, -2.0368, 25.3976]], "eigenvalues": [24.3638, 27.1744, 33.294]}, "11": {"type": "H", "Isotropic": 28.0752, "Anisotropy": 6.078, "tensor": [[25.7311, 0.6807, 0.5076], [0.2526, 31.5796, 2.891], [0.0515, 0.3367, 26.915]], "eigenvalues": [25.6656, 26.4328, 32.1272]}, "12": {"type": "H", "Isotropic": 28.1407, "Anisotropy": 7.503, "tensor": [[30.8431, -1.0052, -4.1633], [-0.297, 24.508, -0.6161], [-1.9294, -0.0047, 29.0709]], "eigenvalues": [24.3289, 26.9504, 33.1427]}, "13": {"type": "H", "Isotropic": 28.3147, "Anisotropy": 7.0357, "tensor": [[28.3286, 3.9513, -0.8231], [1.5893, 30.5346, -2.8906], [0.6248, -1.7844, 26.081]], "eigenvalues": [24.7019, 27.2371, 33.0052]}, "14": {"type": "H", "Isotropic": 28.4382, "Anisotropy": 9.4358, "tensor": [[25.4724, -0.1691, 3.6308], [-0.2864, 25.6574, -0.3359], [0.828, 0.9518, 34.1847]], "eigenvalues": [24.8301, 25.7557, 34.7287]}, "15": {"type": "H", "Isotropic": 28.3691, "Anisotropy": 9.597, "tensor": [[26.2407, -3.7148, 2.7514], [-1.8717, 30.5479, -2.5655], [1.7599, -4.7508, 28.3186]], "eigenvalues": [24.7102, 25.63, 34.767]}, "16": {"type": "H", "Isotropic": 28.1369, "Anisotropy": 8.9825, "tensor": [[32.0333, 0.3486, 2.3345], [-0.7304, 24.6058, -1.6946], [4.7625, -1.223, 27.7717]], "eigenvalues": [23.8186, 26.4669, 34.1253]}, "17": {"type": "H", "Isotropic": 27.9566, "Anisotropy": 6.3449, "tensor": [[27.5583, -0.6199, 2.5278], [1.0147, 29.8185, -2.3697], [1.5329, -4.5364, 26.493]], "eigenvalues": [23.4859, 28.1973, 32.1865]}, "18": {"type": "O", "Isotropic": 320.2504, "Anisotropy": 34.0425, "tensor": [[292.3177, -0.6195, 9.9114], [2.0692, 328.6682, -1.3411], [5.4296, -9.6096, 339.7654]], "eigenvalues": [291.0421, 326.7637, 342.9454]}, "19": {"type": "C", "Isotropic": 129.3565, "Anisotropy": 86.0033, "tensor": [[101.1786, -3.0195, -3.227], [-2.6845, 175.2257, 26.5559], [-1.3683, 31.6842, 111.6653]], "eigenvalues": [99.5287, 101.8488, 186.692]}, "20": {"type": "C", "Isotropic": 116.722, "Anisotropy": 64.364, "tensor": [[90.6278, 3.5466, -5.7634], [-3.8278, 142.5303, -22.8543], [0.0753, -31.079, 117.0078]], "eigenvalues": [89.9825, 100.5521, 159.6313]}, "21": {"type": "C", "Isotropic": 117.6519, "Anisotropy": 66.772, "tensor": [[128.8182, -9.723, -33.9178], [1.8532, 104.6223, 4.08], [-39.4532, 10.1521, 119.5151]], "eigenvalues": [86.7488, 104.0403, 162.1665]}, "22": {"type": "O", "Isotropic": 321.7693, "Anisotropy": 34.5303, "tensor": [[333.1272, 12.3621, -22.0806], [15.3154, 322.3701, 9.0387], [-11.3656, 14.4046, 309.8106]], "eigenvalues": [291.623, 328.8954, 344.7895]}, "23": {"type": "C", "Isotropic": 130.3905, "Anisotropy": 89.436, "tensor": [[102.9181, -12.809, -6.7277], [-14.7173, 164.5561, 38.5687], [-11.5275, 36.5677, 123.6972]], "eigenvalues": [99.4593, 101.6977, 190.0145]}, "24": {"type": "H", "Isotropic": 28.5326, "Anisotropy": 7.428, "tensor": [[27.8408, 0.6815, 0.175], [2.6671, 29.4141, 5.1975], [1.2382, 2.8824, 28.3429]], "eigenvalues": [24.6861, 27.427, 33.4846]}, "25": {"type": "H", "Isotropic": 28.4243, "Anisotropy": 9.4648, "tensor": [[28.9264, -2.2688, -2.4599], [-4.2621, 29.4094, 4.0008], [-3.2537, 2.231, 26.9372]], "eigenvalues": [24.6449, 25.8939, 34.7341]}, "26": {"type": "H", "Isotropic": 28.3308, "Anisotropy": 7.4329, "tensor": [[28.0788, -0.2719, -4.1202], [1.5992, 27.5589, -2.5038], [-4.1787, -0.1938, 29.3548]], "eigenvalues": [24.4692, 27.2372, 33.2861]}, "27": {"type": "H", "Isotropic": 28.0578, "Anisotropy": 5.7867, "tensor": [[26.5565, -0.0365, 1.0933], [-1.2924, 27.3845, -2.9863], [2.3852, -1.0442, 30.2324]], "eigenvalues": [25.8392, 26.4185, 31.9156]}, "28": {"type": "H", "Isotropic": 28.168, "Anisotropy": 7.4083, "tensor": [[32.6976, 1.968, 0.3146], [1.1223, 26.6381, 1.3216], [-1.9053, 0.6576, 25.1682]], "eigenvalues": [24.4204, 26.9767, 33.1068]}, "29": {"type": "H", "Isotropic": 28.3524, "Anisotropy": 6.9455, "tensor": [[26.4089, 1.8727, -2.7492], [0.147, 29.6908, -1.5007], [-2.2651, -3.9346, 28.9574]], "eigenvalues": [24.7809, 27.2935, 32.9827]}, "30": {"type": "H", "Isotropic": 28.4147, "Anisotropy": 9.564, "tensor": [[25.5154, -2.4226, 0.5114], [-2.0347, 34.2519, -1.5571], [0.4185, 1.4341, 25.4767]], "eigenvalues": [24.7242, 25.7292, 34.7907]}, "31": {"type": "H", "Isotropic": 28.1203, "Anisotropy": 9.0681, "tensor": [[27.3098, -0.7198, -3.052], [-2.7783, 28.956, 4.3313], [-4.118, 2.781, 28.0952]], "eigenvalues": [23.7466, 26.4487, 34.1657]}, "32": {"type": "H", "Isotropic": 28.4473, "Anisotropy": 9.4106, "tensor": [[25.9313, 0.4291, 1.3232], [2.9889, 30.1789, 4.3594], [2.9889, 3.9417, 29.2318]], "eigenvalues": [24.8118, 25.8091, 34.721]}, "33": {"type": "H", "Isotropic": 27.9956, "Anisotropy": 6.4623, "tensor": [[24.968, -1.2859, -1.9366], [-0.7901, 32.0481, -2.4253], [-2.1075, 0.4114, 26.9705]], "eigenvalues": [23.4794, 28.2035, 32.3038]}}, "dipole_moment": {"X": 114.6517, "Y": 87.7212, "Z": 116.3559, "Tot": 185.415}}}, "functional": "wB97X", "basis": "Def2TZVP", "phase": "solution", "type": "nmr;scrf", "smiles": "[Li].O(C)CCOC.O(C)CCOC", "inchi": "InChI=1S/2C4H10O2.Li/c2*1-5-3-4-6-2;/h2*3-4H2,1-2H3;", "formula": "Li1 H20 C8 O4", "formula_pretty": "LiH20(C2O)4", "formula_anonymous": "AB4C8D20", "formula_alphabetical": "C8 H20 Li1 O4", "chemsys": "C-H-Li-O", "nsites": 33, "nelements": 4, "is_ordered": true, "is_valid": true, "gauss_version": "ES64L-G16RevC.01", "structural_change": "no_change", "tag": "oplsdp_conf_3", "wall_time (s)": 305.7520646546036, "version": "0.0.1", "last_updated": "2021-11-17T22:49:58.402110", "_id": null}