{"input": {"molecule": {"charge": 1, "spin_multiplicity": 1, "sites": [{"name": "Mg", "species": [{"element": "Mg", "occu": 1}], "xyz": [15.358473, 13.004014, 31.897295], "properties": {}}, {"name": "O", "species": [{"element": "O", "occu": 1}], "xyz": [15.197306, 12.831919, 29.846093], "properties": {}}, {"name": "C", "species": [{"element": "C", "occu": 1}], "xyz": [14.030093, 12.409463, 29.10662], "properties": {}}, {"name": "C", "species": [{"element": "C", "occu": 1}], "xyz": [16.08367, 13.698348, 29.100465], "properties": {}}, {"name": "C", "species": [{"element": "C", "occu": 1}], "xyz": [17.32707, 13.888797, 29.938671], "properties": {}}, {"name": "O", "species": [{"element": "O", "occu": 1}], "xyz": [16.881858, 14.252987, 31.262963], "properties": {}}, {"name": "C", "species": [{"element": "C", "occu": 1}], "xyz": [17.909131, 14.819138, 32.105308], "properties": {}}, {"name": "H", "species": [{"element": "H", "occu": 1}], "xyz": [13.44762, 11.783753, 29.777855], "properties": {}}, {"name": "H", "species": [{"element": "H", "occu": 1}], "xyz": [14.342496, 11.834788, 28.232844], "properties": {}}, {"name": "H", "species": [{"element": "H", "occu": 1}], "xyz": [15.575663, 14.650042, 28.921492], "properties": {}}, {"name": "H", "species": [{"element": "H", "occu": 1}], "xyz": [16.338915, 13.230882, 28.146491], "properties": {}}, {"name": "H", "species": [{"element": "H", "occu": 1}], "xyz": [17.942965, 14.6867, 29.518303], "properties": {}}, {"name": "H", "species": [{"element": "H", "occu": 1}], "xyz": [17.912046, 12.966896, 30.006076], "properties": {}}, {"name": "H", "species": [{"element": "H", "occu": 1}], "xyz": [18.744182, 14.120567, 32.200238], "properties": {}}, {"name": "H", "species": [{"element": "H", "occu": 1}], "xyz": [17.450187, 14.993913, 33.075033], "properties": {}}, {"name": "H", "species": [{"element": "H", "occu": 1}], "xyz": [18.252201, 15.761995, 31.676578], "properties": {}}, {"name": "H", "species": [{"element": "H", "occu": 1}], "xyz": [13.446671, 13.280389, 28.799845], "properties": {}}, {"name": "O", "species": [{"element": "O", "occu": 1}], "xyz": [16.592773, 11.355991, 32.187795], "properties": {}}, {"name": "C", "species": [{"element": "C", "occu": 1}], "xyz": [17.51787, 11.173831, 33.29001], "properties": {}}, {"name": "C", "species": [{"element": "C", "occu": 1}], "xyz": [15.830061, 10.175072, 31.836261], "properties": {}}, {"name": "C", "species": [{"element": "C", "occu": 1}], "xyz": [14.494624, 10.223325, 32.548439], "properties": {}}, {"name": "O", "species": [{"element": "O", "occu": 1}], "xyz": [13.935248, 11.529456, 32.25774], "properties": {}}, {"name": "C", "species": [{"element": "C", "occu": 1}], "xyz": [12.567227, 11.686443, 32.693355], "properties": {}}, {"name": "H", "species": [{"element": "H", "occu": 1}], "xyz": [18.337709, 10.533941, 32.960304], "properties": {}}, {"name": "H", "species": [{"element": "H", "occu": 1}], "xyz": [17.005366, 10.73921, 34.146852], "properties": {}}, {"name": "H", "species": [{"element": "H", "occu": 1}], "xyz": [16.385677, 9.272845, 32.094655], "properties": {}}, {"name": "H", "species": [{"element": "H", "occu": 1}], "xyz": [15.695674, 10.219479, 30.754841], "properties": {}}, {"name": "H", "species": [{"element": "H", "occu": 1}], "xyz": [14.598341, 10.119754, 33.630593], "properties": {}}, {"name": "H", "species": [{"element": "H", "occu": 1}], "xyz": [13.829475, 9.446692, 32.162264], "properties": {}}, {"name": "H", "species": [{"element": "H", "occu": 1}], "xyz": [12.488532, 11.489652, 33.763736], "properties": {}}, {"name": "H", "species": [{"element": "H", "occu": 1}], "xyz": [11.92631, 11.001407, 32.13489], "properties": {}}, {"name": "H", "species": [{"element": "H", "occu": 1}], "xyz": [12.281431, 12.714741, 32.487562], "properties": {}}, {"name": "H", "species": [{"element": "H", "occu": 1}], "xyz": [17.890917, 12.159918, 33.553523], "properties": {}}, {"name": "N", "species": [{"element": "N", "occu": 1}], "xyz": [15.293533, 12.624913, 35.154805], "properties": {}}, {"name": "S", "species": [{"element": "S", "occu": 1}], "xyz": [15.024047, 11.657502, 36.444214], "properties": {}}, {"name": "O", "species": [{"element": "O", "occu": 1}], "xyz": [13.987758, 12.101726, 37.36756], "properties": {}}, {"name": "O", "species": [{"element": "O", "occu": 1}], "xyz": [15.042183, 10.277949, 35.964594], "properties": {}}, {"name": "C", "species": [{"element": "C", "occu": 1}], "xyz": [16.669844, 11.863801, 37.357594], "properties": {}}, {"name": "F", "species": [{"element": "F", "occu": 1}], "xyz": [16.655294, 11.101972, 38.450124], "properties": {}}, {"name": "F", "species": [{"element": "F", "occu": 1}], "xyz": [16.843455, 13.138804, 37.708967], "properties": {}}, {"name": "F", "species": [{"element": "F", "occu": 1}], "xyz": [17.681508, 11.486866, 36.571138], "properties": {}}, {"name": "S", "species": [{"element": "S", "occu": 1}], "xyz": [14.530195, 13.974118, 34.818566], "properties": {}}, {"name": "O", "species": [{"element": "O", "occu": 1}], "xyz": [13.12638, 14.098987, 35.171674], "properties": {}}, {"name": "O", "species": [{"element": "O", "occu": 1}], "xyz": [14.891184, 14.254402, 33.39025], "properties": {}}, {"name": "C", "species": [{"element": "C", "occu": 1}], "xyz": [15.429748, 15.393826, 35.694682], "properties": {}}, {"name": "F", "species": [{"element": "F", "occu": 1}], "xyz": [16.742114, 15.295859, 35.469734], "properties": {}}, {"name": "F", "species": [{"element": "F", "occu": 1}], "xyz": [14.985148, 16.553976, 35.218249], "properties": {}}, {"name": "F", "species": [{"element": "F", "occu": 1}], "xyz": [15.195423, 15.324486, 37.000459], "properties": {}}]}, "functional": "B3LYP", "basis_set": "6-311++G**", "route_parameters": {"NMR": "GIAO", "iop(7/33=1)": null, "int": "ultrafine", "EmpiricalDispersion": "GD3", "NoSymmetry": null, "test": null, "SCRF": "(Solvent=TetraHydroFuran)"}, "title": "Mg1 H20 C10 S2 N1 O8 F6", "charge": 1, "spin_multiplicity": 1, "input_parameters": {}, "link0_parameters": {"%chk": "checkpoint.chk", "%mem": "100GB", "%NProcShared": "24"}, "dieze_tag": "#P", "nbasisfunctions": 780, "pcm_parameters": {}}, "output": {"has_gaussian_completed": true, "is_pcm": true, "errors": [], "Mulliken_charges": {"1": ["Mg", 0.710647], "2": ["O", -0.281808], "3": ["C", -0.246571], "4": ["C", -0.256449], "5": ["C", -0.204336], "6": ["O", -0.223998], "7": ["C", -0.235499], "8": ["H", 0.21141], "9": ["H", 0.186096], "10": ["H", 0.236096], "11": ["H", 0.208503], "12": ["H", 0.228444], "13": ["H", 0.23345], "14": ["H", 0.184656], "15": ["H", 0.208379], "16": ["H", 0.186373], "17": ["H", 0.187723], "18": ["O", -0.122084], "19": ["C", -0.363613], "20": ["C", -0.337464], "21": ["C", -0.339646], "22": ["O", -0.230986], "23": ["C", -0.374136], "24": ["H", 0.197104], "25": ["H", 0.21791], "26": ["H", 0.24405], "27": ["H", 0.234393], "28": ["H", 0.275465], "29": ["H", 0.211602], "30": ["H", 0.254888], "31": ["H", 0.199034], "32": ["H", 0.210281], "33": ["H", 0.232809], "34": ["N", -0.084822], "35": ["S", 0.061396], "36": ["O", 0.032339], "37": ["O", -0.052925], "38": ["C", 0.024367], "39": ["F", -0.046048], "40": ["F", -0.02941], "41": ["F", -0.027624], "42": ["S", -1.157331], "43": ["O", 0.179123], "44": ["O", 0.002535], "45": ["C", 0.187453], "46": ["F", 0.038903], "47": ["F", 0.003593], "48": ["F", 0.025726]}, "tensor": {"1": {"type": "Mg", "Isotropic": 575.0691, "Anisotropy": 21.4613, "tensor": [[0.597, 576.7612, 4.5035]], "eigenvalues": [559.9439, 575.8868, 589.3767]}, "2": {"type": "O", "Isotropic": 305.1651, "Anisotropy": 47.0933, "tensor": [[300.6606, 10.0019, 9.8965]], "eigenvalues": [270.3533, 308.5815, 336.5607]}, "3": {"type": "C", "Isotropic": 120.5293, "Anisotropy": 94.6428, "tensor": [[152.0867, 26.3309, 34.2179], [23.1066, 97.316, 15.0323], [38.7581, 16.226, 112.1853]], "eigenvalues": [87.2256, 90.7378, 183.6245]}, "4": {"type": "C", "Isotropic": 107.5439, "Anisotropy": 69.9561, "tensor": [], "eigenvalues": [75.9364, 92.514, 154.1813]}, "5": {"type": "C", "Isotropic": 109.9809, "Anisotropy": 72.3961, "tensor": [[5.3393, 85.1218, 14.8539]], "eigenvalues": [78.0755, 93.6222, 158.2449]}, "6": {"type": "O", "Isotropic": 306.8025, "Anisotropy": 47.5666, "tensor": [], "eigenvalues": [272.8285, 309.0654, 338.5135]}, "7": {"type": "C", "Isotropic": 120.5117, "Anisotropy": 91.7259, "tensor": [[128.894, 27.7284, 40.1853], [27.4761, 104.8947, 20.7048], [35.2383, 21.8346, 127.7465]], "eigenvalues": [86.0427, 93.8302, 181.6623]}, "8": {"type": "H", "Isotropic": 27.8242, "Anisotropy": 6.503, "tensor": [[29.6248, 4.3814, 0.3377]], "eigenvalues": [22.2805, 29.0326, 32.1596]}, "9": {"type": "H", "Isotropic": 28.2145, "Anisotropy": 10.1357, "tensor": [[26.345, 2.0913, 4.3379], [0.9547, 26.8755, 4.001], [1.9505, 3.5621, 31.4228]], "eigenvalues": [24.6069, 25.0649, 34.9716]}, "10": {"type": "H", "Isotropic": 27.7001, "Anisotropy": 8.8209, "tensor": [], "eigenvalues": [23.3462, 26.1734, 33.5807]}, "11": {"type": "H", "Isotropic": 28.0378, "Anisotropy": 8.2233, "tensor": [], "eigenvalues": [24.0717, 26.5215, 33.52]}, "12": {"type": "H", "Isotropic": 28.1847, "Anisotropy": 8.358, "tensor": [], "eigenvalues": [23.8205, 26.977, 33.7567]}, "13": {"type": "H", "Isotropic": 27.6769, "Anisotropy": 7.4063, "tensor": [], "eigenvalues": [24.609, 25.8072, 32.6144]}, "14": {"type": "H", "Isotropic": 28.4234, "Anisotropy": 6.8913, "tensor": [], "eigenvalues": [25.0887, 27.164, 33.0176]}, "15": {"type": "H", "Isotropic": 28.0409, "Anisotropy": 8.389, "tensor": [[26.0741, 3.1877, 0.1971], [2.1112, 25.3181, 2.8879]], "eigenvalues": [22.2921, 28.197, 33.6336]}, "16": {"type": "H", "Isotropic": 28.3502, "Anisotropy": 9.2556, "tensor": [[1.6121, 1.5644, 26.1175]], "eigenvalues": [24.4767, 26.0534, 34.5206]}, "17": {"type": "H", "Isotropic": 28.165, "Anisotropy": 9.723, "tensor": [], "eigenvalues": [24.5905, 25.2576, 34.647]}, "18": {"type": "O", "Isotropic": 318.8556, "Anisotropy": 46.8917, "tensor": [[305.7052, 19.6744, 21.5353], [20.0767, 5.922, 307.4719]], "eigenvalues": [282.9037, 323.5463, 350.1167]}, "19": {"type": "C", "Isotropic": 118.4776, "Anisotropy": 88.3322, "tensor": [], "eigenvalues": [83.9745, 94.0926, 177.3657]}, "20": {"type": "C", "Isotropic": 109.4465, "Anisotropy": 72.3942, "tensor": [[112.7278, 25.127, 15.1955], [32.7314, 129.3881, 22.3729], [8.4265, 13.9871, 86.2237]], "eigenvalues": [79.5007, 91.1296, 157.7093]}, "21": {"type": "C", "Isotropic": 109.7588, "Anisotropy": 73.6573, "tensor": [], "eigenvalues": [77.3009, 93.1119, 158.8637]}, "22": {"type": "O", "Isotropic": 309.1367, "Anisotropy": 39.592, "tensor": [], "eigenvalues": [270.2066, 321.6721, 335.5314]}, "23": {"type": "C", "Isotropic": 120.1483, "Anisotropy": 89.525, "tensor": [], "eigenvalues": [87.8857, 92.7277, 179.8316]}, "24": {"type": "H", "Isotropic": 28.4786, "Anisotropy": 8.9169, "tensor": [], "eigenvalues": [24.0392, 26.9734, 34.4233]}, "25": {"type": "H", "Isotropic": 27.813, "Anisotropy": 9.6101, "tensor": [], "eigenvalues": [22.5467, 26.6726, 34.2198]}, "26": {"type": "H", "Isotropic": 28.0619, "Anisotropy": 8.2726, "tensor": [[0.1875, 2.5654, 24.8074]], "eigenvalues": [24.0567, 26.552, 33.577]}, "27": {"type": "H", "Isotropic": 27.4599, "Anisotropy": 8.1361, "tensor": [[24.8845, 0.7962, 1.969], [1.4238, 27.8902, 4.8252], [0.5832, 2.5367, 29.6049]], "eigenvalues": [24.5154, 24.9803, 32.8839]}, "28": {"type": "H", "Isotropic": 26.4593, "Anisotropy": 7.3093, "tensor": [], "eigenvalues": [22.5906, 25.4552, 31.3322]}, "29": {"type": "H", "Isotropic": 28.2058, "Anisotropy": 8.0373, "tensor": [[26.9578, 0.703, 0.6354], [3.4513, 32.7031, 1.0572], [0.9922, 1.0895, 24.9564]], "eigenvalues": [24.6506, 26.4028, 33.564]}, "30": {"type": "H", "Isotropic": 27.9665, "Anisotropy": 6.4508, "tensor": [[0.9663, 24.2303, 1.4566]], "eigenvalues": [23.4059, 28.2266, 32.2671]}, "31": {"type": "H", "Isotropic": 28.2461, "Anisotropy": 9.9416, "tensor": [[34.0132, 3.7183, 1.8361], [1.2594, 24.9559, 1.3695], [0.5999, 0.5501, 25.7693]], "eigenvalues": [24.0587, 25.8058, 34.8739]}, "32": {"type": "H", "Isotropic": 28.2057, "Anisotropy": 7.9666, "tensor": [], "eigenvalues": [24.5268, 26.5735, 33.5168]}, "33": {"type": "H", "Isotropic": 28.57, "Anisotropy": 5.3399, "tensor": [[28.7351, 2.044, 1.6861], [3.0115, 2.1458, 30.2042]], "eigenvalues": [26.1198, 27.4603, 32.1299]}, "34": {"type": "N", "Isotropic": 68.6007, "Anisotropy": 42.3586, "tensor": [], "eigenvalues": [45.4548, 63.5077, 96.8398]}, "35": {"type": "S", "Isotropic": 169.8198, "Anisotropy": 258.5826, "tensor": [], "eigenvalues": [17.6287, 149.6225, 342.2082]}, "36": {"type": "O", "Isotropic": 105.0092, "Anisotropy": 95.5342, "tensor": [], "eigenvalues": [59.122, 87.207, 168.6987]}, "37": {"type": "O", "Isotropic": 88.1828, "Anisotropy": 58.6181, "tensor": [], "eigenvalues": [49.7794, 87.5075, 127.2616]}, "38": {"type": "C", "Isotropic": 52.8506, "Anisotropy": 7.4051, "tensor": [], "eigenvalues": [45.6329, 55.1316, 57.7873]}, "39": {"type": "F", "Isotropic": 254.2161, "Anisotropy": 135.0256, "tensor": [], "eigenvalues": [185.9508, 232.4644, 344.2332]}, "40": {"type": "F", "Isotropic": 249.6362, "Anisotropy": 137.0273, "tensor": [[23.0945, 330.9328, 29.2571]], "eigenvalues": [182.4536, 225.4673, 340.9877]}, "41": {"type": "F", "Isotropic": 246.6757, "Anisotropy": 140.841, "tensor": [], "eigenvalues": [181.7227, 217.7347, 340.5697]}, "42": {"type": "S", "Isotropic": 172.7064, "Anisotropy": 211.63, "tensor": [], "eigenvalues": [45.8184, 158.5078, 313.7931]}, "43": {"type": "O", "Isotropic": 88.8101, "Anisotropy": 40.7925, "tensor": [], "eigenvalues": [58.5146, 91.9106, 116.0051]}, "44": {"type": "O", "Isotropic": 126.2662, "Anisotropy": 123.243, "tensor": [], "eigenvalues": [57.6664, 112.704, 208.4282]}, "45": {"type": "C", "Isotropic": 51.9498, "Anisotropy": 6.2333, "tensor": [], "eigenvalues": [45.4185, 54.3255, 56.1053]}, "46": {"type": "F", "Isotropic": 244.8341, "Anisotropy": 136.3058, "tensor": [], "eigenvalues": [180.722, 218.0757, 335.7047]}, "47": {"type": "F", "Isotropic": 247.0593, "Anisotropy": 136.7837, "tensor": [], "eigenvalues": [181.633, 221.2964, 338.2484]}, "48": {"type": "F", "Isotropic": 246.2317, "Anisotropy": 131.7214, "tensor": [], "eigenvalues": [181.6463, 223.0028, 334.046]}}, "output": {"energies": [-2645.62185667], "final_energy": -2645.62185667, "final_energy_per_atom": -55.11712201395833, "molecule": {"charge": 0.0, "spin_multiplicity": 2, "sites": [{"name": "Mg", "species": [{"element": "Mg", "occu": 1}], "xyz": [15.358473, 13.004014, 31.897295], "properties": {}}, {"name": "O", "species": [{"element": "O", "occu": 1}], "xyz": [15.197306, 12.831919, 29.846093], "properties": {}}, {"name": "C", "species": [{"element": "C", "occu": 1}], "xyz": [14.030093, 12.409463, 29.10662], "properties": {}}, {"name": "C", "species": [{"element": "C", "occu": 1}], "xyz": [16.08367, 13.698348, 29.100465], "properties": {}}, {"name": "C", "species": [{"element": "C", "occu": 1}], "xyz": [17.32707, 13.888797, 29.938671], "properties": {}}, {"name": "O", "species": [{"element": "O", "occu": 1}], "xyz": [16.881858, 14.252987, 31.262963], "properties": {}}, {"name": "C", "species": [{"element": "C", "occu": 1}], "xyz": [17.909131, 14.819138, 32.105308], "properties": {}}, {"name": "H", "species": [{"element": "H", "occu": 1}], "xyz": [13.44762, 11.783753, 29.777855], "properties": {}}, {"name": "H", "species": [{"element": "H", "occu": 1}], "xyz": [14.342496, 11.834788, 28.232844], "properties": {}}, {"name": "H", "species": [{"element": "H", "occu": 1}], "xyz": [15.575663, 14.650042, 28.921492], "properties": {}}, {"name": "H", "species": [{"element": "H", "occu": 1}], "xyz": [16.338915, 13.230882, 28.146491], "properties": {}}, {"name": "H", "species": [{"element": "H", "occu": 1}], "xyz": [17.942965, 14.6867, 29.518303], "properties": {}}, {"name": "H", "species": [{"element": "H", "occu": 1}], "xyz": [17.912046, 12.966896, 30.006076], "properties": {}}, {"name": "H", "species": [{"element": "H", "occu": 1}], "xyz": [18.744182, 14.120567, 32.200238], "properties": {}}, {"name": "H", "species": [{"element": "H", "occu": 1}], "xyz": [17.450187, 14.993913, 33.075033], "properties": {}}, {"name": "H", "species": [{"element": "H", "occu": 1}], "xyz": [18.252201, 15.761995, 31.676578], "properties": {}}, {"name": "H", "species": [{"element": "H", "occu": 1}], "xyz": [13.446671, 13.280389, 28.799845], "properties": {}}, {"name": "O", "species": [{"element": "O", "occu": 1}], "xyz": [16.592773, 11.355991, 32.187795], "properties": {}}, {"name": "C", "species": [{"element": "C", "occu": 1}], "xyz": [17.51787, 11.173831, 33.29001], "properties": {}}, {"name": "C", "species": [{"element": "C", "occu": 1}], "xyz": [15.830061, 10.175072, 31.836261], "properties": {}}, {"name": "C", "species": [{"element": "C", "occu": 1}], "xyz": [14.494624, 10.223325, 32.548439], "properties": {}}, {"name": "O", "species": [{"element": "O", "occu": 1}], "xyz": [13.935248, 11.529456, 32.25774], "properties": {}}, {"name": "C", "species": [{"element": "C", "occu": 1}], "xyz": [12.567227, 11.686443, 32.693355], "properties": {}}, {"name": "H", "species": [{"element": "H", "occu": 1}], "xyz": [18.337709, 10.533941, 32.960304], "properties": {}}, {"name": "H", "species": [{"element": "H", "occu": 1}], "xyz": [17.005366, 10.73921, 34.146852], "properties": {}}, {"name": "H", "species": [{"element": "H", "occu": 1}], "xyz": [16.385677, 9.272845, 32.094655], "properties": {}}, {"name": "H", "species": [{"element": "H", "occu": 1}], "xyz": [15.695674, 10.219479, 30.754841], "properties": {}}, {"name": "H", "species": [{"element": "H", "occu": 1}], "xyz": [14.598341, 10.119754, 33.630593], "properties": {}}, {"name": "H", "species": [{"element": "H", "occu": 1}], "xyz": [13.829475, 9.446692, 32.162264], "properties": {}}, {"name": "H", "species": [{"element": "H", "occu": 1}], "xyz": [12.488532, 11.489652, 33.763736], "properties": {}}, {"name": "H", "species": [{"element": "H", "occu": 1}], "xyz": [11.92631, 11.001407, 32.13489], "properties": {}}, {"name": "H", "species": [{"element": "H", "occu": 1}], "xyz": [12.281431, 12.714741, 32.487562], "properties": {}}, {"name": "H", "species": [{"element": "H", "occu": 1}], "xyz": [17.890917, 12.159918, 33.553523], "properties": {}}, {"name": "N", "species": [{"element": "N", "occu": 1}], "xyz": [15.293533, 12.624913, 35.154805], "properties": {}}, {"name": "S", "species": [{"element": "S", "occu": 1}], "xyz": [15.024047, 11.657502, 36.444214], "properties": {}}, {"name": "O", "species": [{"element": "O", "occu": 1}], "xyz": [13.987758, 12.101726, 37.36756], "properties": {}}, {"name": "O", "species": [{"element": "O", "occu": 1}], "xyz": [15.042183, 10.277949, 35.964594], "properties": {}}, {"name": "C", "species": [{"element": "C", "occu": 1}], "xyz": [16.669844, 11.863801, 37.357594], "properties": {}}, {"name": "F", "species": [{"element": "F", "occu": 1}], "xyz": [16.655294, 11.101972, 38.450124], "properties": {}}, {"name": "F", "species": [{"element": "F", "occu": 1}], "xyz": [16.843455, 13.138804, 37.708967], "properties": {}}, {"name": "F", "species": [{"element": "F", "occu": 1}], "xyz": [17.681508, 11.486866, 36.571138], "properties": {}}, {"name": "S", "species": [{"element": "S", "occu": 1}], "xyz": [14.530195, 13.974118, 34.818566], "properties": {}}, {"name": "O", "species": [{"element": "O", "occu": 1}], "xyz": [13.12638, 14.098987, 35.171674], "properties": {}}, {"name": "O", "species": [{"element": "O", "occu": 1}], "xyz": [14.891184, 14.254402, 33.39025], "properties": {}}, {"name": "C", "species": [{"element": "C", "occu": 1}], "xyz": [15.429748, 15.393826, 35.694682], "properties": {}}, {"name": "F", "species": [{"element": "F", "occu": 1}], "xyz": [16.742114, 15.295859, 35.469734], "properties": {}}, {"name": "F", "species": [{"element": "F", "occu": 1}], "xyz": [14.985148, 16.553976, 35.218249], "properties": {}}, {"name": "F", "species": [{"element": "F", "occu": 1}], "xyz": [15.195423, 15.324486, 37.000459], "properties": {}}]}, "stationary_type": "Minimum", "corrections": {}, "tensor": {"1": {"type": "Mg", "Isotropic": 575.0691, "Anisotropy": 21.4613, "tensor": [[0.597, 576.7612, 4.5035]], "eigenvalues": [559.9439, 575.8868, 589.3767]}, "2": {"type": "O", "Isotropic": 305.1651, "Anisotropy": 47.0933, "tensor": [[300.6606, 10.0019, 9.8965]], "eigenvalues": [270.3533, 308.5815, 336.5607]}, "3": {"type": "C", "Isotropic": 120.5293, "Anisotropy": 94.6428, "tensor": [[152.0867, 26.3309, 34.2179], [23.1066, 97.316, 15.0323], [38.7581, 16.226, 112.1853]], "eigenvalues": [87.2256, 90.7378, 183.6245]}, "4": {"type": "C", "Isotropic": 107.5439, "Anisotropy": 69.9561, "tensor": [], "eigenvalues": [75.9364, 92.514, 154.1813]}, "5": {"type": "C", "Isotropic": 109.9809, "Anisotropy": 72.3961, "tensor": [[5.3393, 85.1218, 14.8539]], "eigenvalues": [78.0755, 93.6222, 158.2449]}, "6": {"type": "O", "Isotropic": 306.8025, "Anisotropy": 47.5666, "tensor": [], "eigenvalues": [272.8285, 309.0654, 338.5135]}, "7": {"type": "C", "Isotropic": 120.5117, "Anisotropy": 91.7259, "tensor": [[128.894, 27.7284, 40.1853], [27.4761, 104.8947, 20.7048], [35.2383, 21.8346, 127.7465]], "eigenvalues": [86.0427, 93.8302, 181.6623]}, "8": {"type": "H", "Isotropic": 27.8242, "Anisotropy": 6.503, "tensor": [[29.6248, 4.3814, 0.3377]], "eigenvalues": [22.2805, 29.0326, 32.1596]}, "9": {"type": "H", "Isotropic": 28.2145, "Anisotropy": 10.1357, "tensor": [[26.345, 2.0913, 4.3379], [0.9547, 26.8755, 4.001], [1.9505, 3.5621, 31.4228]], "eigenvalues": [24.6069, 25.0649, 34.9716]}, "10": {"type": "H", "Isotropic": 27.7001, "Anisotropy": 8.8209, "tensor": [], "eigenvalues": [23.3462, 26.1734, 33.5807]}, "11": {"type": "H", "Isotropic": 28.0378, "Anisotropy": 8.2233, "tensor": [], "eigenvalues": [24.0717, 26.5215, 33.52]}, "12": {"type": "H", "Isotropic": 28.1847, "Anisotropy": 8.358, "tensor": [], "eigenvalues": [23.8205, 26.977, 33.7567]}, "13": {"type": "H", "Isotropic": 27.6769, "Anisotropy": 7.4063, "tensor": [], "eigenvalues": [24.609, 25.8072, 32.6144]}, "14": {"type": "H", "Isotropic": 28.4234, "Anisotropy": 6.8913, "tensor": [], "eigenvalues": [25.0887, 27.164, 33.0176]}, "15": {"type": "H", "Isotropic": 28.0409, "Anisotropy": 8.389, "tensor": [[26.0741, 3.1877, 0.1971], [2.1112, 25.3181, 2.8879]], "eigenvalues": [22.2921, 28.197, 33.6336]}, "16": {"type": "H", "Isotropic": 28.3502, "Anisotropy": 9.2556, "tensor": [[1.6121, 1.5644, 26.1175]], "eigenvalues": [24.4767, 26.0534, 34.5206]}, "17": {"type": "H", "Isotropic": 28.165, "Anisotropy": 9.723, "tensor": [], "eigenvalues": [24.5905, 25.2576, 34.647]}, "18": {"type": "O", "Isotropic": 318.8556, "Anisotropy": 46.8917, "tensor": [[305.7052, 19.6744, 21.5353], [20.0767, 5.922, 307.4719]], "eigenvalues": [282.9037, 323.5463, 350.1167]}, "19": {"type": "C", "Isotropic": 118.4776, "Anisotropy": 88.3322, "tensor": [], "eigenvalues": [83.9745, 94.0926, 177.3657]}, "20": {"type": "C", "Isotropic": 109.4465, "Anisotropy": 72.3942, "tensor": [[112.7278, 25.127, 15.1955], [32.7314, 129.3881, 22.3729], [8.4265, 13.9871, 86.2237]], "eigenvalues": [79.5007, 91.1296, 157.7093]}, "21": {"type": "C", "Isotropic": 109.7588, "Anisotropy": 73.6573, "tensor": [], "eigenvalues": [77.3009, 93.1119, 158.8637]}, "22": {"type": "O", "Isotropic": 309.1367, "Anisotropy": 39.592, "tensor": [], "eigenvalues": [270.2066, 321.6721, 335.5314]}, "23": {"type": "C", "Isotropic": 120.1483, "Anisotropy": 89.525, "tensor": [], "eigenvalues": [87.8857, 92.7277, 179.8316]}, "24": {"type": "H", "Isotropic": 28.4786, "Anisotropy": 8.9169, "tensor": [], "eigenvalues": [24.0392, 26.9734, 34.4233]}, "25": {"type": "H", "Isotropic": 27.813, "Anisotropy": 9.6101, "tensor": [], "eigenvalues": [22.5467, 26.6726, 34.2198]}, "26": {"type": "H", "Isotropic": 28.0619, "Anisotropy": 8.2726, "tensor": [[0.1875, 2.5654, 24.8074]], "eigenvalues": [24.0567, 26.552, 33.577]}, "27": {"type": "H", "Isotropic": 27.4599, "Anisotropy": 8.1361, "tensor": [[24.8845, 0.7962, 1.969], [1.4238, 27.8902, 4.8252], [0.5832, 2.5367, 29.6049]], "eigenvalues": [24.5154, 24.9803, 32.8839]}, "28": {"type": "H", "Isotropic": 26.4593, "Anisotropy": 7.3093, "tensor": [], "eigenvalues": [22.5906, 25.4552, 31.3322]}, "29": {"type": "H", "Isotropic": 28.2058, "Anisotropy": 8.0373, "tensor": [[26.9578, 0.703, 0.6354], [3.4513, 32.7031, 1.0572], [0.9922, 1.0895, 24.9564]], "eigenvalues": [24.6506, 26.4028, 33.564]}, "30": {"type": "H", "Isotropic": 27.9665, "Anisotropy": 6.4508, "tensor": [[0.9663, 24.2303, 1.4566]], "eigenvalues": [23.4059, 28.2266, 32.2671]}, "31": {"type": "H", "Isotropic": 28.2461, "Anisotropy": 9.9416, "tensor": [[34.0132, 3.7183, 1.8361], [1.2594, 24.9559, 1.3695], [0.5999, 0.5501, 25.7693]], "eigenvalues": [24.0587, 25.8058, 34.8739]}, "32": {"type": "H", "Isotropic": 28.2057, "Anisotropy": 7.9666, "tensor": [], "eigenvalues": [24.5268, 26.5735, 33.5168]}, "33": {"type": "H", "Isotropic": 28.57, "Anisotropy": 5.3399, "tensor": [[28.7351, 2.044, 1.6861], [3.0115, 2.1458, 30.2042]], "eigenvalues": [26.1198, 27.4603, 32.1299]}, "34": {"type": "N", "Isotropic": 68.6007, "Anisotropy": 42.3586, "tensor": [], "eigenvalues": [45.4548, 63.5077, 96.8398]}, "35": {"type": "S", "Isotropic": 169.8198, "Anisotropy": 258.5826, "tensor": [], "eigenvalues": [17.6287, 149.6225, 342.2082]}, "36": {"type": "O", "Isotropic": 105.0092, "Anisotropy": 95.5342, "tensor": [], "eigenvalues": [59.122, 87.207, 168.6987]}, "37": {"type": "O", "Isotropic": 88.1828, "Anisotropy": 58.6181, "tensor": [], "eigenvalues": [49.7794, 87.5075, 127.2616]}, "38": {"type": "C", "Isotropic": 52.8506, "Anisotropy": 7.4051, "tensor": [], "eigenvalues": [45.6329, 55.1316, 57.7873]}, "39": {"type": "F", "Isotropic": 254.2161, "Anisotropy": 135.0256, "tensor": [], "eigenvalues": [185.9508, 232.4644, 344.2332]}, "40": {"type": "F", "Isotropic": 249.6362, "Anisotropy": 137.0273, "tensor": [[23.0945, 330.9328, 29.2571]], "eigenvalues": [182.4536, 225.4673, 340.9877]}, "41": {"type": "F", "Isotropic": 246.6757, "Anisotropy": 140.841, "tensor": [], "eigenvalues": [181.7227, 217.7347, 340.5697]}, "42": {"type": "S", "Isotropic": 172.7064, "Anisotropy": 211.63, "tensor": [], "eigenvalues": [45.8184, 158.5078, 313.7931]}, "43": {"type": "O", "Isotropic": 88.8101, "Anisotropy": 40.7925, "tensor": [], "eigenvalues": [58.5146, 91.9106, 116.0051]}, "44": {"type": "O", "Isotropic": 126.2662, "Anisotropy": 123.243, "tensor": [], "eigenvalues": [57.6664, 112.704, 208.4282]}, "45": {"type": "C", "Isotropic": 51.9498, "Anisotropy": 6.2333, "tensor": [], "eigenvalues": [45.4185, 54.3255, 56.1053]}, "46": {"type": "F", "Isotropic": 244.8341, "Anisotropy": 136.3058, "tensor": [], "eigenvalues": [180.722, 218.0757, 335.7047]}, "47": {"type": "F", "Isotropic": 247.0593, "Anisotropy": 136.7837, "tensor": [], "eigenvalues": [181.633, 221.2964, 338.2484]}, "48": {"type": "F", "Isotropic": 246.2317, "Anisotropy": 131.7214, "tensor": [], "eigenvalues": [181.6463, 223.0028, 334.046]}}}}, "functional": "B3LYP", "basis": "6-311++G**", "phase": "solution", "type": "nmr;scrf", "smiles": "[Mg]O[S@]([N]S(=O)(=O)C(F)(F)F)([O])C(F)(F)F.O(C)CCOC.O(C)CCOC", "formula": "Mg1 H20 C10 S2 N1 O8 F6", "formula_pretty": "MgH20C10S2N(O4F3)2", "formula_anonymous": "ABC2D6E8F10G20", "formula_alphabetical": "C10 F6 H20 Mg1 N1 O8 S2", "chemsys": "C-F-H-Mg-N-O-S", "nsites": 48, "nelements": 7, "is_ordered": true, "is_valid": true, "tag": "oplsd_3", "wall_time (s)": 680.0398653666489, "last_updated": "2020-12-25T07:07:15.978332", "_id": null}