{"input": {"molecule": {"charge": 2, "spin_multiplicity": 1, "sites": [{"name": "Mg", "species": [{"element": "Mg", "occu": 1}], "xyz": [4.182889, 21.297697, 31.03306], "properties": {}}, {"name": "O", "species": [{"element": "O", "occu": 1}], "xyz": [4.487404, 23.025632, 32.179145], "properties": {}}, {"name": "C", "species": [{"element": "C", "occu": 1}], "xyz": [3.47813, 24.017519, 32.472697], "properties": {}}, {"name": "C", "species": [{"element": "C", "occu": 1}], "xyz": [5.447999, 22.857852, 33.244929], "properties": {}}, {"name": "C", "species": [{"element": "C", "occu": 1}], "xyz": [6.542511, 21.951265, 32.731666], "properties": {}}, {"name": "O", "species": [{"element": "O", "occu": 1}], "xyz": [5.901756, 20.812945, 32.115552], "properties": {}}, {"name": "C", "species": [{"element": "C", "occu": 1}], "xyz": [6.803236, 19.722062, 31.824978], "properties": {}}, {"name": "H", "species": [{"element": "H", "occu": 1}], "xyz": [3.950505, 24.994791, 32.587102], "properties": {}}, {"name": "H", "species": [{"element": "H", "occu": 1}], "xyz": [2.945621, 23.745654, 33.387785], "properties": {}}, {"name": "H", "species": [{"element": "H", "occu": 1}], "xyz": [4.941631, 22.421013, 34.110171], "properties": {}}, {"name": "H", "species": [{"element": "H", "occu": 1}], "xyz": [5.866275, 23.827779, 33.523704], "properties": {}}, {"name": "H", "species": [{"element": "H", "occu": 1}], "xyz": [7.170221, 21.620986, 33.562574], "properties": {}}, {"name": "H", "species": [{"element": "H", "occu": 1}], "xyz": [7.164969, 22.454176, 31.986677], "properties": {}}, {"name": "H", "species": [{"element": "H", "occu": 1}], "xyz": [7.602554, 20.062294, 31.162101], "properties": {}}, {"name": "H", "species": [{"element": "H", "occu": 1}], "xyz": [6.214538, 18.953494, 31.33209], "properties": {}}, {"name": "H", "species": [{"element": "H", "occu": 1}], "xyz": [7.224217, 19.340227, 32.756564], "properties": {}}, {"name": "H", "species": [{"element": "H", "occu": 1}], "xyz": [2.791869, 24.024599, 31.630648], "properties": {}}, {"name": "O", "species": [{"element": "O", "occu": 1}], "xyz": [2.893546, 20.368598, 32.394425], "properties": {}}, {"name": "C", "species": [{"element": "C", "occu": 1}], "xyz": [3.260221, 19.915751, 33.716543], "properties": {}}, {"name": "C", "species": [{"element": "C", "occu": 1}], "xyz": [1.530095, 20.841034, 32.315931], "properties": {}}, {"name": "C", "species": [{"element": "C", "occu": 1}], "xyz": [1.22328, 21.117234, 30.862195], "properties": {}}, {"name": "O", "species": [{"element": "O", "occu": 1}], "xyz": [2.309588, 21.910808, 30.338098], "properties": {}}, {"name": "C", "species": [{"element": "C", "occu": 1}], "xyz": [2.030369, 22.508958, 29.053458], "properties": {}}, {"name": "H", "species": [{"element": "H", "occu": 1}], "xyz": [3.118204, 20.725451, 34.437016], "properties": {}}, {"name": "H", "species": [{"element": "H", "occu": 1}], "xyz": [4.30878, 19.635222, 33.673755], "properties": {}}, {"name": "H", "species": [{"element": "H", "occu": 1}], "xyz": [1.437315, 21.748058, 32.919958], "properties": {}}, {"name": "H", "species": [{"element": "H", "occu": 1}], "xyz": [0.850632, 20.077957, 32.702785], "properties": {}}, {"name": "H", "species": [{"element": "H", "occu": 1}], "xyz": [0.284597, 21.670534, 30.781951], "properties": {}}, {"name": "H", "species": [{"element": "H", "occu": 1}], "xyz": [1.148174, 20.193603, 30.281456], "properties": {}}, {"name": "H", "species": [{"element": "H", "occu": 1}], "xyz": [1.777042, 21.734244, 28.326121], "properties": {}}, {"name": "H", "species": [{"element": "H", "occu": 1}], "xyz": [2.935986, 23.023688, 28.745809], "properties": {}}, {"name": "H", "species": [{"element": "H", "occu": 1}], "xyz": [1.2042, 23.214898, 29.153411], "properties": {}}, {"name": "H", "species": [{"element": "H", "occu": 1}], "xyz": [2.645924, 19.056088, 33.989843], "properties": {}}, {"name": "O", "species": [{"element": "O", "occu": 1}], "xyz": [5.186292, 22.025007, 29.350847], "properties": {}}, {"name": "C", "species": [{"element": "C", "occu": 1}], "xyz": [5.930074, 23.260606, 29.266276], "properties": {}}, {"name": "C", "species": [{"element": "C", "occu": 1}], "xyz": [5.674914, 20.994192, 28.46595], "properties": {}}, {"name": "C", "species": [{"element": "C", "occu": 1}], "xyz": [4.646497, 19.886763, 28.446398], "properties": {}}, {"name": "O", "species": [{"element": "O", "occu": 1}], "xyz": [4.301123, 19.597536, 29.818156], "properties": {}}, {"name": "C", "species": [{"element": "C", "occu": 1}], "xyz": [3.583937, 18.355198, 29.986428], "properties": {}}, {"name": "H", "species": [{"element": "H", "occu": 1}], "xyz": [5.520916, 23.923226, 30.024089], "properties": {}}, {"name": "H", "species": [{"element": "H", "occu": 1}], "xyz": [5.802659, 23.693657, 28.272616], "properties": {}}, {"name": "H", "species": [{"element": "H", "occu": 1}], "xyz": [6.637035, 20.636298, 28.843187], "properties": {}}, {"name": "H", "species": [{"element": "H", "occu": 1}], "xyz": [5.807974, 21.398735, 27.459962], "properties": {}}, {"name": "H", "species": [{"element": "H", "occu": 1}], "xyz": [5.070353, 18.998143, 27.972671], "properties": {}}, {"name": "H", "species": [{"element": "H", "occu": 1}], "xyz": [3.740286, 20.183993, 27.911667], "properties": {}}, {"name": "H", "species": [{"element": "H", "occu": 1}], "xyz": [2.670234, 18.365883, 29.387475], "properties": {}}, {"name": "H", "species": [{"element": "H", "occu": 1}], "xyz": [3.335765, 18.276806, 31.04081], "properties": {}}, {"name": "H", "species": [{"element": "H", "occu": 1}], "xyz": [4.222214, 17.523729, 29.682162], "properties": {}}, {"name": "H", "species": [{"element": "H", "occu": 1}], "xyz": [6.988497, 23.073415, 29.462507], "properties": {}}]}, "functional": "B3LYP", "basis_set": "6-311++G**", "route_parameters": {"NMR": "GIAO", "iop(7/33=1)": null, "int": "ultrafine", "SCRF": "(Solvent=TetraHydroFuran)", "EmpiricalDispersion": "GD3", "NoSymmetry": null, "test": null}, "title": "Mg1 H30 C12 O6", "charge": 2, "spin_multiplicity": 1, "input_parameters": {}, "link0_parameters": {"%chk": "checkpoint.chk", "%mem": "100GB", "%NProcShared": "24"}, "dieze_tag": "#P", "nbasisfunctions": 636, "pcm_parameters": {}}, "output": {"has_gaussian_completed": true, "is_pcm": true, "errors": [], "Mulliken_charges": {"1": ["Mg", -1.487811], "2": ["O", -0.114846], "3": ["C", -0.167648], "4": ["C", -0.183475], "5": ["C", -0.184992], "6": ["O", -0.124505], "7": ["C", -0.164626], "8": ["H", 0.198845], "9": ["H", 0.191813], "10": ["H", 0.225703], "11": ["H", 0.233714], "12": ["H", 0.236132], "13": ["H", 0.224469], "14": ["H", 0.195178], "15": ["H", 0.19341], "16": ["H", 0.200004], "17": ["H", 0.193483], "18": ["O", -0.108503], "19": ["C", -0.164725], "20": ["C", -0.186617], "21": ["C", -0.177531], "22": ["O", -0.12681], "23": ["C", -0.169452], "24": ["H", 0.192843], "25": ["H", 0.194529], "26": ["H", 0.227173], "27": ["H", 0.234604], "28": ["H", 0.236855], "29": ["H", 0.220166], "30": ["H", 0.194356], "31": ["H", 0.191864], "32": ["H", 0.2008], "33": ["H", 0.199486], "34": ["O", -0.12475], "35": ["C", -0.169084], "36": ["C", -0.166131], "37": ["C", -0.169057], "38": ["O", -0.130231], "39": ["C", -0.166202], "40": ["H", 0.198042], "41": ["H", 0.202679], "42": ["H", 0.219692], "43": ["H", 0.239789], "44": ["H", 0.239847], "45": ["H", 0.216291], "46": ["H", 0.195461], "47": ["H", 0.195646], "48": ["H", 0.200436], "49": ["H", 0.193687]}, "tensor": {"1": {"type": "Mg", "Isotropic": 574.2624, "Anisotropy": 7.4944, "tensor": [[578.7156, 2.2732, 0.5243], [1.7987, 567.9504, 4.9249]], "eigenvalues": [565.9134, 577.6152, 579.2587]}, "2": {"type": "O", "Isotropic": 305.973, "Anisotropy": 38.258, "tensor": [[19.1034, 10.27, 323.0609]], "eigenvalues": [269.4121, 317.0286, 331.4783]}, "3": {"type": "C", "Isotropic": 119.8056, "Anisotropy": 90.5102, "tensor": [], "eigenvalues": [86.9829, 92.2882, 180.1458]}, "4": {"type": "C", "Isotropic": 107.818, "Anisotropy": 71.3797, "tensor": [], "eigenvalues": [75.8542, 92.1953, 155.4045]}, "5": {"type": "C", "Isotropic": 109.1206, "Anisotropy": 72.2298, "tensor": [[98.6675, 21.4881, 12.0461], [10.5764, 134.841, 25.4463], [14.9541, 33.1502, 93.8534]], "eigenvalues": [77.261, 92.8271, 157.2738]}, "6": {"type": "O", "Isotropic": 309.1518, "Anisotropy": 41.0775, "tensor": [[324.1774, 10.7704, 6.5234], [7.5419, 320.7069, 25.1851]], "eigenvalues": [274.0892, 316.8294, 336.5368]}, "7": {"type": "C", "Isotropic": 119.4502, "Anisotropy": 90.8045, "tensor": [], "eigenvalues": [85.6363, 92.7277, 179.9865]}, "8": {"type": "H", "Isotropic": 28.2513, "Anisotropy": 9.8427, "tensor": [], "eigenvalues": [24.5591, 25.3816, 34.8131]}, "9": {"type": "H", "Isotropic": 28.4393, "Anisotropy": 8.2344, "tensor": [], "eigenvalues": [24.3674, 27.0216, 33.9288]}, "10": {"type": "H", "Isotropic": 27.617, "Anisotropy": 6.7744, "tensor": [], "eigenvalues": [25.2041, 25.5136, 32.1332]}, "11": {"type": "H", "Isotropic": 27.9751, "Anisotropy": 8.1108, "tensor": [[27.6529, 3.0524, 3.3584], [0.3505, 28.6616, 2.6735], [2.5979, 3.9965, 27.6109]], "eigenvalues": [24.126, 26.4171, 33.3823]}, "12": {"type": "H", "Isotropic": 28.1407, "Anisotropy": 7.9709, "tensor": [[0.7758, 26.429, 2.3327], [5.0493, 0.2607, 28.7711]], "eigenvalues": [24.2553, 26.7122, 33.4547]}, "13": {"type": "H", "Isotropic": 27.7642, "Anisotropy": 6.4319, "tensor": [[1.3296, 0.9552, 25.8889]], "eigenvalues": [25.2777, 25.9627, 32.0522]}, "14": {"type": "H", "Isotropic": 28.1329, "Anisotropy": 8.8482, "tensor": [], "eigenvalues": [24.4739, 25.8931, 34.0317]}, "15": {"type": "H", "Isotropic": 27.8157, "Anisotropy": 6.1327, "tensor": [[2.3356, 2.1088, 25.6221]], "eigenvalues": [23.069, 28.4739, 31.9042]}, "16": {"type": "H", "Isotropic": 28.1355, "Anisotropy": 9.7726, "tensor": [], "eigenvalues": [24.5419, 25.214, 34.6505]}, "17": {"type": "H", "Isotropic": 27.9513, "Anisotropy": 6.2159, "tensor": [[1.3349, 2.2003, 25.8015]], "eigenvalues": [23.4935, 28.2651, 32.0952]}, "18": {"type": "O", "Isotropic": 306.0556, "Anisotropy": 33.9231, "tensor": [], "eigenvalues": [273.2538, 316.242, 328.671]}, "19": {"type": "C", "Isotropic": 119.1754, "Anisotropy": 91.5735, "tensor": [], "eigenvalues": [85.9628, 91.339, 180.2244]}, "20": {"type": "C", "Isotropic": 107.6456, "Anisotropy": 72.2362, "tensor": [], "eigenvalues": [76.3946, 90.7393, 155.8031]}, "21": {"type": "C", "Isotropic": 110.065, "Anisotropy": 71.1826, "tensor": [], "eigenvalues": [78.6382, 94.0366, 157.52]}, "22": {"type": "O", "Isotropic": 306.5907, "Anisotropy": 37.3558, "tensor": [[317.0261, 23.1162, 2.2507]], "eigenvalues": [273.7668, 314.5107, 331.4946]}, "23": {"type": "C", "Isotropic": 119.6978, "Anisotropy": 90.2623, "tensor": [], "eigenvalues": [85.3576, 93.8632, 179.8727]}, "24": {"type": "H", "Isotropic": 28.157, "Anisotropy": 8.6646, "tensor": [[24.8535, 1.3899, 1.0789]], "eigenvalues": [23.9316, 26.6059, 33.9334]}, "25": {"type": "H", "Isotropic": 27.7806, "Anisotropy": 6.7599, "tensor": [], "eigenvalues": [22.7241, 28.3304, 32.2871]}, "26": {"type": "H", "Isotropic": 27.8266, "Anisotropy": 6.7571, "tensor": [], "eigenvalues": [25.4919, 25.6566, 32.3313]}, "27": {"type": "H", "Isotropic": 27.9886, "Anisotropy": 7.9691, "tensor": [], "eigenvalues": [24.3434, 26.3211, 33.3014]}, "28": {"type": "H", "Isotropic": 28.3121, "Anisotropy": 7.6443, "tensor": [], "eigenvalues": [24.5407, 26.9873, 33.4083]}, "29": {"type": "H", "Isotropic": 27.7301, "Anisotropy": 6.918, "tensor": [[28.6302, 4.1909, 1.7011], [2.2411, 29.19, 1.8737]], "eigenvalues": [25.1642, 25.684, 32.3421]}, "30": {"type": "H", "Isotropic": 28.148, "Anisotropy": 8.6635, "tensor": [[2.9721, 1.9826, 32.9244]], "eigenvalues": [23.721, 26.7994, 33.9237]}, "31": {"type": "H", "Isotropic": 27.7234, "Anisotropy": 6.5942, "tensor": [], "eigenvalues": [22.5935, 28.4572, 32.1196]}, "32": {"type": "H", "Isotropic": 28.1904, "Anisotropy": 9.9067, "tensor": [], "eigenvalues": [23.9912, 25.7853, 34.7949]}, "33": {"type": "H", "Isotropic": 28.109, "Anisotropy": 9.9937, "tensor": [[24.8794, 0.9275, 0.1089]], "eigenvalues": [24.2669, 25.2886, 34.7714]}, "34": {"type": "O", "Isotropic": 308.0269, "Anisotropy": 35.7231, "tensor": [[8.5729, 314.9388, 17.6016]], "eigenvalues": [275.4594, 316.7791, 331.8423]}, "35": {"type": "C", "Isotropic": 119.7967, "Anisotropy": 91.6959, "tensor": [[108.3671, 42.6323, 0.7012]], "eigenvalues": [86.0051, 92.4577, 180.9274]}, "36": {"type": "C", "Isotropic": 108.9292, "Anisotropy": 71.6525, "tensor": [], "eigenvalues": [77.7391, 92.3509, 156.6975]}, "37": {"type": "C", "Isotropic": 108.3041, "Anisotropy": 71.4212, "tensor": [], "eigenvalues": [76.5395, 92.4547, 155.9183]}, "38": {"type": "O", "Isotropic": 309.3618, "Anisotropy": 38.9387, "tensor": [[292.8393, 16.6858, 3.0807]], "eigenvalues": [277.2529, 315.5116, 335.3209]}, "39": {"type": "C", "Isotropic": 119.778, "Anisotropy": 91.3021, "tensor": [], "eigenvalues": [85.5022, 93.1858, 180.6461]}, "40": {"type": "H", "Isotropic": 27.6674, "Anisotropy": 6.4178, "tensor": [[1.2457, 31.2038, 1.9404]], "eigenvalues": [22.7645, 28.2919, 31.9459]}, "41": {"type": "H", "Isotropic": 28.1396, "Anisotropy": 9.8495, "tensor": [], "eigenvalues": [24.3481, 25.3648, 34.7059]}, "42": {"type": "H", "Isotropic": 27.6437, "Anisotropy": 7.0874, "tensor": [], "eigenvalues": [24.9977, 25.5648, 32.3687]}, "43": {"type": "H", "Isotropic": 27.9687, "Anisotropy": 8.1775, "tensor": [[0.136, 26.0408, 1.9837]], "eigenvalues": [24.1277, 26.358, 33.4203]}, "44": {"type": "H", "Isotropic": 28.0319, "Anisotropy": 8.1415, "tensor": [[0.2436, 28.2391, 2.0944]], "eigenvalues": [24.1989, 26.4372, 33.4596]}, "45": {"type": "H", "Isotropic": 27.5409, "Anisotropy": 6.9328, "tensor": [], "eigenvalues": [24.8265, 25.6335, 32.1628]}, "46": {"type": "H", "Isotropic": 28.1296, "Anisotropy": 8.9675, "tensor": [[29.9644, 2.6203, 2.3141], [4.6041, 29.6774, 3.1108], [0.4712, 1.2126, 24.7469]], "eigenvalues": [23.9332, 26.3477, 34.1079]}, "47": {"type": "H", "Isotropic": 27.8594, "Anisotropy": 6.0352, "tensor": [], "eigenvalues": [23.4808, 28.2145, 31.8828]}, "48": {"type": "H", "Isotropic": 28.1731, "Anisotropy": 10.0458, "tensor": [[25.4203, 0.8996, 0.4301]], "eigenvalues": [24.2248, 25.4241, 34.8702]}, "49": {"type": "H", "Isotropic": 28.3322, "Anisotropy": 8.6008, "tensor": [[31.1267, 2.7311, 0.1805]], "eigenvalues": [24.3269, 26.6036, 34.0661]}}, "output": {"energies": [-1126.89932403], "final_energy": -1126.89932403, "final_energy_per_atom": -22.997945388367345, "molecule": {"charge": 0.0, "spin_multiplicity": 1, "sites": [{"name": "Mg", "species": [{"element": "Mg", "occu": 1}], "xyz": [4.182889, 21.297697, 31.03306], "properties": {}}, {"name": "O", "species": [{"element": "O", "occu": 1}], "xyz": [4.487404, 23.025632, 32.179145], "properties": {}}, {"name": "C", "species": [{"element": "C", "occu": 1}], "xyz": [3.47813, 24.017519, 32.472697], "properties": {}}, {"name": "C", "species": [{"element": "C", "occu": 1}], "xyz": [5.447999, 22.857852, 33.244929], "properties": {}}, {"name": "C", "species": [{"element": "C", "occu": 1}], "xyz": [6.542511, 21.951265, 32.731666], "properties": {}}, {"name": "O", "species": [{"element": "O", "occu": 1}], "xyz": [5.901756, 20.812945, 32.115552], "properties": {}}, {"name": "C", "species": [{"element": "C", "occu": 1}], "xyz": [6.803236, 19.722062, 31.824978], "properties": {}}, {"name": "H", "species": [{"element": "H", "occu": 1}], "xyz": [3.950505, 24.994791, 32.587102], "properties": {}}, {"name": "H", "species": [{"element": "H", "occu": 1}], "xyz": [2.945621, 23.745654, 33.387785], "properties": {}}, {"name": "H", "species": [{"element": "H", "occu": 1}], "xyz": [4.941631, 22.421013, 34.110171], "properties": {}}, {"name": "H", "species": [{"element": "H", "occu": 1}], "xyz": [5.866275, 23.827779, 33.523704], "properties": {}}, {"name": "H", "species": [{"element": "H", "occu": 1}], "xyz": [7.170221, 21.620986, 33.562574], "properties": {}}, {"name": "H", "species": [{"element": "H", "occu": 1}], "xyz": [7.164969, 22.454176, 31.986677], "properties": {}}, {"name": "H", "species": [{"element": "H", "occu": 1}], "xyz": [7.602554, 20.062294, 31.162101], "properties": {}}, {"name": "H", "species": [{"element": "H", "occu": 1}], "xyz": [6.214538, 18.953494, 31.33209], "properties": {}}, {"name": "H", "species": [{"element": "H", "occu": 1}], "xyz": [7.224217, 19.340227, 32.756564], "properties": {}}, {"name": "H", "species": [{"element": "H", "occu": 1}], "xyz": [2.791869, 24.024599, 31.630648], "properties": {}}, {"name": "O", "species": [{"element": "O", "occu": 1}], "xyz": [2.893546, 20.368598, 32.394425], "properties": {}}, {"name": "C", "species": [{"element": "C", "occu": 1}], "xyz": [3.260221, 19.915751, 33.716543], "properties": {}}, {"name": "C", "species": [{"element": "C", "occu": 1}], "xyz": [1.530095, 20.841034, 32.315931], "properties": {}}, {"name": "C", "species": [{"element": "C", "occu": 1}], "xyz": [1.22328, 21.117234, 30.862195], "properties": {}}, {"name": "O", "species": [{"element": "O", "occu": 1}], "xyz": [2.309588, 21.910808, 30.338098], "properties": {}}, {"name": "C", "species": [{"element": "C", "occu": 1}], "xyz": [2.030369, 22.508958, 29.053458], "properties": {}}, {"name": "H", "species": [{"element": "H", "occu": 1}], "xyz": [3.118204, 20.725451, 34.437016], "properties": {}}, {"name": "H", "species": [{"element": "H", "occu": 1}], "xyz": [4.30878, 19.635222, 33.673755], "properties": {}}, {"name": "H", "species": [{"element": "H", "occu": 1}], "xyz": [1.437315, 21.748058, 32.919958], "properties": {}}, {"name": "H", "species": [{"element": "H", "occu": 1}], "xyz": [0.850632, 20.077957, 32.702785], "properties": {}}, {"name": "H", "species": [{"element": "H", "occu": 1}], "xyz": [0.284597, 21.670534, 30.781951], "properties": {}}, {"name": "H", "species": [{"element": "H", "occu": 1}], "xyz": [1.148174, 20.193603, 30.281456], "properties": {}}, {"name": "H", "species": [{"element": "H", "occu": 1}], "xyz": [1.777042, 21.734244, 28.326121], "properties": {}}, {"name": "H", "species": [{"element": "H", "occu": 1}], "xyz": [2.935986, 23.023688, 28.745809], "properties": {}}, {"name": "H", "species": [{"element": "H", "occu": 1}], "xyz": [1.2042, 23.214898, 29.153411], "properties": {}}, {"name": "H", "species": [{"element": "H", "occu": 1}], "xyz": [2.645924, 19.056088, 33.989843], "properties": {}}, {"name": "O", "species": [{"element": "O", "occu": 1}], "xyz": [5.186292, 22.025007, 29.350847], "properties": {}}, {"name": "C", "species": [{"element": "C", "occu": 1}], "xyz": [5.930074, 23.260606, 29.266276], "properties": {}}, {"name": "C", "species": [{"element": "C", "occu": 1}], "xyz": [5.674914, 20.994192, 28.46595], "properties": {}}, {"name": "C", "species": [{"element": "C", "occu": 1}], "xyz": [4.646497, 19.886763, 28.446398], "properties": {}}, {"name": "O", "species": [{"element": "O", "occu": 1}], "xyz": [4.301123, 19.597536, 29.818156], "properties": {}}, {"name": "C", "species": [{"element": "C", "occu": 1}], "xyz": [3.583937, 18.355198, 29.986428], "properties": {}}, {"name": "H", "species": [{"element": "H", "occu": 1}], "xyz": [5.520916, 23.923226, 30.024089], "properties": {}}, {"name": "H", "species": [{"element": "H", "occu": 1}], "xyz": [5.802659, 23.693657, 28.272616], "properties": {}}, {"name": "H", "species": [{"element": "H", "occu": 1}], "xyz": [6.637035, 20.636298, 28.843187], "properties": {}}, {"name": "H", "species": [{"element": "H", "occu": 1}], "xyz": [5.807974, 21.398735, 27.459962], "properties": {}}, {"name": "H", "species": [{"element": "H", "occu": 1}], "xyz": [5.070353, 18.998143, 27.972671], "properties": {}}, {"name": "H", "species": [{"element": "H", "occu": 1}], "xyz": [3.740286, 20.183993, 27.911667], "properties": {}}, {"name": "H", "species": [{"element": "H", "occu": 1}], "xyz": [2.670234, 18.365883, 29.387475], "properties": {}}, {"name": "H", "species": [{"element": "H", "occu": 1}], "xyz": [3.335765, 18.276806, 31.04081], "properties": {}}, {"name": "H", "species": [{"element": "H", "occu": 1}], "xyz": [4.222214, 17.523729, 29.682162], "properties": {}}, {"name": "H", "species": [{"element": "H", "occu": 1}], "xyz": [6.988497, 23.073415, 29.462507], "properties": {}}]}, "stationary_type": "Minimum", "corrections": {}, "tensor": {"1": {"type": "Mg", "Isotropic": 574.2624, "Anisotropy": 7.4944, "tensor": [[578.7156, 2.2732, 0.5243], [1.7987, 567.9504, 4.9249]], "eigenvalues": [565.9134, 577.6152, 579.2587]}, "2": {"type": "O", "Isotropic": 305.973, "Anisotropy": 38.258, "tensor": [[19.1034, 10.27, 323.0609]], "eigenvalues": [269.4121, 317.0286, 331.4783]}, "3": {"type": "C", "Isotropic": 119.8056, "Anisotropy": 90.5102, "tensor": [], "eigenvalues": [86.9829, 92.2882, 180.1458]}, "4": {"type": "C", "Isotropic": 107.818, "Anisotropy": 71.3797, "tensor": [], "eigenvalues": [75.8542, 92.1953, 155.4045]}, "5": {"type": "C", "Isotropic": 109.1206, "Anisotropy": 72.2298, "tensor": [[98.6675, 21.4881, 12.0461], [10.5764, 134.841, 25.4463], [14.9541, 33.1502, 93.8534]], "eigenvalues": [77.261, 92.8271, 157.2738]}, "6": {"type": "O", "Isotropic": 309.1518, "Anisotropy": 41.0775, "tensor": [[324.1774, 10.7704, 6.5234], [7.5419, 320.7069, 25.1851]], "eigenvalues": [274.0892, 316.8294, 336.5368]}, "7": {"type": "C", "Isotropic": 119.4502, "Anisotropy": 90.8045, "tensor": [], "eigenvalues": [85.6363, 92.7277, 179.9865]}, "8": {"type": "H", "Isotropic": 28.2513, "Anisotropy": 9.8427, "tensor": [], "eigenvalues": [24.5591, 25.3816, 34.8131]}, "9": {"type": "H", "Isotropic": 28.4393, "Anisotropy": 8.2344, "tensor": [], "eigenvalues": [24.3674, 27.0216, 33.9288]}, "10": {"type": "H", "Isotropic": 27.617, "Anisotropy": 6.7744, "tensor": [], "eigenvalues": [25.2041, 25.5136, 32.1332]}, "11": {"type": "H", "Isotropic": 27.9751, "Anisotropy": 8.1108, "tensor": [[27.6529, 3.0524, 3.3584], [0.3505, 28.6616, 2.6735], [2.5979, 3.9965, 27.6109]], "eigenvalues": [24.126, 26.4171, 33.3823]}, "12": {"type": "H", "Isotropic": 28.1407, "Anisotropy": 7.9709, "tensor": [[0.7758, 26.429, 2.3327], [5.0493, 0.2607, 28.7711]], "eigenvalues": [24.2553, 26.7122, 33.4547]}, "13": {"type": "H", "Isotropic": 27.7642, "Anisotropy": 6.4319, "tensor": [[1.3296, 0.9552, 25.8889]], "eigenvalues": [25.2777, 25.9627, 32.0522]}, "14": {"type": "H", "Isotropic": 28.1329, "Anisotropy": 8.8482, "tensor": [], "eigenvalues": [24.4739, 25.8931, 34.0317]}, "15": {"type": "H", "Isotropic": 27.8157, "Anisotropy": 6.1327, "tensor": [[2.3356, 2.1088, 25.6221]], "eigenvalues": [23.069, 28.4739, 31.9042]}, "16": {"type": "H", "Isotropic": 28.1355, "Anisotropy": 9.7726, "tensor": [], "eigenvalues": [24.5419, 25.214, 34.6505]}, "17": {"type": "H", "Isotropic": 27.9513, "Anisotropy": 6.2159, "tensor": [[1.3349, 2.2003, 25.8015]], "eigenvalues": [23.4935, 28.2651, 32.0952]}, "18": {"type": "O", "Isotropic": 306.0556, "Anisotropy": 33.9231, "tensor": [], "eigenvalues": [273.2538, 316.242, 328.671]}, "19": {"type": "C", "Isotropic": 119.1754, "Anisotropy": 91.5735, "tensor": [], "eigenvalues": [85.9628, 91.339, 180.2244]}, "20": {"type": "C", "Isotropic": 107.6456, "Anisotropy": 72.2362, "tensor": [], "eigenvalues": [76.3946, 90.7393, 155.8031]}, "21": {"type": "C", "Isotropic": 110.065, "Anisotropy": 71.1826, "tensor": [], "eigenvalues": [78.6382, 94.0366, 157.52]}, "22": {"type": "O", "Isotropic": 306.5907, "Anisotropy": 37.3558, "tensor": [[317.0261, 23.1162, 2.2507]], "eigenvalues": [273.7668, 314.5107, 331.4946]}, "23": {"type": "C", "Isotropic": 119.6978, "Anisotropy": 90.2623, "tensor": [], "eigenvalues": [85.3576, 93.8632, 179.8727]}, "24": {"type": "H", "Isotropic": 28.157, "Anisotropy": 8.6646, "tensor": [[24.8535, 1.3899, 1.0789]], "eigenvalues": [23.9316, 26.6059, 33.9334]}, "25": {"type": "H", "Isotropic": 27.7806, "Anisotropy": 6.7599, "tensor": [], "eigenvalues": [22.7241, 28.3304, 32.2871]}, "26": {"type": "H", "Isotropic": 27.8266, "Anisotropy": 6.7571, "tensor": [], "eigenvalues": [25.4919, 25.6566, 32.3313]}, "27": {"type": "H", "Isotropic": 27.9886, "Anisotropy": 7.9691, "tensor": [], "eigenvalues": [24.3434, 26.3211, 33.3014]}, "28": {"type": "H", "Isotropic": 28.3121, "Anisotropy": 7.6443, "tensor": [], "eigenvalues": [24.5407, 26.9873, 33.4083]}, "29": {"type": "H", "Isotropic": 27.7301, "Anisotropy": 6.918, "tensor": [[28.6302, 4.1909, 1.7011], [2.2411, 29.19, 1.8737]], "eigenvalues": [25.1642, 25.684, 32.3421]}, "30": {"type": "H", "Isotropic": 28.148, "Anisotropy": 8.6635, "tensor": [[2.9721, 1.9826, 32.9244]], "eigenvalues": [23.721, 26.7994, 33.9237]}, "31": {"type": "H", "Isotropic": 27.7234, "Anisotropy": 6.5942, "tensor": [], "eigenvalues": [22.5935, 28.4572, 32.1196]}, "32": {"type": "H", "Isotropic": 28.1904, "Anisotropy": 9.9067, "tensor": [], "eigenvalues": [23.9912, 25.7853, 34.7949]}, "33": {"type": "H", "Isotropic": 28.109, "Anisotropy": 9.9937, "tensor": [[24.8794, 0.9275, 0.1089]], "eigenvalues": [24.2669, 25.2886, 34.7714]}, "34": {"type": "O", "Isotropic": 308.0269, "Anisotropy": 35.7231, "tensor": [[8.5729, 314.9388, 17.6016]], "eigenvalues": [275.4594, 316.7791, 331.8423]}, "35": {"type": "C", "Isotropic": 119.7967, "Anisotropy": 91.6959, "tensor": [[108.3671, 42.6323, 0.7012]], "eigenvalues": [86.0051, 92.4577, 180.9274]}, "36": {"type": "C", "Isotropic": 108.9292, "Anisotropy": 71.6525, "tensor": [], "eigenvalues": [77.7391, 92.3509, 156.6975]}, "37": {"type": "C", "Isotropic": 108.3041, "Anisotropy": 71.4212, "tensor": [], "eigenvalues": [76.5395, 92.4547, 155.9183]}, "38": {"type": "O", "Isotropic": 309.3618, "Anisotropy": 38.9387, "tensor": [[292.8393, 16.6858, 3.0807]], "eigenvalues": [277.2529, 315.5116, 335.3209]}, "39": {"type": "C", "Isotropic": 119.778, "Anisotropy": 91.3021, "tensor": [], "eigenvalues": [85.5022, 93.1858, 180.6461]}, "40": {"type": "H", "Isotropic": 27.6674, "Anisotropy": 6.4178, "tensor": [[1.2457, 31.2038, 1.9404]], "eigenvalues": [22.7645, 28.2919, 31.9459]}, "41": {"type": "H", "Isotropic": 28.1396, "Anisotropy": 9.8495, "tensor": [], "eigenvalues": [24.3481, 25.3648, 34.7059]}, "42": {"type": "H", "Isotropic": 27.6437, "Anisotropy": 7.0874, "tensor": [], "eigenvalues": [24.9977, 25.5648, 32.3687]}, "43": {"type": "H", "Isotropic": 27.9687, "Anisotropy": 8.1775, "tensor": [[0.136, 26.0408, 1.9837]], "eigenvalues": [24.1277, 26.358, 33.4203]}, "44": {"type": "H", "Isotropic": 28.0319, "Anisotropy": 8.1415, "tensor": [[0.2436, 28.2391, 2.0944]], "eigenvalues": [24.1989, 26.4372, 33.4596]}, "45": {"type": "H", "Isotropic": 27.5409, "Anisotropy": 6.9328, "tensor": [], "eigenvalues": [24.8265, 25.6335, 32.1628]}, "46": {"type": "H", "Isotropic": 28.1296, "Anisotropy": 8.9675, "tensor": [[29.9644, 2.6203, 2.3141], [4.6041, 29.6774, 3.1108], [0.4712, 1.2126, 24.7469]], "eigenvalues": [23.9332, 26.3477, 34.1079]}, "47": {"type": "H", "Isotropic": 27.8594, "Anisotropy": 6.0352, "tensor": [], "eigenvalues": [23.4808, 28.2145, 31.8828]}, "48": {"type": "H", "Isotropic": 28.1731, "Anisotropy": 10.0458, "tensor": [[25.4203, 0.8996, 0.4301]], "eigenvalues": [24.2248, 25.4241, 34.8702]}, "49": {"type": "H", "Isotropic": 28.3322, "Anisotropy": 8.6008, "tensor": [[31.1267, 2.7311, 0.1805]], "eigenvalues": [24.3269, 26.6036, 34.0661]}}}}, "functional": "B3LYP", "basis": "6-311++G**", "phase": "solution", "type": "nmr;scrf", "smiles": "[Mg].O(C)CCOC.O(C)CCOC.O(C)CCOC", "formula": "Mg1 H30 C12 O6", "formula_pretty": "MgH30(C2O)6", "formula_anonymous": "AB6C12D30", "formula_alphabetical": "C12 H30 Mg1 O6", "chemsys": "C-H-Mg-O", "nsites": 49, "nelements": 4, "is_ordered": true, "is_valid": true, "tag": "oplsd_1", "wall_time (s)": 438.7651979799848, "last_updated": "2020-10-12T04:03:28.388706", "_id": null}