{"input": {"molecule": {"charge": 0, "spin_multiplicity": 1, "sites": [{"name": "S", "species": [{"element": "S", "occu": 1}], "xyz": [-0.454785, -0.197226, -0.525754], "properties": {}}, {"name": "O", "species": [{"element": "O", "occu": 1}], "xyz": [1.00911, 0.257383, -0.612809], "properties": {}}, {"name": "C", "species": [{"element": "C", "occu": 1}], "xyz": [-1.259049, 0.895158, 0.69664], "properties": {}}, {"name": "C", "species": [{"element": "C", "occu": 1}], "xyz": [-0.4594, -1.721594, 0.479537], "properties": {}}, {"name": "H", "species": [{"element": "H", "occu": 1}], "xyz": [-1.279795, 1.893758, 0.261923], "properties": {}}, {"name": "H", "species": [{"element": "H", "occu": 1}], "xyz": [-0.674279, 0.886749, 1.617031], "properties": {}}, {"name": "H", "species": [{"element": "H", "occu": 1}], "xyz": [-2.276286, 0.542457, 0.871449], "properties": {}}, {"name": "H", "species": [{"element": "H", "occu": 1}], "xyz": [-1.492327, -2.023419, 0.657239], "properties": {}}, {"name": "H", "species": [{"element": "H", "occu": 1}], "xyz": [0.065237, -1.52934, 1.415875], "properties": {}}, {"name": "H", "species": [{"element": "H", "occu": 1}], "xyz": [0.057589, -2.48478, -0.100935], "properties": {}}, {"name": "S", "species": [{"element": "S", "occu": 1}], "xyz": [-1.072897, -0.776898, 4.240363], "properties": {}}, {"name": "O", "species": [{"element": "O", "occu": 1}], "xyz": [-0.371624, -1.371276, 5.468855], "properties": {}}, {"name": "C", "species": [{"element": "C", "occu": 1}], "xyz": [-2.178809, 0.538616, 4.855537], "properties": {}}, {"name": "C", "species": [{"element": "C", "occu": 1}], "xyz": [-2.37481, -1.963352, 3.759801], "properties": {}}, {"name": "H", "species": [{"element": "H", "occu": 1}], "xyz": [-1.544188, 1.341554, 5.228435], "properties": {}}, {"name": "H", "species": [{"element": "H", "occu": 1}], "xyz": [-2.798409, 0.133243, 5.656523], "properties": {}}, {"name": "H", "species": [{"element": "H", "occu": 1}], "xyz": [-2.791027, 0.898055, 4.027607], "properties": {}}, {"name": "H", "species": [{"element": "H", "occu": 1}], "xyz": [-2.974922, -1.525049, 2.961422], "properties": {}}, {"name": "H", "species": [{"element": "H", "occu": 1}], "xyz": [-2.987806, -2.188917, 4.633405], "properties": {}}, {"name": "H", "species": [{"element": "H", "occu": 1}], "xyz": [-1.873522, -2.862019, 3.402254], "properties": {}}]}, "functional": "B3LYP", "basis_set": "6-311++G**", "route_parameters": {"NMR": "GIAO", "iop(7/33=1)": null, "int": "ultrafine", "EmpiricalDispersion": "GD3", "NoSymmetry": null, "test": null, "SCRF": "(Solvent=DiMethylSulfoxide)"}, "title": "H12 C4 S2 O2", "charge": 0, "spin_multiplicity": 1, "input_parameters": {}, "link0_parameters": {"%chk": "checkpoint.chk", "%mem": "100GB", "%NProcShared": "24"}, "dieze_tag": "#P", "nbasisfunctions": 276, "pcm_parameters": {}}, "output": {"has_gaussian_completed": true, "is_pcm": true, "errors": [], "Mulliken_charges": {"1": ["S", 0.743597], "2": ["O", -0.580313], "3": ["C", -0.67609], "4": ["C", -0.678338], "5": ["H", 0.233983], "6": ["H", 0.183054], "7": ["H", 0.17509], "8": ["H", 0.149654], "9": ["H", 0.207289], "10": ["H", 0.228209], "11": ["S", 0.662084], "12": ["O", -0.567704], "13": ["C", -0.607399], "14": ["C", -0.672189], "15": ["H", 0.217286], "16": ["H", 0.197633], "17": ["H", 0.162994], "18": ["H", 0.186769], "19": ["H", 0.212242], "20": ["H", 0.22215]}, "tensor": {"1": {"type": "S", "Isotropic": 162.9827, "Anisotropy": 393.476, "tensor": [[98.3566, 85.4601, 0.4617], [61.7457, 22.6629, 10.5782]], "eigenvalues": [8.4012, 55.2468, 425.3]}, "2": {"type": "O", "Isotropic": 264.3936, "Anisotropy": 206.0908, "tensor": [[56.7639, 30.3005, 246.4563]], "eigenvalues": [135.5172, 255.8761, 401.7874]}, "3": {"type": "C", "Isotropic": 138.4747, "Anisotropy": 64.7298, "tensor": [], "eigenvalues": [107.7622, 126.0341, 181.628]}, "4": {"type": "C", "Isotropic": 138.3881, "Anisotropy": 64.4165, "tensor": [], "eigenvalues": [107.6259, 126.206, 181.3325]}, "5": {"type": "H", "Isotropic": 29.4896, "Anisotropy": 7.2179, "tensor": [], "eigenvalues": [26.0076, 28.1596, 34.3015]}, "6": {"type": "H", "Isotropic": 29.5591, "Anisotropy": 6.3486, "tensor": [[0.8344, 29.0727, 0.8789]], "eigenvalues": [25.8168, 29.0691, 33.7915]}, "7": {"type": "H", "Isotropic": 29.9515, "Anisotropy": 6.9026, "tensor": [], "eigenvalues": [26.646, 28.6553, 34.5532]}, "8": {"type": "H", "Isotropic": 29.819, "Anisotropy": 7.3052, "tensor": [], "eigenvalues": [26.2114, 28.5564, 34.6892]}, "9": {"type": "H", "Isotropic": 29.4426, "Anisotropy": 5.632, "tensor": [[0.0783, 0.4852, 33.0976]], "eigenvalues": [26.2388, 28.8918, 33.1973]}, "10": {"type": "H", "Isotropic": 29.4093, "Anisotropy": 7.2809, "tensor": [], "eigenvalues": [26.0037, 27.961, 34.2633]}, "11": {"type": "S", "Isotropic": 168.5138, "Anisotropy": 404.6924, "tensor": [], "eigenvalues": [7.9906, 59.2421, 438.3087]}, "12": {"type": "O", "Isotropic": 270.0417, "Anisotropy": 205.4183, "tensor": [[26.689, 367.7092, 84.401]], "eigenvalues": [141.9069, 261.231, 406.9872]}, "13": {"type": "C", "Isotropic": 139.054, "Anisotropy": 66.2034, "tensor": [], "eigenvalues": [108.3702, 125.6023, 183.1896]}, "14": {"type": "C", "Isotropic": 138.2964, "Anisotropy": 64.2072, "tensor": [[145.7201, 28.2305, 23.1307], [31.3573, 144.5572, 9.5115], [16.0577, 3.2176, 124.6119]], "eigenvalues": [108.0219, 125.766, 181.1012]}, "15": {"type": "H", "Isotropic": 29.3651, "Anisotropy": 7.4285, "tensor": [[2.0874, 32.6071, 3.024], [0.5601, 2.8183, 28.1464]], "eigenvalues": [26.1237, 27.6542, 34.3175]}, "16": {"type": "H", "Isotropic": 29.6472, "Anisotropy": 5.9686, "tensor": [], "eigenvalues": [26.6902, 28.6251, 33.6262]}, "17": {"type": "H", "Isotropic": 29.7358, "Anisotropy": 7.2133, "tensor": [], "eigenvalues": [26.2493, 28.4135, 34.5447]}, "18": {"type": "H", "Isotropic": 29.7814, "Anisotropy": 6.8599, "tensor": [[30.5194, 0.5071, 3.1248], [3.0153, 0.1489, 31.8531]], "eigenvalues": [26.7572, 28.2322, 34.3546]}, "19": {"type": "H", "Isotropic": 29.6058, "Anisotropy": 5.7797, "tensor": [], "eigenvalues": [26.6839, 28.6745, 33.4589]}, "20": {"type": "H", "Isotropic": 29.4654, "Anisotropy": 6.0872, "tensor": [], "eigenvalues": [26.0055, 28.8672, 33.5235]}}, "output": {"energies": [-1106.5778586], "final_energy": -1106.5778586, "final_energy_per_atom": -55.328892929999995, "molecule": {"charge": 0.0, "spin_multiplicity": 1, "sites": [{"name": "S", "species": [{"element": "S", "occu": 1}], "xyz": [-0.454785, -0.197226, -0.525754], "properties": {}}, {"name": "O", "species": [{"element": "O", "occu": 1}], "xyz": [1.00911, 0.257383, -0.612809], "properties": {}}, {"name": "C", "species": [{"element": "C", "occu": 1}], "xyz": [-1.259049, 0.895158, 0.69664], "properties": {}}, {"name": "C", "species": [{"element": "C", "occu": 1}], "xyz": [-0.4594, -1.721594, 0.479537], "properties": {}}, {"name": "H", "species": [{"element": "H", "occu": 1}], "xyz": [-1.279795, 1.893758, 0.261923], "properties": {}}, {"name": "H", "species": [{"element": "H", "occu": 1}], "xyz": [-0.674279, 0.886749, 1.617031], "properties": {}}, {"name": "H", "species": [{"element": "H", "occu": 1}], "xyz": [-2.276286, 0.542457, 0.871449], "properties": {}}, {"name": "H", "species": [{"element": "H", "occu": 1}], "xyz": [-1.492327, -2.023419, 0.657239], "properties": {}}, {"name": "H", "species": [{"element": "H", "occu": 1}], "xyz": [0.065237, -1.52934, 1.415875], "properties": {}}, {"name": "H", "species": [{"element": "H", "occu": 1}], "xyz": [0.057589, -2.48478, -0.100935], "properties": {}}, {"name": "S", "species": [{"element": "S", "occu": 1}], "xyz": [-1.072897, -0.776898, 4.240363], "properties": {}}, {"name": "O", "species": [{"element": "O", "occu": 1}], "xyz": [-0.371624, -1.371276, 5.468855], "properties": {}}, {"name": "C", "species": [{"element": "C", "occu": 1}], "xyz": [-2.178809, 0.538616, 4.855537], "properties": {}}, {"name": "C", "species": [{"element": "C", "occu": 1}], "xyz": [-2.37481, -1.963352, 3.759801], "properties": {}}, {"name": "H", "species": [{"element": "H", "occu": 1}], "xyz": [-1.544188, 1.341554, 5.228435], "properties": {}}, {"name": "H", "species": [{"element": "H", "occu": 1}], "xyz": [-2.798409, 0.133243, 5.656523], "properties": {}}, {"name": "H", "species": [{"element": "H", "occu": 1}], "xyz": [-2.791027, 0.898055, 4.027607], "properties": {}}, {"name": "H", "species": [{"element": "H", "occu": 1}], "xyz": [-2.974922, -1.525049, 2.961422], "properties": {}}, {"name": "H", "species": [{"element": "H", "occu": 1}], "xyz": [-2.987806, -2.188917, 4.633405], "properties": {}}, {"name": "H", "species": [{"element": "H", "occu": 1}], "xyz": [-1.873522, -2.862019, 3.402254], "properties": {}}]}, "stationary_type": "Minimum", "corrections": {}, "tensor": {"1": {"type": "S", "Isotropic": 162.9827, "Anisotropy": 393.476, "tensor": [[98.3566, 85.4601, 0.4617], [61.7457, 22.6629, 10.5782]], "eigenvalues": [8.4012, 55.2468, 425.3]}, "2": {"type": "O", "Isotropic": 264.3936, "Anisotropy": 206.0908, "tensor": [[56.7639, 30.3005, 246.4563]], "eigenvalues": [135.5172, 255.8761, 401.7874]}, "3": {"type": "C", "Isotropic": 138.4747, "Anisotropy": 64.7298, "tensor": [], "eigenvalues": [107.7622, 126.0341, 181.628]}, "4": {"type": "C", "Isotropic": 138.3881, "Anisotropy": 64.4165, "tensor": [], "eigenvalues": [107.6259, 126.206, 181.3325]}, "5": {"type": "H", "Isotropic": 29.4896, "Anisotropy": 7.2179, "tensor": [], "eigenvalues": [26.0076, 28.1596, 34.3015]}, "6": {"type": "H", "Isotropic": 29.5591, "Anisotropy": 6.3486, "tensor": [[0.8344, 29.0727, 0.8789]], "eigenvalues": [25.8168, 29.0691, 33.7915]}, "7": {"type": "H", "Isotropic": 29.9515, "Anisotropy": 6.9026, "tensor": [], "eigenvalues": [26.646, 28.6553, 34.5532]}, "8": {"type": "H", "Isotropic": 29.819, "Anisotropy": 7.3052, "tensor": [], "eigenvalues": [26.2114, 28.5564, 34.6892]}, "9": {"type": "H", "Isotropic": 29.4426, "Anisotropy": 5.632, "tensor": [[0.0783, 0.4852, 33.0976]], "eigenvalues": [26.2388, 28.8918, 33.1973]}, "10": {"type": "H", "Isotropic": 29.4093, "Anisotropy": 7.2809, "tensor": [], "eigenvalues": [26.0037, 27.961, 34.2633]}, "11": {"type": "S", "Isotropic": 168.5138, "Anisotropy": 404.6924, "tensor": [], "eigenvalues": [7.9906, 59.2421, 438.3087]}, "12": {"type": "O", "Isotropic": 270.0417, "Anisotropy": 205.4183, "tensor": [[26.689, 367.7092, 84.401]], "eigenvalues": [141.9069, 261.231, 406.9872]}, "13": {"type": "C", "Isotropic": 139.054, "Anisotropy": 66.2034, "tensor": [], "eigenvalues": [108.3702, 125.6023, 183.1896]}, "14": {"type": "C", "Isotropic": 138.2964, "Anisotropy": 64.2072, "tensor": [[145.7201, 28.2305, 23.1307], [31.3573, 144.5572, 9.5115], [16.0577, 3.2176, 124.6119]], "eigenvalues": [108.0219, 125.766, 181.1012]}, "15": {"type": "H", "Isotropic": 29.3651, "Anisotropy": 7.4285, "tensor": [[2.0874, 32.6071, 3.024], [0.5601, 2.8183, 28.1464]], "eigenvalues": [26.1237, 27.6542, 34.3175]}, "16": {"type": "H", "Isotropic": 29.6472, "Anisotropy": 5.9686, "tensor": [], "eigenvalues": [26.6902, 28.6251, 33.6262]}, "17": {"type": "H", "Isotropic": 29.7358, "Anisotropy": 7.2133, "tensor": [], "eigenvalues": [26.2493, 28.4135, 34.5447]}, "18": {"type": "H", "Isotropic": 29.7814, "Anisotropy": 6.8599, "tensor": [[30.5194, 0.5071, 3.1248], [3.0153, 0.1489, 31.8531]], "eigenvalues": [26.7572, 28.2322, 34.3546]}, "19": {"type": "H", "Isotropic": 29.6058, "Anisotropy": 5.7797, "tensor": [], "eigenvalues": [26.6839, 28.6745, 33.4589]}, "20": {"type": "H", "Isotropic": 29.4654, "Anisotropy": 6.0872, "tensor": [], "eigenvalues": [26.0055, 28.8672, 33.5235]}}}}, "functional": "B3LYP", "basis": "6-311++G**", "phase": "solution", "type": "scrf;nmr", "smiles": "S(=O)(C)C.S(=O)(C)C", "formula": "H12 C4 S2 O2", "formula_pretty": "H6C2SO", "formula_anonymous": "ABC2D6", "formula_alphabetical": "C4 H12 O2 S2", "chemsys": "C-H-O-S", "nsites": 20, "nelements": 4, "is_ordered": true, "is_valid": true, "tag": "oplsd_ref", "wall_time (s)": 43.31663754209876, "last_updated": "2021-01-17T08:32:00.422578", "_id": null}