{"input": {"molecule": {"charge": 2, "spin_multiplicity": 1, "sites": [{"name": "Mg", "species": [{"element": "Mg", "occu": 1}], "xyz": [0.765408, -1.373405, 0.373973], "properties": {}}, {"name": "H", "species": [{"element": "H", "occu": 1}], "xyz": [3.414628, -1.047255, 1.032619], "properties": {}}, {"name": "H", "species": [{"element": "H", "occu": 1}], "xyz": [1.273155, 1.307525, 0.03409], "properties": {}}, {"name": "H", "species": [{"element": "H", "occu": 1}], "xyz": [-1.883815, -1.699551, -0.284668], "properties": {}}, {"name": "H", "species": [{"element": "H", "occu": 1}], "xyz": [0.921879, -1.825848, 3.089368], "properties": {}}, {"name": "H", "species": [{"element": "H", "occu": 1}], "xyz": [1.807653, -3.917703, 0.641787], "properties": {}}, {"name": "H", "species": [{"element": "H", "occu": 1}], "xyz": [0.771286, -2.458823, -2.157967], "properties": {}}, {"name": "O", "species": [{"element": "O", "occu": 1}], "xyz": [0.669532, -1.624682, -1.684809], "properties": {}}, {"name": "H", "species": [{"element": "H", "occu": 1}], "xyz": [0.608946, -0.920962, -2.341422], "properties": {}}, {"name": "O", "species": [{"element": "O", "occu": 1}], "xyz": [0.979855, -3.424417, 0.605069], "properties": {}}, {"name": "H", "species": [{"element": "H", "occu": 1}], "xyz": [0.257661, -4.054332, 0.713874], "properties": {}}, {"name": "O", "species": [{"element": "O", "occu": 1}], "xyz": [0.86128, -1.122129, 2.432755], "properties": {}}, {"name": "H", "species": [{"element": "H", "occu": 1}], "xyz": [0.759536, -0.287987, 2.905914], "properties": {}}, {"name": "O", "species": [{"element": "O", "occu": 1}], "xyz": [-1.294559, -1.605463, 0.473263], "properties": {}}, {"name": "H", "species": [{"element": "H", "occu": 1}], "xyz": [-1.843005, -1.528003, 1.262794], "properties": {}}, {"name": "O", "species": [{"element": "O", "occu": 1}], "xyz": [0.55096, 0.677606, 0.142869], "properties": {}}, {"name": "H", "species": [{"element": "H", "occu": 1}], "xyz": [-0.276836, 1.170896, 0.10618], "properties": {}}, {"name": "O", "species": [{"element": "O", "occu": 1}], "xyz": [2.825375, -1.141345, 0.274686], "properties": {}}, {"name": "H", "species": [{"element": "H", "occu": 1}], "xyz": [3.373825, -1.218802, -0.514842], "properties": {}}]}, "functional": "B3LYP", "basis_set": "6-311++G**", "route_parameters": {"NMR": "GIAO", "iop(7/33=1)": null, "int": "ultrafine", "SCRF": "(Solvent=Water)", "EmpiricalDispersion": "GD3", "NoSymmetry": null, "test": null}, "title": "Mg1 H12 O6", "charge": 2, "spin_multiplicity": 1, "input_parameters": {}, "link0_parameters": {"%chk": "checkpoint.chk", "%mem": "100GB", "%NProcShared": "24"}, "dieze_tag": "#P", "nbasisfunctions": 246, "pcm_parameters": {}}, "output": {"has_gaussian_completed": true, "is_pcm": true, "errors": [], "Mulliken_charges": {"1": ["Mg", 0.912095], "2": ["H", 0.35387], "3": ["H", 0.354789], "4": ["H", 0.353868], "5": ["H", 0.354719], "6": ["H", 0.35405], "7": ["H", 0.353862], "8": ["O", -0.526607], "9": ["H", 0.354718], "10": ["O", -0.52834], "11": ["H", 0.354788], "12": ["O", -0.526606], "13": ["H", 0.353864], "14": ["O", -0.525642], "15": ["H", 0.353253], "16": ["O", -0.52834], "17": ["H", 0.354049], "18": ["O", -0.525642], "19": ["H", 0.353252]}, "tensor": {"1": {"type": "Mg", "Isotropic": 577.8732, "Anisotropy": 0.5579, "tensor": [[577.9417, 0.3846, 0.0371], [0.0963, 577.8791, 0.074], [0.3297, 0.1206, 577.7988]], "eigenvalues": [577.6392, 577.7352, 578.2452]}, "2": {"type": "H", "Isotropic": 29.0088, "Anisotropy": 20.0315, "tensor": [[31.9745, 1.6501, 9.3594], [1.5133, 20.7563, 1.7436], [8.439, 1.7084, 34.2955]], "eigenvalues": [20.5021, 24.1611, 42.3631]}, "3": {"type": "H", "Isotropic": 29.0094, "Anisotropy": 20.0667, "tensor": [], "eigenvalues": [20.4772, 24.1638, 42.3871]}, "4": {"type": "H", "Isotropic": 29.0138, "Anisotropy": 20.0728, "tensor": [[31.9764, 1.6297, 9.3664], [1.5242, 20.7575, 1.7508], [8.4756, 1.7544, 34.3076]], "eigenvalues": [20.5004, 24.1454, 42.3956]}, "5": {"type": "H", "Isotropic": 29.0319, "Anisotropy": 20.2209, "tensor": [], "eigenvalues": [20.5342, 24.049, 42.5125]}, "6": {"type": "H", "Isotropic": 29.0416, "Anisotropy": 20.2762, "tensor": [], "eigenvalues": [20.5579, 24.0078, 42.5591]}, "7": {"type": "H", "Isotropic": 29.0401, "Anisotropy": 20.1215, "tensor": [], "eigenvalues": [20.5666, 24.0992, 42.4544]}, "8": {"type": "O", "Isotropic": 314.0033, "Anisotropy": 45.5761, "tensor": [], "eigenvalues": [280.6903, 316.9323, 344.3874]}, "9": {"type": "H", "Isotropic": 29.0292, "Anisotropy": 20.2037, "tensor": [], "eigenvalues": [20.5194, 24.0699, 42.4983]}, "10": {"type": "O", "Isotropic": 313.968, "Anisotropy": 45.6548, "tensor": [], "eigenvalues": [280.5471, 316.9523, 344.4046]}, "11": {"type": "H", "Isotropic": 29.0131, "Anisotropy": 20.0656, "tensor": [], "eigenvalues": [20.4784, 24.1708, 42.3901]}, "12": {"type": "O", "Isotropic": 313.974, "Anisotropy": 45.6628, "tensor": [], "eigenvalues": [280.5827, 316.9234, 344.4158]}, "13": {"type": "H", "Isotropic": 29.0289, "Anisotropy": 20.156, "tensor": [], "eigenvalues": [20.5185, 24.102, 42.4663]}, "14": {"type": "O", "Isotropic": 313.9465, "Anisotropy": 45.6973, "tensor": [[316.6768, 2.1906, 0.0571], [2.6574, 281.5325, 6.9767], [0.196, 6.9903, 343.63]], "eigenvalues": [280.5978, 316.8303, 344.4113]}, "15": {"type": "H", "Isotropic": 29.0381, "Anisotropy": 20.2649, "tensor": [], "eigenvalues": [20.5622, 24.004, 42.548]}, "16": {"type": "O", "Isotropic": 313.9744, "Anisotropy": 45.6048, "tensor": [], "eigenvalues": [280.5924, 316.9533, 344.3776]}, "17": {"type": "H", "Isotropic": 29.0398, "Anisotropy": 20.2684, "tensor": [], "eigenvalues": [20.5802, 23.9873, 42.5521]}, "18": {"type": "O", "Isotropic": 313.8755, "Anisotropy": 45.4797, "tensor": [[316.6669, 2.2485, 0.0605], [2.6562, 281.5277, 6.9247], [0.2118, 6.8531, 343.432]], "eigenvalues": [280.6075, 316.8238, 344.1953]}, "19": {"type": "H", "Isotropic": 29.0386, "Anisotropy": 20.219, "tensor": [], "eigenvalues": [20.5738, 24.024, 42.5179]}}, "output": {"energies": [-658.809027209], "final_energy": -658.809027209, "final_energy_per_atom": -34.67415932678947, "molecule": {"charge": 0.0, "spin_multiplicity": 1, "sites": [{"name": "Mg", "species": [{"element": "Mg", "occu": 1}], "xyz": [0.765408, -1.373405, 0.373973], "properties": {}}, {"name": "H", "species": [{"element": "H", "occu": 1}], "xyz": [3.414628, -1.047255, 1.032619], "properties": {}}, {"name": "H", "species": [{"element": "H", "occu": 1}], "xyz": [1.273155, 1.307525, 0.03409], "properties": {}}, {"name": "H", "species": [{"element": "H", "occu": 1}], "xyz": [-1.883815, -1.699551, -0.284668], "properties": {}}, {"name": "H", "species": [{"element": "H", "occu": 1}], "xyz": [0.921879, -1.825848, 3.089368], "properties": {}}, {"name": "H", "species": [{"element": "H", "occu": 1}], "xyz": [1.807653, -3.917703, 0.641787], "properties": {}}, {"name": "H", "species": [{"element": "H", "occu": 1}], "xyz": [0.771286, -2.458823, -2.157967], "properties": {}}, {"name": "O", "species": [{"element": "O", "occu": 1}], "xyz": [0.669532, -1.624682, -1.684809], "properties": {}}, {"name": "H", "species": [{"element": "H", "occu": 1}], "xyz": [0.608946, -0.920962, -2.341422], "properties": {}}, {"name": "O", "species": [{"element": "O", "occu": 1}], "xyz": [0.979855, -3.424417, 0.605069], "properties": {}}, {"name": "H", "species": [{"element": "H", "occu": 1}], "xyz": [0.257661, -4.054332, 0.713874], "properties": {}}, {"name": "O", "species": [{"element": "O", "occu": 1}], "xyz": [0.86128, -1.122129, 2.432755], "properties": {}}, {"name": "H", "species": [{"element": "H", "occu": 1}], "xyz": [0.759536, -0.287987, 2.905914], "properties": {}}, {"name": "O", "species": [{"element": "O", "occu": 1}], "xyz": [-1.294559, -1.605463, 0.473263], "properties": {}}, {"name": "H", "species": [{"element": "H", "occu": 1}], "xyz": [-1.843005, -1.528003, 1.262794], "properties": {}}, {"name": "O", "species": [{"element": "O", "occu": 1}], "xyz": [0.55096, 0.677606, 0.142869], "properties": {}}, {"name": "H", "species": [{"element": "H", "occu": 1}], "xyz": [-0.276836, 1.170896, 0.10618], "properties": {}}, {"name": "O", "species": [{"element": "O", "occu": 1}], "xyz": [2.825375, -1.141345, 0.274686], "properties": {}}, {"name": "H", "species": [{"element": "H", "occu": 1}], "xyz": [3.373825, -1.218802, -0.514842], "properties": {}}]}, "stationary_type": "Minimum", "corrections": {}, "tensor": {"1": {"type": "Mg", "Isotropic": 577.8732, "Anisotropy": 0.5579, "tensor": [[577.9417, 0.3846, 0.0371], [0.0963, 577.8791, 0.074], [0.3297, 0.1206, 577.7988]], "eigenvalues": [577.6392, 577.7352, 578.2452]}, "2": {"type": "H", "Isotropic": 29.0088, "Anisotropy": 20.0315, "tensor": [[31.9745, 1.6501, 9.3594], [1.5133, 20.7563, 1.7436], [8.439, 1.7084, 34.2955]], "eigenvalues": [20.5021, 24.1611, 42.3631]}, "3": {"type": "H", "Isotropic": 29.0094, "Anisotropy": 20.0667, "tensor": [], "eigenvalues": [20.4772, 24.1638, 42.3871]}, "4": {"type": "H", "Isotropic": 29.0138, "Anisotropy": 20.0728, "tensor": [[31.9764, 1.6297, 9.3664], [1.5242, 20.7575, 1.7508], [8.4756, 1.7544, 34.3076]], "eigenvalues": [20.5004, 24.1454, 42.3956]}, "5": {"type": "H", "Isotropic": 29.0319, "Anisotropy": 20.2209, "tensor": [], "eigenvalues": [20.5342, 24.049, 42.5125]}, "6": {"type": "H", "Isotropic": 29.0416, "Anisotropy": 20.2762, "tensor": [], "eigenvalues": [20.5579, 24.0078, 42.5591]}, "7": {"type": "H", "Isotropic": 29.0401, "Anisotropy": 20.1215, "tensor": [], "eigenvalues": [20.5666, 24.0992, 42.4544]}, "8": {"type": "O", "Isotropic": 314.0033, "Anisotropy": 45.5761, "tensor": [], "eigenvalues": [280.6903, 316.9323, 344.3874]}, "9": {"type": "H", "Isotropic": 29.0292, "Anisotropy": 20.2037, "tensor": [], "eigenvalues": [20.5194, 24.0699, 42.4983]}, "10": {"type": "O", "Isotropic": 313.968, "Anisotropy": 45.6548, "tensor": [], "eigenvalues": [280.5471, 316.9523, 344.4046]}, "11": {"type": "H", "Isotropic": 29.0131, "Anisotropy": 20.0656, "tensor": [], "eigenvalues": [20.4784, 24.1708, 42.3901]}, "12": {"type": "O", "Isotropic": 313.974, "Anisotropy": 45.6628, "tensor": [], "eigenvalues": [280.5827, 316.9234, 344.4158]}, "13": {"type": "H", "Isotropic": 29.0289, "Anisotropy": 20.156, "tensor": [], "eigenvalues": [20.5185, 24.102, 42.4663]}, "14": {"type": "O", "Isotropic": 313.9465, "Anisotropy": 45.6973, "tensor": [[316.6768, 2.1906, 0.0571], [2.6574, 281.5325, 6.9767], [0.196, 6.9903, 343.63]], "eigenvalues": [280.5978, 316.8303, 344.4113]}, "15": {"type": "H", "Isotropic": 29.0381, "Anisotropy": 20.2649, "tensor": [], "eigenvalues": [20.5622, 24.004, 42.548]}, "16": {"type": "O", "Isotropic": 313.9744, "Anisotropy": 45.6048, "tensor": [], "eigenvalues": [280.5924, 316.9533, 344.3776]}, "17": {"type": "H", "Isotropic": 29.0398, "Anisotropy": 20.2684, "tensor": [], "eigenvalues": [20.5802, 23.9873, 42.5521]}, "18": {"type": "O", "Isotropic": 313.8755, "Anisotropy": 45.4797, "tensor": [[316.6669, 2.2485, 0.0605], [2.6562, 281.5277, 6.9247], [0.2118, 6.8531, 343.432]], "eigenvalues": [280.6075, 316.8238, 344.1953]}, "19": {"type": "H", "Isotropic": 29.0386, "Anisotropy": 20.219, "tensor": [], "eigenvalues": [20.5738, 24.024, 42.5179]}}}}, "functional": "B3LYP", "basis": "6-311++G**", "phase": "solution", "type": "nmr;scrf", "smiles": "[Mg].O.O.O.O.O.O", "formula": "Mg1 H12 O6", "formula_pretty": "Mg(H2O)6", "formula_anonymous": "AB6C12", "formula_alphabetical": "H12 Mg1 O6", "chemsys": "H-Mg-O", "nsites": 19, "nelements": 3, "is_ordered": true, "is_valid": true, "tag": "oplsd_ref", "wall_time (s)": 29.122629949008115, "last_updated": "2020-10-16T08:59:30.632965", "_id": null}