{"input": {"molecule": {"charge": 0, "spin_multiplicity": 1, "sites": [{"name": "O", "species": [{"element": "O", "occu": 1}], "xyz": [-0.668709, 1.400166, -0.924264], "properties": {}}, {"name": "H", "species": [{"element": "H", "occu": 1}], "xyz": [-0.315464, 1.65632, -0.058326], "properties": {}}, {"name": "H", "species": [{"element": "H", "occu": 1}], "xyz": [-1.606619, 1.201737, -0.746063], "properties": {}}, {"name": "O", "species": [{"element": "O", "occu": 1}], "xyz": [-3.362111, 0.949271, -0.097157], "properties": {}}, {"name": "H", "species": [{"element": "H", "occu": 1}], "xyz": [-3.668746, 0.037048, -0.057862], "properties": {}}, {"name": "H", "species": [{"element": "H", "occu": 1}], "xyz": [-3.224687, 1.223064, 0.834827], "properties": {}}, {"name": "O", "species": [{"element": "O", "occu": 1}], "xyz": [-2.638704, 1.917898, 2.390208], "properties": {}}, {"name": "H", "species": [{"element": "H", "occu": 1}], "xyz": [-1.668245, 1.99671, 2.314095], "properties": {}}, {"name": "H", "species": [{"element": "H", "occu": 1}], "xyz": [-2.801748, 1.442305, 3.211931], "properties": {}}, {"name": "H", "species": [{"element": "H", "occu": 1}], "xyz": [0.500344, 3.02221, 1.920916], "properties": {}}, {"name": "O", "species": [{"element": "O", "occu": 1}], "xyz": [0.112386, 2.145026, 1.810803], "properties": {}}, {"name": "H", "species": [{"element": "H", "occu": 1}], "xyz": [0.722142, 1.537524, 2.247993], "properties": {}}]}, "functional": "B3LYP", "basis_set": "6-311++G**", "route_parameters": {"NMR": "GIAO", "iop(7/33=1)": null, "int": "ultrafine", "EmpiricalDispersion": "GD3", "NoSymmetry": null, "test": null, "SCRF": "(Solvent=Water)"}, "title": "H8 O4", "charge": 0, "spin_multiplicity": 1, "input_parameters": {}, "link0_parameters": {"%chk": "checkpoint.chk", "%mem": "100GB", "%NProcShared": "24"}, "dieze_tag": "#P", "nbasisfunctions": 144, "pcm_parameters": {}}, "output": {"has_gaussian_completed": true, "is_pcm": true, "errors": [], "Mulliken_charges": {"1": ["O", -0.683103], "2": ["H", 0.323131], "3": ["H", 0.347405], "4": ["O", -0.671391], "5": ["H", 0.294024], "6": ["H", 0.363243], "7": ["O", -0.646123], "8": ["H", 0.344881], "9": ["H", 0.302048], "10": ["H", 0.304581], "11": ["O", -0.584196], "12": ["H", 0.305502]}, "tensor": {"1": {"type": "O", "Isotropic": 314.1191, "Anisotropy": 62.6693, "tensor": [[342.3022, 18.9122, 14.8767], [19.423, 284.831, 10.6363], [15.5818, 10.9291, 315.2241]], "eigenvalues": [277.9618, 308.4969, 355.8986]}, "2": {"type": "H", "Isotropic": 28.7589, "Anisotropy": 27.1545, "tensor": [[25.3731, 3.4586, 7.8008], [3.5124, 19.6812, 6.7189], [8.6366, 6.916, 41.2226]], "eigenvalues": [17.4733, 21.9416, 46.8619]}, "3": {"type": "H", "Isotropic": 27.511, "Anisotropy": 29.466, "tensor": [], "eigenvalues": [15.55, 19.828, 47.155]}, "4": {"type": "O", "Isotropic": 306.603, "Anisotropy": 56.2114, "tensor": [[293.9857, 20.5329, 6.8993], [16.3857, 308.792, 20.6666], [8.2489, 28.0734, 317.0312]], "eigenvalues": [279.1977, 296.5339, 344.0772]}, "5": {"type": "H", "Isotropic": 30.8238, "Anisotropy": 18.4134, "tensor": [[27.1624, 6.8661, 0.7139], [6.7578, 40.0375, 1.8364], [0.4119, 0.9537, 25.2714]], "eigenvalues": [24.226, 25.1459, 43.0994]}, "6": {"type": "H", "Isotropic": 26.0172, "Anisotropy": 31.3823, "tensor": [[17.7831, 3.1708, 5.4341], [3.2046, 18.554, 9.513], [6.1637, 10.5856, 41.7144]], "eigenvalues": [14.3543, 16.7585, 46.9387]}, "7": {"type": "O", "Isotropic": 307.4868, "Anisotropy": 50.5152, "tensor": [], "eigenvalues": [277.9326, 303.3642, 341.1636]}, "8": {"type": "H", "Isotropic": 26.6695, "Anisotropy": 30.1019, "tensor": [], "eigenvalues": [14.8041, 18.4669, 46.7374]}, "9": {"type": "H", "Isotropic": 30.5847, "Anisotropy": 18.8348, "tensor": [], "eigenvalues": [23.554, 25.0589, 43.1412]}, "10": {"type": "H", "Isotropic": 29.7286, "Anisotropy": 19.0138, "tensor": [[26.8392, 7.5994, 1.2536], [6.1487, 39.0745, 1.3029], [1.5649, 2.1816, 23.2722]], "eigenvalues": [22.7155, 24.0659, 42.4045]}, "11": {"type": "O", "Isotropic": 309.565, "Anisotropy": 27.6424, "tensor": [], "eigenvalues": [290.842, 309.8597, 327.9932]}, "12": {"type": "H", "Isotropic": 29.7912, "Anisotropy": 18.7289, "tensor": [], "eigenvalues": [22.7982, 24.2982, 42.2771]}}, "output": {"energies": [-305.896715248], "final_energy": -305.896715248, "final_energy_per_atom": -25.491392937333334, "molecule": {"charge": 0.0, "spin_multiplicity": 1, "sites": [{"name": "O", "species": [{"element": "O", "occu": 1}], "xyz": [-0.668709, 1.400166, -0.924264], "properties": {}}, {"name": "H", "species": [{"element": "H", "occu": 1}], "xyz": [-0.315464, 1.65632, -0.058326], "properties": {}}, {"name": "H", "species": [{"element": "H", "occu": 1}], "xyz": [-1.606619, 1.201737, -0.746063], "properties": {}}, {"name": "O", "species": [{"element": "O", "occu": 1}], "xyz": [-3.362111, 0.949271, -0.097157], "properties": {}}, {"name": "H", "species": [{"element": "H", "occu": 1}], "xyz": [-3.668746, 0.037048, -0.057862], "properties": {}}, {"name": "H", "species": [{"element": "H", "occu": 1}], "xyz": [-3.224687, 1.223064, 0.834827], "properties": {}}, {"name": "O", "species": [{"element": "O", "occu": 1}], "xyz": [-2.638704, 1.917898, 2.390208], "properties": {}}, {"name": "H", "species": [{"element": "H", "occu": 1}], "xyz": [-1.668245, 1.99671, 2.314095], "properties": {}}, {"name": "H", "species": [{"element": "H", "occu": 1}], "xyz": [-2.801748, 1.442305, 3.211931], "properties": {}}, {"name": "H", "species": [{"element": "H", "occu": 1}], "xyz": [0.500344, 3.02221, 1.920916], "properties": {}}, {"name": "O", "species": [{"element": "O", "occu": 1}], "xyz": [0.112386, 2.145026, 1.810803], "properties": {}}, {"name": "H", "species": [{"element": "H", "occu": 1}], "xyz": [0.722142, 1.537524, 2.247993], "properties": {}}]}, "stationary_type": "Minimum", "corrections": {}, "tensor": {"1": {"type": "O", "Isotropic": 314.1191, "Anisotropy": 62.6693, "tensor": [[342.3022, 18.9122, 14.8767], [19.423, 284.831, 10.6363], [15.5818, 10.9291, 315.2241]], "eigenvalues": [277.9618, 308.4969, 355.8986]}, "2": {"type": "H", "Isotropic": 28.7589, "Anisotropy": 27.1545, "tensor": [[25.3731, 3.4586, 7.8008], [3.5124, 19.6812, 6.7189], [8.6366, 6.916, 41.2226]], "eigenvalues": [17.4733, 21.9416, 46.8619]}, "3": {"type": "H", "Isotropic": 27.511, "Anisotropy": 29.466, "tensor": [], "eigenvalues": [15.55, 19.828, 47.155]}, "4": {"type": "O", "Isotropic": 306.603, "Anisotropy": 56.2114, "tensor": [[293.9857, 20.5329, 6.8993], [16.3857, 308.792, 20.6666], [8.2489, 28.0734, 317.0312]], "eigenvalues": [279.1977, 296.5339, 344.0772]}, "5": {"type": "H", "Isotropic": 30.8238, "Anisotropy": 18.4134, "tensor": [[27.1624, 6.8661, 0.7139], [6.7578, 40.0375, 1.8364], [0.4119, 0.9537, 25.2714]], "eigenvalues": [24.226, 25.1459, 43.0994]}, "6": {"type": "H", "Isotropic": 26.0172, "Anisotropy": 31.3823, "tensor": [[17.7831, 3.1708, 5.4341], [3.2046, 18.554, 9.513], [6.1637, 10.5856, 41.7144]], "eigenvalues": [14.3543, 16.7585, 46.9387]}, "7": {"type": "O", "Isotropic": 307.4868, "Anisotropy": 50.5152, "tensor": [], "eigenvalues": [277.9326, 303.3642, 341.1636]}, "8": {"type": "H", "Isotropic": 26.6695, "Anisotropy": 30.1019, "tensor": [], "eigenvalues": [14.8041, 18.4669, 46.7374]}, "9": {"type": "H", "Isotropic": 30.5847, "Anisotropy": 18.8348, "tensor": [], "eigenvalues": [23.554, 25.0589, 43.1412]}, "10": {"type": "H", "Isotropic": 29.7286, "Anisotropy": 19.0138, "tensor": [[26.8392, 7.5994, 1.2536], [6.1487, 39.0745, 1.3029], [1.5649, 2.1816, 23.2722]], "eigenvalues": [22.7155, 24.0659, 42.4045]}, "11": {"type": "O", "Isotropic": 309.565, "Anisotropy": 27.6424, "tensor": [], "eigenvalues": [290.842, 309.8597, 327.9932]}, "12": {"type": "H", "Isotropic": 29.7912, "Anisotropy": 18.7289, "tensor": [], "eigenvalues": [22.7982, 24.2982, 42.2771]}}}}, "functional": "B3LYP", "basis": "6-311++G**", "phase": "solution", "type": "scrf;nmr", "smiles": "O.O.O.O", "formula": "H8 O4", "formula_pretty": "H2O", "formula_anonymous": "AB2", "formula_alphabetical": "H8 O4", "chemsys": "H-O", "nsites": 12, "nelements": 2, "is_ordered": true, "is_valid": true, "tag": "unknown", "wall_time (s)": 10.898768621496856, "last_updated": "2021-02-08T17:17:10.167457", "_id": null}