{"input": {"molecule": {"charge": 0, "spin_multiplicity": 1, "sites": [{"name": "O", "species": [{"element": "O", "occu": 1}], "xyz": [-0.417016, 1.416995, -0.089086], "properties": {}}, {"name": "H", "species": [{"element": "H", "occu": 1}], "xyz": [-0.07034, 0.724931, 0.483308], "properties": {}}, {"name": "H", "species": [{"element": "H", "occu": 1}], "xyz": [-1.385445, 1.367649, 0.014423], "properties": {}}, {"name": "O", "species": [{"element": "O", "occu": 1}], "xyz": [-3.23633, 1.362563, 0.131203], "properties": {}}, {"name": "H", "species": [{"element": "H", "occu": 1}], "xyz": [-3.692753, 0.579612, -0.198616], "properties": {}}, {"name": "H", "species": [{"element": "H", "occu": 1}], "xyz": [-3.627036, 1.53716, 0.995538], "properties": {}}]}, "functional": "B3LYP", "basis_set": "6-311++G**", "route_parameters": {"NMR": "GIAO", "iop(7/33=1)": null, "int": "ultrafine", "EmpiricalDispersion": "GD3", "NoSymmetry": null, "test": null, "SCRF": "(Solvent=Water)"}, "title": "H4 O2", "charge": 0, "spin_multiplicity": 1, "input_parameters": {}, "link0_parameters": {"%chk": "checkpoint.chk", "%mem": "100GB", "%NProcShared": "28"}, "dieze_tag": "#P", "nbasisfunctions": 72, "pcm_parameters": {}}, "output": {"has_gaussian_completed": true, "is_pcm": true, "errors": [], "Mulliken_charges": {"1": ["O", -0.646016], "2": ["H", 0.2809], "3": ["H", 0.356181], "4": ["O", -0.601719], "5": ["H", 0.305249], "6": ["H", 0.305404]}, "tensor": {"1": {"type": "O", "Isotropic": 321.4827, "Anisotropy": 67.6798, "tensor": [], "eigenvalues": [288.3736, 309.472, 366.6026]}, "2": {"type": "H", "Isotropic": 31.3169, "Anisotropy": 18.4186, "tensor": [], "eigenvalues": [24.1737, 26.1811, 43.596]}, "3": {"type": "H", "Isotropic": 27.1648, "Anisotropy": 31.8678, "tensor": [], "eigenvalues": [15.7004, 17.384, 48.41]}, "4": {"type": "O", "Isotropic": 317.9027, "Anisotropy": 40.972, "tensor": [[7.7465, 314.4057, 24.2737]], "eigenvalues": [291.3185, 317.1721, 345.2173]}, "5": {"type": "H", "Isotropic": 30.2527, "Anisotropy": 18.7405, "tensor": [[28.5508, 7.5058, 3.4167], [6.807, 35.2348, 6.789], [2.4456, 5.6458, 26.9725]], "eigenvalues": [23.2104, 24.8013, 42.7464]}, "6": {"type": "H", "Isotropic": 30.25, "Anisotropy": 18.7564, "tensor": [], "eigenvalues": [23.2097, 24.7861, 42.7542]}}, "output": {"energies": [-152.940938131], "final_energy": -152.940938131, "final_energy_per_atom": -25.490156355166665, "molecule": {"charge": 0.0, "spin_multiplicity": 1, "sites": [{"name": "O", "species": [{"element": "O", "occu": 1}], "xyz": [-0.417016, 1.416995, -0.089086], "properties": {}}, {"name": "H", "species": [{"element": "H", "occu": 1}], "xyz": [-0.07034, 0.724931, 0.483308], "properties": {}}, {"name": "H", "species": [{"element": "H", "occu": 1}], "xyz": [-1.385445, 1.367649, 0.014423], "properties": {}}, {"name": "O", "species": [{"element": "O", "occu": 1}], "xyz": [-3.23633, 1.362563, 0.131203], "properties": {}}, {"name": "H", "species": [{"element": "H", "occu": 1}], "xyz": [-3.692753, 0.579612, -0.198616], "properties": {}}, {"name": "H", "species": [{"element": "H", "occu": 1}], "xyz": [-3.627036, 1.53716, 0.995538], "properties": {}}]}, "stationary_type": "Minimum", "corrections": {}, "tensor": {"1": {"type": "O", "Isotropic": 321.4827, "Anisotropy": 67.6798, "tensor": [], "eigenvalues": [288.3736, 309.472, 366.6026]}, "2": {"type": "H", "Isotropic": 31.3169, "Anisotropy": 18.4186, "tensor": [], "eigenvalues": [24.1737, 26.1811, 43.596]}, "3": {"type": "H", "Isotropic": 27.1648, "Anisotropy": 31.8678, "tensor": [], "eigenvalues": [15.7004, 17.384, 48.41]}, "4": {"type": "O", "Isotropic": 317.9027, "Anisotropy": 40.972, "tensor": [[7.7465, 314.4057, 24.2737]], "eigenvalues": [291.3185, 317.1721, 345.2173]}, "5": {"type": "H", "Isotropic": 30.2527, "Anisotropy": 18.7405, "tensor": [[28.5508, 7.5058, 3.4167], [6.807, 35.2348, 6.789], [2.4456, 5.6458, 26.9725]], "eigenvalues": [23.2104, 24.8013, 42.7464]}, "6": {"type": "H", "Isotropic": 30.25, "Anisotropy": 18.7564, "tensor": [], "eigenvalues": [23.2097, 24.7861, 42.7542]}}}}, "functional": "B3LYP", "basis": "6-311++G**", "phase": "solution", "type": "scrf;nmr", "smiles": "O.O", "formula": "H4 O2", "formula_pretty": "H2O", "formula_anonymous": "AB2", "formula_alphabetical": "H4 O2", "chemsys": "H-O", "nsites": 6, "nelements": 2, "is_ordered": true, "is_valid": true, "tag": "unknown", "wall_time (s)": 8.714729313738644, "last_updated": "2021-02-01T22:02:51.156789", "_id": null}