{"input": {"molecule": {"charge": 1, "spin_multiplicity": 1, "sites": [{"name": "Mg", "species": [{"element": "Mg", "occu": 1}], "xyz": [10.928598, 43.417985, 25.129955], "properties": {}}, {"name": "O", "species": [{"element": "O", "occu": 1}], "xyz": [9.800733, 42.107998, 26.315365], "properties": {}}, {"name": "C", "species": [{"element": "C", "occu": 1}], "xyz": [8.46933, 41.633791, 26.077073], "properties": {}}, {"name": "C", "species": [{"element": "C", "occu": 1}], "xyz": [10.091208, 42.325045, 27.701535], "properties": {}}, {"name": "C", "species": [{"element": "C", "occu": 1}], "xyz": [11.589378, 42.390766, 27.828715], "properties": {}}, {"name": "O", "species": [{"element": "O", "occu": 1}], "xyz": [12.053533, 43.362912, 26.887836], "properties": {}}, {"name": "C", "species": [{"element": "C", "occu": 1}], "xyz": [13.46766, 43.554063, 26.943193], "properties": {}}, {"name": "H", "species": [{"element": "H", "occu": 1}], "xyz": [8.317367, 40.699133, 26.625239], "properties": {}}, {"name": "H", "species": [{"element": "H", "occu": 1}], "xyz": [8.383489, 41.45066, 25.00675], "properties": {}}, {"name": "H", "species": [{"element": "H", "occu": 1}], "xyz": [9.704562, 41.490946, 28.296122], "properties": {}}, {"name": "H", "species": [{"element": "H", "occu": 1}], "xyz": [9.614986, 43.25776, 28.026284], "properties": {}}, {"name": "H", "species": [{"element": "H", "occu": 1}], "xyz": [12.048942, 41.421252, 27.59699], "properties": {}}, {"name": "H", "species": [{"element": "H", "occu": 1}], "xyz": [11.870462, 42.69432, 28.843389], "properties": {}}, {"name": "H", "species": [{"element": "H", "occu": 1}], "xyz": [13.986144, 42.636438, 26.644013], "properties": {}}, {"name": "H", "species": [{"element": "H", "occu": 1}], "xyz": [13.760374, 43.838612, 27.95837], "properties": {}}, {"name": "H", "species": [{"element": "H", "occu": 1}], "xyz": [13.709782, 44.364664, 26.257561], "properties": {}}, {"name": "H", "species": [{"element": "H", "occu": 1}], "xyz": [7.736051, 42.382166, 26.394196], "properties": {}}, {"name": "O", "species": [{"element": "O", "occu": 1}], "xyz": [11.935209, 41.886911, 24.154836], "properties": {}}, {"name": "C", "species": [{"element": "C", "occu": 1}], "xyz": [11.45022, 40.54077, 24.062756], "properties": {}}, {"name": "C", "species": [{"element": "C", "occu": 1}], "xyz": [12.587367, 42.331146, 22.960177], "properties": {}}, {"name": "C", "species": [{"element": "C", "occu": 1}], "xyz": [13.256251, 43.645768, 23.277186], "properties": {}}, {"name": "O", "species": [{"element": "O", "occu": 1}], "xyz": [12.314528, 44.45411, 23.990456], "properties": {}}, {"name": "C", "species": [{"element": "C", "occu": 1}], "xyz": [12.69769, 45.829697, 24.080533], "properties": {}}, {"name": "H", "species": [{"element": "H", "occu": 1}], "xyz": [10.709913, 40.464202, 23.260511], "properties": {}}, {"name": "H", "species": [{"element": "H", "occu": 1}], "xyz": [10.989526, 40.306661, 25.021765], "properties": {}}, {"name": "H", "species": [{"element": "H", "occu": 1}], "xyz": [11.842413, 42.435235, 22.163623], "properties": {}}, {"name": "H", "species": [{"element": "H", "occu": 1}], "xyz": [13.340063, 41.596556, 22.654159], "properties": {}}, {"name": "H", "species": [{"element": "H", "occu": 1}], "xyz": [13.548191, 44.14824, 22.348654], "properties": {}}, {"name": "H", "species": [{"element": "H", "occu": 1}], "xyz": [14.143947, 43.502776, 23.905174], "properties": {}}, {"name": "H", "species": [{"element": "H", "occu": 1}], "xyz": [12.626131, 46.293784, 23.092649], "properties": {}}, {"name": "H", "species": [{"element": "H", "occu": 1}], "xyz": [13.723068, 45.910733, 24.457248], "properties": {}}, {"name": "H", "species": [{"element": "H", "occu": 1}], "xyz": [12.008947, 46.310785, 24.773881], "properties": {}}, {"name": "H", "species": [{"element": "H", "occu": 1}], "xyz": [12.291894, 39.867123, 23.876485], "properties": {}}, {"name": "N", "species": [{"element": "N", "occu": 1}], "xyz": [9.177359, 44.042557, 23.879267], "properties": {}}, {"name": "S", "species": [{"element": "S", "occu": 1}], "xyz": [8.252994, 43.347377, 22.716964], "properties": {}}, {"name": "O", "species": [{"element": "O", "occu": 1}], "xyz": [8.701166, 41.968018, 22.593786], "properties": {}}, {"name": "O", "species": [{"element": "O", "occu": 1}], "xyz": [6.844363, 43.686751, 22.81161], "properties": {}}, {"name": "C", "species": [{"element": "C", "occu": 1}], "xyz": [8.892956, 44.19183, 21.178843], "properties": {}}, {"name": "F", "species": [{"element": "F", "occu": 1}], "xyz": [8.336236, 43.617764, 20.121164], "properties": {}}, {"name": "F", "species": [{"element": "F", "occu": 1}], "xyz": [10.21558, 44.066295, 21.104824], "properties": {}}, {"name": "F", "species": [{"element": "F", "occu": 1}], "xyz": [8.578505, 45.481281, 21.202992], "properties": {}}, {"name": "S", "species": [{"element": "S", "occu": 1}], "xyz": [8.683679, 45.130669, 24.964841], "properties": {}}, {"name": "O", "species": [{"element": "O", "occu": 1}], "xyz": [9.878781, 45.151251, 25.853006], "properties": {}}, {"name": "O", "species": [{"element": "O", "occu": 1}], "xyz": [7.367884, 44.964759, 25.54534], "properties": {}}, {"name": "C", "species": [{"element": "C", "occu": 1}], "xyz": [8.679463, 46.822612, 24.16597], "properties": {}}, {"name": "F", "species": [{"element": "F", "occu": 1}], "xyz": [7.610632, 46.942603, 23.39629], "properties": {}}, {"name": "F", "species": [{"element": "F", "occu": 1}], "xyz": [8.647815, 47.730601, 25.130029], "properties": {}}, {"name": "F", "species": [{"element": "F", "occu": 1}], "xyz": [9.778816, 46.980023, 23.439793], "properties": {}}]}, "functional": "PBE1PBE", "basis_set": "6-31+G*", "route_parameters": {"NMR": "GIAO", "iop(7/33=1)": null, "int": "ultrafine", "SCRF": "(Solvent=TetraHydroFuran)", "EmpiricalDispersion": "GD3", "NoSymmetry": null, "test": null}, "title": "Mg1 H20 C10 S2 N1 O8 F6", "charge": 1, "spin_multiplicity": 1, "input_parameters": {}, "link0_parameters": {"%chk": "checkpoint.chk", "%mem": "100GB", "%NProcShared": "28"}, "dieze_tag": "#P", "nbasisfunctions": 584, "pcm_parameters": {}}, "output": {"has_gaussian_completed": true, "is_pcm": true, "errors": [], "Mulliken_charges": {"1": ["Mg", -1.141519], "2": ["O", -0.202527], "3": ["C", -0.397809], "4": ["C", -0.187581], "5": ["C", -0.222532], "6": ["O", -0.144989], "7": ["C", -0.390508], "8": ["H", 0.253801], "9": ["H", 0.265492], "10": ["H", 0.263643], "11": ["H", 0.276652], "12": ["H", 0.263278], "13": ["H", 0.265425], "14": ["H", 0.254905], "15": ["H", 0.253171], "16": ["H", 0.25625], "17": ["H", 0.268667], "18": ["O", -0.114526], "19": ["C", -0.370636], "20": ["C", -0.119993], "21": ["C", -0.298092], "22": ["O", -0.138769], "23": ["C", -0.379536], "24": ["H", 0.264857], "25": ["H", 0.267028], "26": ["H", 0.272853], "27": ["H", 0.264111], "28": ["H", 0.268443], "29": ["H", 0.274513], "30": ["H", 0.262061], "31": ["H", 0.250591], "32": ["H", 0.275265], "33": ["H", 0.248137], "34": ["N", -0.746486], "35": ["S", 1.076899], "36": ["O", -0.474719], "37": ["O", -0.432772], "38": ["C", 0.931237], "39": ["F", -0.260279], "40": ["F", -0.256572], "41": ["F", -0.237218], "42": ["S", 0.640023], "43": ["O", -0.372313], "44": ["O", -0.341541], "45": ["C", 0.973275], "46": ["F", -0.210745], "47": ["F", -0.233685], "48": ["F", -0.21523]}, "tensor": {"1": {"type": "Mg", "Isotropic": 595.43, "Anisotropy": 24.9939, "tensor": [[602.9308, 3.2743, 2.923], [6.2692, 22.3697, 609.6289]], "eigenvalues": [572.8985, 601.299, 612.0926]}, "2": {"type": "O", "Isotropic": 323.0961, "Anisotropy": 37.4055, "tensor": [[4.2106, 294.0715, 2.7242]], "eigenvalues": [293.5776, 327.6776, 348.0331]}, "3": {"type": "C", "Isotropic": 134.8563, "Anisotropy": 86.7727, "tensor": [[177.6916, 28.8825, 22.9767], [29.5643, 117.1804, 2.0864]], "eigenvalues": [100.4445, 111.4196, 192.7047]}, "4": {"type": "C", "Isotropic": 125.0608, "Anisotropy": 68.7483, "tensor": [[112.3429, 8.8777, 16.1658], [11.1339, 99.133, 2.6596], [20.2051, 11.8853, 163.7064]], "eigenvalues": [93.6585, 110.6309, 170.8929]}, "5": {"type": "C", "Isotropic": 123.8005, "Anisotropy": 62.6579, "tensor": [], "eigenvalues": [96.0153, 109.8138, 165.5725]}, "6": {"type": "O", "Isotropic": 318.0471, "Anisotropy": 32.2607, "tensor": [], "eigenvalues": [293.1961, 321.391, 339.5542]}, "7": {"type": "C", "Isotropic": 135.6494, "Anisotropy": 87.109, "tensor": [[16.1142, 106.7499, 1.3174], [1.685, 2.8555, 109.6792]], "eigenvalues": [102.9904, 110.2356, 193.722]}, "8": {"type": "H", "Isotropic": 28.5113, "Anisotropy": 9.8837, "tensor": [], "eigenvalues": [24.1665, 26.267, 35.1004]}, "9": {"type": "H", "Isotropic": 27.6164, "Anisotropy": 6.2866, "tensor": [[27.7112, 3.6455, 4.1364]], "eigenvalues": [22.7584, 28.2833, 31.8074]}, "10": {"type": "H", "Isotropic": 28.4389, "Anisotropy": 8.6541, "tensor": [[26.8133, 1.0897, 0.3954]], "eigenvalues": [24.0569, 27.0514, 34.2083]}, "11": {"type": "H", "Isotropic": 27.7167, "Anisotropy": 7.4811, "tensor": [], "eigenvalues": [24.2589, 26.1871, 32.7041]}, "12": {"type": "H", "Isotropic": 28.0833, "Anisotropy": 7.2866, "tensor": [[26.8347, 0.2703, 0.1918]], "eigenvalues": [24.5903, 26.7186, 32.941]}, "13": {"type": "H", "Isotropic": 28.1246, "Anisotropy": 9.0016, "tensor": [[26.0981, 1.2962, 0.5524]], "eigenvalues": [23.6954, 26.5527, 34.1257]}, "14": {"type": "H", "Isotropic": 28.5244, "Anisotropy": 8.4252, "tensor": [[0.7463, 0.4571, 26.8782]], "eigenvalues": [24.4657, 26.9663, 34.1412]}, "15": {"type": "H", "Isotropic": 28.396, "Anisotropy": 10.5362, "tensor": [[31.2126, 2.4642, 5.7721], [2.2164, 25.0398, 1.9253], [2.9697, 1.6141, 28.9358]], "eigenvalues": [24.2099, 25.5581, 35.4202]}, "16": {"type": "H", "Isotropic": 28.4105, "Anisotropy": 6.8975, "tensor": [], "eigenvalues": [22.8557, 29.367, 33.0088]}, "17": {"type": "H", "Isotropic": 28.1731, "Anisotropy": 7.3193, "tensor": [], "eigenvalues": [22.8501, 28.6165, 33.0526]}, "18": {"type": "O", "Isotropic": 327.5249, "Anisotropy": 28.1883, "tensor": [[10.2722, 327.6166, 5.2106]], "eigenvalues": [302.3623, 333.8953, 346.3172]}, "19": {"type": "C", "Isotropic": 135.0094, "Anisotropy": 87.5564, "tensor": [[0.2297, 2.263, 103.2856]], "eigenvalues": [102.9977, 108.6501, 193.3803]}, "20": {"type": "C", "Isotropic": 126.9319, "Anisotropy": 66.2424, "tensor": [], "eigenvalues": [98.8867, 110.8154, 171.0935]}, "21": {"type": "C", "Isotropic": 126.2083, "Anisotropy": 69.5102, "tensor": [], "eigenvalues": [96.85, 109.2265, 172.5484]}, "22": {"type": "O", "Isotropic": 328.614, "Anisotropy": 35.7717, "tensor": [[1.968, 333.6386, 10.6247]], "eigenvalues": [299.0516, 334.3285, 352.4618]}, "23": {"type": "C", "Isotropic": 135.5343, "Anisotropy": 85.6248, "tensor": [[110.7891, 19.3676, 3.115], [17.0044, 187.9176, 8.0094], [0.3514, 6.151, 107.8961]], "eigenvalues": [106.6812, 107.3042, 192.6175]}, "24": {"type": "H", "Isotropic": 27.9912, "Anisotropy": 6.7542, "tensor": [[27.9472, 0.1412, 2.984], [1.5744, 30.4421, 3.0957], [3.193, 1.7703, 25.5842]], "eigenvalues": [23.1151, 28.3644, 32.494]}, "25": {"type": "H", "Isotropic": 28.0456, "Anisotropy": 6.3776, "tensor": [], "eigenvalues": [23.6355, 28.204, 32.2973]}, "26": {"type": "H", "Isotropic": 27.7656, "Anisotropy": 7.0282, "tensor": [], "eigenvalues": [24.1655, 26.6802, 32.4511]}, "27": {"type": "H", "Isotropic": 28.2763, "Anisotropy": 8.6078, "tensor": [], "eigenvalues": [24.5816, 26.2325, 34.0149]}, "28": {"type": "H", "Isotropic": 28.4322, "Anisotropy": 7.9334, "tensor": [], "eigenvalues": [25.1261, 26.4493, 33.7212]}, "29": {"type": "H", "Isotropic": 27.9756, "Anisotropy": 8.2382, "tensor": [], "eigenvalues": [24.6318, 25.8273, 33.4678]}, "30": {"type": "H", "Isotropic": 28.2481, "Anisotropy": 8.5838, "tensor": [], "eigenvalues": [24.7755, 25.9981, 33.9706]}, "31": {"type": "H", "Isotropic": 28.5855, "Anisotropy": 9.5893, "tensor": [[29.8352, 3.3387, 1.1721], [6.0316, 30.1839, 1.0182], [1.8049, 0.5769, 25.7373]], "eigenvalues": [24.8736, 25.9045, 34.9783]}, "32": {"type": "H", "Isotropic": 28.5099, "Anisotropy": 5.861, "tensor": [], "eigenvalues": [24.155, 28.9576, 32.4172]}, "33": {"type": "H", "Isotropic": 28.4248, "Anisotropy": 10.4526, "tensor": [], "eigenvalues": [24.4008, 25.4805, 35.3932]}, "34": {"type": "N", "Isotropic": 105.3051, "Anisotropy": 84.4138, "tensor": [[91.6777, 23.8113, 39.9951], [5.0108, 110.7324, 33.2741], [14.2496, 40.3466, 113.5053]], "eigenvalues": [69.1499, 85.1845, 161.581]}, "35": {"type": "S", "Isotropic": 256.9309, "Anisotropy": 239.577, "tensor": [], "eigenvalues": [117.6405, 236.5032, 416.6489]}, "36": {"type": "O", "Isotropic": 129.4326, "Anisotropy": 47.577, "tensor": [[9.3555, 24.9732, 117.1043]], "eigenvalues": [94.2607, 132.8865, 161.1507]}, "37": {"type": "O", "Isotropic": 140.1883, "Anisotropy": 65.7573, "tensor": [], "eigenvalues": [104.876, 131.6625, 184.0265]}, "38": {"type": "C", "Isotropic": 71.1987, "Anisotropy": 8.2229, "tensor": [[4.8445, 5.3869, 67.2461]], "eigenvalues": [61.0636, 75.8519, 76.6806]}, "39": {"type": "F", "Isotropic": 273.4432, "Anisotropy": 118.5041, "tensor": [[259.3467, 2.2077, 45.0522], [1.3173, 256.1163, 49.1283], [45.1825, 48.687, 304.8666]], "eigenvalues": [211.7439, 256.1398, 352.4459]}, "40": {"type": "F", "Isotropic": 271.0031, "Anisotropy": 121.2965, "tensor": [], "eigenvalues": [212.6959, 248.446, 351.8674]}, "41": {"type": "F", "Isotropic": 270.5018, "Anisotropy": 114.9758, "tensor": [[15.4932, 8.3136, 219.648]], "eigenvalues": [211.6784, 252.6748, 347.1524]}, "42": {"type": "S", "Isotropic": 245.3494, "Anisotropy": 210.2303, "tensor": [], "eigenvalues": [111.961, 238.5843, 385.5029]}, "43": {"type": "O", "Isotropic": 147.1025, "Anisotropy": 113.3065, "tensor": [[6.7109, 89.6592, 30.1179], [14.4638, 47.2131, 140.1627]], "eigenvalues": [67.3342, 151.3331, 222.6401]}, "44": {"type": "O", "Isotropic": 127.6096, "Anisotropy": 25.7341, "tensor": [], "eigenvalues": [108.8541, 129.2091, 144.7657]}, "45": {"type": "C", "Isotropic": 71.5016, "Anisotropy": 8.1357, "tensor": [[0.1478, 6.099, 73.1412]], "eigenvalues": [61.5627, 76.0168, 76.9254]}, "46": {"type": "F", "Isotropic": 267.2079, "Anisotropy": 109.2232, "tensor": [], "eigenvalues": [212.1647, 249.4357, 340.0234]}, "47": {"type": "F", "Isotropic": 265.7686, "Anisotropy": 125.3026, "tensor": [[1.3355, 70.7418, 274.4786]], "eigenvalues": [207.0344, 240.9678, 349.3037]}, "48": {"type": "F", "Isotropic": 269.0446, "Anisotropy": 118.1244, "tensor": [], "eigenvalues": [212.5328, 246.8067, 347.7942]}}, "output": {"energies": [-2642.96454922], "final_energy": -2642.96454922, "final_energy_per_atom": -55.06176144208334, "molecule": {"charge": 0.0, "spin_multiplicity": 2, "sites": [{"name": "Mg", "species": [{"element": "Mg", "occu": 1}], "xyz": [10.928598, 43.417985, 25.129955], "properties": {}}, {"name": "O", "species": [{"element": "O", "occu": 1}], "xyz": [9.800733, 42.107998, 26.315365], "properties": {}}, {"name": "C", "species": [{"element": "C", "occu": 1}], "xyz": [8.46933, 41.633791, 26.077073], "properties": {}}, {"name": "C", "species": [{"element": "C", "occu": 1}], "xyz": [10.091208, 42.325045, 27.701535], "properties": {}}, {"name": "C", "species": [{"element": "C", "occu": 1}], "xyz": [11.589378, 42.390766, 27.828715], "properties": {}}, {"name": "O", "species": [{"element": "O", "occu": 1}], "xyz": [12.053533, 43.362912, 26.887836], "properties": {}}, {"name": "C", "species": [{"element": "C", "occu": 1}], "xyz": [13.46766, 43.554063, 26.943193], "properties": {}}, {"name": "H", "species": [{"element": "H", "occu": 1}], "xyz": [8.317367, 40.699133, 26.625239], "properties": {}}, {"name": "H", "species": [{"element": "H", "occu": 1}], "xyz": [8.383489, 41.45066, 25.00675], "properties": {}}, {"name": "H", "species": [{"element": "H", "occu": 1}], "xyz": [9.704562, 41.490946, 28.296122], "properties": {}}, {"name": "H", "species": [{"element": "H", "occu": 1}], "xyz": [9.614986, 43.25776, 28.026284], "properties": {}}, {"name": "H", "species": [{"element": "H", "occu": 1}], "xyz": [12.048942, 41.421252, 27.59699], "properties": {}}, {"name": "H", "species": [{"element": "H", "occu": 1}], "xyz": [11.870462, 42.69432, 28.843389], "properties": {}}, {"name": "H", "species": [{"element": "H", "occu": 1}], "xyz": [13.986144, 42.636438, 26.644013], "properties": {}}, {"name": "H", "species": [{"element": "H", "occu": 1}], "xyz": [13.760374, 43.838612, 27.95837], "properties": {}}, {"name": "H", "species": [{"element": "H", "occu": 1}], "xyz": [13.709782, 44.364664, 26.257561], "properties": {}}, {"name": "H", "species": [{"element": "H", "occu": 1}], "xyz": [7.736051, 42.382166, 26.394196], "properties": {}}, {"name": "O", "species": [{"element": "O", "occu": 1}], "xyz": [11.935209, 41.886911, 24.154836], "properties": {}}, {"name": "C", "species": [{"element": "C", "occu": 1}], "xyz": [11.45022, 40.54077, 24.062756], "properties": {}}, {"name": "C", "species": [{"element": "C", "occu": 1}], "xyz": [12.587367, 42.331146, 22.960177], "properties": {}}, {"name": "C", "species": [{"element": "C", "occu": 1}], "xyz": [13.256251, 43.645768, 23.277186], "properties": {}}, {"name": "O", "species": [{"element": "O", "occu": 1}], "xyz": [12.314528, 44.45411, 23.990456], "properties": {}}, {"name": "C", "species": [{"element": "C", "occu": 1}], "xyz": [12.69769, 45.829697, 24.080533], "properties": {}}, {"name": "H", "species": [{"element": "H", "occu": 1}], "xyz": [10.709913, 40.464202, 23.260511], "properties": {}}, {"name": "H", "species": [{"element": "H", "occu": 1}], "xyz": [10.989526, 40.306661, 25.021765], "properties": {}}, {"name": "H", "species": [{"element": "H", "occu": 1}], "xyz": [11.842413, 42.435235, 22.163623], "properties": {}}, {"name": "H", "species": [{"element": "H", "occu": 1}], "xyz": [13.340063, 41.596556, 22.654159], "properties": {}}, {"name": "H", "species": [{"element": "H", "occu": 1}], "xyz": [13.548191, 44.14824, 22.348654], "properties": {}}, {"name": "H", "species": [{"element": "H", "occu": 1}], "xyz": [14.143947, 43.502776, 23.905174], "properties": {}}, {"name": "H", "species": [{"element": "H", "occu": 1}], "xyz": [12.626131, 46.293784, 23.092649], "properties": {}}, {"name": "H", "species": [{"element": "H", "occu": 1}], "xyz": [13.723068, 45.910733, 24.457248], "properties": {}}, {"name": "H", "species": [{"element": "H", "occu": 1}], "xyz": [12.008947, 46.310785, 24.773881], "properties": {}}, {"name": "H", "species": [{"element": "H", "occu": 1}], "xyz": [12.291894, 39.867123, 23.876485], "properties": {}}, {"name": "N", "species": [{"element": "N", "occu": 1}], "xyz": [9.177359, 44.042557, 23.879267], "properties": {}}, {"name": "S", "species": [{"element": "S", "occu": 1}], "xyz": [8.252994, 43.347377, 22.716964], "properties": {}}, {"name": "O", "species": [{"element": "O", "occu": 1}], "xyz": [8.701166, 41.968018, 22.593786], "properties": {}}, {"name": "O", "species": [{"element": "O", "occu": 1}], "xyz": [6.844363, 43.686751, 22.81161], "properties": {}}, {"name": "C", "species": [{"element": "C", "occu": 1}], "xyz": [8.892956, 44.19183, 21.178843], "properties": {}}, {"name": "F", "species": [{"element": "F", "occu": 1}], "xyz": [8.336236, 43.617764, 20.121164], "properties": {}}, {"name": "F", "species": [{"element": "F", "occu": 1}], "xyz": [10.21558, 44.066295, 21.104824], "properties": {}}, {"name": "F", "species": [{"element": "F", "occu": 1}], "xyz": [8.578505, 45.481281, 21.202992], "properties": {}}, {"name": "S", "species": [{"element": "S", "occu": 1}], "xyz": [8.683679, 45.130669, 24.964841], "properties": {}}, {"name": "O", "species": [{"element": "O", "occu": 1}], "xyz": [9.878781, 45.151251, 25.853006], "properties": {}}, {"name": "O", "species": [{"element": "O", "occu": 1}], "xyz": [7.367884, 44.964759, 25.54534], "properties": {}}, {"name": "C", "species": [{"element": "C", "occu": 1}], "xyz": [8.679463, 46.822612, 24.16597], "properties": {}}, {"name": "F", "species": [{"element": "F", "occu": 1}], "xyz": [7.610632, 46.942603, 23.39629], "properties": {}}, {"name": "F", "species": [{"element": "F", "occu": 1}], "xyz": [8.647815, 47.730601, 25.130029], "properties": {}}, {"name": "F", "species": [{"element": "F", "occu": 1}], "xyz": [9.778816, 46.980023, 23.439793], "properties": {}}]}, "stationary_type": "Minimum", "corrections": {}, "tensor": {"1": {"type": "Mg", "Isotropic": 595.43, "Anisotropy": 24.9939, "tensor": [[602.9308, 3.2743, 2.923], [6.2692, 22.3697, 609.6289]], "eigenvalues": [572.8985, 601.299, 612.0926]}, "2": {"type": "O", "Isotropic": 323.0961, "Anisotropy": 37.4055, "tensor": [[4.2106, 294.0715, 2.7242]], "eigenvalues": [293.5776, 327.6776, 348.0331]}, "3": {"type": "C", "Isotropic": 134.8563, "Anisotropy": 86.7727, "tensor": [[177.6916, 28.8825, 22.9767], [29.5643, 117.1804, 2.0864]], "eigenvalues": [100.4445, 111.4196, 192.7047]}, "4": {"type": "C", "Isotropic": 125.0608, "Anisotropy": 68.7483, "tensor": [[112.3429, 8.8777, 16.1658], [11.1339, 99.133, 2.6596], [20.2051, 11.8853, 163.7064]], "eigenvalues": [93.6585, 110.6309, 170.8929]}, "5": {"type": "C", "Isotropic": 123.8005, "Anisotropy": 62.6579, "tensor": [], "eigenvalues": [96.0153, 109.8138, 165.5725]}, "6": {"type": "O", "Isotropic": 318.0471, "Anisotropy": 32.2607, "tensor": [], "eigenvalues": [293.1961, 321.391, 339.5542]}, "7": {"type": "C", "Isotropic": 135.6494, "Anisotropy": 87.109, "tensor": [[16.1142, 106.7499, 1.3174], [1.685, 2.8555, 109.6792]], "eigenvalues": [102.9904, 110.2356, 193.722]}, "8": {"type": "H", "Isotropic": 28.5113, "Anisotropy": 9.8837, "tensor": [], "eigenvalues": [24.1665, 26.267, 35.1004]}, "9": {"type": "H", "Isotropic": 27.6164, "Anisotropy": 6.2866, "tensor": [[27.7112, 3.6455, 4.1364]], "eigenvalues": [22.7584, 28.2833, 31.8074]}, "10": {"type": "H", "Isotropic": 28.4389, "Anisotropy": 8.6541, "tensor": [[26.8133, 1.0897, 0.3954]], "eigenvalues": [24.0569, 27.0514, 34.2083]}, "11": {"type": "H", "Isotropic": 27.7167, "Anisotropy": 7.4811, "tensor": [], "eigenvalues": [24.2589, 26.1871, 32.7041]}, "12": {"type": "H", "Isotropic": 28.0833, "Anisotropy": 7.2866, "tensor": [[26.8347, 0.2703, 0.1918]], "eigenvalues": [24.5903, 26.7186, 32.941]}, "13": {"type": "H", "Isotropic": 28.1246, "Anisotropy": 9.0016, "tensor": [[26.0981, 1.2962, 0.5524]], "eigenvalues": [23.6954, 26.5527, 34.1257]}, "14": {"type": "H", "Isotropic": 28.5244, "Anisotropy": 8.4252, "tensor": [[0.7463, 0.4571, 26.8782]], "eigenvalues": [24.4657, 26.9663, 34.1412]}, "15": {"type": "H", "Isotropic": 28.396, "Anisotropy": 10.5362, "tensor": [[31.2126, 2.4642, 5.7721], [2.2164, 25.0398, 1.9253], [2.9697, 1.6141, 28.9358]], "eigenvalues": [24.2099, 25.5581, 35.4202]}, "16": {"type": "H", "Isotropic": 28.4105, "Anisotropy": 6.8975, "tensor": [], "eigenvalues": [22.8557, 29.367, 33.0088]}, "17": {"type": "H", "Isotropic": 28.1731, "Anisotropy": 7.3193, "tensor": [], "eigenvalues": [22.8501, 28.6165, 33.0526]}, "18": {"type": "O", "Isotropic": 327.5249, "Anisotropy": 28.1883, "tensor": [[10.2722, 327.6166, 5.2106]], "eigenvalues": [302.3623, 333.8953, 346.3172]}, "19": {"type": "C", "Isotropic": 135.0094, "Anisotropy": 87.5564, "tensor": [[0.2297, 2.263, 103.2856]], "eigenvalues": [102.9977, 108.6501, 193.3803]}, "20": {"type": "C", "Isotropic": 126.9319, "Anisotropy": 66.2424, "tensor": [], "eigenvalues": [98.8867, 110.8154, 171.0935]}, "21": {"type": "C", "Isotropic": 126.2083, "Anisotropy": 69.5102, "tensor": [], "eigenvalues": [96.85, 109.2265, 172.5484]}, "22": {"type": "O", "Isotropic": 328.614, "Anisotropy": 35.7717, "tensor": [[1.968, 333.6386, 10.6247]], "eigenvalues": [299.0516, 334.3285, 352.4618]}, "23": {"type": "C", "Isotropic": 135.5343, "Anisotropy": 85.6248, "tensor": [[110.7891, 19.3676, 3.115], [17.0044, 187.9176, 8.0094], [0.3514, 6.151, 107.8961]], "eigenvalues": [106.6812, 107.3042, 192.6175]}, "24": {"type": "H", "Isotropic": 27.9912, "Anisotropy": 6.7542, "tensor": [[27.9472, 0.1412, 2.984], [1.5744, 30.4421, 3.0957], [3.193, 1.7703, 25.5842]], "eigenvalues": [23.1151, 28.3644, 32.494]}, "25": {"type": "H", "Isotropic": 28.0456, "Anisotropy": 6.3776, "tensor": [], "eigenvalues": [23.6355, 28.204, 32.2973]}, "26": {"type": "H", "Isotropic": 27.7656, "Anisotropy": 7.0282, "tensor": [], "eigenvalues": [24.1655, 26.6802, 32.4511]}, "27": {"type": "H", "Isotropic": 28.2763, "Anisotropy": 8.6078, "tensor": [], "eigenvalues": [24.5816, 26.2325, 34.0149]}, "28": {"type": "H", "Isotropic": 28.4322, "Anisotropy": 7.9334, "tensor": [], "eigenvalues": [25.1261, 26.4493, 33.7212]}, "29": {"type": "H", "Isotropic": 27.9756, "Anisotropy": 8.2382, "tensor": [], "eigenvalues": [24.6318, 25.8273, 33.4678]}, "30": {"type": "H", "Isotropic": 28.2481, "Anisotropy": 8.5838, "tensor": [], "eigenvalues": [24.7755, 25.9981, 33.9706]}, "31": {"type": "H", "Isotropic": 28.5855, "Anisotropy": 9.5893, "tensor": [[29.8352, 3.3387, 1.1721], [6.0316, 30.1839, 1.0182], [1.8049, 0.5769, 25.7373]], "eigenvalues": [24.8736, 25.9045, 34.9783]}, "32": {"type": "H", "Isotropic": 28.5099, "Anisotropy": 5.861, "tensor": [], "eigenvalues": [24.155, 28.9576, 32.4172]}, "33": {"type": "H", "Isotropic": 28.4248, "Anisotropy": 10.4526, "tensor": [], "eigenvalues": [24.4008, 25.4805, 35.3932]}, "34": {"type": "N", "Isotropic": 105.3051, "Anisotropy": 84.4138, "tensor": [[91.6777, 23.8113, 39.9951], [5.0108, 110.7324, 33.2741], [14.2496, 40.3466, 113.5053]], "eigenvalues": [69.1499, 85.1845, 161.581]}, "35": {"type": "S", "Isotropic": 256.9309, "Anisotropy": 239.577, "tensor": [], "eigenvalues": [117.6405, 236.5032, 416.6489]}, "36": {"type": "O", "Isotropic": 129.4326, "Anisotropy": 47.577, "tensor": [[9.3555, 24.9732, 117.1043]], "eigenvalues": [94.2607, 132.8865, 161.1507]}, "37": {"type": "O", "Isotropic": 140.1883, "Anisotropy": 65.7573, "tensor": [], "eigenvalues": [104.876, 131.6625, 184.0265]}, "38": {"type": "C", "Isotropic": 71.1987, "Anisotropy": 8.2229, "tensor": [[4.8445, 5.3869, 67.2461]], "eigenvalues": [61.0636, 75.8519, 76.6806]}, "39": {"type": "F", "Isotropic": 273.4432, "Anisotropy": 118.5041, "tensor": [[259.3467, 2.2077, 45.0522], [1.3173, 256.1163, 49.1283], [45.1825, 48.687, 304.8666]], "eigenvalues": [211.7439, 256.1398, 352.4459]}, "40": {"type": "F", "Isotropic": 271.0031, "Anisotropy": 121.2965, "tensor": [], "eigenvalues": [212.6959, 248.446, 351.8674]}, "41": {"type": "F", "Isotropic": 270.5018, "Anisotropy": 114.9758, "tensor": [[15.4932, 8.3136, 219.648]], "eigenvalues": [211.6784, 252.6748, 347.1524]}, "42": {"type": "S", "Isotropic": 245.3494, "Anisotropy": 210.2303, "tensor": [], "eigenvalues": [111.961, 238.5843, 385.5029]}, "43": {"type": "O", "Isotropic": 147.1025, "Anisotropy": 113.3065, "tensor": [[6.7109, 89.6592, 30.1179], [14.4638, 47.2131, 140.1627]], "eigenvalues": [67.3342, 151.3331, 222.6401]}, "44": {"type": "O", "Isotropic": 127.6096, "Anisotropy": 25.7341, "tensor": [], "eigenvalues": [108.8541, 129.2091, 144.7657]}, "45": {"type": "C", "Isotropic": 71.5016, "Anisotropy": 8.1357, "tensor": [[0.1478, 6.099, 73.1412]], "eigenvalues": [61.5627, 76.0168, 76.9254]}, "46": {"type": "F", "Isotropic": 267.2079, "Anisotropy": 109.2232, "tensor": [], "eigenvalues": [212.1647, 249.4357, 340.0234]}, "47": {"type": "F", "Isotropic": 265.7686, "Anisotropy": 125.3026, "tensor": [[1.3355, 70.7418, 274.4786]], "eigenvalues": [207.0344, 240.9678, 349.3037]}, "48": {"type": "F", "Isotropic": 269.0446, "Anisotropy": 118.1244, "tensor": [], "eigenvalues": [212.5328, 246.8067, 347.7942]}}}}, "functional": "PBE1PBE", "basis": "6-31+G*", "phase": "solution", "type": "scrf;nmr", "smiles": "[Mg].O(C)CCOC.O(C)CCOC.[N](S(=O)(=O)C(F)(F)F)S(=O)(=O)C(F)(F)F", "formula": "Mg1 H20 C10 S2 N1 O8 F6", "formula_pretty": "MgH20C10S2N(O4F3)2", "formula_anonymous": "ABC2D6E8F10G20", "formula_alphabetical": "C10 F6 H20 Mg1 N1 O8 S2", "chemsys": "C-F-H-Mg-N-O-S", "nsites": 48, "nelements": 7, "is_ordered": true, "is_valid": true, "tag": "oplsd_6", "wall_time (s)": 285.86939352800255, "last_updated": "2020-10-11T19:39:51.314039", "_id": null}