{"input": {"molecule": {"charge": 2, "spin_multiplicity": 1, "sites": [{"name": "Mg", "species": [{"element": "Mg", "occu": 1}], "xyz": [0.765408, -1.373405, 0.373965], "properties": {}}, {"name": "H", "species": [{"element": "H", "occu": 1}], "xyz": [3.378812, -1.08627, 1.024414], "properties": {}}, {"name": "H", "species": [{"element": "H", "occu": 1}], "xyz": [1.260918, 1.272159, 0.077119], "properties": {}}, {"name": "H", "species": [{"element": "H", "occu": 1}], "xyz": [-1.848027, -1.660561, -0.276444], "properties": {}}, {"name": "H", "species": [{"element": "H", "occu": 1}], "xyz": [0.884516, -1.831727, 3.037038], "properties": {}}, {"name": "H", "species": [{"element": "H", "occu": 1}], "xyz": [1.815761, -3.90189, 0.539011], "properties": {}}, {"name": "H", "species": [{"element": "H", "occu": 1}], "xyz": [0.864606, -2.449714, -2.154569], "properties": {}}, {"name": "O", "species": [{"element": "O", "occu": 1}], "xyz": [0.580211, -1.659445, -1.672577], "properties": {}}, {"name": "H", "species": [{"element": "H", "occu": 1}], "xyz": [0.646321, -0.915064, -2.289094], "properties": {}}, {"name": "O", "species": [{"element": "O", "occu": 1}], "xyz": [1.012224, -3.400305, 0.740163], "properties": {}}, {"name": "H", "species": [{"element": "H", "occu": 1}], "xyz": [0.269896, -4.018951, 0.670888], "properties": {}}, {"name": "O", "species": [{"element": "O", "occu": 1}], "xyz": [0.950573, -1.087358, 2.420502], "properties": {}}, {"name": "H", "species": [{"element": "H", "occu": 1}], "xyz": [0.666245, -0.297083, 2.90252], "properties": {}}, {"name": "O", "species": [{"element": "O", "occu": 1}], "xyz": [-1.280417, -1.686128, 0.508301], "properties": {}}, {"name": "H", "species": [{"element": "H", "occu": 1}], "xyz": [-1.830046, -1.426429, 1.262176], "properties": {}}, {"name": "O", "species": [{"element": "O", "occu": 1}], "xyz": [0.518605, 0.653503, 0.00777], "properties": {}}, {"name": "H", "species": [{"element": "H", "occu": 1}], "xyz": [-0.284949, 1.155067, 0.20891], "properties": {}}, {"name": "O", "species": [{"element": "O", "occu": 1}], "xyz": [2.811239, -1.060652, 0.239643], "properties": {}}, {"name": "H", "species": [{"element": "H", "occu": 1}], "xyz": [3.36087, -1.32043, -0.514203], "properties": {}}]}, "functional": "PBE1PBE", "basis_set": "6-31+G*", "route_parameters": {"NMR": "GIAO", "iop(7/33=1)": null, "int": "ultrafine", "SCRF": "(Solvent=Water)", "EmpiricalDispersion": "GD3", "NoSymmetry": null, "test": null}, "title": "Mg1 H12 O6", "charge": 2, "spin_multiplicity": 1, "input_parameters": {}, "link0_parameters": {"%chk": "checkpoint.chk", "%mem": "100GB", "%NProcShared": "28"}, "dieze_tag": "#P", "nbasisfunctions": 161, "pcm_parameters": {}}, "output": {"has_gaussian_completed": true, "is_pcm": true, "errors": [], "Mulliken_charges": {"1": ["Mg", 0.973962], "2": ["H", 0.565807], "3": ["H", 0.565903], "4": ["H", 0.565808], "5": ["H", 0.565367], "6": ["H", 0.566073], "7": ["H", 0.566773], "8": ["O", -0.961322], "9": ["H", 0.565365], "10": ["O", -0.960894], "11": ["H", 0.565904], "12": ["O", -0.961333], "13": ["H", 0.566776], "14": ["O", -0.961166], "15": ["H", 0.566478], "16": ["O", -0.960892], "17": ["H", 0.566073], "18": ["O", -0.96116], "19": ["H", 0.566478]}, "tensor": {"1": {"type": "Mg", "Isotropic": 604.83, "Anisotropy": 2.6149, "tensor": [[604.7153, 1.9021, 1.0766]], "eigenvalues": [601.7313, 606.1854, 606.5732]}, "2": {"type": "H", "Isotropic": 28.9699, "Anisotropy": 18.8819, "tensor": [[31.5229, 0.4597, 8.7957], [0.1913, 20.8659, 0.1301], [7.9988, 0.2369, 34.5208]], "eigenvalues": [20.8552, 24.4967, 41.5578]}, "3": {"type": "H", "Isotropic": 28.9802, "Anisotropy": 18.904, "tensor": [[33.3908, 8.1364, 0.5471], [0.6373, 0.2139, 20.9131]], "eigenvalues": [20.8693, 24.4885, 41.5828]}, "4": {"type": "H", "Isotropic": 28.9779, "Anisotropy": 18.8813, "tensor": [[31.5216, 0.4788, 8.795], [0.1911, 20.8787, 0.1339], [8.0003, 0.2469, 34.5334]], "eigenvalues": [20.8674, 24.5009, 41.5654]}, "5": {"type": "H", "Isotropic": 28.9756, "Anisotropy": 18.8421, "tensor": [], "eigenvalues": [20.8388, 24.551, 41.5369]}, "6": {"type": "H", "Isotropic": 29.0826, "Anisotropy": 19.6082, "tensor": [], "eigenvalues": [21.1437, 23.9494, 42.1547]}, "7": {"type": "H", "Isotropic": 29.0851, "Anisotropy": 19.7124, "tensor": [], "eigenvalues": [21.1534, 23.8752, 42.2267]}, "8": {"type": "O", "Isotropic": 319.5192, "Anisotropy": 39.0302, "tensor": [], "eigenvalues": [291.1703, 321.8479, 345.5393]}, "9": {"type": "H", "Isotropic": 28.9803, "Anisotropy": 18.8137, "tensor": [], "eigenvalues": [20.8494, 24.5686, 41.5227]}, "10": {"type": "O", "Isotropic": 319.5015, "Anisotropy": 38.6773, "tensor": [[0.1858, 321.9844, 1.2972]], "eigenvalues": [291.2182, 321.9999, 345.2863]}, "11": {"type": "H", "Isotropic": 28.9693, "Anisotropy": 18.9098, "tensor": [[33.3741, 8.1443, 0.5459], [0.6472, 0.2056, 20.8949]], "eigenvalues": [20.8497, 24.4824, 41.5758]}, "12": {"type": "O", "Isotropic": 319.5022, "Anisotropy": 38.9862, "tensor": [], "eigenvalues": [291.1485, 321.8651, 345.493]}, "13": {"type": "H", "Isotropic": 29.0894, "Anisotropy": 19.7047, "tensor": [], "eigenvalues": [21.1598, 23.8826, 42.2259]}, "14": {"type": "O", "Isotropic": 319.549, "Anisotropy": 38.9772, "tensor": [], "eigenvalues": [291.186, 321.9273, 345.5338]}, "15": {"type": "H", "Isotropic": 29.0882, "Anisotropy": 19.6193, "tensor": [], "eigenvalues": [21.1603, 23.9367, 42.1678]}, "16": {"type": "O", "Isotropic": 319.5776, "Anisotropy": 38.8467, "tensor": [[0.2982, 322.0026, 1.3029]], "eigenvalues": [291.242, 322.0153, 345.4754]}, "17": {"type": "H", "Isotropic": 29.0996, "Anisotropy": 19.5852, "tensor": [], "eigenvalues": [21.1749, 23.9674, 42.1563]}, "18": {"type": "O", "Isotropic": 319.4852, "Anisotropy": 38.8405, "tensor": [], "eigenvalues": [291.1781, 321.8985, 345.3789]}, "19": {"type": "H", "Isotropic": 29.081, "Anisotropy": 19.6154, "tensor": [], "eigenvalues": [21.1502, 23.9349, 42.158]}}, "output": {"energies": [-657.957773998], "final_energy": -657.957773998, "final_energy_per_atom": -34.62935652621053, "molecule": {"charge": 0.0, "spin_multiplicity": 1, "sites": [{"name": "Mg", "species": [{"element": "Mg", "occu": 1}], "xyz": [0.765408, -1.373405, 0.373965], "properties": {}}, {"name": "H", "species": [{"element": "H", "occu": 1}], "xyz": [3.378812, -1.08627, 1.024414], "properties": {}}, {"name": "H", "species": [{"element": "H", "occu": 1}], "xyz": [1.260918, 1.272159, 0.077119], "properties": {}}, {"name": "H", "species": [{"element": "H", "occu": 1}], "xyz": [-1.848027, -1.660561, -0.276444], "properties": {}}, {"name": "H", "species": [{"element": "H", "occu": 1}], "xyz": [0.884516, -1.831727, 3.037038], "properties": {}}, {"name": "H", "species": [{"element": "H", "occu": 1}], "xyz": [1.815761, -3.90189, 0.539011], "properties": {}}, {"name": "H", "species": [{"element": "H", "occu": 1}], "xyz": [0.864606, -2.449714, -2.154569], "properties": {}}, {"name": "O", "species": [{"element": "O", "occu": 1}], "xyz": [0.580211, -1.659445, -1.672577], "properties": {}}, {"name": "H", "species": [{"element": "H", "occu": 1}], "xyz": [0.646321, -0.915064, -2.289094], "properties": {}}, {"name": "O", "species": [{"element": "O", "occu": 1}], "xyz": [1.012224, -3.400305, 0.740163], "properties": {}}, {"name": "H", "species": [{"element": "H", "occu": 1}], "xyz": [0.269896, -4.018951, 0.670888], "properties": {}}, {"name": "O", "species": [{"element": "O", "occu": 1}], "xyz": [0.950573, -1.087358, 2.420502], "properties": {}}, {"name": "H", "species": [{"element": "H", "occu": 1}], "xyz": [0.666245, -0.297083, 2.90252], "properties": {}}, {"name": "O", "species": [{"element": "O", "occu": 1}], "xyz": [-1.280417, -1.686128, 0.508301], "properties": {}}, {"name": "H", "species": [{"element": "H", "occu": 1}], "xyz": [-1.830046, -1.426429, 1.262176], "properties": {}}, {"name": "O", "species": [{"element": "O", "occu": 1}], "xyz": [0.518605, 0.653503, 0.00777], "properties": {}}, {"name": "H", "species": [{"element": "H", "occu": 1}], "xyz": [-0.284949, 1.155067, 0.20891], "properties": {}}, {"name": "O", "species": [{"element": "O", "occu": 1}], "xyz": [2.811239, -1.060652, 0.239643], "properties": {}}, {"name": "H", "species": [{"element": "H", "occu": 1}], "xyz": [3.36087, -1.32043, -0.514203], "properties": {}}]}, "stationary_type": "Minimum", "corrections": {}, "tensor": {"1": {"type": "Mg", "Isotropic": 604.83, "Anisotropy": 2.6149, "tensor": [[604.7153, 1.9021, 1.0766]], "eigenvalues": [601.7313, 606.1854, 606.5732]}, "2": {"type": "H", "Isotropic": 28.9699, "Anisotropy": 18.8819, "tensor": [[31.5229, 0.4597, 8.7957], [0.1913, 20.8659, 0.1301], [7.9988, 0.2369, 34.5208]], "eigenvalues": [20.8552, 24.4967, 41.5578]}, "3": {"type": "H", "Isotropic": 28.9802, "Anisotropy": 18.904, "tensor": [[33.3908, 8.1364, 0.5471], [0.6373, 0.2139, 20.9131]], "eigenvalues": [20.8693, 24.4885, 41.5828]}, "4": {"type": "H", "Isotropic": 28.9779, "Anisotropy": 18.8813, "tensor": [[31.5216, 0.4788, 8.795], [0.1911, 20.8787, 0.1339], [8.0003, 0.2469, 34.5334]], "eigenvalues": [20.8674, 24.5009, 41.5654]}, "5": {"type": "H", "Isotropic": 28.9756, "Anisotropy": 18.8421, "tensor": [], "eigenvalues": [20.8388, 24.551, 41.5369]}, "6": {"type": "H", "Isotropic": 29.0826, "Anisotropy": 19.6082, "tensor": [], "eigenvalues": [21.1437, 23.9494, 42.1547]}, "7": {"type": "H", "Isotropic": 29.0851, "Anisotropy": 19.7124, "tensor": [], "eigenvalues": [21.1534, 23.8752, 42.2267]}, "8": {"type": "O", "Isotropic": 319.5192, "Anisotropy": 39.0302, "tensor": [], "eigenvalues": [291.1703, 321.8479, 345.5393]}, "9": {"type": "H", "Isotropic": 28.9803, "Anisotropy": 18.8137, "tensor": [], "eigenvalues": [20.8494, 24.5686, 41.5227]}, "10": {"type": "O", "Isotropic": 319.5015, "Anisotropy": 38.6773, "tensor": [[0.1858, 321.9844, 1.2972]], "eigenvalues": [291.2182, 321.9999, 345.2863]}, "11": {"type": "H", "Isotropic": 28.9693, "Anisotropy": 18.9098, "tensor": [[33.3741, 8.1443, 0.5459], [0.6472, 0.2056, 20.8949]], "eigenvalues": [20.8497, 24.4824, 41.5758]}, "12": {"type": "O", "Isotropic": 319.5022, "Anisotropy": 38.9862, "tensor": [], "eigenvalues": [291.1485, 321.8651, 345.493]}, "13": {"type": "H", "Isotropic": 29.0894, "Anisotropy": 19.7047, "tensor": [], "eigenvalues": [21.1598, 23.8826, 42.2259]}, "14": {"type": "O", "Isotropic": 319.549, "Anisotropy": 38.9772, "tensor": [], "eigenvalues": [291.186, 321.9273, 345.5338]}, "15": {"type": "H", "Isotropic": 29.0882, "Anisotropy": 19.6193, "tensor": [], "eigenvalues": [21.1603, 23.9367, 42.1678]}, "16": {"type": "O", "Isotropic": 319.5776, "Anisotropy": 38.8467, "tensor": [[0.2982, 322.0026, 1.3029]], "eigenvalues": [291.242, 322.0153, 345.4754]}, "17": {"type": "H", "Isotropic": 29.0996, "Anisotropy": 19.5852, "tensor": [], "eigenvalues": [21.1749, 23.9674, 42.1563]}, "18": {"type": "O", "Isotropic": 319.4852, "Anisotropy": 38.8405, "tensor": [], "eigenvalues": [291.1781, 321.8985, 345.3789]}, "19": {"type": "H", "Isotropic": 29.081, "Anisotropy": 19.6154, "tensor": [], "eigenvalues": [21.1502, 23.9349, 42.158]}}}}, "functional": "PBE1PBE", "basis": "6-31+G*", "phase": "solution", "type": "scrf;nmr", "smiles": "[Mg].O.O.O.O.O.O", "formula": "Mg1 H12 O6", "formula_pretty": "Mg(H2O)6", "formula_anonymous": "AB6C12", "formula_alphabetical": "H12 Mg1 O6", "chemsys": "H-Mg-O", "nsites": 19, "nelements": 3, "is_ordered": true, "is_valid": true, "tag": "oplsd_ref", "wall_time (s)": 19.117081335018156, "last_updated": "2020-10-14T23:50:37.860984", "_id": null}