{"input": {"molecule": {"charge": 0, "spin_multiplicity": 1, "sites": [{"name": "O", "species": [{"element": "O", "occu": 1}], "xyz": [-1.107996, -0.341736, -0.607078], "properties": {}}, {"name": "H", "species": [{"element": "H", "occu": 1}], "xyz": [-0.992901, -0.009947, 0.3018], "properties": {}}, {"name": "H", "species": [{"element": "H", "occu": 1}], "xyz": [-1.898101, 0.155042, -0.891918], "properties": {}}, {"name": "O", "species": [{"element": "O", "occu": 1}], "xyz": [-3.261541, 1.522708, -0.440532], "properties": {}}, {"name": "H", "species": [{"element": "H", "occu": 1}], "xyz": [-4.158949, 1.186371, -0.315317], "properties": {}}, {"name": "H", "species": [{"element": "H", "occu": 1}], "xyz": [-2.855202, 1.529026, 0.45318], "properties": {}}, {"name": "O", "species": [{"element": "O", "occu": 1}], "xyz": [-1.612646, 1.187757, 1.761087], "properties": {}}, {"name": "H", "species": [{"element": "H", "occu": 1}], "xyz": [-1.050742, 1.958478, 2.013118], "properties": {}}, {"name": "H", "species": [{"element": "H", "occu": 1}], "xyz": [-1.939255, 0.812405, 2.590094], "properties": {}}, {"name": "H", "species": [{"element": "H", "occu": 1}], "xyz": [-0.476131, 4.037202, 2.846868], "properties": {}}, {"name": "O", "species": [{"element": "O", "occu": 1}], "xyz": [-0.03522, 3.354582, 2.321085], "properties": {}}, {"name": "H", "species": [{"element": "H", "occu": 1}], "xyz": [0.768523, 3.137391, 2.814714], "properties": {}}]}, "functional": "PBE1PBE", "basis_set": "6-31+G*", "route_parameters": {"NMR": "GIAO", "iop(7/33=1)": null, "int": "ultrafine", "EmpiricalDispersion": "GD3", "NoSymmetry": null, "test": null, "SCRF": "(Solvent=Water)"}, "title": "H8 O4", "charge": 0, "spin_multiplicity": 1, "input_parameters": {}, "link0_parameters": {"%chk": "checkpoint.chk", "%mem": "100GB", "%NProcShared": "24"}, "dieze_tag": "#P", "nbasisfunctions": 92, "pcm_parameters": {}}, "output": {"has_gaussian_completed": true, "is_pcm": true, "errors": [], "Mulliken_charges": {"1": ["O", -1.057076], "2": ["H", 0.541523], "3": ["H", 0.530486], "4": ["O", -1.103242], "5": ["H", 0.513754], "6": ["H", 0.588219], "7": ["O", -1.14006], "8": ["H", 0.5962], "9": ["H", 0.520239], "10": ["H", 0.528721], "11": ["O", -1.04725], "12": ["H", 0.528487]}, "tensor": {"1": {"type": "O", "Isotropic": 316.1861, "Anisotropy": 43.4997, "tensor": [[19.0718, 9.9484, 332.5111]], "eigenvalues": [279.2757, 324.0967, 345.1859]}, "2": {"type": "H", "Isotropic": 29.0504, "Anisotropy": 23.8745, "tensor": [[2.6861, 8.8483, 40.6971]], "eigenvalues": [18.2055, 23.9789, 44.9667]}, "3": {"type": "H", "Isotropic": 28.9075, "Anisotropy": 22.9981, "tensor": [], "eigenvalues": [18.0092, 24.4738, 44.2396]}, "4": {"type": "O", "Isotropic": 314.3025, "Anisotropy": 56.3431, "tensor": [[334.302, 5.1763, 21.3977], [26.9271, 6.2787, 318.1258]], "eigenvalues": [289.5985, 301.4445, 351.8646]}, "5": {"type": "H", "Isotropic": 30.8641, "Anisotropy": 18.908, "tensor": [[42.0291, 5.2175, 0.6047], [4.9649, 25.4373, 0.0234]], "eigenvalues": [23.9936, 25.1292, 43.4695]}, "6": {"type": "H", "Isotropic": 27.4003, "Anisotropy": 28.8012, "tensor": [[13.4108, 0.38, 37.9935]], "eigenvalues": [16.349, 19.2508, 46.6011]}, "7": {"type": "O", "Isotropic": 306.531, "Anisotropy": 34.6874, "tensor": [[299.9851, 22.9271, 0.7563], [2.538, 0.8016, 308.2228]], "eigenvalues": [281.6423, 308.2948, 329.656]}, "8": {"type": "H", "Isotropic": 26.0815, "Anisotropy": 32.6465, "tensor": [[25.4995, 15.1258, 4.1936], [15.1726, 34.6546, 5.6086], [5.0236, 6.4888, 18.0903]], "eigenvalues": [14.2469, 16.1516, 47.8458]}, "9": {"type": "H", "Isotropic": 30.4628, "Anisotropy": 17.6982, "tensor": [], "eigenvalues": [23.3703, 25.7566, 42.2616]}, "10": {"type": "H", "Isotropic": 30.1962, "Anisotropy": 18.3092, "tensor": [], "eigenvalues": [23.2121, 24.9743, 42.4023]}, "11": {"type": "O", "Isotropic": 320.5953, "Anisotropy": 32.4141, "tensor": [[6.4823, 10.2655, 305.0365]], "eigenvalues": [296.5036, 323.0776, 342.2047]}, "12": {"type": "H", "Isotropic": 30.187, "Anisotropy": 18.4856, "tensor": [], "eigenvalues": [23.2021, 24.8482, 42.5108]}}, "output": {"energies": [-305.41377252], "final_energy": -305.41377252, "final_energy_per_atom": -25.45114771, "molecule": {"charge": 0.0, "spin_multiplicity": 1, "sites": [{"name": "O", "species": [{"element": "O", "occu": 1}], "xyz": [-1.107996, -0.341736, -0.607078], "properties": {}}, {"name": "H", "species": [{"element": "H", "occu": 1}], "xyz": [-0.992901, -0.009947, 0.3018], "properties": {}}, {"name": "H", "species": [{"element": "H", "occu": 1}], "xyz": [-1.898101, 0.155042, -0.891918], "properties": {}}, {"name": "O", "species": [{"element": "O", "occu": 1}], "xyz": [-3.261541, 1.522708, -0.440532], "properties": {}}, {"name": "H", "species": [{"element": "H", "occu": 1}], "xyz": [-4.158949, 1.186371, -0.315317], "properties": {}}, {"name": "H", "species": [{"element": "H", "occu": 1}], "xyz": [-2.855202, 1.529026, 0.45318], "properties": {}}, {"name": "O", "species": [{"element": "O", "occu": 1}], "xyz": [-1.612646, 1.187757, 1.761087], "properties": {}}, {"name": "H", "species": [{"element": "H", "occu": 1}], "xyz": [-1.050742, 1.958478, 2.013118], "properties": {}}, {"name": "H", "species": [{"element": "H", "occu": 1}], "xyz": [-1.939255, 0.812405, 2.590094], "properties": {}}, {"name": "H", "species": [{"element": "H", "occu": 1}], "xyz": [-0.476131, 4.037202, 2.846868], "properties": {}}, {"name": "O", "species": [{"element": "O", "occu": 1}], "xyz": [-0.03522, 3.354582, 2.321085], "properties": {}}, {"name": "H", "species": [{"element": "H", "occu": 1}], "xyz": [0.768523, 3.137391, 2.814714], "properties": {}}]}, "stationary_type": "Minimum", "corrections": {}, "tensor": {"1": {"type": "O", "Isotropic": 316.1861, "Anisotropy": 43.4997, "tensor": [[19.0718, 9.9484, 332.5111]], "eigenvalues": [279.2757, 324.0967, 345.1859]}, "2": {"type": "H", "Isotropic": 29.0504, "Anisotropy": 23.8745, "tensor": [[2.6861, 8.8483, 40.6971]], "eigenvalues": [18.2055, 23.9789, 44.9667]}, "3": {"type": "H", "Isotropic": 28.9075, "Anisotropy": 22.9981, "tensor": [], "eigenvalues": [18.0092, 24.4738, 44.2396]}, "4": {"type": "O", "Isotropic": 314.3025, "Anisotropy": 56.3431, "tensor": [[334.302, 5.1763, 21.3977], [26.9271, 6.2787, 318.1258]], "eigenvalues": [289.5985, 301.4445, 351.8646]}, "5": {"type": "H", "Isotropic": 30.8641, "Anisotropy": 18.908, "tensor": [[42.0291, 5.2175, 0.6047], [4.9649, 25.4373, 0.0234]], "eigenvalues": [23.9936, 25.1292, 43.4695]}, "6": {"type": "H", "Isotropic": 27.4003, "Anisotropy": 28.8012, "tensor": [[13.4108, 0.38, 37.9935]], "eigenvalues": [16.349, 19.2508, 46.6011]}, "7": {"type": "O", "Isotropic": 306.531, "Anisotropy": 34.6874, "tensor": [[299.9851, 22.9271, 0.7563], [2.538, 0.8016, 308.2228]], "eigenvalues": [281.6423, 308.2948, 329.656]}, "8": {"type": "H", "Isotropic": 26.0815, "Anisotropy": 32.6465, "tensor": [[25.4995, 15.1258, 4.1936], [15.1726, 34.6546, 5.6086], [5.0236, 6.4888, 18.0903]], "eigenvalues": [14.2469, 16.1516, 47.8458]}, "9": {"type": "H", "Isotropic": 30.4628, "Anisotropy": 17.6982, "tensor": [], "eigenvalues": [23.3703, 25.7566, 42.2616]}, "10": {"type": "H", "Isotropic": 30.1962, "Anisotropy": 18.3092, "tensor": [], "eigenvalues": [23.2121, 24.9743, 42.4023]}, "11": {"type": "O", "Isotropic": 320.5953, "Anisotropy": 32.4141, "tensor": [[6.4823, 10.2655, 305.0365]], "eigenvalues": [296.5036, 323.0776, 342.2047]}, "12": {"type": "H", "Isotropic": 30.187, "Anisotropy": 18.4856, "tensor": [], "eigenvalues": [23.2021, 24.8482, 42.5108]}}}}, "functional": "PBE1PBE", "basis": "6-31+G*", "phase": "solution", "type": "nmr;scrf", "smiles": "O.O.O.O", "formula": "H8 O4", "formula_pretty": "H2O", "formula_anonymous": "AB2", "formula_alphabetical": "H8 O4", "chemsys": "H-O", "nsites": 12, "nelements": 2, "is_ordered": true, "is_valid": true, "tag": "unknown", "wall_time (s)": 10.833921522833407, "last_updated": "2021-02-09T21:04:42.316269", "_id": null}