{"input": {"molecule": {"charge": 0, "spin_multiplicity": 1, "sites": [{"name": "O", "species": [{"element": "O", "occu": 1}], "xyz": [-0.601823, 1.010081, -0.329453], "properties": {}}, {"name": "H", "species": [{"element": "H", "occu": 1}], "xyz": [-0.396849, 0.074667, -0.19766], "properties": {}}, {"name": "H", "species": [{"element": "H", "occu": 1}], "xyz": [-1.593176, 1.075533, -0.311239], "properties": {}}, {"name": "O", "species": [{"element": "O", "occu": 1}], "xyz": [-3.255244, 1.46629, -0.028234], "properties": {}}, {"name": "H", "species": [{"element": "H", "occu": 1}], "xyz": [-3.457798, 0.942086, 0.779899], "properties": {}}, {"name": "H", "species": [{"element": "H", "occu": 1}], "xyz": [-3.155808, 2.390459, 0.297058], "properties": {}}, {"name": "O", "species": [{"element": "O", "occu": 1}], "xyz": [-2.563727, 3.94501, 0.997557], "properties": {}}, {"name": "H", "species": [{"element": "H", "occu": 1}], "xyz": [-1.740889, 3.572397, 1.407307], "properties": {}}, {"name": "H", "species": [{"element": "H", "occu": 1}], "xyz": [-3.107424, 4.255543, 1.73395], "properties": {}}, {"name": "H", "species": [{"element": "H", "occu": 1}], "xyz": [-0.694955, 2.081778, 2.631825], "properties": {}}, {"name": "O", "species": [{"element": "O", "occu": 1}], "xyz": [-0.358971, 2.623903, 1.890905], "properties": {}}, {"name": "H", "species": [{"element": "H", "occu": 1}], "xyz": [-0.309361, 2.002285, 1.126562], "properties": {}}, {"name": "H", "species": [{"element": "H", "occu": 1}], "xyz": [-2.931797, 0.353469, 2.923593], "properties": {}}, {"name": "O", "species": [{"element": "O", "occu": 1}], "xyz": [-3.600013, 0.005366, 2.295606], "properties": {}}, {"name": "H", "species": [{"element": "H", "occu": 1}], "xyz": [-4.452895, 0.113966, 2.737814], "properties": {}}, {"name": "H", "species": [{"element": "H", "occu": 1}], "xyz": [-1.003035, 0.367591, 4.315491], "properties": {}}, {"name": "H", "species": [{"element": "H", "occu": 1}], "xyz": [-1.882055, 1.581401, 4.667388], "properties": {}}, {"name": "O", "species": [{"element": "O", "occu": 1}], "xyz": [-1.567159, 1.049443, 3.92136], "properties": {}}]}, "functional": "PBE1PBE", "basis_set": "6-31+G*", "route_parameters": {"NMR": "GIAO", "iop(7/33=1)": null, "int": "ultrafine", "EmpiricalDispersion": "GD3", "NoSymmetry": null, "test": null, "SCRF": "(Solvent=Water)"}, "title": "H12 O6", "charge": 0, "spin_multiplicity": 1, "input_parameters": {}, "link0_parameters": {"%chk": "checkpoint.chk", "%mem": "100GB", "%NProcShared": "24"}, "dieze_tag": "#P", "nbasisfunctions": 138, "pcm_parameters": {}}, "output": {"has_gaussian_completed": true, "is_pcm": true, "errors": [], "Mulliken_charges": {"1": ["O", -1.136843], "2": ["H", 0.525357], "3": ["H", 0.619719], "4": ["O", -1.242996], "5": ["H", 0.612984], "6": ["H", 0.606832], "7": ["O", -1.132583], "8": ["H", 0.615467], "9": ["H", 0.524886], "10": ["H", 0.605574], "11": ["O", -1.219981], "12": ["H", 0.608162], "13": ["H", 0.597238], "14": ["O", -1.098893], "15": ["H", 0.521572], "16": ["H", 0.544527], "17": ["H", 0.545176], "18": ["O", -1.096199]}, "tensor": {"1": {"type": "O", "Isotropic": 305.9185, "Anisotropy": 49.187, "tensor": [], "eigenvalues": [281.4761, 297.5696, 338.7098]}, "2": {"type": "H", "Isotropic": 30.7779, "Anisotropy": 17.4941, "tensor": [], "eigenvalues": [24.423, 25.47, 42.4406]}, "3": {"type": "H", "Isotropic": 25.633, "Anisotropy": 30.724, "tensor": [], "eigenvalues": [14.114, 16.6693, 46.1157]}, "4": {"type": "O", "Isotropic": 294.7518, "Anisotropy": 37.486, "tensor": [], "eigenvalues": [278.9036, 285.6092, 319.7425]}, "5": {"type": "H", "Isotropic": 26.7288, "Anisotropy": 29.205, "tensor": [], "eigenvalues": [15.8838, 18.1037, 46.1988]}, "6": {"type": "H", "Isotropic": 26.824, "Anisotropy": 27.626, "tensor": [[18.1563, 3.8752, 2.2209], [4.315, 41.9434, 7.6498], [2.4719, 7.8978, 20.3722]], "eigenvalues": [16.6233, 18.6074, 45.2413]}, "7": {"type": "O", "Isotropic": 306.8029, "Anisotropy": 48.817, "tensor": [[5.9827, 3.9997, 291.9148]], "eigenvalues": [282.7864, 298.2747, 339.3476]}, "8": {"type": "H", "Isotropic": 25.8858, "Anisotropy": 30.4546, "tensor": [], "eigenvalues": [14.5865, 16.8821, 46.1889]}, "9": {"type": "H", "Isotropic": 30.8267, "Anisotropy": 17.4904, "tensor": [], "eigenvalues": [24.4287, 25.5644, 42.487]}, "10": {"type": "H", "Isotropic": 27.9546, "Anisotropy": 27.2847, "tensor": [], "eigenvalues": [17.8006, 19.9189, 46.1444]}, "11": {"type": "O", "Isotropic": 298.4699, "Anisotropy": 39.1808, "tensor": [], "eigenvalues": [281.5555, 289.2638, 324.5904]}, "12": {"type": "H", "Isotropic": 26.513, "Anisotropy": 28.6199, "tensor": [[0.3747, 26.0903, 14.0884]], "eigenvalues": [16.1344, 17.8117, 45.593]}, "13": {"type": "H", "Isotropic": 27.3634, "Anisotropy": 28.7995, "tensor": [[33.0846, 7.8046, 11.5378], [8.3622, 20.1147, 4.9717], [12.5265, 5.0683, 28.8909]], "eigenvalues": [16.1367, 19.3905, 46.5631]}, "14": {"type": "O", "Isotropic": 312.898, "Anisotropy": 41.809, "tensor": [[335.2944, 10.352, 6.2755], [8.7949, 0.5979, 312.7494]], "eigenvalues": [286.9436, 310.9799, 340.7707]}, "15": {"type": "H", "Isotropic": 30.6291, "Anisotropy": 18.5008, "tensor": [[0.2635, 23.8576, 0.2171]], "eigenvalues": [23.8122, 25.1122, 42.963]}, "16": {"type": "H", "Isotropic": 29.837, "Anisotropy": 18.5916, "tensor": [], "eigenvalues": [23.0904, 24.1893, 42.2314]}, "17": {"type": "H", "Isotropic": 29.8883, "Anisotropy": 18.0729, "tensor": [], "eigenvalues": [23.1277, 24.6002, 41.9369]}, "18": {"type": "O", "Isotropic": 313.9334, "Anisotropy": 21.4814, "tensor": [], "eigenvalues": [298.9479, 314.5979, 328.2543]}}, "output": {"energies": [-458.141853022], "final_energy": -458.141853022, "final_energy_per_atom": -25.45232516788889, "molecule": {"charge": 0.0, "spin_multiplicity": 1, "sites": [{"name": "O", "species": [{"element": "O", "occu": 1}], "xyz": [-0.601823, 1.010081, -0.329453], "properties": {}}, {"name": "H", "species": [{"element": "H", "occu": 1}], "xyz": [-0.396849, 0.074667, -0.19766], "properties": {}}, {"name": "H", "species": [{"element": "H", "occu": 1}], "xyz": [-1.593176, 1.075533, -0.311239], "properties": {}}, {"name": "O", "species": [{"element": "O", "occu": 1}], "xyz": [-3.255244, 1.46629, -0.028234], "properties": {}}, {"name": "H", "species": [{"element": "H", "occu": 1}], "xyz": [-3.457798, 0.942086, 0.779899], "properties": {}}, {"name": "H", "species": [{"element": "H", "occu": 1}], "xyz": [-3.155808, 2.390459, 0.297058], "properties": {}}, {"name": "O", "species": [{"element": "O", "occu": 1}], "xyz": [-2.563727, 3.94501, 0.997557], "properties": {}}, {"name": "H", "species": [{"element": "H", "occu": 1}], "xyz": [-1.740889, 3.572397, 1.407307], "properties": {}}, {"name": "H", "species": [{"element": "H", "occu": 1}], "xyz": [-3.107424, 4.255543, 1.73395], "properties": {}}, {"name": "H", "species": [{"element": "H", "occu": 1}], "xyz": [-0.694955, 2.081778, 2.631825], "properties": {}}, {"name": "O", "species": [{"element": "O", "occu": 1}], "xyz": [-0.358971, 2.623903, 1.890905], "properties": {}}, {"name": "H", "species": [{"element": "H", "occu": 1}], "xyz": [-0.309361, 2.002285, 1.126562], "properties": {}}, {"name": "H", "species": [{"element": "H", "occu": 1}], "xyz": [-2.931797, 0.353469, 2.923593], "properties": {}}, {"name": "O", "species": [{"element": "O", "occu": 1}], "xyz": [-3.600013, 0.005366, 2.295606], "properties": {}}, {"name": "H", "species": [{"element": "H", "occu": 1}], "xyz": [-4.452895, 0.113966, 2.737814], "properties": {}}, {"name": "H", "species": [{"element": "H", "occu": 1}], "xyz": [-1.003035, 0.367591, 4.315491], "properties": {}}, {"name": "H", "species": [{"element": "H", "occu": 1}], "xyz": [-1.882055, 1.581401, 4.667388], "properties": {}}, {"name": "O", "species": [{"element": "O", "occu": 1}], "xyz": [-1.567159, 1.049443, 3.92136], "properties": {}}]}, "stationary_type": "Minimum", "corrections": {}, "tensor": {"1": {"type": "O", "Isotropic": 305.9185, "Anisotropy": 49.187, "tensor": [], "eigenvalues": [281.4761, 297.5696, 338.7098]}, "2": {"type": "H", "Isotropic": 30.7779, "Anisotropy": 17.4941, "tensor": [], "eigenvalues": [24.423, 25.47, 42.4406]}, "3": {"type": "H", "Isotropic": 25.633, "Anisotropy": 30.724, "tensor": [], "eigenvalues": [14.114, 16.6693, 46.1157]}, "4": {"type": "O", "Isotropic": 294.7518, "Anisotropy": 37.486, "tensor": [], "eigenvalues": [278.9036, 285.6092, 319.7425]}, "5": {"type": "H", "Isotropic": 26.7288, "Anisotropy": 29.205, "tensor": [], "eigenvalues": [15.8838, 18.1037, 46.1988]}, "6": {"type": "H", "Isotropic": 26.824, "Anisotropy": 27.626, "tensor": [[18.1563, 3.8752, 2.2209], [4.315, 41.9434, 7.6498], [2.4719, 7.8978, 20.3722]], "eigenvalues": [16.6233, 18.6074, 45.2413]}, "7": {"type": "O", "Isotropic": 306.8029, "Anisotropy": 48.817, "tensor": [[5.9827, 3.9997, 291.9148]], "eigenvalues": [282.7864, 298.2747, 339.3476]}, "8": {"type": "H", "Isotropic": 25.8858, "Anisotropy": 30.4546, "tensor": [], "eigenvalues": [14.5865, 16.8821, 46.1889]}, "9": {"type": "H", "Isotropic": 30.8267, "Anisotropy": 17.4904, "tensor": [], "eigenvalues": [24.4287, 25.5644, 42.487]}, "10": {"type": "H", "Isotropic": 27.9546, "Anisotropy": 27.2847, "tensor": [], "eigenvalues": [17.8006, 19.9189, 46.1444]}, "11": {"type": "O", "Isotropic": 298.4699, "Anisotropy": 39.1808, "tensor": [], "eigenvalues": [281.5555, 289.2638, 324.5904]}, "12": {"type": "H", "Isotropic": 26.513, "Anisotropy": 28.6199, "tensor": [[0.3747, 26.0903, 14.0884]], "eigenvalues": [16.1344, 17.8117, 45.593]}, "13": {"type": "H", "Isotropic": 27.3634, "Anisotropy": 28.7995, "tensor": [[33.0846, 7.8046, 11.5378], [8.3622, 20.1147, 4.9717], [12.5265, 5.0683, 28.8909]], "eigenvalues": [16.1367, 19.3905, 46.5631]}, "14": {"type": "O", "Isotropic": 312.898, "Anisotropy": 41.809, "tensor": [[335.2944, 10.352, 6.2755], [8.7949, 0.5979, 312.7494]], "eigenvalues": [286.9436, 310.9799, 340.7707]}, "15": {"type": "H", "Isotropic": 30.6291, "Anisotropy": 18.5008, "tensor": [[0.2635, 23.8576, 0.2171]], "eigenvalues": [23.8122, 25.1122, 42.963]}, "16": {"type": "H", "Isotropic": 29.837, "Anisotropy": 18.5916, "tensor": [], "eigenvalues": [23.0904, 24.1893, 42.2314]}, "17": {"type": "H", "Isotropic": 29.8883, "Anisotropy": 18.0729, "tensor": [], "eigenvalues": [23.1277, 24.6002, 41.9369]}, "18": {"type": "O", "Isotropic": 313.9334, "Anisotropy": 21.4814, "tensor": [], "eigenvalues": [298.9479, 314.5979, 328.2543]}}}}, "functional": "PBE1PBE", "basis": "6-31+G*", "phase": "solution", "type": "nmr;scrf", "smiles": "O.O.O.O.O.O", "formula": "H12 O6", "formula_pretty": "H2O", "formula_anonymous": "AB2", "formula_alphabetical": "H12 O6", "chemsys": "H-O", "nsites": 18, "nelements": 2, "is_ordered": true, "is_valid": true, "tag": "unknown", "wall_time (s)": 15.550160352140665, "last_updated": "2021-02-09T23:04:21.694894", "_id": null}