{"input": {"molecule": {"charge": 0, "spin_multiplicity": 1, "sites": [{"name": "O", "species": [{"element": "O", "occu": 1}], "xyz": [-0.202765, 1.053842, 0.552854], "properties": {}}, {"name": "H", "species": [{"element": "H", "occu": 1}], "xyz": [-0.154039, 0.105648, 0.737893], "properties": {}}, {"name": "H", "species": [{"element": "H", "occu": 1}], "xyz": [-1.146126, 1.235634, 0.268502], "properties": {}}, {"name": "O", "species": [{"element": "O", "occu": 1}], "xyz": [-2.689859, 1.772291, -0.065544], "properties": {}}, {"name": "H", "species": [{"element": "H", "occu": 1}], "xyz": [-3.308293, 1.148261, 0.379424], "properties": {}}, {"name": "H", "species": [{"element": "H", "occu": 1}], "xyz": [-2.728273, 2.578662, 0.505764], "properties": {}}, {"name": "O", "species": [{"element": "O", "occu": 1}], "xyz": [-2.67614, 3.775145, 1.827043], "properties": {}}, {"name": "H", "species": [{"element": "H", "occu": 1}], "xyz": [-1.783814, 3.54092, 2.178716], "properties": {}}, {"name": "H", "species": [{"element": "H", "occu": 1}], "xyz": [-3.288089, 3.343228, 2.456399], "properties": {}}, {"name": "H", "species": [{"element": "H", "occu": 1}], "xyz": [-0.646923, 2.215547, 3.514236], "properties": {}}, {"name": "O", "species": [{"element": "O", "occu": 1}], "xyz": [-0.292744, 2.735494, 2.767193], "properties": {}}, {"name": "H", "species": [{"element": "H", "occu": 1}], "xyz": [-0.151078, 2.084673, 2.044248], "properties": {}}, {"name": "H", "species": [{"element": "H", "occu": 1}], "xyz": [-4.080736, -0.618685, 1.726315], "properties": {}}, {"name": "O", "species": [{"element": "O", "occu": 1}], "xyz": [-4.416766, 0.25494, 1.484605], "properties": {}}, {"name": "H", "species": [{"element": "H", "occu": 1}], "xyz": [-4.346143, 0.799599, 2.301065], "properties": {}}, {"name": "H", "species": [{"element": "H", "occu": 1}], "xyz": [-1.522819, 0.393184, 4.892646], "properties": {}}, {"name": "H", "species": [{"element": "H", "occu": 1}], "xyz": [-1.541264, 1.685028, 5.731333], "properties": {}}, {"name": "O", "species": [{"element": "O", "occu": 1}], "xyz": [-1.687538, 1.346226, 4.835441], "properties": {}}, {"name": "H", "species": [{"element": "H", "occu": 1}], "xyz": [-3.29034, 1.755569, 4.140549], "properties": {}}, {"name": "O", "species": [{"element": "O", "occu": 1}], "xyz": [-4.050493, 2.023736, 3.575907], "properties": {}}, {"name": "H", "species": [{"element": "H", "occu": 1}], "xyz": [-4.781355, 2.223605, 4.177317], "properties": {}}, {"name": "H", "species": [{"element": "H", "occu": 1}], "xyz": [0.959488, 1.556336, -0.724846], "properties": {}}, {"name": "O", "species": [{"element": "O", "occu": 1}], "xyz": [1.613366, 1.854317, -1.394554], "properties": {}}, {"name": "H", "species": [{"element": "H", "occu": 1}], "xyz": [1.269015, 1.535219, -2.238876], "properties": {}}]}, "functional": "PBE1PBE", "basis_set": "6-31+G*", "route_parameters": {"NMR": "GIAO", "iop(7/33=1)": null, "int": "ultrafine", "EmpiricalDispersion": "GD3", "NoSymmetry": null, "test": null, "SCRF": "(Solvent=Water)"}, "title": "H16 O8", "charge": 0, "spin_multiplicity": 1, "input_parameters": {}, "link0_parameters": {"%chk": "checkpoint.chk", "%mem": "100GB", "%NProcShared": "24"}, "dieze_tag": "#P", "nbasisfunctions": 184, "pcm_parameters": {}}, "output": {"has_gaussian_completed": true, "is_pcm": true, "errors": [], "Mulliken_charges": {"1": ["O", -1.203652], "2": ["H", 0.540807], "3": ["H", 0.642254], "4": ["O", -1.214298], "5": ["H", 0.601407], "6": ["H", 0.613168], "7": ["O", -1.218445], "8": ["H", 0.613281], "9": ["H", 0.599173], "10": ["H", 0.60209], "11": ["O", -1.2118], "12": ["H", 0.616643], "13": ["H", 0.526713], "14": ["O", -1.122483], "15": ["H", 0.611223], "16": ["H", 0.541367], "17": ["H", 0.546773], "18": ["O", -1.088187], "19": ["H", 0.609807], "20": ["O", -1.150037], "21": ["H", 0.535329], "22": ["H", 0.590191], "23": ["O", -1.070106], "24": ["H", 0.488783]}, "tensor": {"1": {"type": "O", "Isotropic": 294.9543, "Anisotropy": 37.1505, "tensor": [], "eigenvalues": [280.6494, 284.4922, 319.7214]}, "2": {"type": "H", "Isotropic": 30.4612, "Anisotropy": 16.1826, "tensor": [], "eigenvalues": [24.0931, 26.0408, 41.2496]}, "3": {"type": "H", "Isotropic": 24.3649, "Anisotropy": 32.8757, "tensor": [], "eigenvalues": [12.3152, 14.4975, 46.2821]}, "4": {"type": "O", "Isotropic": 291.7471, "Anisotropy": 30.1182, "tensor": [[10.1384, 304.7039, 7.2024]], "eigenvalues": [273.2044, 290.2111, 311.826]}, "5": {"type": "H", "Isotropic": 26.7818, "Anisotropy": 28.2794, "tensor": [], "eigenvalues": [15.7144, 18.9962, 45.6347]}, "6": {"type": "H", "Isotropic": 26.4881, "Anisotropy": 27.4383, "tensor": [[0.506, 34.0574, 13.2132]], "eigenvalues": [16.7382, 17.9458, 44.7803]}, "7": {"type": "O", "Isotropic": 297.1957, "Anisotropy": 33.4418, "tensor": [], "eigenvalues": [282.0015, 290.0955, 319.4903]}, "8": {"type": "H", "Isotropic": 26.5988, "Anisotropy": 27.7221, "tensor": [], "eigenvalues": [16.7144, 18.0019, 45.0802]}, "9": {"type": "H", "Isotropic": 28.1161, "Anisotropy": 24.8917, "tensor": [], "eigenvalues": [18.846, 20.7917, 44.7105]}, "10": {"type": "H", "Isotropic": 28.1826, "Anisotropy": 26.8158, "tensor": [], "eigenvalues": [18.3681, 20.12, 46.0598]}, "11": {"type": "O", "Isotropic": 301.8728, "Anisotropy": 42.0152, "tensor": [], "eigenvalues": [285.7792, 289.9563, 329.8829]}, "12": {"type": "H", "Isotropic": 27.0569, "Anisotropy": 28.9189, "tensor": [], "eigenvalues": [16.4336, 18.4008, 46.3362]}, "13": {"type": "H", "Isotropic": 30.7354, "Anisotropy": 17.1899, "tensor": [], "eigenvalues": [24.655, 25.3558, 42.1953]}, "14": {"type": "O", "Isotropic": 311.008, "Anisotropy": 44.2963, "tensor": [], "eigenvalues": [287.6064, 304.8788, 340.5389]}, "15": {"type": "H", "Isotropic": 26.9164, "Anisotropy": 29.5374, "tensor": [[17.2042, 2.6894, 1.586], [2.5797, 28.2573, 13.6627], [1.361, 14.6197, 35.2876]], "eigenvalues": [15.9007, 18.2404, 46.6079]}, "16": {"type": "H", "Isotropic": 29.8757, "Anisotropy": 17.4233, "tensor": [], "eigenvalues": [23.0429, 25.0929, 41.4912]}, "17": {"type": "H", "Isotropic": 29.7675, "Anisotropy": 19.3308, "tensor": [[23.4179, 1.008, 2.9571], [0.6824, 25.7755, 5.0672], [2.9372, 6.5514, 40.1091]], "eigenvalues": [22.8895, 23.7583, 42.6547]}, "18": {"type": "O", "Isotropic": 314.0149, "Anisotropy": 21.4717, "tensor": [[4.4932, 7.1886, 318.7426]], "eigenvalues": [298.1658, 315.5495, 328.3294]}, "19": {"type": "H", "Isotropic": 26.6074, "Anisotropy": 28.8027, "tensor": [], "eigenvalues": [15.0547, 18.9583, 45.8092]}, "20": {"type": "O", "Isotropic": 304.6725, "Anisotropy": 33.4815, "tensor": [], "eigenvalues": [285.157, 301.8671, 326.9935]}, "21": {"type": "H", "Isotropic": 30.1277, "Anisotropy": 19.6931, "tensor": [], "eigenvalues": [22.8572, 24.2694, 43.2564]}, "22": {"type": "H", "Isotropic": 27.3751, "Anisotropy": 33.3123, "tensor": [], "eigenvalues": [15.6126, 16.9293, 49.5833]}, "23": {"type": "O", "Isotropic": 323.4045, "Anisotropy": 63.4446, "tensor": [], "eigenvalues": [291.4608, 313.0517, 365.7009]}, "24": {"type": "H", "Isotropic": 31.2089, "Anisotropy": 18.0875, "tensor": [[26.8519, 1.9027, 3.2284], [1.7729, 25.4397, 4.818], [2.7412, 4.4097, 41.3351]], "eigenvalues": [23.7919, 26.5676, 43.2672]}}, "output": {"energies": [-610.860105116], "final_energy": -610.860105116, "final_energy_per_atom": -25.452504379833332, "molecule": {"charge": 0.0, "spin_multiplicity": 1, "sites": [{"name": "O", "species": [{"element": "O", "occu": 1}], "xyz": [-0.202765, 1.053842, 0.552854], "properties": {}}, {"name": "H", "species": [{"element": "H", "occu": 1}], "xyz": [-0.154039, 0.105648, 0.737893], "properties": {}}, {"name": "H", "species": [{"element": "H", "occu": 1}], "xyz": [-1.146126, 1.235634, 0.268502], "properties": {}}, {"name": "O", "species": [{"element": "O", "occu": 1}], "xyz": [-2.689859, 1.772291, -0.065544], "properties": {}}, {"name": "H", "species": [{"element": "H", "occu": 1}], "xyz": [-3.308293, 1.148261, 0.379424], "properties": {}}, {"name": "H", "species": [{"element": "H", "occu": 1}], "xyz": [-2.728273, 2.578662, 0.505764], "properties": {}}, {"name": "O", "species": [{"element": "O", "occu": 1}], "xyz": [-2.67614, 3.775145, 1.827043], "properties": {}}, {"name": "H", "species": [{"element": "H", "occu": 1}], "xyz": [-1.783814, 3.54092, 2.178716], "properties": {}}, {"name": "H", "species": [{"element": "H", "occu": 1}], "xyz": [-3.288089, 3.343228, 2.456399], "properties": {}}, {"name": "H", "species": [{"element": "H", "occu": 1}], "xyz": [-0.646923, 2.215547, 3.514236], "properties": {}}, {"name": "O", "species": [{"element": "O", "occu": 1}], "xyz": [-0.292744, 2.735494, 2.767193], "properties": {}}, {"name": "H", "species": [{"element": "H", "occu": 1}], "xyz": [-0.151078, 2.084673, 2.044248], "properties": {}}, {"name": "H", "species": [{"element": "H", "occu": 1}], "xyz": [-4.080736, -0.618685, 1.726315], "properties": {}}, {"name": "O", "species": [{"element": "O", "occu": 1}], "xyz": [-4.416766, 0.25494, 1.484605], "properties": {}}, {"name": "H", "species": [{"element": "H", "occu": 1}], "xyz": [-4.346143, 0.799599, 2.301065], "properties": {}}, {"name": "H", "species": [{"element": "H", "occu": 1}], "xyz": [-1.522819, 0.393184, 4.892646], "properties": {}}, {"name": "H", "species": [{"element": "H", "occu": 1}], "xyz": [-1.541264, 1.685028, 5.731333], "properties": {}}, {"name": "O", "species": [{"element": "O", "occu": 1}], "xyz": [-1.687538, 1.346226, 4.835441], "properties": {}}, {"name": "H", "species": [{"element": "H", "occu": 1}], "xyz": [-3.29034, 1.755569, 4.140549], "properties": {}}, {"name": "O", "species": [{"element": "O", "occu": 1}], "xyz": [-4.050493, 2.023736, 3.575907], "properties": {}}, {"name": "H", "species": [{"element": "H", "occu": 1}], "xyz": [-4.781355, 2.223605, 4.177317], "properties": {}}, {"name": "H", "species": [{"element": "H", "occu": 1}], "xyz": [0.959488, 1.556336, -0.724846], "properties": {}}, {"name": "O", "species": [{"element": "O", "occu": 1}], "xyz": [1.613366, 1.854317, -1.394554], "properties": {}}, {"name": "H", "species": [{"element": "H", "occu": 1}], "xyz": [1.269015, 1.535219, -2.238876], "properties": {}}]}, "stationary_type": "Minimum", "corrections": {}, "tensor": {"1": {"type": "O", "Isotropic": 294.9543, "Anisotropy": 37.1505, "tensor": [], "eigenvalues": [280.6494, 284.4922, 319.7214]}, "2": {"type": "H", "Isotropic": 30.4612, "Anisotropy": 16.1826, "tensor": [], "eigenvalues": [24.0931, 26.0408, 41.2496]}, "3": {"type": "H", "Isotropic": 24.3649, "Anisotropy": 32.8757, "tensor": [], "eigenvalues": [12.3152, 14.4975, 46.2821]}, "4": {"type": "O", "Isotropic": 291.7471, "Anisotropy": 30.1182, "tensor": [[10.1384, 304.7039, 7.2024]], "eigenvalues": [273.2044, 290.2111, 311.826]}, "5": {"type": "H", "Isotropic": 26.7818, "Anisotropy": 28.2794, "tensor": [], "eigenvalues": [15.7144, 18.9962, 45.6347]}, "6": {"type": "H", "Isotropic": 26.4881, "Anisotropy": 27.4383, "tensor": [[0.506, 34.0574, 13.2132]], "eigenvalues": [16.7382, 17.9458, 44.7803]}, "7": {"type": "O", "Isotropic": 297.1957, "Anisotropy": 33.4418, "tensor": [], "eigenvalues": [282.0015, 290.0955, 319.4903]}, "8": {"type": "H", "Isotropic": 26.5988, "Anisotropy": 27.7221, "tensor": [], "eigenvalues": [16.7144, 18.0019, 45.0802]}, "9": {"type": "H", "Isotropic": 28.1161, "Anisotropy": 24.8917, "tensor": [], "eigenvalues": [18.846, 20.7917, 44.7105]}, "10": {"type": "H", "Isotropic": 28.1826, "Anisotropy": 26.8158, "tensor": [], "eigenvalues": [18.3681, 20.12, 46.0598]}, "11": {"type": "O", "Isotropic": 301.8728, "Anisotropy": 42.0152, "tensor": [], "eigenvalues": [285.7792, 289.9563, 329.8829]}, "12": {"type": "H", "Isotropic": 27.0569, "Anisotropy": 28.9189, "tensor": [], "eigenvalues": [16.4336, 18.4008, 46.3362]}, "13": {"type": "H", "Isotropic": 30.7354, "Anisotropy": 17.1899, "tensor": [], "eigenvalues": [24.655, 25.3558, 42.1953]}, "14": {"type": "O", "Isotropic": 311.008, "Anisotropy": 44.2963, "tensor": [], "eigenvalues": [287.6064, 304.8788, 340.5389]}, "15": {"type": "H", "Isotropic": 26.9164, "Anisotropy": 29.5374, "tensor": [[17.2042, 2.6894, 1.586], [2.5797, 28.2573, 13.6627], [1.361, 14.6197, 35.2876]], "eigenvalues": [15.9007, 18.2404, 46.6079]}, "16": {"type": "H", "Isotropic": 29.8757, "Anisotropy": 17.4233, "tensor": [], "eigenvalues": [23.0429, 25.0929, 41.4912]}, "17": {"type": "H", "Isotropic": 29.7675, "Anisotropy": 19.3308, "tensor": [[23.4179, 1.008, 2.9571], [0.6824, 25.7755, 5.0672], [2.9372, 6.5514, 40.1091]], "eigenvalues": [22.8895, 23.7583, 42.6547]}, "18": {"type": "O", "Isotropic": 314.0149, "Anisotropy": 21.4717, "tensor": [[4.4932, 7.1886, 318.7426]], "eigenvalues": [298.1658, 315.5495, 328.3294]}, "19": {"type": "H", "Isotropic": 26.6074, "Anisotropy": 28.8027, "tensor": [], "eigenvalues": [15.0547, 18.9583, 45.8092]}, "20": {"type": "O", "Isotropic": 304.6725, "Anisotropy": 33.4815, "tensor": [], "eigenvalues": [285.157, 301.8671, 326.9935]}, "21": {"type": "H", "Isotropic": 30.1277, "Anisotropy": 19.6931, "tensor": [], "eigenvalues": [22.8572, 24.2694, 43.2564]}, "22": {"type": "H", "Isotropic": 27.3751, "Anisotropy": 33.3123, "tensor": [], "eigenvalues": [15.6126, 16.9293, 49.5833]}, "23": {"type": "O", "Isotropic": 323.4045, "Anisotropy": 63.4446, "tensor": [], "eigenvalues": [291.4608, 313.0517, 365.7009]}, "24": {"type": "H", "Isotropic": 31.2089, "Anisotropy": 18.0875, "tensor": [[26.8519, 1.9027, 3.2284], [1.7729, 25.4397, 4.818], [2.7412, 4.4097, 41.3351]], "eigenvalues": [23.7919, 26.5676, 43.2672]}}}}, "functional": "PBE1PBE", "basis": "6-31+G*", "phase": "solution", "type": "nmr;scrf", "smiles": "O.O.O.O.O.O.O.O", "formula": "H16 O8", "formula_pretty": "H2O", "formula_anonymous": "AB2", "formula_alphabetical": "H16 O8", "chemsys": "H-O", "nsites": 24, "nelements": 2, "is_ordered": true, "is_valid": true, "tag": "unknown", "wall_time (s)": 19.25518901180476, "last_updated": "2021-02-10T02:02:39.324430", "_id": null}