{"input": {"molecule": {"charge": 1, "spin_multiplicity": 1, "sites": [{"name": "Mg", "species": [{"element": "Mg", "occu": 1}], "xyz": [15.545635, 12.884917, 31.875545], "properties": {}}, {"name": "O", "species": [{"element": "O", "occu": 1}], "xyz": [15.060328, 12.955422, 29.925755], "properties": {}}, {"name": "C", "species": [{"element": "C", "occu": 1}], "xyz": [13.790206, 12.655375, 29.332626], "properties": {}}, {"name": "C", "species": [{"element": "C", "occu": 1}], "xyz": [15.812651, 13.915977, 29.168587], "properties": {}}, {"name": "C", "species": [{"element": "C", "occu": 1}], "xyz": [17.177639, 13.996511, 29.796278], "properties": {}}, {"name": "O", "species": [{"element": "O", "occu": 1}], "xyz": [16.96889, 14.165263, 31.201896], "properties": {}}, {"name": "C", "species": [{"element": "C", "occu": 1}], "xyz": [18.171483, 14.453796, 31.919583], "properties": {}}, {"name": "H", "species": [{"element": "H", "occu": 1}], "xyz": [13.32207, 11.878364, 29.930098], "properties": {}}, {"name": "H", "species": [{"element": "H", "occu": 1}], "xyz": [13.946951, 12.292688, 28.316791], "properties": {}}, {"name": "H", "species": [{"element": "H", "occu": 1}], "xyz": [15.296724, 14.878075, 29.209644], "properties": {}}, {"name": "H", "species": [{"element": "H", "occu": 1}], "xyz": [15.889175, 13.583176, 28.132518], "properties": {}}, {"name": "H", "species": [{"element": "H", "occu": 1}], "xyz": [17.726977, 14.851312, 29.398479], "properties": {}}, {"name": "H", "species": [{"element": "H", "occu": 1}], "xyz": [17.753751, 13.081916, 29.625288], "properties": {}}, {"name": "H", "species": [{"element": "H", "occu": 1}], "xyz": [18.877521, 13.625898, 31.822195], "properties": {}}, {"name": "H", "species": [{"element": "H", "occu": 1}], "xyz": [17.900861, 14.601784, 32.962973], "properties": {}}, {"name": "H", "species": [{"element": "H", "occu": 1}], "xyz": [18.615157, 15.368792, 31.52645], "properties": {}}, {"name": "H", "species": [{"element": "H", "occu": 1}], "xyz": [13.16733, 13.551039, 29.319077], "properties": {}}, {"name": "O", "species": [{"element": "O", "occu": 1}], "xyz": [16.836954, 11.386385, 32.266989], "properties": {}}, {"name": "C", "species": [{"element": "C", "occu": 1}], "xyz": [17.649767, 11.301545, 33.449858], "properties": {}}, {"name": "C", "species": [{"element": "C", "occu": 1}], "xyz": [16.171619, 10.152764, 31.937595], "properties": {}}, {"name": "C", "species": [{"element": "C", "occu": 1}], "xyz": [14.816462, 10.150176, 32.599968], "properties": {}}, {"name": "O", "species": [{"element": "O", "occu": 1}], "xyz": [14.207113, 11.397331, 32.23991], "properties": {}}, {"name": "C", "species": [{"element": "C", "occu": 1}], "xyz": [12.851856, 11.519994, 32.677734], "properties": {}}, {"name": "H", "species": [{"element": "H", "occu": 1}], "xyz": [18.584512, 10.799903, 33.200141], "properties": {}}, {"name": "H", "species": [{"element": "H", "occu": 1}], "xyz": [17.119183, 10.75023, 34.223818], "properties": {}}, {"name": "H", "species": [{"element": "H", "occu": 1}], "xyz": [16.7769, 9.304728, 32.256415], "properties": {}}, {"name": "H", "species": [{"element": "H", "occu": 1}], "xyz": [16.071122, 10.136216, 30.851188], "properties": {}}, {"name": "H", "species": [{"element": "H", "occu": 1}], "xyz": [14.885552, 10.093875, 33.689799], "properties": {}}, {"name": "H", "species": [{"element": "H", "occu": 1}], "xyz": [14.20898, 9.322752, 32.227974], "properties": {}}, {"name": "H", "species": [{"element": "H", "occu": 1}], "xyz": [12.791013, 11.369777, 33.757402], "properties": {}}, {"name": "H", "species": [{"element": "H", "occu": 1}], "xyz": [12.235786, 10.776331, 32.170288], "properties": {}}, {"name": "H", "species": [{"element": "H", "occu": 1}], "xyz": [12.50826, 12.52012, 32.418988], "properties": {}}, {"name": "H", "species": [{"element": "H", "occu": 1}], "xyz": [17.84679, 12.314324, 33.797124], "properties": {}}, {"name": "N", "species": [{"element": "N", "occu": 1}], "xyz": [15.086116, 12.59018, 35.122172], "properties": {}}, {"name": "S", "species": [{"element": "S", "occu": 1}], "xyz": [14.661139, 11.809697, 36.453573], "properties": {}}, {"name": "O", "species": [{"element": "O", "occu": 1}], "xyz": [13.719176, 12.499782, 37.273934], "properties": {}}, {"name": "O", "species": [{"element": "O", "occu": 1}], "xyz": [14.467102, 10.42868, 36.141948], "properties": {}}, {"name": "C", "species": [{"element": "C", "occu": 1}], "xyz": [16.251747, 11.854073, 37.383483], "properties": {}}, {"name": "F", "species": [{"element": "F", "occu": 1}], "xyz": [16.085694, 11.221167, 38.533195], "properties": {}}, {"name": "F", "species": [{"element": "F", "occu": 1}], "xyz": [16.614347, 13.104539, 37.624872], "properties": {}}, {"name": "F", "species": [{"element": "F", "occu": 1}], "xyz": [17.214861, 11.255836, 36.696683], "properties": {}}, {"name": "S", "species": [{"element": "S", "occu": 1}], "xyz": [14.496916, 13.950371, 34.652389], "properties": {}}, {"name": "O", "species": [{"element": "O", "occu": 1}], "xyz": [13.124074, 14.221255, 34.907048], "properties": {}}, {"name": "O", "species": [{"element": "O", "occu": 1}], "xyz": [14.947942, 14.130777, 33.266167], "properties": {}}, {"name": "C", "species": [{"element": "C", "occu": 1}], "xyz": [15.444585, 15.284017, 35.503073], "properties": {}}, {"name": "F", "species": [{"element": "F", "occu": 1}], "xyz": [16.744464, 15.060898, 35.376986], "properties": {}}, {"name": "F", "species": [{"element": "F", "occu": 1}], "xyz": [15.148036, 16.44743, 34.951051], "properties": {}}, {"name": "F", "species": [{"element": "F", "occu": 1}], "xyz": [15.124182, 15.310069, 36.782053], "properties": {}}]}, "functional": "M062X", "basis_set": "Def2TZVP", "route_parameters": {"NMR": "GIAO", "iop(7/33=1)": null, "int": "ultrafine", "NoSymmetry": null, "EmpiricalDispersion": "GD3", "test": null, "SCRF": "(SMD, Solvent=TetraHydroFuran)"}, "title": "Mg1 H20 C10 S2 N1 O8 F6", "charge": 1, "spin_multiplicity": 1, "input_parameters": {}, "link0_parameters": {"%chk": "checkpoint.chk", "%mem": "100GB", "%NProcShared": "24"}, "dieze_tag": "#P", "nbasisfunctions": 1001, "pcm_parameters": {}}, "output": {"has_gaussian_completed": true, "is_pcm": true, "errors": [], "Mulliken_charges": {"1": ["Mg", 0.922915], "2": ["O", -0.340378], "3": ["C", -0.283791], "4": ["C", -0.133462], "5": ["C", -0.130234], "6": ["O", -0.319607], "7": ["C", -0.320938], "8": ["H", 0.177044], "9": ["H", 0.18381], "10": ["H", 0.199689], "11": ["H", 0.196615], "12": ["H", 0.200382], "13": ["H", 0.204784], "14": ["H", 0.198699], "15": ["H", 0.189471], "16": ["H", 0.189202], "17": ["H", 0.192361], "18": ["O", -0.342953], "19": ["C", -0.300118], "20": ["C", -0.140792], "21": ["C", -0.159821], "22": ["O", -0.355482], "23": ["C", -0.342283], "24": ["H", 0.197438], "25": ["H", 0.181199], "26": ["H", 0.221529], "27": ["H", 0.215106], "28": ["H", 0.202192], "29": ["H", 0.199246], "30": ["H", 0.187664], "31": ["H", 0.198469], "32": ["H", 0.204751], "33": ["H", 0.191147], "34": ["N", -0.475288], "35": ["S", 0.818429], "36": ["O", -0.446817], "37": ["O", -0.479398], "38": ["C", 0.44759], "39": ["F", -0.148611], "40": ["F", -0.155286], "41": ["F", -0.158675], "42": ["S", 0.851169], "43": ["O", -0.426623], "44": ["O", -0.535449], "45": ["C", 0.469458], "46": ["F", -0.157508], "47": ["F", -0.148245], "48": ["F", -0.138599]}, "output": {"energies": [-2645.16446216], "final_energy": -2645.16446216, "final_energy_per_atom": -55.10759296166666, "molecule": {"charge": 0.0, "spin_multiplicity": 2, "sites": [{"name": "Mg", "species": [{"element": "Mg", "occu": 1}], "xyz": [15.545635, 12.884917, 31.875545], "properties": {}}, {"name": "O", "species": [{"element": "O", "occu": 1}], "xyz": [15.060328, 12.955422, 29.925755], "properties": {}}, {"name": "C", "species": [{"element": "C", "occu": 1}], "xyz": [13.790206, 12.655375, 29.332626], "properties": {}}, {"name": "C", "species": [{"element": "C", "occu": 1}], "xyz": [15.812651, 13.915977, 29.168587], "properties": {}}, {"name": "C", "species": [{"element": "C", "occu": 1}], "xyz": [17.177639, 13.996511, 29.796278], "properties": {}}, {"name": "O", "species": [{"element": "O", "occu": 1}], "xyz": [16.96889, 14.165263, 31.201896], "properties": {}}, {"name": "C", "species": [{"element": "C", "occu": 1}], "xyz": [18.171483, 14.453796, 31.919583], "properties": {}}, {"name": "H", "species": [{"element": "H", "occu": 1}], "xyz": [13.32207, 11.878364, 29.930098], "properties": {}}, {"name": "H", "species": [{"element": "H", "occu": 1}], "xyz": [13.946951, 12.292688, 28.316791], "properties": {}}, {"name": "H", "species": [{"element": "H", "occu": 1}], "xyz": [15.296724, 14.878075, 29.209644], "properties": {}}, {"name": "H", "species": [{"element": "H", "occu": 1}], "xyz": [15.889175, 13.583176, 28.132518], "properties": {}}, {"name": "H", "species": [{"element": "H", "occu": 1}], "xyz": [17.726977, 14.851312, 29.398479], "properties": {}}, {"name": "H", "species": [{"element": "H", "occu": 1}], "xyz": [17.753751, 13.081916, 29.625288], "properties": {}}, {"name": "H", "species": [{"element": "H", "occu": 1}], "xyz": [18.877521, 13.625898, 31.822195], "properties": {}}, {"name": "H", "species": [{"element": "H", "occu": 1}], "xyz": [17.900861, 14.601784, 32.962973], "properties": {}}, {"name": "H", "species": [{"element": "H", "occu": 1}], "xyz": [18.615157, 15.368792, 31.52645], "properties": {}}, {"name": "H", "species": [{"element": "H", "occu": 1}], "xyz": [13.16733, 13.551039, 29.319077], "properties": {}}, {"name": "O", "species": [{"element": "O", "occu": 1}], "xyz": [16.836954, 11.386385, 32.266989], "properties": {}}, {"name": "C", "species": [{"element": "C", "occu": 1}], "xyz": [17.649767, 11.301545, 33.449858], "properties": {}}, {"name": "C", "species": [{"element": "C", "occu": 1}], "xyz": [16.171619, 10.152764, 31.937595], "properties": {}}, {"name": "C", "species": [{"element": "C", "occu": 1}], "xyz": [14.816462, 10.150176, 32.599968], "properties": {}}, {"name": "O", "species": [{"element": "O", "occu": 1}], "xyz": [14.207113, 11.397331, 32.23991], "properties": {}}, {"name": "C", "species": [{"element": "C", "occu": 1}], "xyz": [12.851856, 11.519994, 32.677734], "properties": {}}, {"name": "H", "species": [{"element": "H", "occu": 1}], "xyz": [18.584512, 10.799903, 33.200141], "properties": {}}, {"name": "H", "species": [{"element": "H", "occu": 1}], "xyz": [17.119183, 10.75023, 34.223818], "properties": {}}, {"name": "H", "species": [{"element": "H", "occu": 1}], "xyz": [16.7769, 9.304728, 32.256415], "properties": {}}, {"name": "H", "species": [{"element": "H", "occu": 1}], "xyz": [16.071122, 10.136216, 30.851188], "properties": {}}, {"name": "H", "species": [{"element": "H", "occu": 1}], "xyz": [14.885552, 10.093875, 33.689799], "properties": {}}, {"name": "H", "species": [{"element": "H", "occu": 1}], "xyz": [14.20898, 9.322752, 32.227974], "properties": {}}, {"name": "H", "species": [{"element": "H", "occu": 1}], "xyz": [12.791013, 11.369777, 33.757402], "properties": {}}, {"name": "H", "species": [{"element": "H", "occu": 1}], "xyz": [12.235786, 10.776331, 32.170288], "properties": {}}, {"name": "H", "species": [{"element": "H", "occu": 1}], "xyz": [12.50826, 12.52012, 32.418988], "properties": {}}, {"name": "H", "species": [{"element": "H", "occu": 1}], "xyz": [17.84679, 12.314324, 33.797124], "properties": {}}, {"name": "N", "species": [{"element": "N", "occu": 1}], "xyz": [15.086116, 12.59018, 35.122172], "properties": {}}, {"name": "S", "species": [{"element": "S", "occu": 1}], "xyz": [14.661139, 11.809697, 36.453573], "properties": {}}, {"name": "O", "species": [{"element": "O", "occu": 1}], "xyz": [13.719176, 12.499782, 37.273934], "properties": {}}, {"name": "O", "species": [{"element": "O", "occu": 1}], "xyz": [14.467102, 10.42868, 36.141948], "properties": {}}, {"name": "C", "species": [{"element": "C", "occu": 1}], "xyz": [16.251747, 11.854073, 37.383483], "properties": {}}, {"name": "F", "species": [{"element": "F", "occu": 1}], "xyz": [16.085694, 11.221167, 38.533195], "properties": {}}, {"name": "F", "species": [{"element": "F", "occu": 1}], "xyz": [16.614347, 13.104539, 37.624872], "properties": {}}, {"name": "F", "species": [{"element": "F", "occu": 1}], "xyz": [17.214861, 11.255836, 36.696683], "properties": {}}, {"name": "S", "species": [{"element": "S", "occu": 1}], "xyz": [14.496916, 13.950371, 34.652389], "properties": {}}, {"name": "O", "species": [{"element": "O", "occu": 1}], "xyz": [13.124074, 14.221255, 34.907048], "properties": {}}, {"name": "O", "species": [{"element": "O", "occu": 1}], "xyz": [14.947942, 14.130777, 33.266167], "properties": {}}, {"name": "C", "species": [{"element": "C", "occu": 1}], "xyz": [15.444585, 15.284017, 35.503073], "properties": {}}, {"name": "F", "species": [{"element": "F", "occu": 1}], "xyz": [16.744464, 15.060898, 35.376986], "properties": {}}, {"name": "F", "species": [{"element": "F", "occu": 1}], "xyz": [15.148036, 16.44743, 34.951051], "properties": {}}, {"name": "F", "species": [{"element": "F", "occu": 1}], "xyz": [15.124182, 15.310069, 36.782053], "properties": {}}]}, "stationary_type": "Minimum", "corrections": {}, "tensor": {"1": {"type": "Mg", "Isotropic": 555.8905, "Anisotropy": 18.4264, "tensor": [], "eigenvalues": [542.5854, 556.9113, 568.1747]}, "2": {"type": "O", "Isotropic": 315.4597, "Anisotropy": 45.8928, "tensor": [], "eigenvalues": [287.7878, 312.5364, 346.055]}, "3": {"type": "C", "Isotropic": 123.4785, "Anisotropy": 95.5814, "tensor": [[166.9268, 23.9869, 29.7702], [20.2537, 94.1777, 8.2069], [34.1589, 9.0364, 109.3311]], "eigenvalues": [87.9676, 95.2686, 187.1994]}, "4": {"type": "C", "Isotropic": 110.8637, "Anisotropy": 78.0907, "tensor": [], "eigenvalues": [73.9737, 95.6933, 162.9242]}, "5": {"type": "C", "Isotropic": 111.775, "Anisotropy": 74.0075, "tensor": [[8.6709, 80.6744, 2.4017], [3.8654, 15.6515, 160.0987]], "eigenvalues": [77.8245, 96.3872, 161.1133]}, "6": {"type": "O", "Isotropic": 321.1923, "Anisotropy": 34.7214, "tensor": [], "eigenvalues": [293.5293, 325.7076, 344.3399]}, "7": {"type": "C", "Isotropic": 120.9364, "Anisotropy": 90.6485, "tensor": [[147.3386, 18.3355, 43.2952], [20.2865, 94.4844, 7.5474], [37.1084, 9.3935, 120.9863]], "eigenvalues": [86.2267, 95.2138, 181.3688]}, "8": {"type": "H", "Isotropic": 27.8568, "Anisotropy": 6.395, "tensor": [[29.5474, 5.013, 0.3545]], "eigenvalues": [22.1136, 29.3367, 32.1201]}, "9": {"type": "H", "Isotropic": 28.298, "Anisotropy": 10.2473, "tensor": [[27.4852, 1.9975, 5.1251], [1.4111, 25.5978, 3.1994], [2.376, 2.4847, 31.8111]], "eigenvalues": [24.4429, 25.3215, 35.1296]}, "10": {"type": "H", "Isotropic": 27.8069, "Anisotropy": 8.2376, "tensor": [], "eigenvalues": [24.0411, 26.081, 33.2987]}, "11": {"type": "H", "Isotropic": 28.0704, "Anisotropy": 8.4469, "tensor": [], "eigenvalues": [23.9691, 26.5405, 33.7016]}, "12": {"type": "H", "Isotropic": 28.4564, "Anisotropy": 8.6929, "tensor": [], "eigenvalues": [24.3426, 26.775, 34.2517]}, "13": {"type": "H", "Isotropic": 27.9964, "Anisotropy": 7.8561, "tensor": [], "eigenvalues": [24.6678, 26.0875, 33.2338]}, "14": {"type": "H", "Isotropic": 28.2153, "Anisotropy": 7.8553, "tensor": [], "eigenvalues": [23.9222, 27.2716, 33.4522]}, "15": {"type": "H", "Isotropic": 27.857, "Anisotropy": 7.1885, "tensor": [[27.2181, 3.1164, 2.5805], [2.7508, 24.6404, 1.9751]], "eigenvalues": [22.6199, 28.3018, 32.6493]}, "16": {"type": "H", "Isotropic": 28.0858, "Anisotropy": 10.1934, "tensor": [[1.3759, 0.9161, 25.6909]], "eigenvalues": [23.6258, 25.7501, 34.8814]}, "17": {"type": "H", "Isotropic": 28.1933, "Anisotropy": 9.3962, "tensor": [], "eigenvalues": [24.5609, 25.5615, 34.4575]}, "18": {"type": "O", "Isotropic": 337.829, "Anisotropy": 47.0233, "tensor": [[320.3624, 21.5033, 7.0039], [10.894, 5.1122, 328.1582]], "eigenvalues": [311.1347, 333.1746, 369.1779]}, "19": {"type": "C", "Isotropic": 121.4845, "Anisotropy": 84.9025, "tensor": [[118.159, 0.764, 44.3963], [41.9607, 0.9245, 146.9667]], "eigenvalues": [86.956, 99.4112, 178.0861]}, "20": {"type": "C", "Isotropic": 112.1195, "Anisotropy": 75.1494, "tensor": [[108.1632, 23.9616, 13.5107], [32.066, 139.1439, 25.5905], [7.5986, 12.805, 89.0514]], "eigenvalues": [82.454, 91.6853, 162.2191]}, "21": {"type": "C", "Isotropic": 112.9353, "Anisotropy": 76.1708, "tensor": [], "eigenvalues": [79.3706, 95.7195, 163.7158]}, "22": {"type": "O", "Isotropic": 320.5148, "Anisotropy": 27.8732, "tensor": [], "eigenvalues": [290.1149, 332.3325, 339.0969]}, "23": {"type": "C", "Isotropic": 123.4968, "Anisotropy": 84.3881, "tensor": [], "eigenvalues": [94.9981, 95.7368, 179.7556]}, "24": {"type": "H", "Isotropic": 28.0039, "Anisotropy": 9.6153, "tensor": [], "eigenvalues": [23.7617, 25.8359, 34.4141]}, "25": {"type": "H", "Isotropic": 27.942, "Anisotropy": 9.6105, "tensor": [], "eigenvalues": [22.7216, 26.7554, 34.349]}, "26": {"type": "H", "Isotropic": 28.326, "Anisotropy": 8.7811, "tensor": [[0.0479, 2.17, 24.6941]], "eigenvalues": [24.2644, 26.5335, 34.18]}, "27": {"type": "H", "Isotropic": 27.604, "Anisotropy": 8.6843, "tensor": [[25.0225, 1.096, 1.1132], [1.3521, 27.9857, 5.2133]], "eigenvalues": [23.979, 25.4394, 33.3935]}, "28": {"type": "H", "Isotropic": 27.448, "Anisotropy": 6.1859, "tensor": [], "eigenvalues": [24.421, 26.3511, 31.5719]}, "29": {"type": "H", "Isotropic": 28.0076, "Anisotropy": 8.5819, "tensor": [[26.4677, 0.6141, 0.6097], [3.6527, 32.8753, 1.2363], [0.8329, 1.1938, 24.68]], "eigenvalues": [24.3936, 25.9005, 33.7289]}, "30": {"type": "H", "Isotropic": 28.2025, "Anisotropy": 6.1576, "tensor": [[0.9716, 24.7702, 1.5265]], "eigenvalues": [23.9291, 28.3709, 32.3076]}, "31": {"type": "H", "Isotropic": 28.0986, "Anisotropy": 10.1199, "tensor": [[33.5665, 4.5883, 1.5654], [1.8655, 24.8881, 1.3837], [0.6053, 0.7969, 25.8413]], "eigenvalues": [23.5885, 25.8621, 34.8452]}, "32": {"type": "H", "Isotropic": 27.8549, "Anisotropy": 7.2681, "tensor": [], "eigenvalues": [24.6266, 26.2379, 32.7003]}, "33": {"type": "H", "Isotropic": 27.9983, "Anisotropy": 5.935, "tensor": [[27.1784, 1.9103, 2.3765], [0.2726, 26.8107, 0.1009], [2.3207, 2.7696, 30.0057]], "eigenvalues": [25.7336, 26.3063, 31.9549]}, "34": {"type": "N", "Isotropic": 91.3115, "Anisotropy": 63.5787, "tensor": [], "eigenvalues": [57.0637, 83.1734, 133.6973]}, "35": {"type": "S", "Isotropic": 169.7682, "Anisotropy": 274.1269, "tensor": [], "eigenvalues": [2.3412, 154.4439, 352.5195]}, "36": {"type": "O", "Isotropic": 121.6744, "Anisotropy": 97.2463, "tensor": [], "eigenvalues": [63.631, 114.887, 186.5053]}, "37": {"type": "O", "Isotropic": 106.7774, "Anisotropy": 61.7152, "tensor": [], "eigenvalues": [65.1988, 107.2125, 147.9208]}, "38": {"type": "C", "Isotropic": 58.9845, "Anisotropy": 9.6243, "tensor": [], "eigenvalues": [51.0507, 60.5022, 65.4007]}, "39": {"type": "F", "Isotropic": 267.5683, "Anisotropy": 124.3954, "tensor": [], "eigenvalues": [195.1781, 257.0281, 350.4985]}, "40": {"type": "F", "Isotropic": 260.8222, "Anisotropy": 123.6613, "tensor": [[37.9238, 327.7927, 23.0861]], "eigenvalues": [190.1021, 249.1014, 343.2631]}, "41": {"type": "F", "Isotropic": 261.0957, "Anisotropy": 126.5929, "tensor": [], "eigenvalues": [190.3025, 247.4936, 345.4909]}, "42": {"type": "S", "Isotropic": 150.6169, "Anisotropy": 208.1882, "tensor": [], "eigenvalues": [19.9204, 142.5212, 289.409]}, "43": {"type": "O", "Isotropic": 103.3314, "Anisotropy": 41.895, "tensor": [], "eigenvalues": [67.1669, 111.5659, 131.2614]}, "44": {"type": "O", "Isotropic": 136.7408, "Anisotropy": 121.2454, "tensor": [], "eigenvalues": [68.3757, 124.2755, 217.571]}, "45": {"type": "C", "Isotropic": 58.2804, "Anisotropy": 10.4621, "tensor": [], "eigenvalues": [50.0976, 59.4885, 65.2552]}, "46": {"type": "F", "Isotropic": 262.4139, "Anisotropy": 123.6597, "tensor": [], "eigenvalues": [191.6447, 250.7434, 344.8537]}, "47": {"type": "F", "Isotropic": 260.0148, "Anisotropy": 133.4569, "tensor": [], "eigenvalues": [187.8862, 243.1722, 348.9861]}, "48": {"type": "F", "Isotropic": 261.8552, "Anisotropy": 115.1041, "tensor": [], "eigenvalues": [193.8141, 253.1603, 338.5913]}}, "dipole_moment": {"X": 80.6494, "Y": 58.8674, "Z": 139.3925, "Tot": 171.4642}}}, "functional": "M062X", "basis": "Def2TZVP", "phase": "solution", "type": "nmr;scrf", "smiles": "[Mg]O[S@]([N]S(=O)(=O)C(F)(F)F)([O])C(F)(F)F.O(C)CCOC.O(C)CCOC", "inchi": "InChI=1S/2C4H10O2.C2HF6NO4S2.Mg/c2*1-5-3-4-6-2;3-1(4,5)14(10,11)9-15(12,13)2(6,7)8;/h2*3-4H2,1-2H3;10H;/q;;;+1/p-1", "formula": "Mg1 H20 C10 S2 N1 O8 F6", "formula_pretty": "MgH20C10S2N(O4F3)2", "formula_anonymous": "ABC2D6E8F10G20", "formula_alphabetical": "C10 F6 H20 Mg1 N1 O8 S2", "chemsys": "C-F-H-Mg-N-O-S", "nsites": 48, "nelements": 7, "is_ordered": true, "is_valid": true, "gauss_version": "ES64L-G16RevC.01", "tag": "oplsd_3", "wall_time (s)": 1767.1836338320281, "version": "0.0.1", "last_updated": "2021-05-16T16:52:25.565964", "_id": null}