{"input": {"molecule": {"charge": 1, "spin_multiplicity": 1, "sites": [{"name": "Mg", "species": [{"element": "Mg", "occu": 1}], "xyz": [10.908445, 43.43301, 25.184171], "properties": {}}, {"name": "O", "species": [{"element": "O", "occu": 1}], "xyz": [9.813751, 42.142184, 26.334218], "properties": {}}, {"name": "C", "species": [{"element": "C", "occu": 1}], "xyz": [8.492125, 41.645187, 26.10547], "properties": {}}, {"name": "C", "species": [{"element": "C", "occu": 1}], "xyz": [10.128281, 42.318432, 27.720571], "properties": {}}, {"name": "C", "species": [{"element": "C", "occu": 1}], "xyz": [11.626708, 42.410513, 27.811678], "properties": {}}, {"name": "O", "species": [{"element": "O", "occu": 1}], "xyz": [12.054265, 43.407081, 26.876602], "properties": {}}, {"name": "C", "species": [{"element": "C", "occu": 1}], "xyz": [13.473693, 43.570543, 26.876341], "properties": {}}, {"name": "H", "species": [{"element": "H", "occu": 1}], "xyz": [8.368331, 40.698801, 26.633183], "properties": {}}, {"name": "H", "species": [{"element": "H", "occu": 1}], "xyz": [8.382797, 41.478104, 25.036076], "properties": {}}, {"name": "H", "species": [{"element": "H", "occu": 1}], "xyz": [9.774922, 41.457603, 28.290675], "properties": {}}, {"name": "H", "species": [{"element": "H", "occu": 1}], "xyz": [9.639359, 43.224446, 28.088068], "properties": {}}, {"name": "H", "species": [{"element": "H", "occu": 1}], "xyz": [12.092507, 41.456076, 27.547057], "properties": {}}, {"name": "H", "species": [{"element": "H", "occu": 1}], "xyz": [11.930899, 42.697986, 28.819753], "properties": {}}, {"name": "H", "species": [{"element": "H", "occu": 1}], "xyz": [13.957943, 42.660234, 26.516037], "properties": {}}, {"name": "H", "species": [{"element": "H", "occu": 1}], "xyz": [13.812036, 43.792197, 27.889171], "properties": {}}, {"name": "H", "species": [{"element": "H", "occu": 1}], "xyz": [13.712776, 44.410158, 26.229391], "properties": {}}, {"name": "H", "species": [{"element": "H", "occu": 1}], "xyz": [7.748158, 42.363121, 26.455839], "properties": {}}, {"name": "O", "species": [{"element": "O", "occu": 1}], "xyz": [11.788811, 41.909864, 24.172595], "properties": {}}, {"name": "C", "species": [{"element": "C", "occu": 1}], "xyz": [11.363215, 40.543931, 24.101163], "properties": {}}, {"name": "C", "species": [{"element": "C", "occu": 1}], "xyz": [12.430464, 42.347158, 22.969774], "properties": {}}, {"name": "C", "species": [{"element": "C", "occu": 1}], "xyz": [13.118665, 43.654459, 23.27302], "properties": {}}, {"name": "O", "species": [{"element": "O", "occu": 1}], "xyz": [12.216439, 44.464731, 24.034435], "properties": {}}, {"name": "C", "species": [{"element": "C", "occu": 1}], "xyz": [12.656596, 45.820168, 24.158342], "properties": {}}, {"name": "H", "species": [{"element": "H", "occu": 1}], "xyz": [10.680125, 40.410775, 23.26201], "properties": {}}, {"name": "H", "species": [{"element": "H", "occu": 1}], "xyz": [10.861223, 40.306322, 25.034683], "properties": {}}, {"name": "H", "species": [{"element": "H", "occu": 1}], "xyz": [11.677007, 42.447575, 22.186306], "properties": {}}, {"name": "H", "species": [{"element": "H", "occu": 1}], "xyz": [13.170974, 41.608078, 22.65863], "properties": {}}, {"name": "H", "species": [{"element": "H", "occu": 1}], "xyz": [13.377337, 44.165607, 22.343729], "properties": {}}, {"name": "H", "species": [{"element": "H", "occu": 1}], "xyz": [14.025572, 43.496545, 23.863642], "properties": {}}, {"name": "H", "species": [{"element": "H", "occu": 1}], "xyz": [12.533612, 46.330907, 23.203049], "properties": {}}, {"name": "H", "species": [{"element": "H", "occu": 1}], "xyz": [13.707604, 45.842301, 24.452983], "properties": {}}, {"name": "H", "species": [{"element": "H", "occu": 1}], "xyz": [12.051011, 46.299725, 24.924313], "properties": {}}, {"name": "H", "species": [{"element": "H", "occu": 1}], "xyz": [12.238943, 39.905388, 23.979679], "properties": {}}, {"name": "N", "species": [{"element": "N", "occu": 1}], "xyz": [9.18607, 43.99899, 23.876325], "properties": {}}, {"name": "S", "species": [{"element": "S", "occu": 1}], "xyz": [8.376491, 43.344998, 22.650927], "properties": {}}, {"name": "O", "species": [{"element": "O", "occu": 1}], "xyz": [8.872219, 42.016716, 22.477814], "properties": {}}, {"name": "O", "species": [{"element": "O", "occu": 1}], "xyz": [6.979558, 43.618825, 22.678445], "properties": {}}, {"name": "C", "species": [{"element": "C", "occu": 1}], "xyz": [9.049444, 44.275783, 21.204239], "properties": {}}, {"name": "F", "species": [{"element": "F", "occu": 1}], "xyz": [8.662557, 43.666074, 20.098315], "properties": {}}, {"name": "F", "species": [{"element": "F", "occu": 1}], "xyz": [10.373971, 44.304424, 21.246892], "properties": {}}, {"name": "F", "species": [{"element": "F", "occu": 1}], "xyz": [8.59402, 45.516258, 21.201638], "properties": {}}, {"name": "S", "species": [{"element": "S", "occu": 1}], "xyz": [8.662191, 45.065655, 24.928127], "properties": {}}, {"name": "O", "species": [{"element": "O", "occu": 1}], "xyz": [9.773236, 45.08591, 25.876387], "properties": {}}, {"name": "O", "species": [{"element": "O", "occu": 1}], "xyz": [7.336003, 44.925047, 25.414655], "properties": {}}, {"name": "C", "species": [{"element": "C", "occu": 1}], "xyz": [8.728171, 46.736204, 24.139755], "properties": {}}, {"name": "F", "species": [{"element": "F", "occu": 1}], "xyz": [7.686645, 46.899568, 23.350613], "properties": {}}, {"name": "F", "species": [{"element": "F", "occu": 1}], "xyz": [8.704546, 47.643187, 25.097992], "properties": {}}, {"name": "F", "species": [{"element": "F", "occu": 1}], "xyz": [9.844472, 46.860553, 23.44262], "properties": {}}]}, "functional": "M062X", "basis_set": "Def2TZVP", "route_parameters": {"NMR": "GIAO", "iop(7/33=1)": null, "int": "ultrafine", "NoSymmetry": null, "EmpiricalDispersion": "GD3", "test": null, "SCRF": "(SMD, Solvent=TetraHydroFuran)"}, "title": "Mg1 H20 C10 S2 N1 O8 F6", "charge": 1, "spin_multiplicity": 1, "input_parameters": {}, "link0_parameters": {"%chk": "checkpoint.chk", "%mem": "100GB", "%NProcShared": "24"}, "dieze_tag": "#P", "nbasisfunctions": 1001, "pcm_parameters": {}}, "output": {"has_gaussian_completed": true, "is_pcm": true, "errors": [], "Mulliken_charges": {"1": ["Mg", 0.881583], "2": ["O", -0.353067], "3": ["C", -0.330783], "4": ["C", -0.142095], "5": ["C", -0.133428], "6": ["O", -0.319376], "7": ["C", -0.29258], "8": ["H", 0.193372], "9": ["H", 0.181697], "10": ["H", 0.200695], "11": ["H", 0.211945], "12": ["H", 0.199703], "13": ["H", 0.195855], "14": ["H", 0.18782], "15": ["H", 0.189976], "16": ["H", 0.161972], "17": ["H", 0.204318], "18": ["O", -0.307925], "19": ["C", -0.300215], "20": ["C", -0.173295], "21": ["C", -0.163124], "22": ["O", -0.339264], "23": ["C", -0.334722], "24": ["H", 0.19235], "25": ["H", 0.184511], "26": ["H", 0.203324], "27": ["H", 0.20076], "28": ["H", 0.207215], "29": ["H", 0.210562], "30": ["H", 0.197301], "31": ["H", 0.193641], "32": ["H", 0.203088], "33": ["H", 0.18415], "34": ["N", -0.504038], "35": ["S", 0.81447], "36": ["O", -0.464575], "37": ["O", -0.43321], "38": ["C", 0.456725], "39": ["F", -0.143783], "40": ["F", -0.152891], "41": ["F", -0.147264], "42": ["S", 0.819186], "43": ["O", -0.486763], "44": ["O", -0.409908], "45": ["C", 0.471223], "46": ["F", -0.132039], "47": ["F", -0.139799], "48": ["F", -0.143296]}, "output": {"energies": [-2645.1744142], "final_energy": -2645.1744142, "final_energy_per_atom": -55.10780029583333, "molecule": {"charge": 0.0, "spin_multiplicity": 2, "sites": [{"name": "Mg", "species": [{"element": "Mg", "occu": 1}], "xyz": [10.908445, 43.43301, 25.184171], "properties": {}}, {"name": "O", "species": [{"element": "O", "occu": 1}], "xyz": [9.813751, 42.142184, 26.334218], "properties": {}}, {"name": "C", "species": [{"element": "C", "occu": 1}], "xyz": [8.492125, 41.645187, 26.10547], "properties": {}}, {"name": "C", "species": [{"element": "C", "occu": 1}], "xyz": [10.128281, 42.318432, 27.720571], "properties": {}}, {"name": "C", "species": [{"element": "C", "occu": 1}], "xyz": [11.626708, 42.410513, 27.811678], "properties": {}}, {"name": "O", "species": [{"element": "O", "occu": 1}], "xyz": [12.054265, 43.407081, 26.876602], "properties": {}}, {"name": "C", "species": [{"element": "C", "occu": 1}], "xyz": [13.473693, 43.570543, 26.876341], "properties": {}}, {"name": "H", "species": [{"element": "H", "occu": 1}], "xyz": [8.368331, 40.698801, 26.633183], "properties": {}}, {"name": "H", "species": [{"element": "H", "occu": 1}], "xyz": [8.382797, 41.478104, 25.036076], "properties": {}}, {"name": "H", "species": [{"element": "H", "occu": 1}], "xyz": [9.774922, 41.457603, 28.290675], "properties": {}}, {"name": "H", "species": [{"element": "H", "occu": 1}], "xyz": [9.639359, 43.224446, 28.088068], "properties": {}}, {"name": "H", "species": [{"element": "H", "occu": 1}], "xyz": [12.092507, 41.456076, 27.547057], "properties": {}}, {"name": "H", "species": [{"element": "H", "occu": 1}], "xyz": [11.930899, 42.697986, 28.819753], "properties": {}}, {"name": "H", "species": [{"element": "H", "occu": 1}], "xyz": [13.957943, 42.660234, 26.516037], "properties": {}}, {"name": "H", "species": [{"element": "H", "occu": 1}], "xyz": [13.812036, 43.792197, 27.889171], "properties": {}}, {"name": "H", "species": [{"element": "H", "occu": 1}], "xyz": [13.712776, 44.410158, 26.229391], "properties": {}}, {"name": "H", "species": [{"element": "H", "occu": 1}], "xyz": [7.748158, 42.363121, 26.455839], "properties": {}}, {"name": "O", "species": [{"element": "O", "occu": 1}], "xyz": [11.788811, 41.909864, 24.172595], "properties": {}}, {"name": "C", "species": [{"element": "C", "occu": 1}], "xyz": [11.363215, 40.543931, 24.101163], "properties": {}}, {"name": "C", "species": [{"element": "C", "occu": 1}], "xyz": [12.430464, 42.347158, 22.969774], "properties": {}}, {"name": "C", "species": [{"element": "C", "occu": 1}], "xyz": [13.118665, 43.654459, 23.27302], "properties": {}}, {"name": "O", "species": [{"element": "O", "occu": 1}], "xyz": [12.216439, 44.464731, 24.034435], "properties": {}}, {"name": "C", "species": [{"element": "C", "occu": 1}], "xyz": [12.656596, 45.820168, 24.158342], "properties": {}}, {"name": "H", "species": [{"element": "H", "occu": 1}], "xyz": [10.680125, 40.410775, 23.26201], "properties": {}}, {"name": "H", "species": [{"element": "H", "occu": 1}], "xyz": [10.861223, 40.306322, 25.034683], "properties": {}}, {"name": "H", "species": [{"element": "H", "occu": 1}], "xyz": [11.677007, 42.447575, 22.186306], "properties": {}}, {"name": "H", "species": [{"element": "H", "occu": 1}], "xyz": [13.170974, 41.608078, 22.65863], "properties": {}}, {"name": "H", "species": [{"element": "H", "occu": 1}], "xyz": [13.377337, 44.165607, 22.343729], "properties": {}}, {"name": "H", "species": [{"element": "H", "occu": 1}], "xyz": [14.025572, 43.496545, 23.863642], "properties": {}}, {"name": "H", "species": [{"element": "H", "occu": 1}], "xyz": [12.533612, 46.330907, 23.203049], "properties": {}}, {"name": "H", "species": [{"element": "H", "occu": 1}], "xyz": [13.707604, 45.842301, 24.452983], "properties": {}}, {"name": "H", "species": [{"element": "H", "occu": 1}], "xyz": [12.051011, 46.299725, 24.924313], "properties": {}}, {"name": "H", "species": [{"element": "H", "occu": 1}], "xyz": [12.238943, 39.905388, 23.979679], "properties": {}}, {"name": "N", "species": [{"element": "N", "occu": 1}], "xyz": [9.18607, 43.99899, 23.876325], "properties": {}}, {"name": "S", "species": [{"element": "S", "occu": 1}], "xyz": [8.376491, 43.344998, 22.650927], "properties": {}}, {"name": "O", "species": [{"element": "O", "occu": 1}], "xyz": [8.872219, 42.016716, 22.477814], "properties": {}}, {"name": "O", "species": [{"element": "O", "occu": 1}], "xyz": [6.979558, 43.618825, 22.678445], "properties": {}}, {"name": "C", "species": [{"element": "C", "occu": 1}], "xyz": [9.049444, 44.275783, 21.204239], "properties": {}}, {"name": "F", "species": [{"element": "F", "occu": 1}], "xyz": [8.662557, 43.666074, 20.098315], "properties": {}}, {"name": "F", "species": [{"element": "F", "occu": 1}], "xyz": [10.373971, 44.304424, 21.246892], "properties": {}}, {"name": "F", "species": [{"element": "F", "occu": 1}], "xyz": [8.59402, 45.516258, 21.201638], "properties": {}}, {"name": "S", "species": [{"element": "S", "occu": 1}], "xyz": [8.662191, 45.065655, 24.928127], "properties": {}}, {"name": "O", "species": [{"element": "O", "occu": 1}], "xyz": [9.773236, 45.08591, 25.876387], "properties": {}}, {"name": "O", "species": [{"element": "O", "occu": 1}], "xyz": [7.336003, 44.925047, 25.414655], "properties": {}}, {"name": "C", "species": [{"element": "C", "occu": 1}], "xyz": [8.728171, 46.736204, 24.139755], "properties": {}}, {"name": "F", "species": [{"element": "F", "occu": 1}], "xyz": [7.686645, 46.899568, 23.350613], "properties": {}}, {"name": "F", "species": [{"element": "F", "occu": 1}], "xyz": [8.704546, 47.643187, 25.097992], "properties": {}}, {"name": "F", "species": [{"element": "F", "occu": 1}], "xyz": [9.844472, 46.860553, 23.44262], "properties": {}}]}, "stationary_type": "Minimum", "corrections": {}, "tensor": {"1": {"type": "Mg", "Isotropic": 562.588, "Anisotropy": 20.5066, "tensor": [], "eigenvalues": [548.4693, 563.0356, 576.259]}, "2": {"type": "O", "Isotropic": 321.285, "Anisotropy": 16.4715, "tensor": [[0.0282, 300.9934, 10.7989]], "eigenvalues": [300.4497, 331.1394, 332.2661]}, "3": {"type": "C", "Isotropic": 122.6136, "Anisotropy": 89.536, "tensor": [[164.9468, 32.9823, 21.773], [32.6251, 102.837, 0.9227], [12.0587, 2.9323, 100.057]], "eigenvalues": [86.4659, 99.0706, 182.3042]}, "4": {"type": "C", "Isotropic": 112.5192, "Anisotropy": 74.5067, "tensor": [[100.0684, 12.4291, 15.2495], [11.8242, 82.7547, 0.1167], [24.8598, 9.4497, 154.7344]], "eigenvalues": [76.1404, 99.2268, 162.1903]}, "5": {"type": "C", "Isotropic": 108.337, "Anisotropy": 69.7726, "tensor": [], "eigenvalues": [76.0894, 94.0695, 154.852]}, "6": {"type": "O", "Isotropic": 321.8974, "Anisotropy": 32.9097, "tensor": [], "eigenvalues": [292.0531, 329.8019, 343.8372]}, "7": {"type": "C", "Isotropic": 123.8996, "Anisotropy": 95.9504, "tensor": [[14.645, 93.8724, 0.3181]], "eigenvalues": [90.848, 92.9842, 187.8665]}, "8": {"type": "H", "Isotropic": 28.5636, "Anisotropy": 9.5225, "tensor": [], "eigenvalues": [24.4394, 26.3395, 34.9119]}, "9": {"type": "H", "Isotropic": 27.6817, "Anisotropy": 6.2964, "tensor": [[27.2749, 2.8359, 4.0034]], "eigenvalues": [23.0441, 28.1218, 31.8793]}, "10": {"type": "H", "Isotropic": 28.0047, "Anisotropy": 8.4602, "tensor": [[26.1266, 1.3768, 0.4092]], "eigenvalues": [23.6816, 26.6878, 33.6449]}, "11": {"type": "H", "Isotropic": 27.7104, "Anisotropy": 8.3904, "tensor": [], "eigenvalues": [24.0931, 25.7342, 33.304]}, "12": {"type": "H", "Isotropic": 28.038, "Anisotropy": 7.5767, "tensor": [], "eigenvalues": [24.529, 26.4959, 33.0892]}, "13": {"type": "H", "Isotropic": 28.1385, "Anisotropy": 8.7964, "tensor": [[26.3609, 0.8208, 0.4098]], "eigenvalues": [24.0932, 26.3195, 34.0028]}, "14": {"type": "H", "Isotropic": 28.1329, "Anisotropy": 8.8072, "tensor": [[0.7, 0.5831, 26.071]], "eigenvalues": [24.0001, 26.3941, 34.0043]}, "15": {"type": "H", "Isotropic": 28.117, "Anisotropy": 10.6902, "tensor": [[31.1101, 2.4862, 6.0489], [2.2515, 24.9956, 1.8645], [3.2418, 0.7633, 28.2453]], "eigenvalues": [24.1257, 24.9815, 35.2438]}, "16": {"type": "H", "Isotropic": 27.8323, "Anisotropy": 7.0111, "tensor": [], "eigenvalues": [22.3962, 28.5944, 32.5064]}, "17": {"type": "H", "Isotropic": 28.1302, "Anisotropy": 7.044, "tensor": [], "eigenvalues": [23.4499, 28.1144, 32.8262]}, "18": {"type": "O", "Isotropic": 324.5487, "Anisotropy": 33.0537, "tensor": [[12.8933, 324.8393, 6.0087]], "eigenvalues": [297.718, 329.3436, 346.5845]}, "19": {"type": "C", "Isotropic": 123.1936, "Anisotropy": 92.5194, "tensor": [[0.9583, 3.0288, 91.5041]], "eigenvalues": [90.6535, 94.0542, 184.8732]}, "20": {"type": "C", "Isotropic": 110.8719, "Anisotropy": 70.6864, "tensor": [], "eigenvalues": [78.2288, 96.3907, 157.9961]}, "21": {"type": "C", "Isotropic": 113.6694, "Anisotropy": 72.5721, "tensor": [], "eigenvalues": [82.339, 96.6184, 162.0508]}, "22": {"type": "O", "Isotropic": 319.847, "Anisotropy": 35.1352, "tensor": [[4.6919, 317.5683, 13.1812]], "eigenvalues": [286.1879, 330.0825, 343.2705]}, "23": {"type": "C", "Isotropic": 122.6251, "Anisotropy": 89.5057, "tensor": [[101.1318, 25.635, 6.1652], [20.0095, 174.1513, 11.6061], [2.4492, 10.8323, 92.5921]], "eigenvalues": [90.7161, 94.8636, 182.2955]}, "24": {"type": "H", "Isotropic": 28.1279, "Anisotropy": 7.0973, "tensor": [[27.7966, 0.6666, 3.1311], [1.9433, 31.0391, 3.4922], [1.9734, 1.1724, 25.5479]], "eigenvalues": [23.644, 27.8802, 32.8594]}, "25": {"type": "H", "Isotropic": 28.0091, "Anisotropy": 6.558, "tensor": [], "eigenvalues": [23.1461, 28.5002, 32.3811]}, "26": {"type": "H", "Isotropic": 27.6095, "Anisotropy": 5.8822, "tensor": [], "eigenvalues": [24.4588, 26.8388, 31.531]}, "27": {"type": "H", "Isotropic": 28.1745, "Anisotropy": 8.0369, "tensor": [], "eigenvalues": [24.3057, 26.6853, 33.5324]}, "28": {"type": "H", "Isotropic": 28.0924, "Anisotropy": 7.5615, "tensor": [], "eigenvalues": [25.2641, 25.8797, 33.1333]}, "29": {"type": "H", "Isotropic": 27.7331, "Anisotropy": 8.2038, "tensor": [], "eigenvalues": [24.3155, 25.6815, 33.2023]}, "30": {"type": "H", "Isotropic": 28.0396, "Anisotropy": 8.6427, "tensor": [], "eigenvalues": [23.7166, 26.6008, 33.8014]}, "31": {"type": "H", "Isotropic": 28.2976, "Anisotropy": 9.7729, "tensor": [[29.8646, 3.0844, 1.8112], [6.4297, 29.7115, 0.6378], [1.7634, 0.2494, 25.3167]], "eigenvalues": [24.1154, 25.9646, 34.8129]}, "32": {"type": "H", "Isotropic": 27.8813, "Anisotropy": 7.3115, "tensor": [[26.992, 1.2739, 0.9411]], "eigenvalues": [23.9232, 26.965, 32.7556]}, "33": {"type": "H", "Isotropic": 28.4486, "Anisotropy": 10.4484, "tensor": [], "eigenvalues": [24.4497, 25.4819, 35.4142]}, "34": {"type": "N", "Isotropic": 92.4919, "Anisotropy": 76.6453, "tensor": [[64.8167, 4.9338, 12.9978], [10.4979, 106.6675, 37.1991], [6.3555, 33.4788, 105.9916]], "eigenvalues": [62.6541, 71.2329, 143.5888]}, "35": {"type": "S", "Isotropic": 167.4019, "Anisotropy": 268.6486, "tensor": [[5.7692, 9.9879, 9.8974]], "eigenvalues": [7.5157, 148.1891, 346.501]}, "36": {"type": "O", "Isotropic": 108.0448, "Anisotropy": 63.8909, "tensor": [[3.2563, 29.9676, 85.3607]], "eigenvalues": [65.7904, 107.7053, 150.6388]}, "37": {"type": "O", "Isotropic": 106.2375, "Anisotropy": 72.45, "tensor": [[41.475, 2.6249, 72.0003]], "eigenvalues": [57.1925, 106.9824, 154.5375]}, "38": {"type": "C", "Isotropic": 58.3756, "Anisotropy": 14.7083, "tensor": [[62.0139, 5.2672, 9.8563], [4.2114, 7.7429, 57.5123]], "eigenvalues": [49.4688, 57.4768, 68.1811]}, "39": {"type": "F", "Isotropic": 267.7555, "Anisotropy": 122.6137, "tensor": [[40.6717, 55.0991, 305.0876]], "eigenvalues": [196.1611, 257.6075, 349.498]}, "40": {"type": "F", "Isotropic": 259.4909, "Anisotropy": 128.7825, "tensor": [[3.2934, 21.6395, 201.7302]], "eigenvalues": [186.4705, 246.6563, 345.3459]}, "41": {"type": "F", "Isotropic": 259.5598, "Anisotropy": 123.9687, "tensor": [[19.6009, 8.9472, 204.215]], "eigenvalues": [192.3354, 244.1383, 342.2056]}, "42": {"type": "S", "Isotropic": 149.3261, "Anisotropy": 239.4431, "tensor": [], "eigenvalues": [4.5893, 134.4341, 308.9548]}, "43": {"type": "O", "Isotropic": 121.5447, "Anisotropy": 104.1704, "tensor": [[179.6472, 9.6595, 35.4955], [21.6094, 68.0994, 30.1746], [9.27, 18.3045, 116.8874]], "eigenvalues": [57.7899, 115.8525, 190.9916]}, "44": {"type": "O", "Isotropic": 103.484, "Anisotropy": 24.469, "tensor": [], "eigenvalues": [80.2793, 110.376, 119.7967]}, "45": {"type": "C", "Isotropic": 58.8522, "Anisotropy": 8.7662, "tensor": [[1.4151, 5.4248, 62.0398]], "eigenvalues": [49.8068, 62.0535, 64.6964]}, "46": {"type": "F", "Isotropic": 256.5522, "Anisotropy": 120.6947, "tensor": [[55.6092, 3.0728, 282.7157]], "eigenvalues": [187.212, 245.4292, 337.0153]}, "47": {"type": "F", "Isotropic": 256.0246, "Anisotropy": 134.0529, "tensor": [[2.0577, 80.6899, 262.4435]], "eigenvalues": [182.6075, 240.073, 345.3932]}, "48": {"type": "F", "Isotropic": 256.3392, "Anisotropy": 128.8628, "tensor": [[25.5525, 198.9125, 8.0376]], "eigenvalues": [186.7198, 240.0499, 342.2477]}}, "dipole_moment": {"X": 63.8212, "Y": 204.5783, "Z": 124.5049, "Tot": 247.8445}}}, "functional": "M062X", "basis": "Def2TZVP", "phase": "solution", "type": "nmr;scrf", "smiles": "[Mg].O(C)CCOC.O(C)CCOC.[N](S(=O)(=O)C(F)(F)F)S(=O)(=O)C(F)(F)F", "inchi": "InChI=1S/2C4H10O2.C2F6NO4S2.Mg/c2*1-5-3-4-6-2;3-1(4,5)14(10,11)9-15(12,13)2(6,7)8;/h2*3-4H2,1-2H3;;", "formula": "Mg1 H20 C10 S2 N1 O8 F6", "formula_pretty": "MgH20C10S2N(O4F3)2", "formula_anonymous": "ABC2D6E8F10G20", "formula_alphabetical": "C10 F6 H20 Mg1 N1 O8 S2", "chemsys": "C-F-H-Mg-N-O-S", "nsites": 48, "nelements": 7, "is_ordered": true, "is_valid": true, "gauss_version": "ES64L-G16RevC.01", "tag": "oplsd_6", "wall_time (s)": 1941.8835286060348, "version": "0.0.1", "last_updated": "2021-05-16T17:28:28.841512", "_id": null}