{"input": {"molecule": {"charge": 0, "spin_multiplicity": 1, "sites": [{"name": "Mg", "species": [{"element": "Mg", "occu": 1}], "xyz": [15.02975, 12.084487, 33.06933], "properties": {}}, {"name": "O", "species": [{"element": "O", "occu": 1}], "xyz": [15.668451, 11.464617, 31.177907], "properties": {}}, {"name": "C", "species": [{"element": "C", "occu": 1}], "xyz": [14.715377, 10.987029, 30.224502], "properties": {}}, {"name": "C", "species": [{"element": "C", "occu": 1}], "xyz": [16.516458, 12.46473, 30.606291], "properties": {}}, {"name": "C", "species": [{"element": "C", "occu": 1}], "xyz": [17.484458, 12.91535, 31.667613], "properties": {}}, {"name": "O", "species": [{"element": "O", "occu": 1}], "xyz": [16.735094, 13.199112, 32.850813], "properties": {}}, {"name": "C", "species": [{"element": "C", "occu": 1}], "xyz": [17.474989, 13.964115, 33.803752], "properties": {}}, {"name": "H", "species": [{"element": "H", "occu": 1}], "xyz": [15.241363, 10.524065, 29.388238], "properties": {}}, {"name": "H", "species": [{"element": "H", "occu": 1}], "xyz": [14.101119, 11.815651, 29.863028], "properties": {}}, {"name": "H", "species": [{"element": "H", "occu": 1}], "xyz": [15.895595, 13.29492, 30.256751], "properties": {}}, {"name": "H", "species": [{"element": "H", "occu": 1}], "xyz": [17.060946, 12.04535, 29.7575], "properties": {}}, {"name": "H", "species": [{"element": "H", "occu": 1}], "xyz": [17.997813, 13.818764, 31.33094], "properties": {}}, {"name": "H", "species": [{"element": "H", "occu": 1}], "xyz": [18.227574, 12.145846, 31.893489], "properties": {}}, {"name": "H", "species": [{"element": "H", "occu": 1}], "xyz": [18.370356, 13.417546, 34.108651], "properties": {}}, {"name": "H", "species": [{"element": "H", "occu": 1}], "xyz": [16.835978, 14.134945, 34.663849], "properties": {}}, {"name": "H", "species": [{"element": "H", "occu": 1}], "xyz": [17.761789, 14.916676, 33.35564], "properties": {}}, {"name": "H", "species": [{"element": "H", "occu": 1}], "xyz": [14.087671, 10.251601, 30.720416], "properties": {}}, {"name": "O", "species": [{"element": "O", "occu": 1}], "xyz": [15.953042, 10.410624, 33.886763], "properties": {}}, {"name": "C", "species": [{"element": "C", "occu": 1}], "xyz": [17.368707, 10.238428, 33.868424], "properties": {}}, {"name": "C", "species": [{"element": "C", "occu": 1}], "xyz": [15.249739, 9.236396, 33.481085], "properties": {}}, {"name": "C", "species": [{"element": "C", "occu": 1}], "xyz": [13.792348, 9.492992, 33.749019], "properties": {}}, {"name": "O", "species": [{"element": "O", "occu": 1}], "xyz": [13.460856, 10.745697, 33.14467], "properties": {}}, {"name": "C", "species": [{"element": "C", "occu": 1}], "xyz": [12.118063, 11.141472, 33.434309], "properties": {}}, {"name": "H", "species": [{"element": "H", "occu": 1}], "xyz": [17.643675, 9.417112, 34.53024], "properties": {}}, {"name": "H", "species": [{"element": "H", "occu": 1}], "xyz": [17.814928, 11.15827, 34.238531], "properties": {}}, {"name": "H", "species": [{"element": "H", "occu": 1}], "xyz": [15.59017, 8.378534, 34.06446], "properties": {}}, {"name": "H", "species": [{"element": "H", "occu": 1}], "xyz": [15.444049, 9.049616, 32.419833], "properties": {}}, {"name": "H", "species": [{"element": "H", "occu": 1}], "xyz": [13.604126, 9.558891, 34.823537], "properties": {}}, {"name": "H", "species": [{"element": "H", "occu": 1}], "xyz": [13.177228, 8.700303, 33.31733], "properties": {}}, {"name": "H", "species": [{"element": "H", "occu": 1}], "xyz": [11.993914, 11.276092, 34.510928], "properties": {}}, {"name": "H", "species": [{"element": "H", "occu": 1}], "xyz": [11.429342, 10.375882, 33.073872], "properties": {}}, {"name": "H", "species": [{"element": "H", "occu": 1}], "xyz": [11.929125, 12.078107, 32.918315], "properties": {}}, {"name": "H", "species": [{"element": "H", "occu": 1}], "xyz": [17.706652, 10.02486, 32.850784], "properties": {}}, {"name": "N", "species": [{"element": "N", "occu": 1}], "xyz": [16.389362, 12.236476, 36.408512], "properties": {}}, {"name": "S", "species": [{"element": "S", "occu": 1}], "xyz": [17.155606, 11.51407, 37.599574], "properties": {}}, {"name": "O", "species": [{"element": "O", "occu": 1}], "xyz": [16.342172, 11.161618, 38.720776], "properties": {}}, {"name": "O", "species": [{"element": "O", "occu": 1}], "xyz": [18.09312, 10.5676, 37.082192], "properties": {}}, {"name": "C", "species": [{"element": "C", "occu": 1}], "xyz": [18.19278, 12.92839, 38.158214], "properties": {}}, {"name": "F", "species": [{"element": "F", "occu": 1}], "xyz": [18.971996, 12.528251, 39.152746], "properties": {}}, {"name": "F", "species": [{"element": "F", "occu": 1}], "xyz": [17.430878, 13.925885, 38.584328], "properties": {}}, {"name": "F", "species": [{"element": "F", "occu": 1}], "xyz": [18.956132, 13.369368, 37.167045], "properties": {}}, {"name": "S", "species": [{"element": "S", "occu": 1}], "xyz": [14.853722, 12.362423, 36.237421], "properties": {}}, {"name": "O", "species": [{"element": "O", "occu": 1}], "xyz": [14.043613, 11.281541, 36.69816], "properties": {}}, {"name": "O", "species": [{"element": "O", "occu": 1}], "xyz": [14.607449, 12.842928, 34.881151], "properties": {}}, {"name": "C", "species": [{"element": "C", "occu": 1}], "xyz": [14.332254, 13.836964, 37.21184], "properties": {}}, {"name": "F", "species": [{"element": "F", "occu": 1}], "xyz": [15.040105, 14.894661, 36.844114], "properties": {}}, {"name": "F", "species": [{"element": "F", "occu": 1}], "xyz": [13.049615, 14.07635, 36.99054], "properties": {}}, {"name": "F", "species": [{"element": "F", "occu": 1}], "xyz": [14.517032, 13.61716, 38.501744], "properties": {}}, {"name": "N", "species": [{"element": "N", "occu": 1}], "xyz": [13.533473, 14.65839, 30.088829], "properties": {}}, {"name": "S", "species": [{"element": "S", "occu": 1}], "xyz": [12.709942, 15.537063, 29.049567], "properties": {}}, {"name": "O", "species": [{"element": "O", "occu": 1}], "xyz": [12.080877, 16.69478, 29.601498], "properties": {}}, {"name": "O", "species": [{"element": "O", "occu": 1}], "xyz": [13.468823, 15.644067, 27.845231], "properties": {}}, {"name": "C", "species": [{"element": "C", "occu": 1}], "xyz": [11.332325, 14.389656, 28.629038], "properties": {}}, {"name": "F", "species": [{"element": "F", "occu": 1}], "xyz": [10.62314, 14.095939, 29.709913], "properties": {}}, {"name": "F", "species": [{"element": "F", "occu": 1}], "xyz": [11.805026, 13.261931, 28.113277], "properties": {}}, {"name": "F", "species": [{"element": "F", "occu": 1}], "xyz": [10.53828, 14.966179, 27.737892], "properties": {}}, {"name": "S", "species": [{"element": "S", "occu": 1}], "xyz": [13.379301, 14.699698, 31.636059], "properties": {}}, {"name": "O", "species": [{"element": "O", "occu": 1}], "xyz": [13.876431, 13.431486, 32.14301], "properties": {}}, {"name": "O", "species": [{"element": "O", "occu": 1}], "xyz": [12.156647, 15.171083, 32.194395], "properties": {}}, {"name": "C", "species": [{"element": "C", "occu": 1}], "xyz": [14.674387, 15.891162, 32.18842], "properties": {}}, {"name": "F", "species": [{"element": "F", "occu": 1}], "xyz": [14.304005, 17.124059, 31.893171], "properties": {}}, {"name": "F", "species": [{"element": "F", "occu": 1}], "xyz": [14.837791, 15.783579, 33.498793], "properties": {}}, {"name": "F", "species": [{"element": "F", "occu": 1}], "xyz": [15.82996, 15.635284, 31.589051], "properties": {}}]}, "functional": "M062X", "basis_set": "Def2TZVP", "route_parameters": {"NMR": "GIAO", "iop(7/33=1)": null, "int": "ultrafine", "NoSymmetry": null, "EmpiricalDispersion": "GD3", "test": null, "SCRF": "(SMD, Solvent=TetraHydroFuran)"}, "title": "Mg1 H20 C12 S4 N2 O12 F12", "charge": 0, "spin_multiplicity": 1, "input_parameters": {}, "link0_parameters": {"%chk": "checkpoint.chk", "%mem": "100GB", "%NProcShared": "24"}, "dieze_tag": "#P", "nbasisfunctions": 1478, "pcm_parameters": {}}, "output": {"has_gaussian_completed": true, "is_pcm": true, "errors": [], "Mulliken_charges": {"1": ["Mg", 0.864406], "2": ["O", -0.32127], "3": ["C", -0.285008], "4": ["C", -0.151806], "5": ["C", -0.18751], "6": ["O", -0.351494], "7": ["C", -0.317661], "8": ["H", 0.183043], "9": ["H", 0.18165], "10": ["H", 0.205872], "11": ["H", 0.193149], "12": ["H", 0.213272], "13": ["H", 0.208234], "14": ["H", 0.193588], "15": ["H", 0.169114], "16": ["H", 0.196273], "17": ["H", 0.173994], "18": ["O", -0.323746], "19": ["C", -0.328911], "20": ["C", -0.192694], "21": ["C", -0.152151], "22": ["O", -0.340641], "23": ["C", -0.274783], "24": ["H", 0.197125], "25": ["H", 0.16628], "26": ["H", 0.196032], "27": ["H", 0.211443], "28": ["H", 0.209717], "29": ["H", 0.196435], "30": ["H", 0.183201], "31": ["H", 0.176243], "32": ["H", 0.161156], "33": ["H", 0.19306], "34": ["N", -0.46415], "35": ["S", 0.82468], "36": ["O", -0.461993], "37": ["O", -0.480768], "38": ["C", 0.433632], "39": ["F", -0.156044], "40": ["F", -0.15911], "41": ["F", -0.161746], "42": ["S", 0.906085], "43": ["O", -0.463979], "44": ["O", -0.528036], "45": ["C", 0.461585], "46": ["F", -0.158962], "47": ["F", -0.153469], "48": ["F", -0.147185], "49": ["N", -0.472854], "50": ["S", 0.821588], "51": ["O", -0.460247], "52": ["O", -0.480045], "53": ["C", 0.421245], "54": ["F", -0.160135], "55": ["F", -0.164701], "56": ["F", -0.157019], "57": ["S", 0.831029], "58": ["O", -0.48239], "59": ["O", -0.451594], "60": ["C", 0.470441], "61": ["F", -0.143138], "62": ["F", -0.150651], "63": ["F", -0.157678]}, "output": {"energies": [-4472.72701065], "final_energy": -4472.72701065, "final_energy_per_atom": -70.99566683571429, "molecule": {"charge": 0.0, "spin_multiplicity": 1, "sites": [{"name": "Mg", "species": [{"element": "Mg", "occu": 1}], "xyz": [15.02975, 12.084487, 33.06933], "properties": {}}, {"name": "O", "species": [{"element": "O", "occu": 1}], "xyz": [15.668451, 11.464617, 31.177907], "properties": {}}, {"name": "C", "species": [{"element": "C", "occu": 1}], "xyz": [14.715377, 10.987029, 30.224502], "properties": {}}, {"name": "C", "species": [{"element": "C", "occu": 1}], "xyz": [16.516458, 12.46473, 30.606291], "properties": {}}, {"name": "C", "species": [{"element": "C", "occu": 1}], "xyz": [17.484458, 12.91535, 31.667613], "properties": {}}, {"name": "O", "species": [{"element": "O", "occu": 1}], "xyz": [16.735094, 13.199112, 32.850813], "properties": {}}, {"name": "C", "species": [{"element": "C", "occu": 1}], "xyz": [17.474989, 13.964115, 33.803752], "properties": {}}, {"name": "H", "species": [{"element": "H", "occu": 1}], "xyz": [15.241363, 10.524065, 29.388238], "properties": {}}, {"name": "H", "species": [{"element": "H", "occu": 1}], "xyz": [14.101119, 11.815651, 29.863028], "properties": {}}, {"name": "H", "species": [{"element": "H", "occu": 1}], "xyz": [15.895595, 13.29492, 30.256751], "properties": {}}, {"name": "H", "species": [{"element": "H", "occu": 1}], "xyz": [17.060946, 12.04535, 29.7575], "properties": {}}, {"name": "H", "species": [{"element": "H", "occu": 1}], "xyz": [17.997813, 13.818764, 31.33094], "properties": {}}, {"name": "H", "species": [{"element": "H", "occu": 1}], "xyz": [18.227574, 12.145846, 31.893489], "properties": {}}, {"name": "H", "species": [{"element": "H", "occu": 1}], "xyz": [18.370356, 13.417546, 34.108651], "properties": {}}, {"name": "H", "species": [{"element": "H", "occu": 1}], "xyz": [16.835978, 14.134945, 34.663849], "properties": {}}, {"name": "H", "species": [{"element": "H", "occu": 1}], "xyz": [17.761789, 14.916676, 33.35564], "properties": {}}, {"name": "H", "species": [{"element": "H", "occu": 1}], "xyz": [14.087671, 10.251601, 30.720416], "properties": {}}, {"name": "O", "species": [{"element": "O", "occu": 1}], "xyz": [15.953042, 10.410624, 33.886763], "properties": {}}, {"name": "C", "species": [{"element": "C", "occu": 1}], "xyz": [17.368707, 10.238428, 33.868424], "properties": {}}, {"name": "C", "species": [{"element": "C", "occu": 1}], "xyz": [15.249739, 9.236396, 33.481085], "properties": {}}, {"name": "C", "species": [{"element": "C", "occu": 1}], "xyz": [13.792348, 9.492992, 33.749019], "properties": {}}, {"name": "O", "species": [{"element": "O", "occu": 1}], "xyz": [13.460856, 10.745697, 33.14467], "properties": {}}, {"name": "C", "species": [{"element": "C", "occu": 1}], "xyz": [12.118063, 11.141472, 33.434309], "properties": {}}, {"name": "H", "species": [{"element": "H", "occu": 1}], "xyz": [17.643675, 9.417112, 34.53024], "properties": {}}, {"name": "H", "species": [{"element": "H", "occu": 1}], "xyz": [17.814928, 11.15827, 34.238531], "properties": {}}, {"name": "H", "species": [{"element": "H", "occu": 1}], "xyz": [15.59017, 8.378534, 34.06446], "properties": {}}, {"name": "H", "species": [{"element": "H", "occu": 1}], "xyz": [15.444049, 9.049616, 32.419833], "properties": {}}, {"name": "H", "species": [{"element": "H", "occu": 1}], "xyz": [13.604126, 9.558891, 34.823537], "properties": {}}, {"name": "H", "species": [{"element": "H", "occu": 1}], "xyz": [13.177228, 8.700303, 33.31733], "properties": {}}, {"name": "H", "species": [{"element": "H", "occu": 1}], "xyz": [11.993914, 11.276092, 34.510928], "properties": {}}, {"name": "H", "species": [{"element": "H", "occu": 1}], "xyz": [11.429342, 10.375882, 33.073872], "properties": {}}, {"name": "H", "species": [{"element": "H", "occu": 1}], "xyz": [11.929125, 12.078107, 32.918315], "properties": {}}, {"name": "H", "species": [{"element": "H", "occu": 1}], "xyz": [17.706652, 10.02486, 32.850784], "properties": {}}, {"name": "N", "species": [{"element": "N", "occu": 1}], "xyz": [16.389362, 12.236476, 36.408512], "properties": {}}, {"name": "S", "species": [{"element": "S", "occu": 1}], "xyz": [17.155606, 11.51407, 37.599574], "properties": {}}, {"name": "O", "species": [{"element": "O", "occu": 1}], "xyz": [16.342172, 11.161618, 38.720776], "properties": {}}, {"name": "O", "species": [{"element": "O", "occu": 1}], "xyz": [18.09312, 10.5676, 37.082192], "properties": {}}, {"name": "C", "species": [{"element": "C", "occu": 1}], "xyz": [18.19278, 12.92839, 38.158214], "properties": {}}, {"name": "F", "species": [{"element": "F", "occu": 1}], "xyz": [18.971996, 12.528251, 39.152746], "properties": {}}, {"name": "F", "species": [{"element": "F", "occu": 1}], "xyz": [17.430878, 13.925885, 38.584328], "properties": {}}, {"name": "F", "species": [{"element": "F", "occu": 1}], "xyz": [18.956132, 13.369368, 37.167045], "properties": {}}, {"name": "S", "species": [{"element": "S", "occu": 1}], "xyz": [14.853722, 12.362423, 36.237421], "properties": {}}, {"name": "O", "species": [{"element": "O", "occu": 1}], "xyz": [14.043613, 11.281541, 36.69816], "properties": {}}, {"name": "O", "species": [{"element": "O", "occu": 1}], "xyz": [14.607449, 12.842928, 34.881151], "properties": {}}, {"name": "C", "species": [{"element": "C", "occu": 1}], "xyz": [14.332254, 13.836964, 37.21184], "properties": {}}, {"name": "F", "species": [{"element": "F", "occu": 1}], "xyz": [15.040105, 14.894661, 36.844114], "properties": {}}, {"name": "F", "species": [{"element": "F", "occu": 1}], "xyz": [13.049615, 14.07635, 36.99054], "properties": {}}, {"name": "F", "species": [{"element": "F", "occu": 1}], "xyz": [14.517032, 13.61716, 38.501744], "properties": {}}, {"name": "N", "species": [{"element": "N", "occu": 1}], "xyz": [13.533473, 14.65839, 30.088829], "properties": {}}, {"name": "S", "species": [{"element": "S", "occu": 1}], "xyz": [12.709942, 15.537063, 29.049567], "properties": {}}, {"name": "O", "species": [{"element": "O", "occu": 1}], "xyz": [12.080877, 16.69478, 29.601498], "properties": {}}, {"name": "O", "species": [{"element": "O", "occu": 1}], "xyz": [13.468823, 15.644067, 27.845231], "properties": {}}, {"name": "C", "species": [{"element": "C", "occu": 1}], "xyz": [11.332325, 14.389656, 28.629038], "properties": {}}, {"name": "F", "species": [{"element": "F", "occu": 1}], "xyz": [10.62314, 14.095939, 29.709913], "properties": {}}, {"name": "F", "species": [{"element": "F", "occu": 1}], "xyz": [11.805026, 13.261931, 28.113277], "properties": {}}, {"name": "F", "species": [{"element": "F", "occu": 1}], "xyz": [10.53828, 14.966179, 27.737892], "properties": {}}, {"name": "S", "species": [{"element": "S", "occu": 1}], "xyz": [13.379301, 14.699698, 31.636059], "properties": {}}, {"name": "O", "species": [{"element": "O", "occu": 1}], "xyz": [13.876431, 13.431486, 32.14301], "properties": {}}, {"name": "O", "species": [{"element": "O", "occu": 1}], "xyz": [12.156647, 15.171083, 32.194395], "properties": {}}, {"name": "C", "species": [{"element": "C", "occu": 1}], "xyz": [14.674387, 15.891162, 32.18842], "properties": {}}, {"name": "F", "species": [{"element": "F", "occu": 1}], "xyz": [14.304005, 17.124059, 31.893171], "properties": {}}, {"name": "F", "species": [{"element": "F", "occu": 1}], "xyz": [14.837791, 15.783579, 33.498793], "properties": {}}, {"name": "F", "species": [{"element": "F", "occu": 1}], "xyz": [15.82996, 15.635284, 31.589051], "properties": {}}]}, "stationary_type": "Minimum", "corrections": {}, "tensor": {"1": {"type": "Mg", "Isotropic": 569.5305, "Anisotropy": 14.1055, "tensor": [], "eigenvalues": [563.2176, 566.4398, 578.9342]}, "2": {"type": "O", "Isotropic": 320.4043, "Anisotropy": 42.049, "tensor": [[313.3415, 9.1357, 8.8775]], "eigenvalues": [291.1488, 321.6272, 348.437]}, "3": {"type": "C", "Isotropic": 122.786, "Anisotropy": 92.1862, "tensor": [[131.4787, 24.9531, 37.4518], [22.4223, 107.4575, 22.8115], [42.2658, 22.2648, 129.4217]], "eigenvalues": [90.5347, 93.5798, 184.2434]}, "4": {"type": "C", "Isotropic": 112.5272, "Anisotropy": 72.9518, "tensor": [], "eigenvalues": [80.402, 96.0179, 161.1618]}, "5": {"type": "C", "Isotropic": 113.835, "Anisotropy": 67.7542, "tensor": [[4.2201, 93.3363, 13.3264]], "eigenvalues": [84.2918, 98.2088, 159.0045]}, "6": {"type": "O", "Isotropic": 312.0584, "Anisotropy": 40.2314, "tensor": [[0.5423, 276.4514, 3.9603]], "eigenvalues": [274.6981, 322.5978, 338.8794]}, "7": {"type": "C", "Isotropic": 121.3573, "Anisotropy": 87.3893, "tensor": [[106.778, 23.5622, 29.5987], [26.9438, 119.0496, 32.1583], [24.3449, 29.7902, 138.2443]], "eigenvalues": [86.7059, 97.7492, 179.6168]}, "8": {"type": "H", "Isotropic": 28.5762, "Anisotropy": 10.3322, "tensor": [[25.2608, 0.5058, 2.4572]], "eigenvalues": [24.6064, 25.6579, 35.4643]}, "9": {"type": "H", "Isotropic": 28.2183, "Anisotropy": 8.4685, "tensor": [], "eigenvalues": [23.0818, 27.7092, 33.864]}, "10": {"type": "H", "Isotropic": 27.7656, "Anisotropy": 6.2554, "tensor": [], "eigenvalues": [25.311, 26.05, 31.9359]}, "11": {"type": "H", "Isotropic": 28.3016, "Anisotropy": 8.4581, "tensor": [[1.1527, 25.6421, 0.2339]], "eigenvalues": [24.5371, 26.4274, 33.9403]}, "12": {"type": "H", "Isotropic": 28.4607, "Anisotropy": 7.0192, "tensor": [], "eigenvalues": [25.8734, 26.3684, 33.1402]}, "13": {"type": "H", "Isotropic": 27.8378, "Anisotropy": 7.3171, "tensor": [], "eigenvalues": [24.7161, 26.0814, 32.7159]}, "14": {"type": "H", "Isotropic": 27.9596, "Anisotropy": 9.6037, "tensor": [[29.6847, 0.9982, 3.8025], [2.7615, 24.5038, 0.3561]], "eigenvalues": [23.2306, 26.2863, 34.3621]}, "15": {"type": "H", "Isotropic": 27.4941, "Anisotropy": 8.7648, "tensor": [[24.0672, 1.5534, 0.6451], [1.6532, 25.345, 1.9935]], "eigenvalues": [22.8867, 26.2584, 33.3373]}, "16": {"type": "H", "Isotropic": 28.0964, "Anisotropy": 8.0256, "tensor": [[27.262, 3.6048, 1.4492], [3.432, 1.4055, 26.258]], "eigenvalues": [23.6096, 27.2329, 33.4468]}, "17": {"type": "H", "Isotropic": 28.1043, "Anisotropy": 6.2153, "tensor": [[27.125, 3.8954, 0.0137], [3.4769, 27.7908, 0.1383], [2.3672, 2.4591, 29.3972]], "eigenvalues": [23.7567, 28.3084, 32.2478]}, "18": {"type": "O", "Isotropic": 330.2504, "Anisotropy": 45.657, "tensor": [[6.9414, 329.8389, 9.757]], "eigenvalues": [294.8758, 335.1869, 360.6884]}, "19": {"type": "C", "Isotropic": 121.3719, "Anisotropy": 85.562, "tensor": [], "eigenvalues": [90.82, 94.8824, 178.4132]}, "20": {"type": "C", "Isotropic": 111.115, "Anisotropy": 73.345, "tensor": [[120.0474, 25.3006, 12.5522], [33.884, 129.2873, 20.8639], [13.0819, 10.4944, 84.0104]], "eigenvalues": [78.6048, 94.7286, 160.0117]}, "21": {"type": "C", "Isotropic": 112.0325, "Anisotropy": 70.1747, "tensor": [], "eigenvalues": [81.6823, 95.5996, 158.8157]}, "22": {"type": "O", "Isotropic": 321.9759, "Anisotropy": 48.2639, "tensor": [], "eigenvalues": [287.1377, 324.6383, 354.1519]}, "23": {"type": "C", "Isotropic": 123.3739, "Anisotropy": 91.2459, "tensor": [], "eigenvalues": [92.6553, 93.2619, 184.2045]}, "24": {"type": "H", "Isotropic": 28.3138, "Anisotropy": 9.2244, "tensor": [], "eigenvalues": [23.881, 26.597, 34.4634]}, "25": {"type": "H", "Isotropic": 27.8398, "Anisotropy": 4.9699, "tensor": [[29.95, 2.9478, 2.2688], [1.6027, 0.0313, 27.3782]], "eigenvalues": [25.31, 27.0563, 31.1531]}, "26": {"type": "H", "Isotropic": 28.6489, "Anisotropy": 8.1853, "tensor": [[26.765, 0.8853, 0.0251]], "eigenvalues": [25.0396, 26.8014, 34.1058]}, "27": {"type": "H", "Isotropic": 28.1636, "Anisotropy": 6.9462, "tensor": [[25.277, 0.7909, 1.005]], "eigenvalues": [25.2259, 26.4705, 32.7944]}, "28": {"type": "H", "Isotropic": 27.7912, "Anisotropy": 6.0474, "tensor": [[25.1264, 0.0713, 0.3581]], "eigenvalues": [24.9283, 26.6224, 31.8228]}, "29": {"type": "H", "Isotropic": 28.1804, "Anisotropy": 8.78, "tensor": [[27.0443, 1.3021, 1.2773], [4.0687, 32.9787, 0.1019]], "eigenvalues": [23.9649, 26.5427, 34.0338]}, "30": {"type": "H", "Isotropic": 28.7712, "Anisotropy": 6.8996, "tensor": [], "eigenvalues": [24.9335, 28.0091, 33.371]}, "31": {"type": "H", "Isotropic": 28.4777, "Anisotropy": 10.0755, "tensor": [[34.4125, 3.6279, 1.7435], [0.9354, 25.9468, 0.4575], [1.085, 0.149, 25.0738]], "eigenvalues": [24.8622, 25.3763, 35.1948]}, "32": {"type": "H", "Isotropic": 27.9145, "Anisotropy": 7.4256, "tensor": [], "eigenvalues": [22.4304, 28.4482, 32.8649]}, "33": {"type": "H", "Isotropic": 28.5118, "Anisotropy": 7.6336, "tensor": [], "eigenvalues": [24.1384, 27.796, 33.6009]}, "34": {"type": "N", "Isotropic": 91.9729, "Anisotropy": 62.68, "tensor": [], "eigenvalues": [58.7829, 83.3763, 133.7596]}, "35": {"type": "S", "Isotropic": 164.3025, "Anisotropy": 264.6806, "tensor": [], "eigenvalues": [4.9632, 147.188, 340.7562]}, "36": {"type": "O", "Isotropic": 120.8237, "Anisotropy": 100.2783, "tensor": [], "eigenvalues": [58.9807, 115.8144, 187.6759]}, "37": {"type": "O", "Isotropic": 104.6244, "Anisotropy": 62.2373, "tensor": [], "eigenvalues": [62.7696, 104.9878, 146.116]}, "38": {"type": "C", "Isotropic": 58.1442, "Anisotropy": 10.6456, "tensor": [], "eigenvalues": [50.7454, 58.4459, 65.2412]}, "39": {"type": "F", "Isotropic": 273.1302, "Anisotropy": 124.581, "tensor": [], "eigenvalues": [197.1716, 266.0349, 356.1842]}, "40": {"type": "F", "Isotropic": 266.1527, "Anisotropy": 123.1938, "tensor": [], "eigenvalues": [190.9642, 259.2119, 348.2819]}, "41": {"type": "F", "Isotropic": 264.0465, "Anisotropy": 130.0949, "tensor": [], "eigenvalues": [187.7268, 253.6362, 350.7764]}, "42": {"type": "S", "Isotropic": 163.6365, "Anisotropy": 195.8827, "tensor": [], "eigenvalues": [24.631, 172.0536, 294.225]}, "43": {"type": "O", "Isotropic": 107.18, "Anisotropy": 58.0457, "tensor": [[124.0044, 35.2958, 7.3798]], "eigenvalues": [63.4074, 112.2555, 145.8771]}, "44": {"type": "O", "Isotropic": 126.9418, "Anisotropy": 109.0223, "tensor": [[107.8868, 12.6743, 15.1159]], "eigenvalues": [68.5101, 112.6921, 199.6234]}, "45": {"type": "C", "Isotropic": 55.3293, "Anisotropy": 11.9622, "tensor": [], "eigenvalues": [50.5139, 52.17, 63.3041]}, "46": {"type": "F", "Isotropic": 261.5655, "Anisotropy": 125.2316, "tensor": [[259.5337, 52.9267, 10.0694]], "eigenvalues": [189.4916, 250.1516, 345.0532]}, "47": {"type": "F", "Isotropic": 266.335, "Anisotropy": 124.3527, "tensor": [], "eigenvalues": [189.5947, 260.1735, 349.2368]}, "48": {"type": "F", "Isotropic": 263.5574, "Anisotropy": 117.8816, "tensor": [[248.7616, 20.4663, 20.3244]], "eigenvalues": [193.6226, 254.9045, 342.1452]}, "49": {"type": "N", "Isotropic": 91.7539, "Anisotropy": 64.8688, "tensor": [], "eigenvalues": [67.2204, 73.0414, 134.9997]}, "50": {"type": "S", "Isotropic": 161.8836, "Anisotropy": 259.1974, "tensor": [], "eigenvalues": [5.9924, 144.9765, 334.6819]}, "51": {"type": "O", "Isotropic": 114.7092, "Anisotropy": 53.4595, "tensor": [], "eigenvalues": [90.5268, 103.252, 150.3489]}, "52": {"type": "O", "Isotropic": 114.633, "Anisotropy": 75.6394, "tensor": [], "eigenvalues": [68.673, 110.1667, 165.0593]}, "53": {"type": "C", "Isotropic": 58.7217, "Anisotropy": 7.7532, "tensor": [], "eigenvalues": [51.3934, 60.8812, 63.8905]}, "54": {"type": "F", "Isotropic": 263.4803, "Anisotropy": 128.8371, "tensor": [], "eigenvalues": [191.4967, 249.5724, 349.3717]}, "55": {"type": "F", "Isotropic": 266.3381, "Anisotropy": 135.0284, "tensor": [], "eigenvalues": [188.1528, 254.5046, 356.3571]}, "56": {"type": "F", "Isotropic": 272.2272, "Anisotropy": 126.2609, "tensor": [], "eigenvalues": [193.566, 266.7144, 356.4011]}, "57": {"type": "S", "Isotropic": 154.7139, "Anisotropy": 199.9124, "tensor": [], "eigenvalues": [28.4796, 147.6733, 287.9888]}, "58": {"type": "O", "Isotropic": 141.1659, "Anisotropy": 86.655, "tensor": [], "eigenvalues": [94.3459, 130.2158, 198.9359]}, "59": {"type": "O", "Isotropic": 110.9155, "Anisotropy": 39.0662, "tensor": [], "eigenvalues": [86.4291, 109.3577, 136.9596]}, "60": {"type": "C", "Isotropic": 56.2986, "Anisotropy": 7.0302, "tensor": [], "eigenvalues": [48.9106, 58.9998, 60.9854]}, "61": {"type": "F", "Isotropic": 267.6917, "Anisotropy": 122.6398, "tensor": [], "eigenvalues": [194.8191, 258.8044, 349.4516]}, "62": {"type": "F", "Isotropic": 262.783, "Anisotropy": 124.7153, "tensor": [], "eigenvalues": [183.3177, 259.1047, 345.9265]}, "63": {"type": "F", "Isotropic": 260.7275, "Anisotropy": 122.4469, "tensor": [], "eigenvalues": [188.6861, 251.1377, 342.3588]}}, "dipole_moment": {"X": 7.0222, "Y": -12.5592, "Z": -5.4047, "Tot": 15.3706}}}, "functional": "M062X", "basis": "Def2TZVP", "phase": "solution", "type": "nmr;scrf", "smiles": "[Mg](O[S@]([N]S(=O)(=O)C(F)(F)F)([O])C(F)(F)F)O[S@@]([N]S(=O)(=O)C(F)(F)F)([O])C(F)(F)F.O(C)CCOC.O(C)CCOC", "inchi": "InChI=1S/2C4H10O2.2C2HF6NO4S2.Mg/c2*1-5-3-4-6-2;2*3-1(4,5)14(10,11)9-15(12,13)2(6,7)8;/h2*3-4H2,1-2H3;2*10H;/q;;;;+2/p-2", "formula": "Mg1 H20 C12 S4 N2 O12 F12", "formula_pretty": "MgH20C12S4N2(OF)12", "formula_anonymous": "AB2C4D12E12F12G20", "formula_alphabetical": "C12 F12 H20 Mg1 N2 O12 S4", "chemsys": "C-F-H-Mg-N-O-S", "nsites": 63, "nelements": 7, "is_ordered": true, "is_valid": true, "gauss_version": "ES64L-G16RevC.01", "tag": "oplsd_5", "wall_time (s)": 3887.978192270035, "version": "0.0.1", "last_updated": "2021-05-19T02:35:36.287352", "_id": null}