{"input": {"molecule": {"charge": 2, "spin_multiplicity": 1, "sites": [{"name": "Mg", "species": [{"element": "Mg", "occu": 1}], "xyz": [0.765048, -1.37821, 0.364193], "properties": {}}, {"name": "H", "species": [{"element": "H", "occu": 1}], "xyz": [3.188589, -0.768692, 1.120172], "properties": {}}, {"name": "H", "species": [{"element": "H", "occu": 1}], "xyz": [1.3089, 1.191949, 0.48536], "properties": {}}, {"name": "H", "species": [{"element": "H", "occu": 1}], "xyz": [-1.690952, -2.084957, -0.261442], "properties": {}}, {"name": "H", "species": [{"element": "H", "occu": 1}], "xyz": [0.983401, -1.738415, 2.961928], "properties": {}}, {"name": "H", "species": [{"element": "H", "occu": 1}], "xyz": [1.707317, -3.813843, 0.588225], "properties": {}}, {"name": "H", "species": [{"element": "H", "occu": 1}], "xyz": [0.370927, -2.533471, -1.967676], "properties": {}}, {"name": "O", "species": [{"element": "O", "occu": 1}], "xyz": [0.831003, -1.741356, -1.660468], "properties": {}}, {"name": "H", "species": [{"element": "H", "occu": 1}], "xyz": [0.537304, -1.020065, -2.232296], "properties": {}}, {"name": "O", "species": [{"element": "O", "occu": 1}], "xyz": [0.845986, -3.403871, 0.743019], "properties": {}}, {"name": "H", "species": [{"element": "H", "occu": 1}], "xyz": [0.202658, -3.946009, 0.267778], "properties": {}}, {"name": "O", "species": [{"element": "O", "occu": 1}], "xyz": [0.710941, -1.008273, 2.390674], "properties": {}}, {"name": "H", "species": [{"element": "H", "occu": 1}], "xyz": [1.206522, -0.234403, 2.689376], "properties": {}}, {"name": "O", "species": [{"element": "O", "occu": 1}], "xyz": [-1.293025, -1.441136, 0.339303], "properties": {}}, {"name": "H", "species": [{"element": "H", "occu": 1}], "xyz": [-1.712086, -1.579781, 1.198969], "properties": {}}, {"name": "O", "species": [{"element": "O", "occu": 1}], "xyz": [0.688778, 0.648232, -0.018115], "properties": {}}, {"name": "H", "species": [{"element": "H", "occu": 1}], "xyz": [-0.179832, 1.055069, 0.099772], "properties": {}}, {"name": "O", "species": [{"element": "O", "occu": 1}], "xyz": [2.824758, -1.305808, 0.40376], "properties": {}}, {"name": "H", "species": [{"element": "H", "occu": 1}], "xyz": [3.24653, -0.991641, -0.407], "properties": {}}]}, "functional": "M062X", "basis_set": "Def2TZVP", "route_parameters": {"NMR": "GIAO", "iop(7/33=1)": null, "int": "ultrafine", "NoSymmetry": null, "EmpiricalDispersion": "GD3", "test": null, "SCRF": "(SMD, Solvent=Water)"}, "title": "Mg1 H12 O6", "charge": 2, "spin_multiplicity": 1, "input_parameters": {}, "link0_parameters": {"%chk": "checkpoint.chk", "%mem": "100GB", "%NProcShared": "24"}, "dieze_tag": "#P", "nbasisfunctions": 290, "pcm_parameters": {}}, "output": {"has_gaussian_completed": true, "is_pcm": true, "errors": [], "Mulliken_charges": {"1": ["Mg", 0.951701], "2": ["H", 0.419052], "3": ["H", 0.421008], "4": ["H", 0.420609], "5": ["H", 0.419966], "6": ["H", 0.419495], "7": ["H", 0.420509], "8": ["O", -0.664034], "9": ["H", 0.419491], "10": ["O", -0.665938], "11": ["H", 0.420326], "12": ["O", -0.667057], "13": ["H", 0.42054], "14": ["O", -0.664885], "15": ["H", 0.419793], "16": ["O", -0.665456], "17": ["H", 0.419418], "18": ["O", -0.66396], "19": ["H", 0.419422]}, "output": {"energies": [-658.635101068], "final_energy": -658.635101068, "final_energy_per_atom": -34.665005319368426, "molecule": {"charge": 0.0, "spin_multiplicity": 1, "sites": [{"name": "Mg", "species": [{"element": "Mg", "occu": 1}], "xyz": [0.765048, -1.37821, 0.364193], "properties": {}}, {"name": "H", "species": [{"element": "H", "occu": 1}], "xyz": [3.188589, -0.768692, 1.120172], "properties": {}}, {"name": "H", "species": [{"element": "H", "occu": 1}], "xyz": [1.3089, 1.191949, 0.48536], "properties": {}}, {"name": "H", "species": [{"element": "H", "occu": 1}], "xyz": [-1.690952, -2.084957, -0.261442], "properties": {}}, {"name": "H", "species": [{"element": "H", "occu": 1}], "xyz": [0.983401, -1.738415, 2.961928], "properties": {}}, {"name": "H", "species": [{"element": "H", "occu": 1}], "xyz": [1.707317, -3.813843, 0.588225], "properties": {}}, {"name": "H", "species": [{"element": "H", "occu": 1}], "xyz": [0.370927, -2.533471, -1.967676], "properties": {}}, {"name": "O", "species": [{"element": "O", "occu": 1}], "xyz": [0.831003, -1.741356, -1.660468], "properties": {}}, {"name": "H", "species": [{"element": "H", "occu": 1}], "xyz": [0.537304, -1.020065, -2.232296], "properties": {}}, {"name": "O", "species": [{"element": "O", "occu": 1}], "xyz": [0.845986, -3.403871, 0.743019], "properties": {}}, {"name": "H", "species": [{"element": "H", "occu": 1}], "xyz": [0.202658, -3.946009, 0.267778], "properties": {}}, {"name": "O", "species": [{"element": "O", "occu": 1}], "xyz": [0.710941, -1.008273, 2.390674], "properties": {}}, {"name": "H", "species": [{"element": "H", "occu": 1}], "xyz": [1.206522, -0.234403, 2.689376], "properties": {}}, {"name": "O", "species": [{"element": "O", "occu": 1}], "xyz": [-1.293025, -1.441136, 0.339303], "properties": {}}, {"name": "H", "species": [{"element": "H", "occu": 1}], "xyz": [-1.712086, -1.579781, 1.198969], "properties": {}}, {"name": "O", "species": [{"element": "O", "occu": 1}], "xyz": [0.688778, 0.648232, -0.018115], "properties": {}}, {"name": "H", "species": [{"element": "H", "occu": 1}], "xyz": [-0.179832, 1.055069, 0.099772], "properties": {}}, {"name": "O", "species": [{"element": "O", "occu": 1}], "xyz": [2.824758, -1.305808, 0.40376], "properties": {}}, {"name": "H", "species": [{"element": "H", "occu": 1}], "xyz": [3.24653, -0.991641, -0.407], "properties": {}}]}, "stationary_type": "Minimum", "corrections": {}, "tensor": {"1": {"type": "Mg", "Isotropic": 562.52, "Anisotropy": 0.9182, "tensor": [[0.528, 562.5086, 0.1637]], "eigenvalues": [561.7056, 562.7223, 563.1322]}, "2": {"type": "H", "Isotropic": 28.6649, "Anisotropy": 19.4477, "tensor": [[27.4429, 4.655, 5.9871], [4.5489, 25.7001, 8.3042], [5.2637, 7.4917, 32.8518]], "eigenvalues": [20.4397, 23.9249, 41.63]}, "3": {"type": "H", "Isotropic": 28.6739, "Anisotropy": 19.5586, "tensor": [[30.0771, 6.7892, 6.2304], [7.6101, 30.8347, 5.1931], [6.7871, 5.0019, 25.1097]], "eigenvalues": [20.624, 23.6846, 41.7129]}, "4": {"type": "H", "Isotropic": 28.6367, "Anisotropy": 19.7211, "tensor": [[27.9138, 6.0108, 5.5767], [5.732, 28.4214, 8.6966], [4.8996, 7.9673, 29.5749]], "eigenvalues": [20.5088, 23.6172, 41.7841]}, "5": {"type": "H", "Isotropic": 28.5114, "Anisotropy": 19.8621, "tensor": [], "eigenvalues": [20.2384, 23.5429, 41.7527]}, "6": {"type": "H", "Isotropic": 28.4982, "Anisotropy": 19.7804, "tensor": [], "eigenvalues": [20.1865, 23.623, 41.6851]}, "7": {"type": "H", "Isotropic": 28.6416, "Anisotropy": 19.7303, "tensor": [[24.1198, 7.6839, 3.054], [7.0045, 35.34, 5.3735], [3.2683, 6.1773, 26.465]], "eigenvalues": [20.4677, 23.6621, 41.7951]}, "8": {"type": "O", "Isotropic": 315.7842, "Anisotropy": 43.4065, "tensor": [[289.5389, 9.0227, 5.2263]], "eigenvalues": [286.2479, 316.3829, 344.7219]}, "9": {"type": "H", "Isotropic": 28.5277, "Anisotropy": 19.9087, "tensor": [], "eigenvalues": [20.1988, 23.5842, 41.8001]}, "10": {"type": "O", "Isotropic": 315.245, "Anisotropy": 41.9347, "tensor": [[340.2518, 2.4205, 11.7209], [1.0726, 315.2871, 5.6409], [12.0715, 3.5219, 290.1961]], "eigenvalues": [286.9218, 315.6118, 343.2015]}, "11": {"type": "H", "Isotropic": 28.6492, "Anisotropy": 19.6335, "tensor": [[30.6825, 7.0332, 6.0041], [7.8506, 30.7787, 4.888], [6.5452, 4.7158, 24.4862]], "eigenvalues": [20.5816, 23.6277, 41.7382]}, "12": {"type": "O", "Isotropic": 314.9095, "Anisotropy": 41.8298, "tensor": [[290.2456, 10.602, 4.6827]], "eigenvalues": [286.4322, 315.5004, 342.7961]}, "13": {"type": "H", "Isotropic": 28.6498, "Anisotropy": 19.5569, "tensor": [[24.8795, 8.0877, 3.1842], [7.4665, 34.6959, 5.1179], [3.4594, 5.913, 26.3739]], "eigenvalues": [20.5743, 23.6873, 41.6877]}, "14": {"type": "O", "Isotropic": 315.1207, "Anisotropy": 41.9002, "tensor": [[7.6998, 296.4691, 17.899]], "eigenvalues": [286.5127, 315.7953, 343.0542]}, "15": {"type": "H", "Isotropic": 28.5115, "Anisotropy": 19.7678, "tensor": [], "eigenvalues": [20.2072, 23.6374, 41.6901]}, "16": {"type": "O", "Isotropic": 315.0315, "Anisotropy": 42.5011, "tensor": [[339.2329, 2.2052, 13.8056], [0.8931, 315.1441, 5.5329], [14.7033, 3.3995, 290.7175]], "eigenvalues": [286.3088, 315.4201, 343.3656]}, "17": {"type": "H", "Isotropic": 28.531, "Anisotropy": 19.7898, "tensor": [], "eigenvalues": [20.2067, 23.6621, 41.7242]}, "18": {"type": "O", "Isotropic": 314.7898, "Anisotropy": 41.9445, "tensor": [[7.8837, 291.9506, 10.2235]], "eigenvalues": [286.4717, 315.1448, 342.7528]}, "19": {"type": "H", "Isotropic": 28.519, "Anisotropy": 19.757, "tensor": [], "eigenvalues": [20.3932, 23.4735, 41.6903]}}, "dipole_moment": {"X": 7.2466, "Y": -13.1498, "Z": 3.8255, "Tot": 15.494}}}, "functional": "M062X", "basis": "Def2TZVP", "phase": "solution", "type": "nmr;scrf", "smiles": "[Mg].O.O.O.O.O.O", "inchi": "InChI=1S/Mg.6H2O/h;6*1H2", "formula": "Mg1 H12 O6", "formula_pretty": "Mg(H2O)6", "formula_anonymous": "AB6C12", "formula_alphabetical": "H12 Mg1 O6", "chemsys": "H-Mg-O", "nsites": 19, "nelements": 3, "is_ordered": true, "is_valid": true, "gauss_version": "ES64L-G16RevC.01", "tag": "oplsd_ref", "wall_time (s)": 76.51334955519997, "version": "0.0.1", "last_updated": "2021-05-18T06:10:36.830187", "_id": null}