{"input": {"molecule": {"charge": 1, "spin_multiplicity": 1, "sites": [{"name": "Mg", "species": [{"element": "Mg", "occu": 1}], "xyz": [10.942224, 43.414288, 25.153951], "properties": {}}, {"name": "O", "species": [{"element": "O", "occu": 1}], "xyz": [9.803165, 42.108273, 26.322419], "properties": {}}, {"name": "C", "species": [{"element": "C", "occu": 1}], "xyz": [8.459985, 41.63894, 26.084278], "properties": {}}, {"name": "C", "species": [{"element": "C", "occu": 1}], "xyz": [10.108141, 42.316704, 27.716145], "properties": {}}, {"name": "C", "species": [{"element": "C", "occu": 1}], "xyz": [11.608175, 42.37136, 27.835495], "properties": {}}, {"name": "O", "species": [{"element": "O", "occu": 1}], "xyz": [12.077905, 43.349285, 26.88906], "properties": {}}, {"name": "C", "species": [{"element": "C", "occu": 1}], "xyz": [13.499637, 43.55235, 26.942889], "properties": {}}, {"name": "H", "species": [{"element": "H", "occu": 1}], "xyz": [8.300509, 40.712551, 26.635808], "properties": {}}, {"name": "H", "species": [{"element": "H", "occu": 1}], "xyz": [8.37446, 41.452542, 25.018969], "properties": {}}, {"name": "H", "species": [{"element": "H", "occu": 1}], "xyz": [9.719534, 41.48792, 28.308943], "properties": {}}, {"name": "H", "species": [{"element": "H", "occu": 1}], "xyz": [9.645291, 43.249969, 28.044428], "properties": {}}, {"name": "H", "species": [{"element": "H", "occu": 1}], "xyz": [12.057251, 41.403385, 27.597441], "properties": {}}, {"name": "H", "species": [{"element": "H", "occu": 1}], "xyz": [11.895147, 42.667407, 28.84616], "properties": {}}, {"name": "H", "species": [{"element": "H", "occu": 1}], "xyz": [14.021648, 42.64931, 26.620861], "properties": {}}, {"name": "H", "species": [{"element": "H", "occu": 1}], "xyz": [13.795077, 43.814784, 27.958723], "properties": {}}, {"name": "H", "species": [{"element": "H", "occu": 1}], "xyz": [13.72954, 44.376719, 26.276505], "properties": {}}, {"name": "H", "species": [{"element": "H", "occu": 1}], "xyz": [7.735828, 42.393342, 26.393572], "properties": {}}, {"name": "O", "species": [{"element": "O", "occu": 1}], "xyz": [11.895376, 41.899081, 24.134027], "properties": {}}, {"name": "C", "species": [{"element": "C", "occu": 1}], "xyz": [11.403396, 40.54725, 24.024066], "properties": {}}, {"name": "C", "species": [{"element": "C", "occu": 1}], "xyz": [12.5702, 42.361153, 22.947771], "properties": {}}, {"name": "C", "species": [{"element": "C", "occu": 1}], "xyz": [13.24358, 43.667914, 23.291999], "properties": {}}, {"name": "O", "species": [{"element": "O", "occu": 1}], "xyz": [12.298307, 44.471809, 24.023917], "properties": {}}, {"name": "C", "species": [{"element": "C", "occu": 1}], "xyz": [12.669558, 45.858937, 24.123201], "properties": {}}, {"name": "H", "species": [{"element": "H", "occu": 1}], "xyz": [10.672759, 40.483844, 23.217616], "properties": {}}, {"name": "H", "species": [{"element": "H", "occu": 1}], "xyz": [10.932807, 40.309074, 24.972286], "properties": {}}, {"name": "H", "species": [{"element": "H", "occu": 1}], "xyz": [11.837071, 42.484856, 22.149437], "properties": {}}, {"name": "H", "species": [{"element": "H", "occu": 1}], "xyz": [13.31871, 41.629857, 22.63898], "properties": {}}, {"name": "H", "species": [{"element": "H", "occu": 1}], "xyz": [13.538712, 44.183979, 22.377142], "properties": {}}, {"name": "H", "species": [{"element": "H", "occu": 1}], "xyz": [14.124695, 43.510281, 23.917869], "properties": {}}, {"name": "H", "species": [{"element": "H", "occu": 1}], "xyz": [12.591911, 46.327902, 23.142773], "properties": {}}, {"name": "H", "species": [{"element": "H", "occu": 1}], "xyz": [13.690362, 45.947075, 24.498283], "properties": {}}, {"name": "H", "species": [{"element": "H", "occu": 1}], "xyz": [11.977737, 46.32385, 24.817949], "properties": {}}, {"name": "H", "species": [{"element": "H", "occu": 1}], "xyz": [12.240331, 39.873572, 23.840531], "properties": {}}, {"name": "N", "species": [{"element": "N", "occu": 1}], "xyz": [9.157732, 44.018279, 23.880735], "properties": {}}, {"name": "S", "species": [{"element": "S", "occu": 1}], "xyz": [8.253991, 43.336419, 22.71722], "properties": {}}, {"name": "O", "species": [{"element": "O", "occu": 1}], "xyz": [8.675192, 41.968483, 22.597162], "properties": {}}, {"name": "O", "species": [{"element": "O", "occu": 1}], "xyz": [6.866483, 43.684374, 22.786373], "properties": {}}, {"name": "C", "species": [{"element": "C", "occu": 1}], "xyz": [8.920752, 44.171396, 21.177044], "properties": {}}, {"name": "F", "species": [{"element": "F", "occu": 1}], "xyz": [8.357644, 43.604176, 20.114447], "properties": {}}, {"name": "F", "species": [{"element": "F", "occu": 1}], "xyz": [10.246269, 44.023232, 21.10308], "properties": {}}, {"name": "F", "species": [{"element": "F", "occu": 1}], "xyz": [8.632247, 45.470631, 21.190046], "properties": {}}, {"name": "S", "species": [{"element": "S", "occu": 1}], "xyz": [8.690949, 45.100721, 24.957697], "properties": {}}, {"name": "O", "species": [{"element": "O", "occu": 1}], "xyz": [9.86171, 45.120678, 25.845221], "properties": {}}, {"name": "O", "species": [{"element": "O", "occu": 1}], "xyz": [7.390334, 44.954905, 25.528972], "properties": {}}, {"name": "C", "species": [{"element": "C", "occu": 1}], "xyz": [8.70058, 46.795934, 24.149026], "properties": {}}, {"name": "F", "species": [{"element": "F", "occu": 1}], "xyz": [7.638288, 46.923254, 23.366222], "properties": {}}, {"name": "F", "species": [{"element": "F", "occu": 1}], "xyz": [8.662556, 47.712424, 25.110366], "properties": {}}, {"name": "F", "species": [{"element": "F", "occu": 1}], "xyz": [9.810435, 46.952927, 23.430292], "properties": {}}]}, "functional": "B3LYP", "basis_set": "Def2TZVP", "route_parameters": {"NMR": "GIAO", "iop(7/33=1)": null, "int": "ultrafine", "SCRF": "(Solvent=TetraHydroFuran)", "EmpiricalDispersion": "GD3", "NoSymmetry": null, "test": null}, "title": "Mg1 H20 C10 S2 N1 O8 F6", "charge": 1, "spin_multiplicity": 1, "input_parameters": {}, "link0_parameters": {"%chk": "checkpoint.chk", "%mem": "100GB", "%NProcShared": "28"}, "dieze_tag": "#P", "nbasisfunctions": 1001, "pcm_parameters": {}}, "output": {"has_gaussian_completed": true, "is_pcm": true, "errors": [], "Mulliken_charges": {"1": ["Mg", 1.051105], "2": ["O", -0.389433], "3": ["C", -0.235404], "4": ["C", -0.017978], "5": ["C", -0.022697], "6": ["O", -0.3431], "7": ["C", -0.202578], "8": ["H", 0.153559], "9": ["H", 0.154186], "10": ["H", 0.156384], "11": ["H", 0.149086], "12": ["H", 0.133586], "13": ["H", 0.152992], "14": ["H", 0.146646], "15": ["H", 0.15803], "16": ["H", 0.139531], "17": ["H", 0.161713], "18": ["O", -0.355731], "19": ["C", -0.210885], "20": ["C", -0.049824], "21": ["C", -0.03791], "22": ["O", -0.378396], "23": ["C", -0.212209], "24": ["H", 0.160061], "25": ["H", 0.151802], "26": ["H", 0.148461], "27": ["H", 0.153998], "28": ["H", 0.155856], "29": ["H", 0.145148], "30": ["H", 0.157449], "31": ["H", 0.15357], "32": ["H", 0.159471], "33": ["H", 0.15096], "34": ["N", -0.539098], "35": ["S", 0.808102], "36": ["O", -0.466753], "37": ["O", -0.431263], "38": ["C", 0.463694], "39": ["F", -0.142589], "40": ["F", -0.15998], "41": ["F", -0.150957], "42": ["S", 0.829083], "43": ["O", -0.496642], "44": ["O", -0.412069], "45": ["C", 0.490843], "46": ["F", -0.136602], "47": ["F", -0.139934], "48": ["F", -0.153284]}, "tensor": {"1": {"type": "Mg", "Isotropic": 569.6544, "Anisotropy": 18.4439, "tensor": [], "eigenvalues": [558.1925, 568.8203, 581.9503]}, "2": {"type": "O", "Isotropic": 307.1104, "Anisotropy": 43.1978, "tensor": [[315.3185, 6.9384, 0.5383], [8.2723, 7.7797, 334.3627]], "eigenvalues": [271.0023, 314.4201, 335.909]}, "3": {"type": "C", "Isotropic": 118.5758, "Anisotropy": 90.0191, "tensor": [[162.6818, 29.3018, 23.1153], [30.0996, 99.2227, 1.6893], [15.9816, 1.5284, 93.8228]], "eigenvalues": [82.9121, 94.2267, 178.5885]}, "4": {"type": "C", "Isotropic": 108.3148, "Anisotropy": 73.4066, "tensor": [[97.836, 9.7391, 17.9784], [10.7299, 78.6734, 2.6176], [23.5208, 12.2064, 148.4351]], "eigenvalues": [74.198, 93.4939, 157.2526]}, "5": {"type": "C", "Isotropic": 107.0598, "Anisotropy": 70.8881, "tensor": [], "eigenvalues": [74.6748, 92.1861, 154.3185]}, "6": {"type": "O", "Isotropic": 305.6653, "Anisotropy": 41.9945, "tensor": [], "eigenvalues": [269.9639, 313.3704, 333.6617]}, "7": {"type": "C", "Isotropic": 120.3129, "Anisotropy": 93.7733, "tensor": [[17.7368, 90.6691, 1.5176], [3.1673, 0.1469, 91.3117]], "eigenvalues": [86.7611, 91.3491, 182.8284]}, "8": {"type": "H", "Isotropic": 28.2879, "Anisotropy": 9.6922, "tensor": [], "eigenvalues": [24.3265, 25.7879, 34.7494]}, "9": {"type": "H", "Isotropic": 27.3897, "Anisotropy": 6.6475, "tensor": [[27.2199, 3.16, 4.6183]], "eigenvalues": [22.5764, 27.7714, 31.8214]}, "10": {"type": "H", "Isotropic": 28.1462, "Anisotropy": 8.1248, "tensor": [[26.5555, 1.1271, 0.5191]], "eigenvalues": [23.9828, 26.8931, 33.5627]}, "11": {"type": "H", "Isotropic": 27.5706, "Anisotropy": 7.2771, "tensor": [], "eigenvalues": [24.3692, 25.9205, 32.422]}, "12": {"type": "H", "Isotropic": 27.7815, "Anisotropy": 7.7209, "tensor": [[26.1488, 0.2585, 0.4143]], "eigenvalues": [24.2824, 26.1334, 32.9288]}, "13": {"type": "H", "Isotropic": 28.0928, "Anisotropy": 8.2565, "tensor": [[26.2964, 1.0916, 0.245]], "eigenvalues": [24.0318, 26.6496, 33.5971]}, "14": {"type": "H", "Isotropic": 28.2568, "Anisotropy": 8.4292, "tensor": [[0.8192, 0.2315, 26.5527]], "eigenvalues": [24.2854, 26.6087, 33.8763]}, "15": {"type": "H", "Isotropic": 28.3027, "Anisotropy": 10.1355, "tensor": [[31.1418, 2.2623, 5.698], [2.218, 25.2537, 1.8761], [2.8758, 1.1781, 28.5127]], "eigenvalues": [24.4934, 25.355, 35.0597]}, "16": {"type": "H", "Isotropic": 28.3585, "Anisotropy": 6.7676, "tensor": [], "eigenvalues": [23.2438, 28.9614, 32.8702]}, "17": {"type": "H", "Isotropic": 27.8723, "Anisotropy": 6.7555, "tensor": [], "eigenvalues": [23.1229, 28.1181, 32.3759]}, "18": {"type": "O", "Isotropic": 310.3415, "Anisotropy": 33.2391, "tensor": [[14.3811, 313.5697, 6.3985]], "eigenvalues": [279.7833, 318.7403, 332.5009]}, "19": {"type": "C", "Isotropic": 119.1242, "Anisotropy": 94.5735, "tensor": [[29.8917, 171.748, 0.6036], [0.5445, 3.6987, 85.2642]], "eigenvalues": [84.5919, 90.6075, 182.1732]}, "20": {"type": "C", "Isotropic": 108.7274, "Anisotropy": 71.9272, "tensor": [], "eigenvalues": [77.2058, 92.2976, 156.6789]}, "21": {"type": "C", "Isotropic": 108.9395, "Anisotropy": 73.1982, "tensor": [], "eigenvalues": [76.1657, 92.9145, 157.7384]}, "22": {"type": "O", "Isotropic": 309.9807, "Anisotropy": 40.1732, "tensor": [[4.4963, 318.6589, 16.6504]], "eigenvalues": [272.0479, 321.1315, 336.7628]}, "23": {"type": "C", "Isotropic": 120.1087, "Anisotropy": 90.2627, "tensor": [[92.957, 18.0487, 3.3141], [16.6238, 176.032, 8.8985]], "eigenvalues": [89.4836, 90.5587, 180.2839]}, "24": {"type": "H", "Isotropic": 27.7725, "Anisotropy": 6.7143, "tensor": [[28.1016, 0.3195, 3.1111], [1.7934, 30.1529, 3.5041], [2.1995, 1.4741, 25.063]], "eigenvalues": [23.1069, 27.9619, 32.2487]}, "25": {"type": "H", "Isotropic": 27.7971, "Anisotropy": 6.402, "tensor": [], "eigenvalues": [23.472, 27.8543, 32.0651]}, "26": {"type": "H", "Isotropic": 27.5142, "Anisotropy": 6.5589, "tensor": [], "eigenvalues": [24.2028, 26.4531, 31.8868]}, "27": {"type": "H", "Isotropic": 28.1334, "Anisotropy": 7.894, "tensor": [], "eigenvalues": [24.6238, 26.3803, 33.396]}, "28": {"type": "H", "Isotropic": 28.1151, "Anisotropy": 7.3887, "tensor": [], "eigenvalues": [25.0373, 26.2671, 33.0409]}, "29": {"type": "H", "Isotropic": 27.7176, "Anisotropy": 8.1749, "tensor": [], "eigenvalues": [24.3361, 25.6492, 33.1676]}, "30": {"type": "H", "Isotropic": 28.2474, "Anisotropy": 8.2252, "tensor": [], "eigenvalues": [24.1882, 26.8231, 33.7309]}, "31": {"type": "H", "Isotropic": 28.3442, "Anisotropy": 9.4806, "tensor": [[29.1467, 3.2371, 1.4783], [6.0844, 30.2436, 0.9085], [1.8424, 0.3493, 25.6422]], "eigenvalues": [24.3529, 26.0151, 34.6646]}, "32": {"type": "H", "Isotropic": 27.9861, "Anisotropy": 6.2691, "tensor": [], "eigenvalues": [24.0117, 27.7811, 32.1655]}, "33": {"type": "H", "Isotropic": 28.3188, "Anisotropy": 10.2391, "tensor": [], "eigenvalues": [24.4147, 25.3968, 35.1448]}, "34": {"type": "N", "Isotropic": 88.4384, "Anisotropy": 86.9028, "tensor": [[59.9229, 4.0152, 12.6901], [9.4006, 99.1307, 37.1526], [17.3402, 44.2377, 106.2617]], "eigenvalues": [53.8363, 65.1054, 146.3736]}, "35": {"type": "S", "Isotropic": 148.8449, "Anisotropy": 284.2813, "tensor": []}, "36": {"type": "O", "Isotropic": 112.7922, "Anisotropy": 66.0418, "tensor": [[3.1139, 28.3391, 88.0345]], "eigenvalues": [74.7176, 106.8391, 156.8201]}, "37": {"type": "O", "Isotropic": 123.0228, "Anisotropy": 77.6782, "tensor": [], "eigenvalues": [82.7518, 111.5084, 174.8083]}, "38": {"type": "C", "Isotropic": 48.3186, "Anisotropy": 8.2721, "tensor": [[4.6132, 5.3272, 45.1147]], "eigenvalues": [39.0013, 52.1212, 53.8333]}, "39": {"type": "F", "Isotropic": 256.1705, "Anisotropy": 130.5755, "tensor": [[0.1033, 236.5754, 52.5153], [50.7159, 54.4224, 290.9083]], "eigenvalues": [186.1675, 239.1231, 343.2208]}, "40": {"type": "F", "Isotropic": 252.1199, "Anisotropy": 134.5884, "tensor": [], "eigenvalues": [184.411, 230.1031, 341.8454]}, "41": {"type": "F", "Isotropic": 253.341, "Anisotropy": 127.0129, "tensor": [[18.3738, 6.8785, 197.1688]], "eigenvalues": [187.2702, 234.7365, 338.0163]}, "42": {"type": "S", "Isotropic": 135.5991, "Anisotropy": 243.8787, "tensor": []}, "43": {"type": "O", "Isotropic": 125.0685, "Anisotropy": 105.034, "tensor": [[182.59, 8.1288, 38.5266], [18.2206, 76.3983, 31.2294], [13.9938, 13.1222, 116.2171]], "eigenvalues": [66.4884, 113.6259, 195.0911]}, "44": {"type": "O", "Isotropic": 107.9343, "Anisotropy": 27.3176, "tensor": [], "eigenvalues": [87.9502, 109.7067, 126.1461]}, "45": {"type": "C", "Isotropic": 48.7934, "Anisotropy": 7.7832, "tensor": [[1.0637, 5.6733, 50.5246]], "eigenvalues": [39.1617, 53.2363, 53.9822]}, "46": {"type": "F", "Isotropic": 248.5825, "Anisotropy": 122.9896, "tensor": [], "eigenvalues": [185.6343, 229.5376, 330.5756]}, "47": {"type": "F", "Isotropic": 249.2406, "Anisotropy": 134.2949, "tensor": [[0.2157, 77.202, 256.4861]], "eigenvalues": [182.4169, 226.5344, 338.7705]}, "48": {"type": "F", "Isotropic": 248.3052, "Anisotropy": 126.3684, "tensor": [[24.3136, 195.3065, 0.8719]], "eigenvalues": [186.4492, 225.9156, 332.5508]}}, "output": {"energies": [-2645.92750506], "final_energy": -2645.92750506, "final_energy_per_atom": -55.12348968875, "molecule": {"charge": 0.0, "spin_multiplicity": 2, "sites": [{"name": "Mg", "species": [{"element": "Mg", "occu": 1}], "xyz": [10.942224, 43.414288, 25.153951], "properties": {}}, {"name": "O", "species": [{"element": "O", "occu": 1}], "xyz": [9.803165, 42.108273, 26.322419], "properties": {}}, {"name": "C", "species": [{"element": "C", "occu": 1}], "xyz": [8.459985, 41.63894, 26.084278], "properties": {}}, {"name": "C", "species": [{"element": "C", "occu": 1}], "xyz": [10.108141, 42.316704, 27.716145], "properties": {}}, {"name": "C", "species": [{"element": "C", "occu": 1}], "xyz": [11.608175, 42.37136, 27.835495], "properties": {}}, {"name": "O", "species": [{"element": "O", "occu": 1}], "xyz": [12.077905, 43.349285, 26.88906], "properties": {}}, {"name": "C", "species": [{"element": "C", "occu": 1}], "xyz": [13.499637, 43.55235, 26.942889], "properties": {}}, {"name": "H", "species": [{"element": "H", "occu": 1}], "xyz": [8.300509, 40.712551, 26.635808], "properties": {}}, {"name": "H", "species": [{"element": "H", "occu": 1}], "xyz": [8.37446, 41.452542, 25.018969], "properties": {}}, {"name": "H", "species": [{"element": "H", "occu": 1}], "xyz": [9.719534, 41.48792, 28.308943], "properties": {}}, {"name": "H", "species": [{"element": "H", "occu": 1}], "xyz": [9.645291, 43.249969, 28.044428], "properties": {}}, {"name": "H", "species": [{"element": "H", "occu": 1}], "xyz": [12.057251, 41.403385, 27.597441], "properties": {}}, {"name": "H", "species": [{"element": "H", "occu": 1}], "xyz": [11.895147, 42.667407, 28.84616], "properties": {}}, {"name": "H", "species": [{"element": "H", "occu": 1}], "xyz": [14.021648, 42.64931, 26.620861], "properties": {}}, {"name": "H", "species": [{"element": "H", "occu": 1}], "xyz": [13.795077, 43.814784, 27.958723], "properties": {}}, {"name": "H", "species": [{"element": "H", "occu": 1}], "xyz": [13.72954, 44.376719, 26.276505], "properties": {}}, {"name": "H", "species": [{"element": "H", "occu": 1}], "xyz": [7.735828, 42.393342, 26.393572], "properties": {}}, {"name": "O", "species": [{"element": "O", "occu": 1}], "xyz": [11.895376, 41.899081, 24.134027], "properties": {}}, {"name": "C", "species": [{"element": "C", "occu": 1}], "xyz": [11.403396, 40.54725, 24.024066], "properties": {}}, {"name": "C", "species": [{"element": "C", "occu": 1}], "xyz": [12.5702, 42.361153, 22.947771], "properties": {}}, {"name": "C", "species": [{"element": "C", "occu": 1}], "xyz": [13.24358, 43.667914, 23.291999], "properties": {}}, {"name": "O", "species": [{"element": "O", "occu": 1}], "xyz": [12.298307, 44.471809, 24.023917], "properties": {}}, {"name": "C", "species": [{"element": "C", "occu": 1}], "xyz": [12.669558, 45.858937, 24.123201], "properties": {}}, {"name": "H", "species": [{"element": "H", "occu": 1}], "xyz": [10.672759, 40.483844, 23.217616], "properties": {}}, {"name": "H", "species": [{"element": "H", "occu": 1}], "xyz": [10.932807, 40.309074, 24.972286], "properties": {}}, {"name": "H", "species": [{"element": "H", "occu": 1}], "xyz": [11.837071, 42.484856, 22.149437], "properties": {}}, {"name": "H", "species": [{"element": "H", "occu": 1}], "xyz": [13.31871, 41.629857, 22.63898], "properties": {}}, {"name": "H", "species": [{"element": "H", "occu": 1}], "xyz": [13.538712, 44.183979, 22.377142], "properties": {}}, {"name": "H", "species": [{"element": "H", "occu": 1}], "xyz": [14.124695, 43.510281, 23.917869], "properties": {}}, {"name": "H", "species": [{"element": "H", "occu": 1}], "xyz": [12.591911, 46.327902, 23.142773], "properties": {}}, {"name": "H", "species": [{"element": "H", "occu": 1}], "xyz": [13.690362, 45.947075, 24.498283], "properties": {}}, {"name": "H", "species": [{"element": "H", "occu": 1}], "xyz": [11.977737, 46.32385, 24.817949], "properties": {}}, {"name": "H", "species": [{"element": "H", "occu": 1}], "xyz": [12.240331, 39.873572, 23.840531], "properties": {}}, {"name": "N", "species": [{"element": "N", "occu": 1}], "xyz": [9.157732, 44.018279, 23.880735], "properties": {}}, {"name": "S", "species": [{"element": "S", "occu": 1}], "xyz": [8.253991, 43.336419, 22.71722], "properties": {}}, {"name": "O", "species": [{"element": "O", "occu": 1}], "xyz": [8.675192, 41.968483, 22.597162], "properties": {}}, {"name": "O", "species": [{"element": "O", "occu": 1}], "xyz": [6.866483, 43.684374, 22.786373], "properties": {}}, {"name": "C", "species": [{"element": "C", "occu": 1}], "xyz": [8.920752, 44.171396, 21.177044], "properties": {}}, {"name": "F", "species": [{"element": "F", "occu": 1}], "xyz": [8.357644, 43.604176, 20.114447], "properties": {}}, {"name": "F", "species": [{"element": "F", "occu": 1}], "xyz": [10.246269, 44.023232, 21.10308], "properties": {}}, {"name": "F", "species": [{"element": "F", "occu": 1}], "xyz": [8.632247, 45.470631, 21.190046], "properties": {}}, {"name": "S", "species": [{"element": "S", "occu": 1}], "xyz": [8.690949, 45.100721, 24.957697], "properties": {}}, {"name": "O", "species": [{"element": "O", "occu": 1}], "xyz": [9.86171, 45.120678, 25.845221], "properties": {}}, {"name": "O", "species": [{"element": "O", "occu": 1}], "xyz": [7.390334, 44.954905, 25.528972], "properties": {}}, {"name": "C", "species": [{"element": "C", "occu": 1}], "xyz": [8.70058, 46.795934, 24.149026], "properties": {}}, {"name": "F", "species": [{"element": "F", "occu": 1}], "xyz": [7.638288, 46.923254, 23.366222], "properties": {}}, {"name": "F", "species": [{"element": "F", "occu": 1}], "xyz": [8.662556, 47.712424, 25.110366], "properties": {}}, {"name": "F", "species": [{"element": "F", "occu": 1}], "xyz": [9.810435, 46.952927, 23.430292], "properties": {}}]}, "stationary_type": "Minimum", "corrections": {}, "tensor": {"1": {"type": "Mg", "Isotropic": 569.6544, "Anisotropy": 18.4439, "tensor": [], "eigenvalues": [558.1925, 568.8203, 581.9503]}, "2": {"type": "O", "Isotropic": 307.1104, "Anisotropy": 43.1978, "tensor": [[315.3185, 6.9384, 0.5383], [8.2723, 7.7797, 334.3627]], "eigenvalues": [271.0023, 314.4201, 335.909]}, "3": {"type": "C", "Isotropic": 118.5758, "Anisotropy": 90.0191, "tensor": [[162.6818, 29.3018, 23.1153], [30.0996, 99.2227, 1.6893], [15.9816, 1.5284, 93.8228]], "eigenvalues": [82.9121, 94.2267, 178.5885]}, "4": {"type": "C", "Isotropic": 108.3148, "Anisotropy": 73.4066, "tensor": [[97.836, 9.7391, 17.9784], [10.7299, 78.6734, 2.6176], [23.5208, 12.2064, 148.4351]], "eigenvalues": [74.198, 93.4939, 157.2526]}, "5": {"type": "C", "Isotropic": 107.0598, "Anisotropy": 70.8881, "tensor": [], "eigenvalues": [74.6748, 92.1861, 154.3185]}, "6": {"type": "O", "Isotropic": 305.6653, "Anisotropy": 41.9945, "tensor": [], "eigenvalues": [269.9639, 313.3704, 333.6617]}, "7": {"type": "C", "Isotropic": 120.3129, "Anisotropy": 93.7733, "tensor": [[17.7368, 90.6691, 1.5176], [3.1673, 0.1469, 91.3117]], "eigenvalues": [86.7611, 91.3491, 182.8284]}, "8": {"type": "H", "Isotropic": 28.2879, "Anisotropy": 9.6922, "tensor": [], "eigenvalues": [24.3265, 25.7879, 34.7494]}, "9": {"type": "H", "Isotropic": 27.3897, "Anisotropy": 6.6475, "tensor": [[27.2199, 3.16, 4.6183]], "eigenvalues": [22.5764, 27.7714, 31.8214]}, "10": {"type": "H", "Isotropic": 28.1462, "Anisotropy": 8.1248, "tensor": [[26.5555, 1.1271, 0.5191]], "eigenvalues": [23.9828, 26.8931, 33.5627]}, "11": {"type": "H", "Isotropic": 27.5706, "Anisotropy": 7.2771, "tensor": [], "eigenvalues": [24.3692, 25.9205, 32.422]}, "12": {"type": "H", "Isotropic": 27.7815, "Anisotropy": 7.7209, "tensor": [[26.1488, 0.2585, 0.4143]], "eigenvalues": [24.2824, 26.1334, 32.9288]}, "13": {"type": "H", "Isotropic": 28.0928, "Anisotropy": 8.2565, "tensor": [[26.2964, 1.0916, 0.245]], "eigenvalues": [24.0318, 26.6496, 33.5971]}, "14": {"type": "H", "Isotropic": 28.2568, "Anisotropy": 8.4292, "tensor": [[0.8192, 0.2315, 26.5527]], "eigenvalues": [24.2854, 26.6087, 33.8763]}, "15": {"type": "H", "Isotropic": 28.3027, "Anisotropy": 10.1355, "tensor": [[31.1418, 2.2623, 5.698], [2.218, 25.2537, 1.8761], [2.8758, 1.1781, 28.5127]], "eigenvalues": [24.4934, 25.355, 35.0597]}, "16": {"type": "H", "Isotropic": 28.3585, "Anisotropy": 6.7676, "tensor": [], "eigenvalues": [23.2438, 28.9614, 32.8702]}, "17": {"type": "H", "Isotropic": 27.8723, "Anisotropy": 6.7555, "tensor": [], "eigenvalues": [23.1229, 28.1181, 32.3759]}, "18": {"type": "O", "Isotropic": 310.3415, "Anisotropy": 33.2391, "tensor": [[14.3811, 313.5697, 6.3985]], "eigenvalues": [279.7833, 318.7403, 332.5009]}, "19": {"type": "C", "Isotropic": 119.1242, "Anisotropy": 94.5735, "tensor": [[29.8917, 171.748, 0.6036], [0.5445, 3.6987, 85.2642]], "eigenvalues": [84.5919, 90.6075, 182.1732]}, "20": {"type": "C", "Isotropic": 108.7274, "Anisotropy": 71.9272, "tensor": [], "eigenvalues": [77.2058, 92.2976, 156.6789]}, "21": {"type": "C", "Isotropic": 108.9395, "Anisotropy": 73.1982, "tensor": [], "eigenvalues": [76.1657, 92.9145, 157.7384]}, "22": {"type": "O", "Isotropic": 309.9807, "Anisotropy": 40.1732, "tensor": [[4.4963, 318.6589, 16.6504]], "eigenvalues": [272.0479, 321.1315, 336.7628]}, "23": {"type": "C", "Isotropic": 120.1087, "Anisotropy": 90.2627, "tensor": [[92.957, 18.0487, 3.3141], [16.6238, 176.032, 8.8985]], "eigenvalues": [89.4836, 90.5587, 180.2839]}, "24": {"type": "H", "Isotropic": 27.7725, "Anisotropy": 6.7143, "tensor": [[28.1016, 0.3195, 3.1111], [1.7934, 30.1529, 3.5041], [2.1995, 1.4741, 25.063]], "eigenvalues": [23.1069, 27.9619, 32.2487]}, "25": {"type": "H", "Isotropic": 27.7971, "Anisotropy": 6.402, "tensor": [], "eigenvalues": [23.472, 27.8543, 32.0651]}, "26": {"type": "H", "Isotropic": 27.5142, "Anisotropy": 6.5589, "tensor": [], "eigenvalues": [24.2028, 26.4531, 31.8868]}, "27": {"type": "H", "Isotropic": 28.1334, "Anisotropy": 7.894, "tensor": [], "eigenvalues": [24.6238, 26.3803, 33.396]}, "28": {"type": "H", "Isotropic": 28.1151, "Anisotropy": 7.3887, "tensor": [], "eigenvalues": [25.0373, 26.2671, 33.0409]}, "29": {"type": "H", "Isotropic": 27.7176, "Anisotropy": 8.1749, "tensor": [], "eigenvalues": [24.3361, 25.6492, 33.1676]}, "30": {"type": "H", "Isotropic": 28.2474, "Anisotropy": 8.2252, "tensor": [], "eigenvalues": [24.1882, 26.8231, 33.7309]}, "31": {"type": "H", "Isotropic": 28.3442, "Anisotropy": 9.4806, "tensor": [[29.1467, 3.2371, 1.4783], [6.0844, 30.2436, 0.9085], [1.8424, 0.3493, 25.6422]], "eigenvalues": [24.3529, 26.0151, 34.6646]}, "32": {"type": "H", "Isotropic": 27.9861, "Anisotropy": 6.2691, "tensor": [], "eigenvalues": [24.0117, 27.7811, 32.1655]}, "33": {"type": "H", "Isotropic": 28.3188, "Anisotropy": 10.2391, "tensor": [], "eigenvalues": [24.4147, 25.3968, 35.1448]}, "34": {"type": "N", "Isotropic": 88.4384, "Anisotropy": 86.9028, "tensor": [[59.9229, 4.0152, 12.6901], [9.4006, 99.1307, 37.1526], [17.3402, 44.2377, 106.2617]], "eigenvalues": [53.8363, 65.1054, 146.3736]}, "35": {"type": "S", "Isotropic": 148.8449, "Anisotropy": 284.2813, "tensor": []}, "36": {"type": "O", "Isotropic": 112.7922, "Anisotropy": 66.0418, "tensor": [[3.1139, 28.3391, 88.0345]], "eigenvalues": [74.7176, 106.8391, 156.8201]}, "37": {"type": "O", "Isotropic": 123.0228, "Anisotropy": 77.6782, "tensor": [], "eigenvalues": [82.7518, 111.5084, 174.8083]}, "38": {"type": "C", "Isotropic": 48.3186, "Anisotropy": 8.2721, "tensor": [[4.6132, 5.3272, 45.1147]], "eigenvalues": [39.0013, 52.1212, 53.8333]}, "39": {"type": "F", "Isotropic": 256.1705, "Anisotropy": 130.5755, "tensor": [[0.1033, 236.5754, 52.5153], [50.7159, 54.4224, 290.9083]], "eigenvalues": [186.1675, 239.1231, 343.2208]}, "40": {"type": "F", "Isotropic": 252.1199, "Anisotropy": 134.5884, "tensor": [], "eigenvalues": [184.411, 230.1031, 341.8454]}, "41": {"type": "F", "Isotropic": 253.341, "Anisotropy": 127.0129, "tensor": [[18.3738, 6.8785, 197.1688]], "eigenvalues": [187.2702, 234.7365, 338.0163]}, "42": {"type": "S", "Isotropic": 135.5991, "Anisotropy": 243.8787, "tensor": []}, "43": {"type": "O", "Isotropic": 125.0685, "Anisotropy": 105.034, "tensor": [[182.59, 8.1288, 38.5266], [18.2206, 76.3983, 31.2294], [13.9938, 13.1222, 116.2171]], "eigenvalues": [66.4884, 113.6259, 195.0911]}, "44": {"type": "O", "Isotropic": 107.9343, "Anisotropy": 27.3176, "tensor": [], "eigenvalues": [87.9502, 109.7067, 126.1461]}, "45": {"type": "C", "Isotropic": 48.7934, "Anisotropy": 7.7832, "tensor": [[1.0637, 5.6733, 50.5246]], "eigenvalues": [39.1617, 53.2363, 53.9822]}, "46": {"type": "F", "Isotropic": 248.5825, "Anisotropy": 122.9896, "tensor": [], "eigenvalues": [185.6343, 229.5376, 330.5756]}, "47": {"type": "F", "Isotropic": 249.2406, "Anisotropy": 134.2949, "tensor": [[0.2157, 77.202, 256.4861]], "eigenvalues": [182.4169, 226.5344, 338.7705]}, "48": {"type": "F", "Isotropic": 248.3052, "Anisotropy": 126.3684, "tensor": [[24.3136, 195.3065, 0.8719]], "eigenvalues": [186.4492, 225.9156, 332.5508]}}}}, "functional": "B3LYP", "basis": "Def2TZVP", "phase": "solution", "type": "nmr;scrf", "smiles": "[Mg].O(C)CCOC.O(C)CCOC.[N](S(=O)(=O)C(F)(F)F)S(=O)(=O)C(F)(F)F", "formula": "Mg1 H20 C10 S2 N1 O8 F6", "formula_pretty": "MgH20C10S2N(O4F3)2", "formula_anonymous": "ABC2D6E8F10G20", "formula_alphabetical": "C10 F6 H20 Mg1 N1 O8 S2", "chemsys": "C-F-H-Mg-N-O-S", "nsites": 48, "nelements": 7, "is_ordered": true, "is_valid": true, "tag": "oplsd_6", "wall_time (s)": 1569.4241288863122, "last_updated": "2020-10-06T13:21:56.714204", "_id": null}