{"input": {"molecule": {"charge": 1, "spin_multiplicity": 1, "sites": [{"name": "Mg", "species": [{"element": "Mg", "occu": 1}], "xyz": [14.882428, 6.033069, 17.427193], "properties": {}}, {"name": "O", "species": [{"element": "O", "occu": 1}], "xyz": [14.249756, 7.989962, 17.475555], "properties": {}}, {"name": "C", "species": [{"element": "C", "occu": 1}], "xyz": [13.075847, 8.54704, 18.092542], "properties": {}}, {"name": "C", "species": [{"element": "C", "occu": 1}], "xyz": [14.923668, 8.874062, 16.561491], "properties": {}}, {"name": "C", "species": [{"element": "C", "occu": 1}], "xyz": [16.303506, 8.309612, 16.330272], "properties": {}}, {"name": "O", "species": [{"element": "O", "occu": 1}], "xyz": [16.147663, 6.910686, 16.022225], "properties": {}}, {"name": "C", "species": [{"element": "C", "occu": 1}], "xyz": [17.383632, 6.271919, 15.647892], "properties": {}}, {"name": "H", "species": [{"element": "H", "occu": 1}], "xyz": [13.364119, 9.352402, 18.767067], "properties": {}}, {"name": "H", "species": [{"element": "H", "occu": 1}], "xyz": [12.603895, 7.745694, 18.651746], "properties": {}}, {"name": "H", "species": [{"element": "H", "occu": 1}], "xyz": [14.999973, 9.871408, 16.997605], "properties": {}}, {"name": "H", "species": [{"element": "H", "occu": 1}], "xyz": [14.350597, 8.927175, 15.633024], "properties": {}}, {"name": "H", "species": [{"element": "H", "occu": 1}], "xyz": [16.920869, 8.405057, 17.226602], "properties": {}}, {"name": "H", "species": [{"element": "H", "occu": 1}], "xyz": [16.786222, 8.823294, 15.497355], "properties": {}}, {"name": "H", "species": [{"element": "H", "occu": 1}], "xyz": [17.776402, 6.73964, 14.745112], "properties": {}}, {"name": "H", "species": [{"element": "H", "occu": 1}], "xyz": [17.152202, 5.227977, 15.459182], "properties": {}}, {"name": "H", "species": [{"element": "H", "occu": 1}], "xyz": [18.107333, 6.351144, 16.461007], "properties": {}}, {"name": "H", "species": [{"element": "H", "occu": 1}], "xyz": [12.393332, 8.924379, 17.329438], "properties": {}}, {"name": "O", "species": [{"element": "O", "occu": 1}], "xyz": [13.451128, 5.40699, 16.060904], "properties": {}}, {"name": "C", "species": [{"element": "C", "occu": 1}], "xyz": [12.724501, 6.285251, 15.185378], "properties": {}}, {"name": "C", "species": [{"element": "C", "occu": 1}], "xyz": [13.734931, 4.125559, 15.470536], "properties": {}}, {"name": "C", "species": [{"element": "C", "occu": 1}], "xyz": [14.390345, 3.281199, 16.530343], "properties": {}}, {"name": "O", "species": [{"element": "O", "occu": 1}], "xyz": [15.468221, 4.063353, 17.087521], "properties": {}}, {"name": "C", "species": [{"element": "C", "occu": 1}], "xyz": [16.407095, 3.279353, 17.853048], "properties": {}}, {"name": "H", "species": [{"element": "H", "occu": 1}], "xyz": [11.801014, 5.802795, 14.865535], "properties": {}}, {"name": "H", "species": [{"element": "H", "occu": 1}], "xyz": [13.337248, 6.5411, 14.318937], "properties": {}}, {"name": "H", "species": [{"element": "H", "occu": 1}], "xyz": [14.396768, 4.270055, 14.612606], "properties": {}}, {"name": "H", "species": [{"element": "H", "occu": 1}], "xyz": [12.807045, 3.656781, 15.138464], "properties": {}}, {"name": "H", "species": [{"element": "H", "occu": 1}], "xyz": [14.785495, 2.366052, 16.087866], "properties": {}}, {"name": "H", "species": [{"element": "H", "occu": 1}], "xyz": [13.688952, 3.029284, 17.329097], "properties": {}}, {"name": "H", "species": [{"element": "H", "occu": 1}], "xyz": [16.842249, 2.51354, 17.211397], "properties": {}}, {"name": "H", "species": [{"element": "H", "occu": 1}], "xyz": [15.904549, 2.818113, 18.704504], "properties": {}}, {"name": "H", "species": [{"element": "H", "occu": 1}], "xyz": [17.178613, 3.958584, 18.198376], "properties": {}}, {"name": "H", "species": [{"element": "H", "occu": 1}], "xyz": [12.488151, 7.177705, 15.753575], "properties": {}}, {"name": "N", "species": [{"element": "N", "occu": 1}], "xyz": [14.377624, 5.854567, 19.642961], "properties": {}}, {"name": "S", "species": [{"element": "S", "occu": 1}], "xyz": [13.257459, 4.880794, 20.311286], "properties": {}}, {"name": "O", "species": [{"element": "O", "occu": 1}], "xyz": [12.241859, 4.725137, 19.308628], "properties": {}}, {"name": "O", "species": [{"element": "O", "occu": 1}], "xyz": [13.808164, 3.744087, 20.986073], "properties": {}}, {"name": "C", "species": [{"element": "C", "occu": 1}], "xyz": [12.456163, 5.933009, 21.644972], "properties": {}}, {"name": "F", "species": [{"element": "F", "occu": 1}], "xyz": [13.23679, 5.999133, 22.718963], "properties": {}}, {"name": "F", "species": [{"element": "F", "occu": 1}], "xyz": [11.297507, 5.370631, 21.977792], "properties": {}}, {"name": "F", "species": [{"element": "F", "occu": 1}], "xyz": [12.230366, 7.166639, 21.187141], "properties": {}}, {"name": "S", "species": [{"element": "S", "occu": 1}], "xyz": [15.895269, 6.068457, 20.092443], "properties": {}}, {"name": "O", "species": [{"element": "O", "occu": 1}], "xyz": [16.556992, 6.298325, 18.803843], "properties": {}}, {"name": "O", "species": [{"element": "O", "occu": 1}], "xyz": [16.471416, 5.156207, 21.027377], "properties": {}}, {"name": "C", "species": [{"element": "C", "occu": 1}], "xyz": [15.95423, 7.75835, 20.907388], "properties": {}}, {"name": "F", "species": [{"element": "F", "occu": 1}], "xyz": [17.219368, 8.02277, 21.217315], "properties": {}}, {"name": "F", "species": [{"element": "F", "occu": 1}], "xyz": [15.502037, 8.688957, 20.069141], "properties": {}}, {"name": "F", "species": [{"element": "F", "occu": 1}], "xyz": [15.213508, 7.760372, 22.009082], "properties": {}}]}, "functional": "B3LYP", "basis_set": "Def2TZVP", "route_parameters": {"NMR": "GIAO", "iop(7/33=1)": null, "int": "ultrafine", "SCRF": "(Solvent=TetraHydroFuran)", "EmpiricalDispersion": "GD3", "NoSymmetry": null, "test": null}, "title": "Mg1 H20 C10 S2 N1 O8 F6", "charge": 1, "spin_multiplicity": 1, "input_parameters": {}, "link0_parameters": {"%chk": "checkpoint.chk", "%mem": "100GB", "%NProcShared": "28"}, "dieze_tag": "#P", "nbasisfunctions": 1001, "pcm_parameters": {}}, "output": {"has_gaussian_completed": true, "is_pcm": true, "errors": [], "Mulliken_charges": {"1": ["Mg", 1.08941], "2": ["O", -0.385679], "3": ["C", -0.202477], "4": ["C", -0.032124], "5": ["C", -0.052589], "6": ["O", -0.353215], "7": ["C", -0.205817], "8": ["H", 0.155357], "9": ["H", 0.141661], "10": ["H", 0.156616], "11": ["H", 0.142974], "12": ["H", 0.153815], "13": ["H", 0.152437], "14": ["H", 0.153058], "15": ["H", 0.15149], "16": ["H", 0.154662], "17": ["H", 0.153972], "18": ["O", -0.352559], "19": ["C", -0.19388], "20": ["C", -0.013243], "21": ["C", -0.027779], "22": ["O", -0.385199], "23": ["C", -0.21833], "24": ["H", 0.158553], "25": ["H", 0.14599], "26": ["H", 0.135292], "27": ["H", 0.153079], "28": ["H", 0.156196], "29": ["H", 0.144679], "30": ["H", 0.153855], "31": ["H", 0.157564], "32": ["H", 0.161478], "33": ["H", 0.140784], "34": ["N", -0.582313], "35": ["S", 0.823884], "36": ["O", -0.463289], "37": ["O", -0.433446], "38": ["C", 0.456166], "39": ["F", -0.145585], "40": ["F", -0.143199], "41": ["F", -0.157006], "42": ["S", 0.806577], "43": ["O", -0.500275], "44": ["O", -0.409883], "45": ["C", 0.494945], "46": ["F", -0.141748], "47": ["F", -0.151764], "48": ["F", -0.143097]}, "tensor": {"1": {"type": "Mg", "Isotropic": 574.0116, "Anisotropy": 19.5456, "tensor": [[2.4635, 5.5438, 575.4779]], "eigenvalues": [559.6015, 575.3913, 587.042]}, "2": {"type": "O", "Isotropic": 313.0284, "Anisotropy": 43.2425, "tensor": [], "eigenvalues": [276.5559, 320.6727, 341.8568]}, "3": {"type": "C", "Isotropic": 120.2417, "Anisotropy": 90.1347, "tensor": [], "eigenvalues": [88.8067, 91.5869, 180.3316]}, "4": {"type": "C", "Isotropic": 108.7955, "Anisotropy": 71.7751, "tensor": [], "eigenvalues": [76.8122, 92.9287, 156.6456]}, "5": {"type": "C", "Isotropic": 108.3014, "Anisotropy": 70.2327, "tensor": [], "eigenvalues": [77.5106, 92.2703, 155.1231]}, "6": {"type": "O", "Isotropic": 306.0455, "Anisotropy": 33.0265, "tensor": [[2.5023, 16.8022, 281.1406]], "eigenvalues": [276.9331, 313.1402, 328.0632]}, "7": {"type": "C", "Isotropic": 120.0776, "Anisotropy": 93.5637, "tensor": [], "eigenvalues": [86.7727, 91.0066, 182.4534]}, "8": {"type": "H", "Isotropic": 28.2223, "Anisotropy": 7.5105, "tensor": [], "eigenvalues": [24.2498, 27.1878, 33.2293]}, "9": {"type": "H", "Isotropic": 27.8815, "Anisotropy": 7.588, "tensor": [], "eigenvalues": [23.4937, 27.2106, 32.9402]}, "10": {"type": "H", "Isotropic": 28.1759, "Anisotropy": 7.6979, "tensor": [], "eigenvalues": [24.6612, 26.5586, 33.3078]}, "11": {"type": "H", "Isotropic": 27.7721, "Anisotropy": 8.401, "tensor": [], "eigenvalues": [24.3075, 25.6361, 33.3728]}, "12": {"type": "H", "Isotropic": 27.7834, "Anisotropy": 5.5758, "tensor": [[26.9208, 1.8513, 0.6068], [3.5457, 28.8117, 2.4843], [0.6245, 0.8771, 27.6178]], "eigenvalues": [24.9064, 26.9433, 31.5006]}, "13": {"type": "H", "Isotropic": 28.1714, "Anisotropy": 8.1884, "tensor": [], "eigenvalues": [24.2393, 26.6447, 33.6304]}, "14": {"type": "H", "Isotropic": 28.33, "Anisotropy": 10.4597, "tensor": [], "eigenvalues": [24.4381, 25.2488, 35.3032]}, "15": {"type": "H", "Isotropic": 27.9098, "Anisotropy": 7.0931, "tensor": [], "eigenvalues": [23.0919, 27.9989, 32.6385]}, "16": {"type": "H", "Isotropic": 28.3027, "Anisotropy": 8.1198, "tensor": [], "eigenvalues": [24.1761, 27.0162, 33.7159]}, "17": {"type": "H", "Isotropic": 28.367, "Anisotropy": 9.003, "tensor": [], "eigenvalues": [24.7237, 26.0084, 34.369]}, "18": {"type": "O", "Isotropic": 306.6414, "Anisotropy": 37.2117, "tensor": [[8.2632, 16.8871, 321.6409]], "eigenvalues": [271.4858, 316.9892, 331.4492]}, "19": {"type": "C", "Isotropic": 120.2894, "Anisotropy": 93.2235, "tensor": [], "eigenvalues": [86.9108, 91.5189, 182.4383]}, "20": {"type": "C", "Isotropic": 106.9915, "Anisotropy": 70.9713, "tensor": [], "eigenvalues": [75.043, 91.6258, 154.3057]}, "21": {"type": "C", "Isotropic": 107.8611, "Anisotropy": 72.8971, "tensor": [[125.0203, 15.6895, 28.9719], [28.1404, 104.2712, 12.7551], [32.5078, 13.2451, 94.2919]], "eigenvalues": [75.2794, 91.8448, 156.4591]}, "22": {"type": "O", "Isotropic": 304.4548, "Anisotropy": 36.7972, "tensor": [[301.6628, 14.5065, 22.1385]], "eigenvalues": [272.2035, 312.1747, 328.9863]}, "23": {"type": "C", "Isotropic": 118.709, "Anisotropy": 91.9776, "tensor": [], "eigenvalues": [83.4977, 92.6019, 180.0274]}, "24": {"type": "H", "Isotropic": 28.2744, "Anisotropy": 9.9228, "tensor": [[31.6244, 0.1847, 4.3722]], "eigenvalues": [24.6495, 25.2842, 34.8897]}, "25": {"type": "H", "Isotropic": 28.2666, "Anisotropy": 8.6384, "tensor": [], "eigenvalues": [24.3019, 26.4725, 34.0256]}, "26": {"type": "H", "Isotropic": 27.7976, "Anisotropy": 8.004, "tensor": [], "eigenvalues": [24.3215, 25.9377, 33.1337]}, "27": {"type": "H", "Isotropic": 28.0485, "Anisotropy": 8.0939, "tensor": [[27.4814, 1.0815, 2.8799], [3.2444, 29.4131, 3.6391], [3.1266, 1.979, 27.251]], "eigenvalues": [24.2728, 26.4282, 33.4444]}, "28": {"type": "H", "Isotropic": 28.1143, "Anisotropy": 7.8951, "tensor": [[25.7326, 1.3112, 1.9003], [0.9281, 3.9084, 26.7122]], "eigenvalues": [24.2593, 26.7059, 33.3777]}, "29": {"type": "H", "Isotropic": 27.4113, "Anisotropy": 6.3682, "tensor": [[0.1317, 0.6741, 26.2665]], "eigenvalues": [24.2573, 26.3198, 31.6567]}, "30": {"type": "H", "Isotropic": 28.2635, "Anisotropy": 9.8528, "tensor": [], "eigenvalues": [24.3131, 25.6454, 34.832]}, "31": {"type": "H", "Isotropic": 27.9757, "Anisotropy": 7.3161, "tensor": [], "eigenvalues": [23.5699, 27.5041, 32.8531]}, "32": {"type": "H", "Isotropic": 27.5715, "Anisotropy": 5.9906, "tensor": [[3.3877, 1.9185, 26.3099]], "eigenvalues": [23.2824, 27.8669, 31.5652]}, "33": {"type": "H", "Isotropic": 28.2834, "Anisotropy": 6.3324, "tensor": [], "eigenvalues": [23.3374, 29.0078, 32.505]}, "34": {"type": "N", "Isotropic": 86.2927, "Anisotropy": 88.9312, "tensor": [], "eigenvalues": [46.6248, 66.6731, 145.5801]}, "35": {"type": "S", "Isotropic": 147.7809, "Anisotropy": 281.9242, "tensor": []}, "36": {"type": "O", "Isotropic": 109.7353, "Anisotropy": 75.0938, "tensor": [[131.3002, 7.4908, 34.7729]], "eigenvalues": [58.3523, 111.0557, 159.7979]}, "37": {"type": "O", "Isotropic": 106.3233, "Anisotropy": 57.1435, "tensor": [[89.6584, 8.7257, 18.9271]], "eigenvalues": [75.0707, 99.4802, 144.419]}, "38": {"type": "C", "Isotropic": 48.6053, "Anisotropy": 7.6614, "tensor": [[51.2305, 3.9675, 3.1568]], "eigenvalues": [39.8917, 52.2113, 53.7129]}, "39": {"type": "F", "Isotropic": 250.5224, "Anisotropy": 123.6188, "tensor": [[240.7241, 23.1844, 62.7207], [27.7541, 220.8234, 0.4128]], "eigenvalues": [184.3773, 234.2551, 332.935]}, "40": {"type": "F", "Isotropic": 253.3281, "Anisotropy": 131.9183, "tensor": [], "eigenvalues": [183.8823, 234.8284, 341.2736]}, "41": {"type": "F", "Isotropic": 251.4296, "Anisotropy": 131.9226, "tensor": [], "eigenvalues": [186.3391, 228.5718, 339.378]}, "42": {"type": "S", "Isotropic": 138.4631, "Anisotropy": 236.7387, "tensor": []}, "43": {"type": "O", "Isotropic": 120.8591, "Anisotropy": 96.9414, "tensor": [], "eigenvalues": [70.147, 106.9435, 185.4867]}, "44": {"type": "O", "Isotropic": 124.8246, "Anisotropy": 50.3952, "tensor": [], "eigenvalues": [91.3389, 124.7135, 158.4214]}, "45": {"type": "C", "Isotropic": 48.6874, "Anisotropy": 7.8942, "tensor": [[52.8496, 0.1255, 0.377]], "eigenvalues": [39.2753, 52.8367, 53.9502]}, "46": {"type": "F", "Isotropic": 252.0048, "Anisotropy": 133.3012, "tensor": [[323.5121, 37.181, 30.9173]], "eigenvalues": [184.794, 230.3481, 340.8722]}, "47": {"type": "F", "Isotropic": 251.274, "Anisotropy": 133.4298, "tensor": [], "eigenvalues": [187.1044, 226.4903, 340.2272]}, "48": {"type": "F", "Isotropic": 252.4384, "Anisotropy": 126.7896, "tensor": [], "eigenvalues": [188.3874, 231.9631, 336.9648]}}, "output": {"energies": [-2645.92574818], "final_energy": -2645.92574818, "final_energy_per_atom": -55.123453087083334, "molecule": {"charge": 0.0, "spin_multiplicity": 2, "sites": [{"name": "Mg", "species": [{"element": "Mg", "occu": 1}], "xyz": [14.882428, 6.033069, 17.427193], "properties": {}}, {"name": "O", "species": [{"element": "O", "occu": 1}], "xyz": [14.249756, 7.989962, 17.475555], "properties": {}}, {"name": "C", "species": [{"element": "C", "occu": 1}], "xyz": [13.075847, 8.54704, 18.092542], "properties": {}}, {"name": "C", "species": [{"element": "C", "occu": 1}], "xyz": [14.923668, 8.874062, 16.561491], "properties": {}}, {"name": "C", "species": [{"element": "C", "occu": 1}], "xyz": [16.303506, 8.309612, 16.330272], "properties": {}}, {"name": "O", "species": [{"element": "O", "occu": 1}], "xyz": [16.147663, 6.910686, 16.022225], "properties": {}}, {"name": "C", "species": [{"element": "C", "occu": 1}], "xyz": [17.383632, 6.271919, 15.647892], "properties": {}}, {"name": "H", "species": [{"element": "H", "occu": 1}], "xyz": [13.364119, 9.352402, 18.767067], "properties": {}}, {"name": "H", "species": [{"element": "H", "occu": 1}], "xyz": [12.603895, 7.745694, 18.651746], "properties": {}}, {"name": "H", "species": [{"element": "H", "occu": 1}], "xyz": [14.999973, 9.871408, 16.997605], "properties": {}}, {"name": "H", "species": [{"element": "H", "occu": 1}], "xyz": [14.350597, 8.927175, 15.633024], "properties": {}}, {"name": "H", "species": [{"element": "H", "occu": 1}], "xyz": [16.920869, 8.405057, 17.226602], "properties": {}}, {"name": "H", "species": [{"element": "H", "occu": 1}], "xyz": [16.786222, 8.823294, 15.497355], "properties": {}}, {"name": "H", "species": [{"element": "H", "occu": 1}], "xyz": [17.776402, 6.73964, 14.745112], "properties": {}}, {"name": "H", "species": [{"element": "H", "occu": 1}], "xyz": [17.152202, 5.227977, 15.459182], "properties": {}}, {"name": "H", "species": [{"element": "H", "occu": 1}], "xyz": [18.107333, 6.351144, 16.461007], "properties": {}}, {"name": "H", "species": [{"element": "H", "occu": 1}], "xyz": [12.393332, 8.924379, 17.329438], "properties": {}}, {"name": "O", "species": [{"element": "O", "occu": 1}], "xyz": [13.451128, 5.40699, 16.060904], "properties": {}}, {"name": "C", "species": [{"element": "C", "occu": 1}], "xyz": [12.724501, 6.285251, 15.185378], "properties": {}}, {"name": "C", "species": [{"element": "C", "occu": 1}], "xyz": [13.734931, 4.125559, 15.470536], "properties": {}}, {"name": "C", "species": [{"element": "C", "occu": 1}], "xyz": [14.390345, 3.281199, 16.530343], "properties": {}}, {"name": "O", "species": [{"element": "O", "occu": 1}], "xyz": [15.468221, 4.063353, 17.087521], "properties": {}}, {"name": "C", "species": [{"element": "C", "occu": 1}], "xyz": [16.407095, 3.279353, 17.853048], "properties": {}}, {"name": "H", "species": [{"element": "H", "occu": 1}], "xyz": [11.801014, 5.802795, 14.865535], "properties": {}}, {"name": "H", "species": [{"element": "H", "occu": 1}], "xyz": [13.337248, 6.5411, 14.318937], "properties": {}}, {"name": "H", "species": [{"element": "H", "occu": 1}], "xyz": [14.396768, 4.270055, 14.612606], "properties": {}}, {"name": "H", "species": [{"element": "H", "occu": 1}], "xyz": [12.807045, 3.656781, 15.138464], "properties": {}}, {"name": "H", "species": [{"element": "H", "occu": 1}], "xyz": [14.785495, 2.366052, 16.087866], "properties": {}}, {"name": "H", "species": [{"element": "H", "occu": 1}], "xyz": [13.688952, 3.029284, 17.329097], "properties": {}}, {"name": "H", "species": [{"element": "H", "occu": 1}], "xyz": [16.842249, 2.51354, 17.211397], "properties": {}}, {"name": "H", "species": [{"element": "H", "occu": 1}], "xyz": [15.904549, 2.818113, 18.704504], "properties": {}}, {"name": "H", "species": [{"element": "H", "occu": 1}], "xyz": [17.178613, 3.958584, 18.198376], "properties": {}}, {"name": "H", "species": [{"element": "H", "occu": 1}], "xyz": [12.488151, 7.177705, 15.753575], "properties": {}}, {"name": "N", "species": [{"element": "N", "occu": 1}], "xyz": [14.377624, 5.854567, 19.642961], "properties": {}}, {"name": "S", "species": [{"element": "S", "occu": 1}], "xyz": [13.257459, 4.880794, 20.311286], "properties": {}}, {"name": "O", "species": [{"element": "O", "occu": 1}], "xyz": [12.241859, 4.725137, 19.308628], "properties": {}}, {"name": "O", "species": [{"element": "O", "occu": 1}], "xyz": [13.808164, 3.744087, 20.986073], "properties": {}}, {"name": "C", "species": [{"element": "C", "occu": 1}], "xyz": [12.456163, 5.933009, 21.644972], "properties": {}}, {"name": "F", "species": [{"element": "F", "occu": 1}], "xyz": [13.23679, 5.999133, 22.718963], "properties": {}}, {"name": "F", "species": [{"element": "F", "occu": 1}], "xyz": [11.297507, 5.370631, 21.977792], "properties": {}}, {"name": "F", "species": [{"element": "F", "occu": 1}], "xyz": [12.230366, 7.166639, 21.187141], "properties": {}}, {"name": "S", "species": [{"element": "S", "occu": 1}], "xyz": [15.895269, 6.068457, 20.092443], "properties": {}}, {"name": "O", "species": [{"element": "O", "occu": 1}], "xyz": [16.556992, 6.298325, 18.803843], "properties": {}}, {"name": "O", "species": [{"element": "O", "occu": 1}], "xyz": [16.471416, 5.156207, 21.027377], "properties": {}}, {"name": "C", "species": [{"element": "C", "occu": 1}], "xyz": [15.95423, 7.75835, 20.907388], "properties": {}}, {"name": "F", "species": [{"element": "F", "occu": 1}], "xyz": [17.219368, 8.02277, 21.217315], "properties": {}}, {"name": "F", "species": [{"element": "F", "occu": 1}], "xyz": [15.502037, 8.688957, 20.069141], "properties": {}}, {"name": "F", "species": [{"element": "F", "occu": 1}], "xyz": [15.213508, 7.760372, 22.009082], "properties": {}}]}, "stationary_type": "Minimum", "corrections": {}, "tensor": {"1": {"type": "Mg", "Isotropic": 574.0116, "Anisotropy": 19.5456, "tensor": [[2.4635, 5.5438, 575.4779]], "eigenvalues": [559.6015, 575.3913, 587.042]}, "2": {"type": "O", "Isotropic": 313.0284, "Anisotropy": 43.2425, "tensor": [], "eigenvalues": [276.5559, 320.6727, 341.8568]}, "3": {"type": "C", "Isotropic": 120.2417, "Anisotropy": 90.1347, "tensor": [], "eigenvalues": [88.8067, 91.5869, 180.3316]}, "4": {"type": "C", "Isotropic": 108.7955, "Anisotropy": 71.7751, "tensor": [], "eigenvalues": [76.8122, 92.9287, 156.6456]}, "5": {"type": "C", "Isotropic": 108.3014, "Anisotropy": 70.2327, "tensor": [], "eigenvalues": [77.5106, 92.2703, 155.1231]}, "6": {"type": "O", "Isotropic": 306.0455, "Anisotropy": 33.0265, "tensor": [[2.5023, 16.8022, 281.1406]], "eigenvalues": [276.9331, 313.1402, 328.0632]}, "7": {"type": "C", "Isotropic": 120.0776, "Anisotropy": 93.5637, "tensor": [], "eigenvalues": [86.7727, 91.0066, 182.4534]}, "8": {"type": "H", "Isotropic": 28.2223, "Anisotropy": 7.5105, "tensor": [], "eigenvalues": [24.2498, 27.1878, 33.2293]}, "9": {"type": "H", "Isotropic": 27.8815, "Anisotropy": 7.588, "tensor": [], "eigenvalues": [23.4937, 27.2106, 32.9402]}, "10": {"type": "H", "Isotropic": 28.1759, "Anisotropy": 7.6979, "tensor": [], "eigenvalues": [24.6612, 26.5586, 33.3078]}, "11": {"type": "H", "Isotropic": 27.7721, "Anisotropy": 8.401, "tensor": [], "eigenvalues": [24.3075, 25.6361, 33.3728]}, "12": {"type": "H", "Isotropic": 27.7834, "Anisotropy": 5.5758, "tensor": [[26.9208, 1.8513, 0.6068], [3.5457, 28.8117, 2.4843], [0.6245, 0.8771, 27.6178]], "eigenvalues": [24.9064, 26.9433, 31.5006]}, "13": {"type": "H", "Isotropic": 28.1714, "Anisotropy": 8.1884, "tensor": [], "eigenvalues": [24.2393, 26.6447, 33.6304]}, "14": {"type": "H", "Isotropic": 28.33, "Anisotropy": 10.4597, "tensor": [], "eigenvalues": [24.4381, 25.2488, 35.3032]}, "15": {"type": "H", "Isotropic": 27.9098, "Anisotropy": 7.0931, "tensor": [], "eigenvalues": [23.0919, 27.9989, 32.6385]}, "16": {"type": "H", "Isotropic": 28.3027, "Anisotropy": 8.1198, "tensor": [], "eigenvalues": [24.1761, 27.0162, 33.7159]}, "17": {"type": "H", "Isotropic": 28.367, "Anisotropy": 9.003, "tensor": [], "eigenvalues": [24.7237, 26.0084, 34.369]}, "18": {"type": "O", "Isotropic": 306.6414, "Anisotropy": 37.2117, "tensor": [[8.2632, 16.8871, 321.6409]], "eigenvalues": [271.4858, 316.9892, 331.4492]}, "19": {"type": "C", "Isotropic": 120.2894, "Anisotropy": 93.2235, "tensor": [], "eigenvalues": [86.9108, 91.5189, 182.4383]}, "20": {"type": "C", "Isotropic": 106.9915, "Anisotropy": 70.9713, "tensor": [], "eigenvalues": [75.043, 91.6258, 154.3057]}, "21": {"type": "C", "Isotropic": 107.8611, "Anisotropy": 72.8971, "tensor": [[125.0203, 15.6895, 28.9719], [28.1404, 104.2712, 12.7551], [32.5078, 13.2451, 94.2919]], "eigenvalues": [75.2794, 91.8448, 156.4591]}, "22": {"type": "O", "Isotropic": 304.4548, "Anisotropy": 36.7972, "tensor": [[301.6628, 14.5065, 22.1385]], "eigenvalues": [272.2035, 312.1747, 328.9863]}, "23": {"type": "C", "Isotropic": 118.709, "Anisotropy": 91.9776, "tensor": [], "eigenvalues": [83.4977, 92.6019, 180.0274]}, "24": {"type": "H", "Isotropic": 28.2744, "Anisotropy": 9.9228, "tensor": [[31.6244, 0.1847, 4.3722]], "eigenvalues": [24.6495, 25.2842, 34.8897]}, "25": {"type": "H", "Isotropic": 28.2666, "Anisotropy": 8.6384, "tensor": [], "eigenvalues": [24.3019, 26.4725, 34.0256]}, "26": {"type": "H", "Isotropic": 27.7976, "Anisotropy": 8.004, "tensor": [], "eigenvalues": [24.3215, 25.9377, 33.1337]}, "27": {"type": "H", "Isotropic": 28.0485, "Anisotropy": 8.0939, "tensor": [[27.4814, 1.0815, 2.8799], [3.2444, 29.4131, 3.6391], [3.1266, 1.979, 27.251]], "eigenvalues": [24.2728, 26.4282, 33.4444]}, "28": {"type": "H", "Isotropic": 28.1143, "Anisotropy": 7.8951, "tensor": [[25.7326, 1.3112, 1.9003], [0.9281, 3.9084, 26.7122]], "eigenvalues": [24.2593, 26.7059, 33.3777]}, "29": {"type": "H", "Isotropic": 27.4113, "Anisotropy": 6.3682, "tensor": [[0.1317, 0.6741, 26.2665]], "eigenvalues": [24.2573, 26.3198, 31.6567]}, "30": {"type": "H", "Isotropic": 28.2635, "Anisotropy": 9.8528, "tensor": [], "eigenvalues": [24.3131, 25.6454, 34.832]}, "31": {"type": "H", "Isotropic": 27.9757, "Anisotropy": 7.3161, "tensor": [], "eigenvalues": [23.5699, 27.5041, 32.8531]}, "32": {"type": "H", "Isotropic": 27.5715, "Anisotropy": 5.9906, "tensor": [[3.3877, 1.9185, 26.3099]], "eigenvalues": [23.2824, 27.8669, 31.5652]}, "33": {"type": "H", "Isotropic": 28.2834, "Anisotropy": 6.3324, "tensor": [], "eigenvalues": [23.3374, 29.0078, 32.505]}, "34": {"type": "N", "Isotropic": 86.2927, "Anisotropy": 88.9312, "tensor": [], "eigenvalues": [46.6248, 66.6731, 145.5801]}, "35": {"type": "S", "Isotropic": 147.7809, "Anisotropy": 281.9242, "tensor": []}, "36": {"type": "O", "Isotropic": 109.7353, "Anisotropy": 75.0938, "tensor": [[131.3002, 7.4908, 34.7729]], "eigenvalues": [58.3523, 111.0557, 159.7979]}, "37": {"type": "O", "Isotropic": 106.3233, "Anisotropy": 57.1435, "tensor": [[89.6584, 8.7257, 18.9271]], "eigenvalues": [75.0707, 99.4802, 144.419]}, "38": {"type": "C", "Isotropic": 48.6053, "Anisotropy": 7.6614, "tensor": [[51.2305, 3.9675, 3.1568]], "eigenvalues": [39.8917, 52.2113, 53.7129]}, "39": {"type": "F", "Isotropic": 250.5224, "Anisotropy": 123.6188, "tensor": [[240.7241, 23.1844, 62.7207], [27.7541, 220.8234, 0.4128]], "eigenvalues": [184.3773, 234.2551, 332.935]}, "40": {"type": "F", "Isotropic": 253.3281, "Anisotropy": 131.9183, "tensor": [], "eigenvalues": [183.8823, 234.8284, 341.2736]}, "41": {"type": "F", "Isotropic": 251.4296, "Anisotropy": 131.9226, "tensor": [], "eigenvalues": [186.3391, 228.5718, 339.378]}, "42": {"type": "S", "Isotropic": 138.4631, "Anisotropy": 236.7387, "tensor": []}, "43": {"type": "O", "Isotropic": 120.8591, "Anisotropy": 96.9414, "tensor": [], "eigenvalues": [70.147, 106.9435, 185.4867]}, "44": {"type": "O", "Isotropic": 124.8246, "Anisotropy": 50.3952, "tensor": [], "eigenvalues": [91.3389, 124.7135, 158.4214]}, "45": {"type": "C", "Isotropic": 48.6874, "Anisotropy": 7.8942, "tensor": [[52.8496, 0.1255, 0.377]], "eigenvalues": [39.2753, 52.8367, 53.9502]}, "46": {"type": "F", "Isotropic": 252.0048, "Anisotropy": 133.3012, "tensor": [[323.5121, 37.181, 30.9173]], "eigenvalues": [184.794, 230.3481, 340.8722]}, "47": {"type": "F", "Isotropic": 251.274, "Anisotropy": 133.4298, "tensor": [], "eigenvalues": [187.1044, 226.4903, 340.2272]}, "48": {"type": "F", "Isotropic": 252.4384, "Anisotropy": 126.7896, "tensor": [], "eigenvalues": [188.3874, 231.9631, 336.9648]}}}}, "functional": "B3LYP", "basis": "Def2TZVP", "phase": "solution", "type": "nmr;scrf", "smiles": "[Mg].O(C)CCOC.O(C)CCOC.[N](S(=O)(=O)C(F)(F)F)S(=O)(=O)C(F)(F)F", "formula": "Mg1 H20 C10 S2 N1 O8 F6", "formula_pretty": "MgH20C10S2N(O4F3)2", "formula_anonymous": "ABC2D6E8F10G20", "formula_alphabetical": "C10 F6 H20 Mg1 N1 O8 S2", "chemsys": "C-F-H-Mg-N-O-S", "nsites": 48, "nelements": 7, "is_ordered": true, "is_valid": true, "tag": "oplsd_2", "wall_time (s)": 1513.3892650650814, "last_updated": "2020-10-03T03:13:54.759723", "_id": null}