{"input": {"molecule": {"charge": 0, "spin_multiplicity": 1, "sites": [{"name": "O", "species": [{"element": "O", "occu": 1}], "xyz": [1.720662, -0.521132, 0.000125], "properties": {}}, {"name": "C", "species": [{"element": "C", "occu": 1}], "xyz": [2.987586, 0.112533, 7.8e-05], "properties": {}}, {"name": "C", "species": [{"element": "C", "occu": 1}], "xyz": [0.644594, 0.398443, 0.000162], "properties": {}}, {"name": "C", "species": [{"element": "C", "occu": 1}], "xyz": [-0.644594, -0.398192, 0.000206], "properties": {}}, {"name": "O", "species": [{"element": "O", "occu": 1}], "xyz": [-1.720662, 0.521382, 0.000254], "properties": {}}, {"name": "C", "species": [{"element": "C", "occu": 1}], "xyz": [-2.987586, -0.112283, 0.000303], "properties": {}}, {"name": "H", "species": [{"element": "H", "occu": 1}], "xyz": [3.120725, 0.739256, 0.890764], "properties": {}}, {"name": "H", "species": [{"element": "H", "occu": 1}], "xyz": [3.120665, 0.739246, -0.890624], "properties": {}}, {"name": "H", "species": [{"element": "H", "occu": 1}], "xyz": [0.682917, 1.044478, -0.887382], "properties": {}}, {"name": "H", "species": [{"element": "H", "occu": 1}], "xyz": [0.682977, 1.044478, 0.887702], "properties": {}}, {"name": "H", "species": [{"element": "H", "occu": 1}], "xyz": [-0.682912, -1.044234, 0.887745], "properties": {}}, {"name": "H", "species": [{"element": "H", "occu": 1}], "xyz": [-0.682982, -1.044222, -0.887339], "properties": {}}, {"name": "H", "species": [{"element": "H", "occu": 1}], "xyz": [-3.120658, -0.739005, 0.890999], "properties": {}}, {"name": "H", "species": [{"element": "H", "occu": 1}], "xyz": [-3.120732, -0.738997, -0.890388], "properties": {}}, {"name": "H", "species": [{"element": "H", "occu": 1}], "xyz": [-3.74359, 0.671746, 0.000338], "properties": {}}, {"name": "H", "species": [{"element": "H", "occu": 1}], "xyz": [3.74359, -0.671496, 5.7e-05], "properties": {}}]}, "functional": "B3LYP", "basis_set": "Def2TZVP", "route_parameters": {"NMR": "GIAO", "iop(7/33=1)": null, "int": "ultrafine", "EmpiricalDispersion": "GD3", "NoSymmetry": null, "test": null, "SCRF": "(Solvent=TetraHydroFuran)"}, "title": "H10 C4 O2", "charge": 0, "spin_multiplicity": 1, "input_parameters": {}, "link0_parameters": {"%chk": "checkpoint.chk", "%mem": "100GB", "%NProcShared": "28"}, "dieze_tag": "#P", "nbasisfunctions": 246, "pcm_parameters": {}}, "output": {"has_gaussian_completed": true, "is_pcm": true, "errors": [], "Mulliken_charges": {"1": ["O", -0.346423], "2": ["C", -0.174271], "3": ["C", 0.0112], "4": ["C", 0.011199], "5": ["O", -0.346423], "6": ["C", -0.174271], "7": ["H", 0.108205], "8": ["H", 0.108205], "9": ["H", 0.083138], "10": ["H", 0.083138], "11": ["H", 0.083138], "12": ["H", 0.083138], "13": ["H", 0.108205], "14": ["H", 0.108205], "15": ["H", 0.126808], "16": ["H", 0.126808]}, "tensor": {"1": {"type": "O", "Isotropic": 310.8896, "Anisotropy": 35.057, "tensor": [], "eigenvalues": [283.3339, 315.0738, 334.2609]}, "2": {"type": "C", "Isotropic": 121.4043, "Anisotropy": 92.3578, "tensor": [], "eigenvalues": [89.5102, 91.7264, 182.9761]}, "3": {"type": "C", "Isotropic": 106.6845, "Anisotropy": 81.3659, "tensor": [], "eigenvalues": [73.8668, 85.2582, 160.9284]}, "4": {"type": "C", "Isotropic": 106.6844, "Anisotropy": 81.3658, "tensor": [], "eigenvalues": [73.8668, 85.2582, 160.9283]}, "5": {"type": "O", "Isotropic": 310.8897, "Anisotropy": 35.0569, "tensor": [], "eigenvalues": [283.3341, 315.074, 334.2609]}, "6": {"type": "C", "Isotropic": 121.4043, "Anisotropy": 92.3579, "tensor": [], "eigenvalues": [89.5103, 91.7264, 182.9762]}, "7": {"type": "H", "Isotropic": 28.5316, "Anisotropy": 8.201, "tensor": [[30.2199, 4.3483, 3.6306], [2.2051, 27.3403, 2.2101], [1.6305, 1.1725, 28.0345]], "eigenvalues": [25.2007, 26.3951, 33.999]}, "8": {"type": "H", "Isotropic": 28.5316, "Anisotropy": 8.201, "tensor": [], "eigenvalues": [25.2007, 26.3951, 33.999]}, "9": {"type": "H", "Isotropic": 28.4053, "Anisotropy": 4.2604, "tensor": [], "eigenvalues": [25.6837, 28.2867, 31.2455]}, "10": {"type": "H", "Isotropic": 28.4053, "Anisotropy": 4.2604, "tensor": [[0.1627, 1.6934, 27.6558]], "eigenvalues": [25.6837, 28.2867, 31.2456]}, "11": {"type": "H", "Isotropic": 28.4053, "Anisotropy": 4.2604, "tensor": [], "eigenvalues": [25.6837, 28.2867, 31.2455]}, "12": {"type": "H", "Isotropic": 28.4053, "Anisotropy": 4.2604, "tensor": [[0.1627, 1.6934, 27.6559]], "eigenvalues": [25.6837, 28.2867, 31.2455]}, "13": {"type": "H", "Isotropic": 28.5316, "Anisotropy": 8.201, "tensor": [], "eigenvalues": [25.2007, 26.3951, 33.999]}, "14": {"type": "H", "Isotropic": 28.5316, "Anisotropy": 8.201, "tensor": [[30.22, 4.3483, 3.6306], [2.2051, 27.3403, 2.2101], [1.6306, 1.1725, 28.0345]], "eigenvalues": [25.2007, 26.3951, 33.999]}, "15": {"type": "H", "Isotropic": 28.181, "Anisotropy": 8.8543, "tensor": [[0.1023, 25.9872, 0.0]], "eigenvalues": [24.6529, 25.8061, 34.0839]}, "16": {"type": "H", "Isotropic": 28.181, "Anisotropy": 8.8543, "tensor": [], "eigenvalues": [24.6529, 25.8061, 34.0838]}}, "output": {"energies": [-309.000658], "final_energy": -309.000658, "final_energy_per_atom": -19.312541125, "molecule": {"charge": 0.0, "spin_multiplicity": 1, "sites": [{"name": "O", "species": [{"element": "O", "occu": 1}], "xyz": [1.720662, -0.521132, 0.000125], "properties": {}}, {"name": "C", "species": [{"element": "C", "occu": 1}], "xyz": [2.987586, 0.112533, 7.8e-05], "properties": {}}, {"name": "C", "species": [{"element": "C", "occu": 1}], "xyz": [0.644594, 0.398443, 0.000162], "properties": {}}, {"name": "C", "species": [{"element": "C", "occu": 1}], "xyz": [-0.644594, -0.398192, 0.000206], "properties": {}}, {"name": "O", "species": [{"element": "O", "occu": 1}], "xyz": [-1.720662, 0.521382, 0.000254], "properties": {}}, {"name": "C", "species": [{"element": "C", "occu": 1}], "xyz": [-2.987586, -0.112283, 0.000303], "properties": {}}, {"name": "H", "species": [{"element": "H", "occu": 1}], "xyz": [3.120725, 0.739256, 0.890764], "properties": {}}, {"name": "H", "species": [{"element": "H", "occu": 1}], "xyz": [3.120665, 0.739246, -0.890624], "properties": {}}, {"name": "H", "species": [{"element": "H", "occu": 1}], "xyz": [0.682917, 1.044478, -0.887382], "properties": {}}, {"name": "H", "species": [{"element": "H", "occu": 1}], "xyz": [0.682977, 1.044478, 0.887702], "properties": {}}, {"name": "H", "species": [{"element": "H", "occu": 1}], "xyz": [-0.682912, -1.044234, 0.887745], "properties": {}}, {"name": "H", "species": [{"element": "H", "occu": 1}], "xyz": [-0.682982, -1.044222, -0.887339], "properties": {}}, {"name": "H", "species": [{"element": "H", "occu": 1}], "xyz": [-3.120658, -0.739005, 0.890999], "properties": {}}, {"name": "H", "species": [{"element": "H", "occu": 1}], "xyz": [-3.120732, -0.738997, -0.890388], "properties": {}}, {"name": "H", "species": [{"element": "H", "occu": 1}], "xyz": [-3.74359, 0.671746, 0.000338], "properties": {}}, {"name": "H", "species": [{"element": "H", "occu": 1}], "xyz": [3.74359, -0.671496, 5.7e-05], "properties": {}}]}, "stationary_type": "Minimum", "corrections": {}, "tensor": {"1": {"type": "O", "Isotropic": 310.8896, "Anisotropy": 35.057, "tensor": [], "eigenvalues": [283.3339, 315.0738, 334.2609]}, "2": {"type": "C", "Isotropic": 121.4043, "Anisotropy": 92.3578, "tensor": [], "eigenvalues": [89.5102, 91.7264, 182.9761]}, "3": {"type": "C", "Isotropic": 106.6845, "Anisotropy": 81.3659, "tensor": [], "eigenvalues": [73.8668, 85.2582, 160.9284]}, "4": {"type": "C", "Isotropic": 106.6844, "Anisotropy": 81.3658, "tensor": [], "eigenvalues": [73.8668, 85.2582, 160.9283]}, "5": {"type": "O", "Isotropic": 310.8897, "Anisotropy": 35.0569, "tensor": [], "eigenvalues": [283.3341, 315.074, 334.2609]}, "6": {"type": "C", "Isotropic": 121.4043, "Anisotropy": 92.3579, "tensor": [], "eigenvalues": [89.5103, 91.7264, 182.9762]}, "7": {"type": "H", "Isotropic": 28.5316, "Anisotropy": 8.201, "tensor": [[30.2199, 4.3483, 3.6306], [2.2051, 27.3403, 2.2101], [1.6305, 1.1725, 28.0345]], "eigenvalues": [25.2007, 26.3951, 33.999]}, "8": {"type": "H", "Isotropic": 28.5316, "Anisotropy": 8.201, "tensor": [], "eigenvalues": [25.2007, 26.3951, 33.999]}, "9": {"type": "H", "Isotropic": 28.4053, "Anisotropy": 4.2604, "tensor": [], "eigenvalues": [25.6837, 28.2867, 31.2455]}, "10": {"type": "H", "Isotropic": 28.4053, "Anisotropy": 4.2604, "tensor": [[0.1627, 1.6934, 27.6558]], "eigenvalues": [25.6837, 28.2867, 31.2456]}, "11": {"type": "H", "Isotropic": 28.4053, "Anisotropy": 4.2604, "tensor": [], "eigenvalues": [25.6837, 28.2867, 31.2455]}, "12": {"type": "H", "Isotropic": 28.4053, "Anisotropy": 4.2604, "tensor": [[0.1627, 1.6934, 27.6559]], "eigenvalues": [25.6837, 28.2867, 31.2455]}, "13": {"type": "H", "Isotropic": 28.5316, "Anisotropy": 8.201, "tensor": [], "eigenvalues": [25.2007, 26.3951, 33.999]}, "14": {"type": "H", "Isotropic": 28.5316, "Anisotropy": 8.201, "tensor": [[30.22, 4.3483, 3.6306], [2.2051, 27.3403, 2.2101], [1.6306, 1.1725, 28.0345]], "eigenvalues": [25.2007, 26.3951, 33.999]}, "15": {"type": "H", "Isotropic": 28.181, "Anisotropy": 8.8543, "tensor": [[0.1023, 25.9872, 0.0]], "eigenvalues": [24.6529, 25.8061, 34.0839]}, "16": {"type": "H", "Isotropic": 28.181, "Anisotropy": 8.8543, "tensor": [], "eigenvalues": [24.6529, 25.8061, 34.0838]}}}}, "functional": "B3LYP", "basis": "Def2TZVP", "phase": "solution", "type": "scrf;nmr", "smiles": "O(C)CCOC", "formula": "H10 C4 O2", "formula_pretty": "H5C2O", "formula_anonymous": "AB2C5", "formula_alphabetical": "C4 H10 O2", "chemsys": "C-H-O", "nsites": 16, "nelements": 3, "is_ordered": true, "is_valid": true, "tag": "oplsd_ref", "wall_time (s)": 34.1499242708087, "last_updated": "2021-01-20T10:26:09.624077", "_id": null}