{"input": {"molecule": {"charge": 0, "spin_multiplicity": 1, "sites": [{"name": "O", "species": [{"element": "O", "occu": 1}], "xyz": [1.096302, -0.094035, -1.420184], "properties": {}}, {"name": "C", "species": [{"element": "C", "occu": 1}], "xyz": [2.191918, 0.64477, -1.930231], "properties": {}}, {"name": "C", "species": [{"element": "C", "occu": 1}], "xyz": [0.313347, 0.655291, -0.508512], "properties": {}}, {"name": "C", "species": [{"element": "C", "occu": 1}], "xyz": [-0.833063, -0.22052, -0.046108], "properties": {}}, {"name": "O", "species": [{"element": "O", "occu": 1}], "xyz": [-1.596854, 0.529441, 0.881138], "properties": {}}, {"name": "C", "species": [{"element": "C", "occu": 1}], "xyz": [-2.719109, -0.17687, 1.378401], "properties": {}}, {"name": "H", "species": [{"element": "H", "occu": 1}], "xyz": [2.864735, 0.967619, -1.125422], "properties": {}}, {"name": "H", "species": [{"element": "H", "occu": 1}], "xyz": [1.854161, 1.533181, -2.478318], "properties": {}}, {"name": "H", "species": [{"element": "H", "occu": 1}], "xyz": [-0.079942, 1.562659, -0.983446], "properties": {}}, {"name": "H", "species": [{"element": "H", "occu": 1}], "xyz": [0.91569, 0.963615, 0.356913], "properties": {}}, {"name": "H", "species": [{"element": "H", "occu": 1}], "xyz": [-0.442404, -1.134854, 0.420282], "properties": {}}, {"name": "H", "species": [{"element": "H", "occu": 1}], "xyz": [-1.44724, -0.51711, -0.90687], "properties": {}}, {"name": "H", "species": [{"element": "H", "occu": 1}], "xyz": [-2.414869, -1.088934, 1.906466], "properties": {}}, {"name": "H", "species": [{"element": "H", "occu": 1}], "xyz": [-3.406828, -0.453644, 0.569778], "properties": {}}, {"name": "H", "species": [{"element": "H", "occu": 1}], "xyz": [-3.234824, 0.482822, 2.074822], "properties": {}}, {"name": "H", "species": [{"element": "H", "occu": 1}], "xyz": [2.737786, -0.007676, -2.610352], "properties": {}}, {"name": "H", "species": [{"element": "H", "occu": 1}], "xyz": [3.630853, 3.286792, 0.884396], "properties": {}}, {"name": "H", "species": [{"element": "H", "occu": 1}], "xyz": [-2.572774, 2.721182, -0.085005], "properties": {}}, {"name": "H", "species": [{"element": "H", "occu": 1}], "xyz": [1.496976, 3.392549, -0.288701], "properties": {}}, {"name": "H", "species": [{"element": "H", "occu": 1}], "xyz": [-0.511862, 2.901179, 1.154506], "properties": {}}, {"name": "C", "species": [{"element": "C", "occu": 1}], "xyz": [1.142037, 4.096478, 0.475001], "properties": {}}, {"name": "C", "species": [{"element": "C", "occu": 1}], "xyz": [-2.383591, 3.731027, -0.464597], "properties": {}}, {"name": "C", "species": [{"element": "C", "occu": 1}], "xyz": [3.215923, 4.011666, 1.596147], "properties": {}}, {"name": "C", "species": [{"element": "C", "occu": 1}], "xyz": [-0.340412, 3.887438, 0.708447], "properties": {}}, {"name": "O", "species": [{"element": "O", "occu": 1}], "xyz": [-0.990056, 3.987254, -0.547719], "properties": {}}, {"name": "O", "species": [{"element": "O", "occu": 1}], "xyz": [1.810092, 3.878232, 1.704153], "properties": {}}, {"name": "H", "species": [{"element": "H", "occu": 1}], "xyz": [-2.789696, 3.823538, -1.471254], "properties": {}}, {"name": "H", "species": [{"element": "H", "occu": 1}], "xyz": [3.638035, 3.823847, 2.582471], "properties": {}}, {"name": "H", "species": [{"element": "H", "occu": 1}], "xyz": [1.329487, 5.113181, 0.103928], "properties": {}}, {"name": "H", "species": [{"element": "H", "occu": 1}], "xyz": [-0.723818, 4.645458, 1.404911], "properties": {}}, {"name": "H", "species": [{"element": "H", "occu": 1}], "xyz": [3.498461, 5.020832, 1.271185], "properties": {}}, {"name": "H", "species": [{"element": "H", "occu": 1}], "xyz": [-2.882111, 4.4577, 0.189347], "properties": {}}]}, "functional": "B3LYP", "basis_set": "Def2TZVP", "route_parameters": {"NMR": "GIAO", "iop(7/33=1)": null, "int": "ultrafine", "EmpiricalDispersion": "GD3", "NoSymmetry": null, "test": null, "SCRF": "(Solvent=TetraHydroFuran)"}, "title": "H20 C8 O4", "charge": 0, "spin_multiplicity": 1, "input_parameters": {}, "link0_parameters": {"%chk": "checkpoint.chk", "%mem": "100GB", "%NProcShared": "28"}, "dieze_tag": "#P", "nbasisfunctions": 492, "pcm_parameters": {}}, "output": {"has_gaussian_completed": true, "is_pcm": true, "errors": [], "Mulliken_charges": {"1": ["O", -0.344644], "2": ["C", -0.183136], "3": ["C", -0.025505], "4": ["C", 0.016832], "5": ["O", -0.336613], "6": ["C", -0.178914], "7": ["H", 0.109248], "8": ["H", 0.111823], "9": ["H", 0.106015], "10": ["H", 0.088485], "11": ["H", 0.084836], "12": ["H", 0.084394], "13": ["H", 0.113903], "14": ["H", 0.111493], "15": ["H", 0.127902], "16": ["H", 0.131495], "17": ["H", 0.107166], "18": ["H", 0.123166], "19": ["H", 0.092875], "20": ["H", 0.097929], "21": ["C", -0.010584], "22": ["C", -0.184411], "23": ["C", -0.174572], "24": ["C", -0.00105], "25": ["O", -0.361902], "26": ["O", -0.351906], "27": ["H", 0.121996], "28": ["H", 0.127044], "29": ["H", 0.090793], "30": ["H", 0.088311], "31": ["H", 0.10883], "32": ["H", 0.108702]}, "tensor": {"1": {"type": "O", "Isotropic": 309.45, "Anisotropy": 38.1237, "tensor": [], "eigenvalues": [282.2627, 311.2216, 334.8658]}, "2": {"type": "C", "Isotropic": 121.021, "Anisotropy": 89.6083, "tensor": [], "eigenvalues": [90.5439, 91.7592, 180.7599]}, "3": {"type": "C", "Isotropic": 106.7321, "Anisotropy": 78.7866, "tensor": [], "eigenvalues": [74.4763, 86.4635, 159.2565]}, "4": {"type": "C", "Isotropic": 106.9872, "Anisotropy": 80.0135, "tensor": [], "eigenvalues": [73.7605, 86.8716, 160.3295]}, "5": {"type": "O", "Isotropic": 304.2847, "Anisotropy": 39.7621, "tensor": [[4.7772, 324.9447, 15.1439]], "eigenvalues": [279.3754, 302.686, 330.7928]}, "6": {"type": "C", "Isotropic": 122.1216, "Anisotropy": 91.7649, "tensor": [], "eigenvalues": [90.4098, 92.6567, 183.2982]}, "7": {"type": "H", "Isotropic": 28.4445, "Anisotropy": 7.2516, "tensor": [[32.2436, 2.5803, 1.8116], [2.0796, 27.4963, 1.7496]], "eigenvalues": [25.2982, 26.7563, 33.2789]}, "8": {"type": "H", "Isotropic": 28.4501, "Anisotropy": 6.9298, "tensor": [], "eigenvalues": [25.69, 26.5903, 33.07]}, "9": {"type": "H", "Isotropic": 28.1786, "Anisotropy": 7.7181, "tensor": [], "eigenvalues": [24.8475, 26.3644, 33.3241]}, "10": {"type": "H", "Isotropic": 28.4029, "Anisotropy": 4.3222, "tensor": [[0.6827, 28.9171, 2.4429], [0.3755, 2.4096, 28.6761]], "eigenvalues": [26.2853, 27.639, 31.2844]}, "11": {"type": "H", "Isotropic": 28.3796, "Anisotropy": 4.6512, "tensor": [], "eigenvalues": [25.415, 28.2435, 31.4804]}, "12": {"type": "H", "Isotropic": 28.3882, "Anisotropy": 4.3345, "tensor": [[1.1761, 27.5248, 2.2478], [0.5528, 2.3536, 29.8587]], "eigenvalues": [25.8547, 28.0322, 31.2779]}, "13": {"type": "H", "Isotropic": 28.5097, "Anisotropy": 9.0198, "tensor": [], "eigenvalues": [24.9442, 26.062, 34.5229]}, "14": {"type": "H", "Isotropic": 28.5562, "Anisotropy": 8.7703, "tensor": [[32.6637, 3.6497, 2.1418], [3.2068, 27.384, 0.4956]], "eigenvalues": [24.906, 26.3595, 34.4031]}, "15": {"type": "H", "Isotropic": 28.1431, "Anisotropy": 9.0149, "tensor": [], "eigenvalues": [24.2243, 26.052, 34.153]}, "16": {"type": "H", "Isotropic": 28.142, "Anisotropy": 8.9788, "tensor": [[0.6992, 25.8932, 0.2225]], "eigenvalues": [24.2706, 26.0275, 34.1279]}, "17": {"type": "H", "Isotropic": 28.4907, "Anisotropy": 7.4856, "tensor": [], "eigenvalues": [24.5896, 27.4013, 33.481]}, "18": {"type": "H", "Isotropic": 28.1982, "Anisotropy": 7.0571, "tensor": [], "eigenvalues": [23.0391, 28.6525, 32.9029]}, "19": {"type": "H", "Isotropic": 28.374, "Anisotropy": 5.1149, "tensor": [[27.4475, 0.7746, 2.2717], [0.3722, 28.6109, 1.8709], [0.2409, 3.1999, 29.0638]], "eigenvalues": [26.1127, 27.2254, 31.784]}, "20": {"type": "H", "Isotropic": 28.3546, "Anisotropy": 3.8847, "tensor": [[27.0225, 0.0097, 1.7822], [1.6829, 30.7212, 0.0987]], "eigenvalues": [25.6879, 28.4315, 30.9444]}, "21": {"type": "C", "Isotropic": 107.4877, "Anisotropy": 81.7871, "tensor": [], "eigenvalues": [75.2571, 85.1936, 162.0124]}, "22": {"type": "C", "Isotropic": 122.8723, "Anisotropy": 90.6551, "tensor": [[181.0648, 13.8213, 3.4537], [13.8574, 95.951, 0.2661], [0.8479, 0.0983, 91.6011]], "eigenvalues": [91.5394, 93.7684, 183.309]}, "23": {"type": "C", "Isotropic": 121.4392, "Anisotropy": 92.1169, "tensor": [[182.2419, 6.8701, 2.1441], [7.9193, 92.1717, 1.533]], "eigenvalues": [89.2422, 92.2249, 182.8504]}, "24": {"type": "C", "Isotropic": 109.4734, "Anisotropy": 80.489, "tensor": [], "eigenvalues": [77.4688, 87.8186, 163.1327]}, "25": {"type": "O", "Isotropic": 312.4524, "Anisotropy": 32.0182, "tensor": [[320.5696, 0.911, 0.0263]], "eigenvalues": [283.3713, 320.1881, 333.7979]}, "26": {"type": "O", "Isotropic": 311.2132, "Anisotropy": 30.0661, "tensor": [], "eigenvalues": [283.3351, 319.0473, 331.2573]}, "27": {"type": "H", "Isotropic": 28.4103, "Anisotropy": 8.9159, "tensor": [], "eigenvalues": [25.0588, 25.8178, 34.3542]}, "28": {"type": "H", "Isotropic": 28.1819, "Anisotropy": 9.294, "tensor": [[0.4583, 24.7149, 0.0819]], "eigenvalues": [24.6964, 25.4715, 34.378]}, "29": {"type": "H", "Isotropic": 28.3785, "Anisotropy": 4.0217, "tensor": [], "eigenvalues": [25.4926, 28.5832, 31.0596]}, "30": {"type": "H", "Isotropic": 28.5122, "Anisotropy": 4.7693, "tensor": [], "eigenvalues": [25.6938, 28.1511, 31.6917]}, "31": {"type": "H", "Isotropic": 28.5408, "Anisotropy": 8.8253, "tensor": [[2.6488, 28.9784, 0.2974], [0.3761, 0.2211, 25.1345]], "eigenvalues": [24.9345, 26.2635, 34.4243]}, "32": {"type": "H", "Isotropic": 28.6944, "Anisotropy": 8.6344, "tensor": [], "eigenvalues": [24.8206, 26.812, 34.4507]}}, "output": {"energies": [-618.007904185], "final_energy": -618.007904185, "final_energy_per_atom": -19.31274700578125, "molecule": {"charge": 0.0, "spin_multiplicity": 1, "sites": [{"name": "O", "species": [{"element": "O", "occu": 1}], "xyz": [1.096302, -0.094035, -1.420184], "properties": {}}, {"name": "C", "species": [{"element": "C", "occu": 1}], "xyz": [2.191918, 0.64477, -1.930231], "properties": {}}, {"name": "C", "species": [{"element": "C", "occu": 1}], "xyz": [0.313347, 0.655291, -0.508512], "properties": {}}, {"name": "C", "species": [{"element": "C", "occu": 1}], "xyz": [-0.833063, -0.22052, -0.046108], "properties": {}}, {"name": "O", "species": [{"element": "O", "occu": 1}], "xyz": [-1.596854, 0.529441, 0.881138], "properties": {}}, {"name": "C", "species": [{"element": "C", "occu": 1}], "xyz": [-2.719109, -0.17687, 1.378401], "properties": {}}, {"name": "H", "species": [{"element": "H", "occu": 1}], "xyz": [2.864735, 0.967619, -1.125422], "properties": {}}, {"name": "H", "species": [{"element": "H", "occu": 1}], "xyz": [1.854161, 1.533181, -2.478318], "properties": {}}, {"name": "H", "species": [{"element": "H", "occu": 1}], "xyz": [-0.079942, 1.562659, -0.983446], "properties": {}}, {"name": "H", "species": [{"element": "H", "occu": 1}], "xyz": [0.91569, 0.963615, 0.356913], "properties": {}}, {"name": "H", "species": [{"element": "H", "occu": 1}], "xyz": [-0.442404, -1.134854, 0.420282], "properties": {}}, {"name": "H", "species": [{"element": "H", "occu": 1}], "xyz": [-1.44724, -0.51711, -0.90687], "properties": {}}, {"name": "H", "species": [{"element": "H", "occu": 1}], "xyz": [-2.414869, -1.088934, 1.906466], "properties": {}}, {"name": "H", "species": [{"element": "H", "occu": 1}], "xyz": [-3.406828, -0.453644, 0.569778], "properties": {}}, {"name": "H", "species": [{"element": "H", "occu": 1}], "xyz": [-3.234824, 0.482822, 2.074822], "properties": {}}, {"name": "H", "species": [{"element": "H", "occu": 1}], "xyz": [2.737786, -0.007676, -2.610352], "properties": {}}, {"name": "H", "species": [{"element": "H", "occu": 1}], "xyz": [3.630853, 3.286792, 0.884396], "properties": {}}, {"name": "H", "species": [{"element": "H", "occu": 1}], "xyz": [-2.572774, 2.721182, -0.085005], "properties": {}}, {"name": "H", "species": [{"element": "H", "occu": 1}], "xyz": [1.496976, 3.392549, -0.288701], "properties": {}}, {"name": "H", "species": [{"element": "H", "occu": 1}], "xyz": [-0.511862, 2.901179, 1.154506], "properties": {}}, {"name": "C", "species": [{"element": "C", "occu": 1}], "xyz": [1.142037, 4.096478, 0.475001], "properties": {}}, {"name": "C", "species": [{"element": "C", "occu": 1}], "xyz": [-2.383591, 3.731027, -0.464597], "properties": {}}, {"name": "C", "species": [{"element": "C", "occu": 1}], "xyz": [3.215923, 4.011666, 1.596147], "properties": {}}, {"name": "C", "species": [{"element": "C", "occu": 1}], "xyz": [-0.340412, 3.887438, 0.708447], "properties": {}}, {"name": "O", "species": [{"element": "O", "occu": 1}], "xyz": [-0.990056, 3.987254, -0.547719], "properties": {}}, {"name": "O", "species": [{"element": "O", "occu": 1}], "xyz": [1.810092, 3.878232, 1.704153], "properties": {}}, {"name": "H", "species": [{"element": "H", "occu": 1}], "xyz": [-2.789696, 3.823538, -1.471254], "properties": {}}, {"name": "H", "species": [{"element": "H", "occu": 1}], "xyz": [3.638035, 3.823847, 2.582471], "properties": {}}, {"name": "H", "species": [{"element": "H", "occu": 1}], "xyz": [1.329487, 5.113181, 0.103928], "properties": {}}, {"name": "H", "species": [{"element": "H", "occu": 1}], "xyz": [-0.723818, 4.645458, 1.404911], "properties": {}}, {"name": "H", "species": [{"element": "H", "occu": 1}], "xyz": [3.498461, 5.020832, 1.271185], "properties": {}}, {"name": "H", "species": [{"element": "H", "occu": 1}], "xyz": [-2.882111, 4.4577, 0.189347], "properties": {}}]}, "stationary_type": "Minimum", "corrections": {}, "tensor": {"1": {"type": "O", "Isotropic": 309.45, "Anisotropy": 38.1237, "tensor": [], "eigenvalues": [282.2627, 311.2216, 334.8658]}, "2": {"type": "C", "Isotropic": 121.021, "Anisotropy": 89.6083, "tensor": [], "eigenvalues": [90.5439, 91.7592, 180.7599]}, "3": {"type": "C", "Isotropic": 106.7321, "Anisotropy": 78.7866, "tensor": [], "eigenvalues": [74.4763, 86.4635, 159.2565]}, "4": {"type": "C", "Isotropic": 106.9872, "Anisotropy": 80.0135, "tensor": [], "eigenvalues": [73.7605, 86.8716, 160.3295]}, "5": {"type": "O", "Isotropic": 304.2847, "Anisotropy": 39.7621, "tensor": [[4.7772, 324.9447, 15.1439]], "eigenvalues": [279.3754, 302.686, 330.7928]}, "6": {"type": "C", "Isotropic": 122.1216, "Anisotropy": 91.7649, "tensor": [], "eigenvalues": [90.4098, 92.6567, 183.2982]}, "7": {"type": "H", "Isotropic": 28.4445, "Anisotropy": 7.2516, "tensor": [[32.2436, 2.5803, 1.8116], [2.0796, 27.4963, 1.7496]], "eigenvalues": [25.2982, 26.7563, 33.2789]}, "8": {"type": "H", "Isotropic": 28.4501, "Anisotropy": 6.9298, "tensor": [], "eigenvalues": [25.69, 26.5903, 33.07]}, "9": {"type": "H", "Isotropic": 28.1786, "Anisotropy": 7.7181, "tensor": [], "eigenvalues": [24.8475, 26.3644, 33.3241]}, "10": {"type": "H", "Isotropic": 28.4029, "Anisotropy": 4.3222, "tensor": [[0.6827, 28.9171, 2.4429], [0.3755, 2.4096, 28.6761]], "eigenvalues": [26.2853, 27.639, 31.2844]}, "11": {"type": "H", "Isotropic": 28.3796, "Anisotropy": 4.6512, "tensor": [], "eigenvalues": [25.415, 28.2435, 31.4804]}, "12": {"type": "H", "Isotropic": 28.3882, "Anisotropy": 4.3345, "tensor": [[1.1761, 27.5248, 2.2478], [0.5528, 2.3536, 29.8587]], "eigenvalues": [25.8547, 28.0322, 31.2779]}, "13": {"type": "H", "Isotropic": 28.5097, "Anisotropy": 9.0198, "tensor": [], "eigenvalues": [24.9442, 26.062, 34.5229]}, "14": {"type": "H", "Isotropic": 28.5562, "Anisotropy": 8.7703, "tensor": [[32.6637, 3.6497, 2.1418], [3.2068, 27.384, 0.4956]], "eigenvalues": [24.906, 26.3595, 34.4031]}, "15": {"type": "H", "Isotropic": 28.1431, "Anisotropy": 9.0149, "tensor": [], "eigenvalues": [24.2243, 26.052, 34.153]}, "16": {"type": "H", "Isotropic": 28.142, "Anisotropy": 8.9788, "tensor": [[0.6992, 25.8932, 0.2225]], "eigenvalues": [24.2706, 26.0275, 34.1279]}, "17": {"type": "H", "Isotropic": 28.4907, "Anisotropy": 7.4856, "tensor": [], "eigenvalues": [24.5896, 27.4013, 33.481]}, "18": {"type": "H", "Isotropic": 28.1982, "Anisotropy": 7.0571, "tensor": [], "eigenvalues": [23.0391, 28.6525, 32.9029]}, "19": {"type": "H", "Isotropic": 28.374, "Anisotropy": 5.1149, "tensor": [[27.4475, 0.7746, 2.2717], [0.3722, 28.6109, 1.8709], [0.2409, 3.1999, 29.0638]], "eigenvalues": [26.1127, 27.2254, 31.784]}, "20": {"type": "H", "Isotropic": 28.3546, "Anisotropy": 3.8847, "tensor": [[27.0225, 0.0097, 1.7822], [1.6829, 30.7212, 0.0987]], "eigenvalues": [25.6879, 28.4315, 30.9444]}, "21": {"type": "C", "Isotropic": 107.4877, "Anisotropy": 81.7871, "tensor": [], "eigenvalues": [75.2571, 85.1936, 162.0124]}, "22": {"type": "C", "Isotropic": 122.8723, "Anisotropy": 90.6551, "tensor": [[181.0648, 13.8213, 3.4537], [13.8574, 95.951, 0.2661], [0.8479, 0.0983, 91.6011]], "eigenvalues": [91.5394, 93.7684, 183.309]}, "23": {"type": "C", "Isotropic": 121.4392, "Anisotropy": 92.1169, "tensor": [[182.2419, 6.8701, 2.1441], [7.9193, 92.1717, 1.533]], "eigenvalues": [89.2422, 92.2249, 182.8504]}, "24": {"type": "C", "Isotropic": 109.4734, "Anisotropy": 80.489, "tensor": [], "eigenvalues": [77.4688, 87.8186, 163.1327]}, "25": {"type": "O", "Isotropic": 312.4524, "Anisotropy": 32.0182, "tensor": [[320.5696, 0.911, 0.0263]], "eigenvalues": [283.3713, 320.1881, 333.7979]}, "26": {"type": "O", "Isotropic": 311.2132, "Anisotropy": 30.0661, "tensor": [], "eigenvalues": [283.3351, 319.0473, 331.2573]}, "27": {"type": "H", "Isotropic": 28.4103, "Anisotropy": 8.9159, "tensor": [], "eigenvalues": [25.0588, 25.8178, 34.3542]}, "28": {"type": "H", "Isotropic": 28.1819, "Anisotropy": 9.294, "tensor": [[0.4583, 24.7149, 0.0819]], "eigenvalues": [24.6964, 25.4715, 34.378]}, "29": {"type": "H", "Isotropic": 28.3785, "Anisotropy": 4.0217, "tensor": [], "eigenvalues": [25.4926, 28.5832, 31.0596]}, "30": {"type": "H", "Isotropic": 28.5122, "Anisotropy": 4.7693, "tensor": [], "eigenvalues": [25.6938, 28.1511, 31.6917]}, "31": {"type": "H", "Isotropic": 28.5408, "Anisotropy": 8.8253, "tensor": [[2.6488, 28.9784, 0.2974], [0.3761, 0.2211, 25.1345]], "eigenvalues": [24.9345, 26.2635, 34.4243]}, "32": {"type": "H", "Isotropic": 28.6944, "Anisotropy": 8.6344, "tensor": [], "eigenvalues": [24.8206, 26.812, 34.4507]}}}}, "functional": "B3LYP", "basis": "Def2TZVP", "phase": "solution", "type": "scrf;nmr", "smiles": "O(C)CCOC.C(COC)OC", "formula": "H20 C8 O4", "formula_pretty": "H5C2O", "formula_anonymous": "AB2C5", "formula_alphabetical": "C8 H20 O4", "chemsys": "C-H-O", "nsites": 32, "nelements": 3, "is_ordered": true, "is_valid": true, "tag": "oplsd_ref", "wall_time (s)": 152.62648796942085, "last_updated": "2021-01-26T02:30:46.248611", "_id": null}