{"input": {"molecule": {"charge": 0, "spin_multiplicity": 1, "sites": [{"name": "O", "species": [{"element": "O", "occu": 1}], "xyz": [1.408466, 0.589856, -2.254654], "properties": {}}, {"name": "C", "species": [{"element": "C", "occu": 1}], "xyz": [1.893069, 1.566764, -3.156679], "properties": {}}, {"name": "C", "species": [{"element": "C", "occu": 1}], "xyz": [1.077796, 1.135366, -0.989436], "properties": {}}, {"name": "C", "species": [{"element": "C", "occu": 1}], "xyz": [0.654096, -0.001024, -0.08325], "properties": {}}, {"name": "O", "species": [{"element": "O", "occu": 1}], "xyz": [0.298994, 0.563868, 1.167985], "properties": {}}, {"name": "C", "species": [{"element": "C", "occu": 1}], "xyz": [-0.02243, -0.409521, 2.144048], "properties": {}}, {"name": "H", "species": [{"element": "H", "occu": 1}], "xyz": [2.806572, 2.041879, -2.776541], "properties": {}}, {"name": "H", "species": [{"element": "H", "occu": 1}], "xyz": [1.146025, 2.34909, -3.340009], "properties": {}}, {"name": "H", "species": [{"element": "H", "occu": 1}], "xyz": [0.2619, 1.863931, -1.081686], "properties": {}}, {"name": "H", "species": [{"element": "H", "occu": 1}], "xyz": [1.942309, 1.650322, -0.553259], "properties": {}}, {"name": "H", "species": [{"element": "H", "occu": 1}], "xyz": [1.485029, -0.704347, 0.034568], "properties": {}}, {"name": "H", "species": [{"element": "H", "occu": 1}], "xyz": [-0.198625, -0.536012, -0.522681], "properties": {}}, {"name": "H", "species": [{"element": "H", "occu": 1}], "xyz": [0.83009, -1.070163, 2.34305], "properties": {}}, {"name": "H", "species": [{"element": "H", "occu": 1}], "xyz": [-0.87604, -1.023558, 1.830631], "properties": {}}, {"name": "H", "species": [{"element": "H", "occu": 1}], "xyz": [-0.283438, 0.121546, 3.05862], "properties": {}}, {"name": "H", "species": [{"element": "H", "occu": 1}], "xyz": [2.118866, 1.062638, -4.095396], "properties": {}}, {"name": "H", "species": [{"element": "H", "occu": 1}], "xyz": [3.655308, 4.205954, -1.532695], "properties": {}}, {"name": "H", "species": [{"element": "H", "occu": 1}], "xyz": [-1.592493, 2.499397, 1.404999], "properties": {}}, {"name": "H", "species": [{"element": "H", "occu": 1}], "xyz": [1.262069, 4.087068, -1.079212], "properties": {}}, {"name": "H", "species": [{"element": "H", "occu": 1}], "xyz": [0.730177, 3.016014, 1.166535], "properties": {}}, {"name": "C", "species": [{"element": "C", "occu": 1}], "xyz": [1.453606, 4.576893, -0.116139], "properties": {}}, {"name": "C", "species": [{"element": "C", "occu": 1}], "xyz": [-1.807968, 3.55678, 1.21481], "properties": {}}, {"name": "C", "species": [{"element": "C", "occu": 1}], "xyz": [3.774979, 4.689533, -0.554669], "properties": {}}, {"name": "C", "species": [{"element": "C", "occu": 1}], "xyz": [0.478223, 4.052373, 0.918409], "properties": {}}, {"name": "O", "species": [{"element": "O", "occu": 1}], "xyz": [-0.825612, 4.128652, 0.366085], "properties": {}}, {"name": "O", "species": [{"element": "O", "occu": 1}], "xyz": [2.758742, 4.281749, 0.343277], "properties": {}}, {"name": "H", "species": [{"element": "H", "occu": 1}], "xyz": [-2.767672, 3.646353, 0.707086], "properties": {}}, {"name": "H", "species": [{"element": "H", "occu": 1}], "xyz": [4.723025, 4.383027, -0.118163], "properties": {}}, {"name": "H", "species": [{"element": "H", "occu": 1}], "xyz": [1.324345, 5.657985, -0.260474], "properties": {}}, {"name": "H", "species": [{"element": "H", "occu": 1}], "xyz": [0.543685, 4.647167, 1.839893], "properties": {}}, {"name": "H", "species": [{"element": "H", "occu": 1}], "xyz": [3.766709, 5.776864, -0.700671], "properties": {}}, {"name": "H", "species": [{"element": "H", "occu": 1}], "xyz": [-1.861585, 4.086255, 2.174703], "properties": {}}, {"name": "H", "species": [{"element": "H", "occu": 1}], "xyz": [3.624445, -1.912991, -0.932982], "properties": {}}, {"name": "O", "species": [{"element": "O", "occu": 1}], "xyz": [4.005424, -0.282926, 0.212243], "properties": {}}, {"name": "H", "species": [{"element": "H", "occu": 1}], "xyz": [3.349423, 1.981053, 1.516139], "properties": {}}, {"name": "C", "species": [{"element": "C", "occu": 1}], "xyz": [4.209006, -0.996069, -0.995575], "properties": {}}, {"name": "H", "species": [{"element": "H", "occu": 1}], "xyz": [3.863723, -0.418057, -1.859368], "properties": {}}, {"name": "C", "species": [{"element": "C", "occu": 1}], "xyz": [4.385281, 1.62833, 1.563119], "properties": {}}, {"name": "H", "species": [{"element": "H", "occu": 1}], "xyz": [4.476355, 0.930566, 2.40688], "properties": {}}, {"name": "H", "species": [{"element": "H", "occu": 1}], "xyz": [3.935962, 4.016213, 2.632623], "properties": {}}, {"name": "C", "species": [{"element": "C", "occu": 1}], "xyz": [4.750891, 0.91815, 0.275612], "properties": {}}, {"name": "H", "species": [{"element": "H", "occu": 1}], "xyz": [5.266818, -1.253338, -1.131037], "properties": {}}, {"name": "C", "species": [{"element": "C", "occu": 1}], "xyz": [4.920681, 3.567171, 2.798289], "properties": {}}, {"name": "H", "species": [{"element": "H", "occu": 1}], "xyz": [4.912016, 3.018179, 3.748446], "properties": {}}, {"name": "H", "species": [{"element": "H", "occu": 1}], "xyz": [4.524792, 1.562467, -0.584523], "properties": {}}, {"name": "O", "species": [{"element": "O", "occu": 1}], "xyz": [5.276389, 2.719431, 1.718937], "properties": {}}, {"name": "H", "species": [{"element": "H", "occu": 1}], "xyz": [5.829131, 0.707695, 0.262853], "properties": {}}, {"name": "H", "species": [{"element": "H", "occu": 1}], "xyz": [5.67127, 4.355132, 2.852208], "properties": {}}]}, "functional": "B3LYP", "basis_set": "Def2TZVP", "route_parameters": {"NMR": "GIAO", "iop(7/33=1)": null, "int": "ultrafine", "EmpiricalDispersion": "GD3", "NoSymmetry": null, "test": null, "SCRF": "(Solvent=TetraHydroFuran)"}, "title": "H30 C12 O6", "charge": 0, "spin_multiplicity": 1, "input_parameters": {}, "link0_parameters": {"%chk": "checkpoint.chk", "%mem": "100GB", "%NProcShared": "28"}, "dieze_tag": "#P", "nbasisfunctions": 738, "pcm_parameters": {}}, "output": {"has_gaussian_completed": true, "is_pcm": true, "errors": [], "Mulliken_charges": {"1": ["O", -0.35769], "2": ["C", -0.182718], "3": ["C", -0.019184], "4": ["C", 0.009303], "5": ["O", -0.343692], "6": ["C", -0.176851], "7": ["H", 0.106648], "8": ["H", 0.11613], "9": ["H", 0.10869], "10": ["H", 0.092336], "11": ["H", 0.101686], "12": ["H", 0.082805], "13": ["H", 0.114734], "14": ["H", 0.108207], "15": ["H", 0.125126], "16": ["H", 0.131369], "17": ["H", 0.101322], "18": ["H", 0.11997], "19": ["H", 0.091885], "20": ["H", 0.114334], "21": ["C", -0.002444], "22": ["C", -0.180825], "23": ["C", -0.183057], "24": ["C", -0.025601], "25": ["O", -0.360256], "26": ["O", -0.342135], "27": ["H", 0.122221], "28": ["H", 0.136033], "29": ["H", 0.09014], "30": ["H", 0.088278], "31": ["H", 0.11303], "32": ["H", 0.10575], "33": ["H", 0.123973], "34": ["O", -0.353116], "35": ["H", 0.103846], "36": ["C", -0.182723], "37": ["H", 0.120614], "38": ["C", 0.011559], "39": ["H", 0.083595], "40": ["H", 0.118887], "41": ["C", -0.022187], "42": ["H", 0.113215], "43": ["C", -0.178876], "44": ["H", 0.108053], "45": ["H", 0.099944], "46": ["O", -0.361309], "47": ["H", 0.087135], "48": ["H", 0.121845]}, "tensor": {"1": {"type": "O", "Isotropic": 308.3371, "Anisotropy": 34.5684, "tensor": [[0.1786, 321.6918, 16.449]], "eigenvalues": [284.3255, 309.3031, 331.3827]}, "2": {"type": "C", "Isotropic": 121.17, "Anisotropy": 87.0066, "tensor": [], "eigenvalues": [90.5397, 93.7959, 179.1744]}, "3": {"type": "C", "Isotropic": 107.1977, "Anisotropy": 78.8101, "tensor": [], "eigenvalues": [76.2606, 85.5947, 159.7378]}, "4": {"type": "C", "Isotropic": 107.6007, "Anisotropy": 79.2476, "tensor": [], "eigenvalues": [75.7267, 86.643, 160.4325]}, "5": {"type": "O", "Isotropic": 304.7396, "Anisotropy": 39.4534, "tensor": [], "eigenvalues": [279.0151, 304.1619, 331.0419]}, "6": {"type": "C", "Isotropic": 122.408, "Anisotropy": 91.5231, "tensor": [], "eigenvalues": [90.0819, 93.7187, 183.4234]}, "7": {"type": "H", "Isotropic": 28.4089, "Anisotropy": 5.6037, "tensor": [[29.0582, 2.1407, 0.124]], "eigenvalues": [26.0182, 27.0639, 32.1447]}, "8": {"type": "H", "Isotropic": 28.4389, "Anisotropy": 7.5555, "tensor": [[25.8672, 0.2142, 0.9165]], "eigenvalues": [25.3378, 26.5029, 33.4758]}, "9": {"type": "H", "Isotropic": 28.3187, "Anisotropy": 6.2027, "tensor": [], "eigenvalues": [26.0118, 26.4903, 32.4538]}, "10": {"type": "H", "Isotropic": 28.4763, "Anisotropy": 4.1866, "tensor": [[0.5838, 28.6655, 1.7632], [2.0947, 3.0807, 28.5647]], "eigenvalues": [25.7482, 28.4133, 31.2673]}, "11": {"type": "H", "Isotropic": 28.1794, "Anisotropy": 5.7615, "tensor": [], "eigenvalues": [25.7063, 26.8114, 32.0204]}, "12": {"type": "H", "Isotropic": 28.4164, "Anisotropy": 4.5662, "tensor": [[2.4542, 27.5688, 1.2232], [1.3479, 2.5669, 29.5598]], "eigenvalues": [25.4956, 28.293, 31.4605]}, "13": {"type": "H", "Isotropic": 28.5787, "Anisotropy": 8.2201, "tensor": [[27.3115, 0.3775, 0.0052]], "eigenvalues": [24.5011, 27.1761, 34.0588]}, "14": {"type": "H", "Isotropic": 28.5888, "Anisotropy": 9.5997, "tensor": [], "eigenvalues": [24.7109, 26.0669, 34.9886]}, "15": {"type": "H", "Isotropic": 28.181, "Anisotropy": 9.198, "tensor": [], "eigenvalues": [24.414, 25.816, 34.313]}, "16": {"type": "H", "Isotropic": 28.1689, "Anisotropy": 9.2761, "tensor": [], "eigenvalues": [24.5752, 25.5785, 34.353]}, "17": {"type": "H", "Isotropic": 28.5839, "Anisotropy": 6.5063, "tensor": [], "eigenvalues": [24.9575, 27.8727, 32.9214]}, "18": {"type": "H", "Isotropic": 28.2818, "Anisotropy": 6.2636, "tensor": [], "eigenvalues": [23.3498, 29.0381, 32.4576]}, "19": {"type": "H", "Isotropic": 28.4159, "Anisotropy": 3.2419, "tensor": [[29.1516, 0.5202, 2.7739], [0.5723, 1.5481, 27.7386]], "eigenvalues": [26.2537, 28.4168, 30.5772]}, "20": {"type": "H", "Isotropic": 28.1207, "Anisotropy": 5.436, "tensor": [], "eigenvalues": [24.4286, 28.1887, 31.7447]}, "21": {"type": "C", "Isotropic": 107.8838, "Anisotropy": 81.1534, "tensor": [], "eigenvalues": [75.9329, 85.7324, 161.9861]}, "22": {"type": "C", "Isotropic": 122.5155, "Anisotropy": 90.9652, "tensor": [], "eigenvalues": [90.485, 93.9025, 183.159]}, "23": {"type": "C", "Isotropic": 121.7204, "Anisotropy": 89.1138, "tensor": [], "eigenvalues": [91.4306, 92.6012, 181.1296]}, "24": {"type": "C", "Isotropic": 109.3494, "Anisotropy": 81.631, "tensor": [[160.1357, 0.6746, 19.3047]], "eigenvalues": [77.1826, 87.0955, 163.77]}, "25": {"type": "O", "Isotropic": 312.9103, "Anisotropy": 32.6754, "tensor": [[330.2061, 2.3463, 3.0689]], "eigenvalues": [281.0723, 322.9646, 334.6939]}, "26": {"type": "O", "Isotropic": 306.0921, "Anisotropy": 37.9877, "tensor": [], "eigenvalues": [278.8873, 307.9717, 331.4173]}, "27": {"type": "H", "Isotropic": 28.3664, "Anisotropy": 9.3852, "tensor": [[34.4401, 0.2317, 0.2121]], "eigenvalues": [24.7754, 25.7007, 34.6233]}, "28": {"type": "H", "Isotropic": 27.8215, "Anisotropy": 5.5799, "tensor": [], "eigenvalues": [23.5283, 28.3946, 31.5414]}, "29": {"type": "H", "Isotropic": 28.3207, "Anisotropy": 5.6202, "tensor": [], "eigenvalues": [25.0884, 27.8062, 32.0675]}, "30": {"type": "H", "Isotropic": 28.4324, "Anisotropy": 3.9546, "tensor": [[29.5556, 0.9001, 2.1436]], "eigenvalues": [25.3971, 28.8312, 31.0688]}, "31": {"type": "H", "Isotropic": 28.6054, "Anisotropy": 9.2704, "tensor": [], "eigenvalues": [25.1544, 25.8761, 34.7856]}, "32": {"type": "H", "Isotropic": 28.6551, "Anisotropy": 8.8333, "tensor": [], "eigenvalues": [24.8744, 26.5468, 34.544]}, "33": {"type": "H", "Isotropic": 28.3227, "Anisotropy": 8.4828, "tensor": [[0.8744, 32.0771, 2.5396], [0.781, 4.7411, 26.9095]], "eigenvalues": [25.0219, 25.9684, 33.9779]}, "34": {"type": "O", "Isotropic": 309.144, "Anisotropy": 30.9666, "tensor": [[16.5812, 311.9422, 3.9648]], "eigenvalues": [282.1989, 315.4446, 329.7884]}, "35": {"type": "H", "Isotropic": 28.1497, "Anisotropy": 5.5351, "tensor": [[1.9725, 28.0943, 0.1763]], "eigenvalues": [24.604, 28.0054, 31.8398]}, "36": {"type": "C", "Isotropic": 121.4112, "Anisotropy": 88.4686, "tensor": [], "eigenvalues": [89.6714, 94.172, 180.3903]}, "37": {"type": "H", "Isotropic": 28.488, "Anisotropy": 5.8677, "tensor": [], "eigenvalues": [23.4668, 29.5974, 32.3998]}, "38": {"type": "C", "Isotropic": 108.027, "Anisotropy": 81.4088, "tensor": [[101.4284, 33.2379, 6.1952], [39.0269, 134.3218, 15.384], [8.5561, 19.5486, 88.3307]], "eigenvalues": [76.7266, 85.0548, 162.2995]}, "39": {"type": "H", "Isotropic": 28.5319, "Anisotropy": 4.1294, "tensor": [[26.848, 1.6688, 0.6318]], "eigenvalues": [25.3071, 29.0037, 31.2849]}, "40": {"type": "H", "Isotropic": 28.3295, "Anisotropy": 4.9966, "tensor": [], "eigenvalues": [23.6853, 29.6427, 31.6606]}, "41": {"type": "C", "Isotropic": 107.0026, "Anisotropy": 81.3862, "tensor": [[97.727, 32.7931, 1.8662], [33.4248, 139.2658, 15.1109], [6.0819, 18.9557, 84.0149]], "eigenvalues": [75.192, 84.5557, 161.26]}, "42": {"type": "H", "Isotropic": 28.6157, "Anisotropy": 9.2789, "tensor": [], "eigenvalues": [24.6863, 26.3592, 34.8016]}, "43": {"type": "C", "Isotropic": 122.6238, "Anisotropy": 90.7672, "tensor": [], "eigenvalues": [89.8315, 94.9047, 183.1353]}, "44": {"type": "H", "Isotropic": 28.6851, "Anisotropy": 8.8725, "tensor": [[0.8433, 0.0665, 34.2557]], "eigenvalues": [24.9941, 26.461, 34.6001]}, "45": {"type": "H", "Isotropic": 28.3159, "Anisotropy": 3.9547, "tensor": [[27.4208, 0.5895, 0.2948], [1.2993, 0.4763, 26.674]], "eigenvalues": [26.1068, 27.8887, 30.9524]}, "46": {"type": "O", "Isotropic": 309.4007, "Anisotropy": 32.5705, "tensor": [[14.0973, 307.0817, 12.6923]], "eigenvalues": [281.9851, 315.1027, 331.1144]}, "47": {"type": "H", "Isotropic": 28.4434, "Anisotropy": 5.0341, "tensor": [[1.922, 28.3801, 1.0821], [1.0472, 1.6441, 25.4997]], "eigenvalues": [24.9365, 28.5942, 31.7994]}, "48": {"type": "H", "Isotropic": 28.377, "Anisotropy": 9.3133, "tensor": [[26.792, 1.6116, 1.1373], [3.0892, 30.2851, 3.344], [2.7563, 4.8018, 28.054]], "eigenvalues": [24.9272, 25.618, 34.5859]}}, "output": {"energies": [-927.019752586], "final_energy": -927.019752586, "final_energy_per_atom": -19.312911512208334, "molecule": {"charge": 0.0, "spin_multiplicity": 1, "sites": [{"name": "O", "species": [{"element": "O", "occu": 1}], "xyz": [1.408466, 0.589856, -2.254654], "properties": {}}, {"name": "C", "species": [{"element": "C", "occu": 1}], "xyz": [1.893069, 1.566764, -3.156679], "properties": {}}, {"name": "C", "species": [{"element": "C", "occu": 1}], "xyz": [1.077796, 1.135366, -0.989436], "properties": {}}, {"name": "C", "species": [{"element": "C", "occu": 1}], "xyz": [0.654096, -0.001024, -0.08325], "properties": {}}, {"name": "O", "species": [{"element": "O", "occu": 1}], "xyz": [0.298994, 0.563868, 1.167985], "properties": {}}, {"name": "C", "species": [{"element": "C", "occu": 1}], "xyz": [-0.02243, -0.409521, 2.144048], "properties": {}}, {"name": "H", "species": [{"element": "H", "occu": 1}], "xyz": [2.806572, 2.041879, -2.776541], "properties": {}}, {"name": "H", "species": [{"element": "H", "occu": 1}], "xyz": [1.146025, 2.34909, -3.340009], "properties": {}}, {"name": "H", "species": [{"element": "H", "occu": 1}], "xyz": [0.2619, 1.863931, -1.081686], "properties": {}}, {"name": "H", "species": [{"element": "H", "occu": 1}], "xyz": [1.942309, 1.650322, -0.553259], "properties": {}}, {"name": "H", "species": [{"element": "H", "occu": 1}], "xyz": [1.485029, -0.704347, 0.034568], "properties": {}}, {"name": "H", "species": [{"element": "H", "occu": 1}], "xyz": [-0.198625, -0.536012, -0.522681], "properties": {}}, {"name": "H", "species": [{"element": "H", "occu": 1}], "xyz": [0.83009, -1.070163, 2.34305], "properties": {}}, {"name": "H", "species": [{"element": "H", "occu": 1}], "xyz": [-0.87604, -1.023558, 1.830631], "properties": {}}, {"name": "H", "species": [{"element": "H", "occu": 1}], "xyz": [-0.283438, 0.121546, 3.05862], "properties": {}}, {"name": "H", "species": [{"element": "H", "occu": 1}], "xyz": [2.118866, 1.062638, -4.095396], "properties": {}}, {"name": "H", "species": [{"element": "H", "occu": 1}], "xyz": [3.655308, 4.205954, -1.532695], "properties": {}}, {"name": "H", "species": [{"element": "H", "occu": 1}], "xyz": [-1.592493, 2.499397, 1.404999], "properties": {}}, {"name": "H", "species": [{"element": "H", "occu": 1}], "xyz": [1.262069, 4.087068, -1.079212], "properties": {}}, {"name": "H", "species": [{"element": "H", "occu": 1}], "xyz": [0.730177, 3.016014, 1.166535], "properties": {}}, {"name": "C", "species": [{"element": "C", "occu": 1}], "xyz": [1.453606, 4.576893, -0.116139], "properties": {}}, {"name": "C", "species": [{"element": "C", "occu": 1}], "xyz": [-1.807968, 3.55678, 1.21481], "properties": {}}, {"name": "C", "species": [{"element": "C", "occu": 1}], "xyz": [3.774979, 4.689533, -0.554669], "properties": {}}, {"name": "C", "species": [{"element": "C", "occu": 1}], "xyz": [0.478223, 4.052373, 0.918409], "properties": {}}, {"name": "O", "species": [{"element": "O", "occu": 1}], "xyz": [-0.825612, 4.128652, 0.366085], "properties": {}}, {"name": "O", "species": [{"element": "O", "occu": 1}], "xyz": [2.758742, 4.281749, 0.343277], "properties": {}}, {"name": "H", "species": [{"element": "H", "occu": 1}], "xyz": [-2.767672, 3.646353, 0.707086], "properties": {}}, {"name": "H", "species": [{"element": "H", "occu": 1}], "xyz": [4.723025, 4.383027, -0.118163], "properties": {}}, {"name": "H", "species": [{"element": "H", "occu": 1}], "xyz": [1.324345, 5.657985, -0.260474], "properties": {}}, {"name": "H", "species": [{"element": "H", "occu": 1}], "xyz": [0.543685, 4.647167, 1.839893], "properties": {}}, {"name": "H", "species": [{"element": "H", "occu": 1}], "xyz": [3.766709, 5.776864, -0.700671], "properties": {}}, {"name": "H", "species": [{"element": "H", "occu": 1}], "xyz": [-1.861585, 4.086255, 2.174703], "properties": {}}, {"name": "H", "species": [{"element": "H", "occu": 1}], "xyz": [3.624445, -1.912991, -0.932982], "properties": {}}, {"name": "O", "species": [{"element": "O", "occu": 1}], "xyz": [4.005424, -0.282926, 0.212243], "properties": {}}, {"name": "H", "species": [{"element": "H", "occu": 1}], "xyz": [3.349423, 1.981053, 1.516139], "properties": {}}, {"name": "C", "species": [{"element": "C", "occu": 1}], "xyz": [4.209006, -0.996069, -0.995575], "properties": {}}, {"name": "H", "species": [{"element": "H", "occu": 1}], "xyz": [3.863723, -0.418057, -1.859368], "properties": {}}, {"name": "C", "species": [{"element": "C", "occu": 1}], "xyz": [4.385281, 1.62833, 1.563119], "properties": {}}, {"name": "H", "species": [{"element": "H", "occu": 1}], "xyz": [4.476355, 0.930566, 2.40688], "properties": {}}, {"name": "H", "species": [{"element": "H", "occu": 1}], "xyz": [3.935962, 4.016213, 2.632623], "properties": {}}, {"name": "C", "species": [{"element": "C", "occu": 1}], "xyz": [4.750891, 0.91815, 0.275612], "properties": {}}, {"name": "H", "species": [{"element": "H", "occu": 1}], "xyz": [5.266818, -1.253338, -1.131037], "properties": {}}, {"name": "C", "species": [{"element": "C", "occu": 1}], "xyz": [4.920681, 3.567171, 2.798289], "properties": {}}, {"name": "H", "species": [{"element": "H", "occu": 1}], "xyz": [4.912016, 3.018179, 3.748446], "properties": {}}, {"name": "H", "species": [{"element": "H", "occu": 1}], "xyz": [4.524792, 1.562467, -0.584523], "properties": {}}, {"name": "O", "species": [{"element": "O", "occu": 1}], "xyz": [5.276389, 2.719431, 1.718937], "properties": {}}, {"name": "H", "species": [{"element": "H", "occu": 1}], "xyz": [5.829131, 0.707695, 0.262853], "properties": {}}, {"name": "H", "species": [{"element": "H", "occu": 1}], "xyz": [5.67127, 4.355132, 2.852208], "properties": {}}]}, "stationary_type": "Minimum", "corrections": {}, "tensor": {"1": {"type": "O", "Isotropic": 308.3371, "Anisotropy": 34.5684, "tensor": [[0.1786, 321.6918, 16.449]], "eigenvalues": [284.3255, 309.3031, 331.3827]}, "2": {"type": "C", "Isotropic": 121.17, "Anisotropy": 87.0066, "tensor": [], "eigenvalues": [90.5397, 93.7959, 179.1744]}, "3": {"type": "C", "Isotropic": 107.1977, "Anisotropy": 78.8101, "tensor": [], "eigenvalues": [76.2606, 85.5947, 159.7378]}, "4": {"type": "C", "Isotropic": 107.6007, "Anisotropy": 79.2476, "tensor": [], "eigenvalues": [75.7267, 86.643, 160.4325]}, "5": {"type": "O", "Isotropic": 304.7396, "Anisotropy": 39.4534, "tensor": [], "eigenvalues": [279.0151, 304.1619, 331.0419]}, "6": {"type": "C", "Isotropic": 122.408, "Anisotropy": 91.5231, "tensor": [], "eigenvalues": [90.0819, 93.7187, 183.4234]}, "7": {"type": "H", "Isotropic": 28.4089, "Anisotropy": 5.6037, "tensor": [[29.0582, 2.1407, 0.124]], "eigenvalues": [26.0182, 27.0639, 32.1447]}, "8": {"type": "H", "Isotropic": 28.4389, "Anisotropy": 7.5555, "tensor": [[25.8672, 0.2142, 0.9165]], "eigenvalues": [25.3378, 26.5029, 33.4758]}, "9": {"type": "H", "Isotropic": 28.3187, "Anisotropy": 6.2027, "tensor": [], "eigenvalues": [26.0118, 26.4903, 32.4538]}, "10": {"type": "H", "Isotropic": 28.4763, "Anisotropy": 4.1866, "tensor": [[0.5838, 28.6655, 1.7632], [2.0947, 3.0807, 28.5647]], "eigenvalues": [25.7482, 28.4133, 31.2673]}, "11": {"type": "H", "Isotropic": 28.1794, "Anisotropy": 5.7615, "tensor": [], "eigenvalues": [25.7063, 26.8114, 32.0204]}, "12": {"type": "H", "Isotropic": 28.4164, "Anisotropy": 4.5662, "tensor": [[2.4542, 27.5688, 1.2232], [1.3479, 2.5669, 29.5598]], "eigenvalues": [25.4956, 28.293, 31.4605]}, "13": {"type": "H", "Isotropic": 28.5787, "Anisotropy": 8.2201, "tensor": [[27.3115, 0.3775, 0.0052]], "eigenvalues": [24.5011, 27.1761, 34.0588]}, "14": {"type": "H", "Isotropic": 28.5888, "Anisotropy": 9.5997, "tensor": [], "eigenvalues": [24.7109, 26.0669, 34.9886]}, "15": {"type": "H", "Isotropic": 28.181, "Anisotropy": 9.198, "tensor": [], "eigenvalues": [24.414, 25.816, 34.313]}, "16": {"type": "H", "Isotropic": 28.1689, "Anisotropy": 9.2761, "tensor": [], "eigenvalues": [24.5752, 25.5785, 34.353]}, "17": {"type": "H", "Isotropic": 28.5839, "Anisotropy": 6.5063, "tensor": [], "eigenvalues": [24.9575, 27.8727, 32.9214]}, "18": {"type": "H", "Isotropic": 28.2818, "Anisotropy": 6.2636, "tensor": [], "eigenvalues": [23.3498, 29.0381, 32.4576]}, "19": {"type": "H", "Isotropic": 28.4159, "Anisotropy": 3.2419, "tensor": [[29.1516, 0.5202, 2.7739], [0.5723, 1.5481, 27.7386]], "eigenvalues": [26.2537, 28.4168, 30.5772]}, "20": {"type": "H", "Isotropic": 28.1207, "Anisotropy": 5.436, "tensor": [], "eigenvalues": [24.4286, 28.1887, 31.7447]}, "21": {"type": "C", "Isotropic": 107.8838, "Anisotropy": 81.1534, "tensor": [], "eigenvalues": [75.9329, 85.7324, 161.9861]}, "22": {"type": "C", "Isotropic": 122.5155, "Anisotropy": 90.9652, "tensor": [], "eigenvalues": [90.485, 93.9025, 183.159]}, "23": {"type": "C", "Isotropic": 121.7204, "Anisotropy": 89.1138, "tensor": [], "eigenvalues": [91.4306, 92.6012, 181.1296]}, "24": {"type": "C", "Isotropic": 109.3494, "Anisotropy": 81.631, "tensor": [[160.1357, 0.6746, 19.3047]], "eigenvalues": [77.1826, 87.0955, 163.77]}, "25": {"type": "O", "Isotropic": 312.9103, "Anisotropy": 32.6754, "tensor": [[330.2061, 2.3463, 3.0689]], "eigenvalues": [281.0723, 322.9646, 334.6939]}, "26": {"type": "O", "Isotropic": 306.0921, "Anisotropy": 37.9877, "tensor": [], "eigenvalues": [278.8873, 307.9717, 331.4173]}, "27": {"type": "H", "Isotropic": 28.3664, "Anisotropy": 9.3852, "tensor": [[34.4401, 0.2317, 0.2121]], "eigenvalues": [24.7754, 25.7007, 34.6233]}, "28": {"type": "H", "Isotropic": 27.8215, "Anisotropy": 5.5799, "tensor": [], "eigenvalues": [23.5283, 28.3946, 31.5414]}, "29": {"type": "H", "Isotropic": 28.3207, "Anisotropy": 5.6202, "tensor": [], "eigenvalues": [25.0884, 27.8062, 32.0675]}, "30": {"type": "H", "Isotropic": 28.4324, "Anisotropy": 3.9546, "tensor": [[29.5556, 0.9001, 2.1436]], "eigenvalues": [25.3971, 28.8312, 31.0688]}, "31": {"type": "H", "Isotropic": 28.6054, "Anisotropy": 9.2704, "tensor": [], "eigenvalues": [25.1544, 25.8761, 34.7856]}, "32": {"type": "H", "Isotropic": 28.6551, "Anisotropy": 8.8333, "tensor": [], "eigenvalues": [24.8744, 26.5468, 34.544]}, "33": {"type": "H", "Isotropic": 28.3227, "Anisotropy": 8.4828, "tensor": [[0.8744, 32.0771, 2.5396], [0.781, 4.7411, 26.9095]], "eigenvalues": [25.0219, 25.9684, 33.9779]}, "34": {"type": "O", "Isotropic": 309.144, "Anisotropy": 30.9666, "tensor": [[16.5812, 311.9422, 3.9648]], "eigenvalues": [282.1989, 315.4446, 329.7884]}, "35": {"type": "H", "Isotropic": 28.1497, "Anisotropy": 5.5351, "tensor": [[1.9725, 28.0943, 0.1763]], "eigenvalues": [24.604, 28.0054, 31.8398]}, "36": {"type": "C", "Isotropic": 121.4112, "Anisotropy": 88.4686, "tensor": [], "eigenvalues": [89.6714, 94.172, 180.3903]}, "37": {"type": "H", "Isotropic": 28.488, "Anisotropy": 5.8677, "tensor": [], "eigenvalues": [23.4668, 29.5974, 32.3998]}, "38": {"type": "C", "Isotropic": 108.027, "Anisotropy": 81.4088, "tensor": [[101.4284, 33.2379, 6.1952], [39.0269, 134.3218, 15.384], [8.5561, 19.5486, 88.3307]], "eigenvalues": [76.7266, 85.0548, 162.2995]}, "39": {"type": "H", "Isotropic": 28.5319, "Anisotropy": 4.1294, "tensor": [[26.848, 1.6688, 0.6318]], "eigenvalues": [25.3071, 29.0037, 31.2849]}, "40": {"type": "H", "Isotropic": 28.3295, "Anisotropy": 4.9966, "tensor": [], "eigenvalues": [23.6853, 29.6427, 31.6606]}, "41": {"type": "C", "Isotropic": 107.0026, "Anisotropy": 81.3862, "tensor": [[97.727, 32.7931, 1.8662], [33.4248, 139.2658, 15.1109], [6.0819, 18.9557, 84.0149]], "eigenvalues": [75.192, 84.5557, 161.26]}, "42": {"type": "H", "Isotropic": 28.6157, "Anisotropy": 9.2789, "tensor": [], "eigenvalues": [24.6863, 26.3592, 34.8016]}, "43": {"type": "C", "Isotropic": 122.6238, "Anisotropy": 90.7672, "tensor": [], "eigenvalues": [89.8315, 94.9047, 183.1353]}, "44": {"type": "H", "Isotropic": 28.6851, "Anisotropy": 8.8725, "tensor": [[0.8433, 0.0665, 34.2557]], "eigenvalues": [24.9941, 26.461, 34.6001]}, "45": {"type": "H", "Isotropic": 28.3159, "Anisotropy": 3.9547, "tensor": [[27.4208, 0.5895, 0.2948], [1.2993, 0.4763, 26.674]], "eigenvalues": [26.1068, 27.8887, 30.9524]}, "46": {"type": "O", "Isotropic": 309.4007, "Anisotropy": 32.5705, "tensor": [[14.0973, 307.0817, 12.6923]], "eigenvalues": [281.9851, 315.1027, 331.1144]}, "47": {"type": "H", "Isotropic": 28.4434, "Anisotropy": 5.0341, "tensor": [[1.922, 28.3801, 1.0821], [1.0472, 1.6441, 25.4997]], "eigenvalues": [24.9365, 28.5942, 31.7994]}, "48": {"type": "H", "Isotropic": 28.377, "Anisotropy": 9.3133, "tensor": [[26.792, 1.6116, 1.1373], [3.0892, 30.2851, 3.344], [2.7563, 4.8018, 28.054]], "eigenvalues": [24.9272, 25.618, 34.5859]}}}}, "functional": "B3LYP", "basis": "Def2TZVP", "phase": "solution", "type": "nmr;scrf", "smiles": "O(C)CCOC.C(COC)OC.O(C)CCOC", "formula": "H30 C12 O6", "formula_pretty": "H5C2O", "formula_anonymous": "AB2C5", "formula_alphabetical": "C12 H30 O6", "chemsys": "C-H-O", "nsites": 48, "nelements": 3, "is_ordered": true, "is_valid": true, "tag": "oplsd_ref", "wall_time (s)": 543.3222126010805, "last_updated": "2021-01-26T09:25:10.948332", "_id": null}