{"input": {"molecule": {"charge": 0, "spin_multiplicity": 1, "sites": [{"name": "S", "species": [{"element": "S", "occu": 1}], "xyz": [-1.19382, -0.69867, -0.873044], "properties": {}}, {"name": "O", "species": [{"element": "O", "occu": 1}], "xyz": [-0.803937, 0.425875, -1.798291], "properties": {}}, {"name": "C", "species": [{"element": "C", "occu": 1}], "xyz": [-2.470964, -0.049317, 0.23032], "properties": {}}, {"name": "C", "species": [{"element": "C", "occu": 1}], "xyz": [0.125529, -0.835456, 0.35585], "properties": {}}, {"name": "H", "species": [{"element": "H", "occu": 1}], "xyz": [-3.326227, 0.198424, -0.396882], "properties": {}}, {"name": "H", "species": [{"element": "H", "occu": 1}], "xyz": [-2.094914, 0.843108, 0.730803], "properties": {}}, {"name": "H", "species": [{"element": "H", "occu": 1}], "xyz": [-2.747731, -0.824997, 0.944967], "properties": {}}, {"name": "H", "species": [{"element": "H", "occu": 1}], "xyz": [-0.166134, -1.537961, 1.136918], "properties": {}}, {"name": "H", "species": [{"element": "H", "occu": 1}], "xyz": [0.314009, 0.15371, 0.774405], "properties": {}}, {"name": "H", "species": [{"element": "H", "occu": 1}], "xyz": [1.008756, -1.198703, -0.167509], "properties": {}}, {"name": "S", "species": [{"element": "S", "occu": 1}], "xyz": [-1.487756, -1.318689, 3.843273], "properties": {}}, {"name": "O", "species": [{"element": "O", "occu": 1}], "xyz": [-0.523476, -2.363943, 3.340382], "properties": {}}, {"name": "C", "species": [{"element": "C", "occu": 1}], "xyz": [-0.706535, -0.575058, 5.296536], "properties": {}}, {"name": "C", "species": [{"element": "C", "occu": 1}], "xyz": [-2.803984, -2.204, 4.709261], "properties": {}}, {"name": "H", "species": [{"element": "H", "occu": 1}], "xyz": [0.169246, -0.032072, 4.945308], "properties": {}}, {"name": "H", "species": [{"element": "H", "occu": 1}], "xyz": [-0.41333, -1.364697, 5.988318], "properties": {}}, {"name": "H", "species": [{"element": "H", "occu": 1}], "xyz": [-1.408525, 0.114355, 5.765261], "properties": {}}, {"name": "H", "species": [{"element": "H", "occu": 1}], "xyz": [-3.448225, -1.479186, 5.206851], "properties": {}}, {"name": "H", "species": [{"element": "H", "occu": 1}], "xyz": [-2.35636, -2.888209, 5.430316], "properties": {}}, {"name": "H", "species": [{"element": "H", "occu": 1}], "xyz": [-3.35731, -2.744096, 3.944058], "properties": {}}, {"name": "O", "species": [{"element": "O", "occu": 1}], "xyz": [-3.424874, -3.015279, 1.577392], "properties": {}}, {"name": "S", "species": [{"element": "S", "occu": 1}], "xyz": [-2.323477, -3.842009, 0.961675], "properties": {}}, {"name": "H", "species": [{"element": "H", "occu": 1}], "xyz": [-1.404227, -4.593516, 2.99258], "properties": {}}, {"name": "C", "species": [{"element": "C", "occu": 1}], "xyz": [-1.894486, -5.112878, 2.172314], "properties": {}}, {"name": "H", "species": [{"element": "H", "occu": 1}], "xyz": [-2.807306, -5.607667, 2.504558], "properties": {}}, {"name": "C", "species": [{"element": "C", "occu": 1}], "xyz": [-3.1252, -4.922006, -0.247944], "properties": {}}, {"name": "H", "species": [{"element": "H", "occu": 1}], "xyz": [-3.505085, -4.281231, -1.041858], "properties": {}}, {"name": "H", "species": [{"element": "H", "occu": 1}], "xyz": [-3.942757, -5.457975, 0.233995], "properties": {}}, {"name": "H", "species": [{"element": "H", "occu": 1}], "xyz": [-1.210145, -5.824556, 1.710626], "properties": {}}, {"name": "H", "species": [{"element": "H", "occu": 1}], "xyz": [-2.386893, -5.61493, -0.651302], "properties": {}}]}, "functional": "B3LYP", "basis_set": "Def2TZVP", "route_parameters": {"NMR": "GIAO", "iop(7/33=1)": null, "int": "ultrafine", "EmpiricalDispersion": "GD3", "NoSymmetry": null, "test": null, "SCRF": "(Solvent=DiMethylSulfoxide)"}, "title": "H18 C6 S3 O3", "charge": 0, "spin_multiplicity": 1, "input_parameters": {}, "link0_parameters": {"%chk": "checkpoint.chk", "%mem": "100GB", "%NProcShared": "24"}, "dieze_tag": "#P", "nbasisfunctions": 498, "pcm_parameters": {}}, "output": {"has_gaussian_completed": true, "is_pcm": true, "errors": [], "Mulliken_charges": {"1": ["S", 0.482509], "2": ["O", -0.663222], "3": ["C", -0.360231], "4": ["C", -0.357693], "5": ["H", 0.143393], "6": ["H", 0.13083], "7": ["H", 0.153151], "8": ["H", 0.149743], "9": ["H", 0.131457], "10": ["H", 0.143572], "11": ["S", 0.491571], "12": ["O", -0.640677], "13": ["C", -0.34649], "14": ["C", -0.358296], "15": ["H", 0.151022], "16": ["H", 0.138596], "17": ["H", 0.144684], "18": ["H", 0.146386], "19": ["H", 0.136968], "20": ["H", 0.162124], "21": ["O", -0.639904], "22": ["S", 0.485398], "23": ["H", 0.159335], "24": ["C", -0.354067], "25": ["H", 0.136017], "26": ["C", -0.344927], "27": ["H", 0.149715], "28": ["H", 0.1387], "29": ["H", 0.145656], "30": ["H", 0.144677]}, "tensor": {"1": {"type": "S", "Isotropic": 113.2365, "Anisotropy": 446.1174, "tensor": []}, "2": {"type": "O", "Isotropic": 282.287, "Anisotropy": 219.4476, "tensor": [[33.938, 81.8166, 196.0619]], "eigenvalues": [149.7853, 268.4903, 428.5854]}, "3": {"type": "C", "Isotropic": 137.0438, "Anisotropy": 59.404, "tensor": [], "eigenvalues": [107.2435, 127.2415, 176.6465]}, "4": {"type": "C", "Isotropic": 138.3293, "Anisotropy": 62.4765, "tensor": [], "eigenvalues": [107.7898, 127.2178, 179.9803]}, "5": {"type": "H", "Isotropic": 29.4889, "Anisotropy": 6.0733, "tensor": [], "eigenvalues": [27.2261, 27.7028, 33.5378]}, "6": {"type": "H", "Isotropic": 29.6276, "Anisotropy": 3.5376, "tensor": [[0.162, 31.1587, 1.1532], [0.9424, 1.5087, 29.4555]], "eigenvalues": [27.5634, 29.3335, 31.986]}, "7": {"type": "H", "Isotropic": 28.4103, "Anisotropy": 10.822, "tensor": [], "eigenvalues": [24.4131, 25.1929, 35.625]}, "8": {"type": "H", "Isotropic": 28.2376, "Anisotropy": 12.2578, "tensor": [], "eigenvalues": [23.5168, 24.7866, 36.4095]}, "9": {"type": "H", "Isotropic": 29.728, "Anisotropy": 3.6468, "tensor": [[29.995, 2.8702, 0.7704], [0.7953, 29.5279, 0.8283], [0.2458, 1.5156, 29.6613]], "eigenvalues": [27.7278, 29.2971, 32.1592]}, "10": {"type": "H", "Isotropic": 29.4089, "Anisotropy": 6.1323, "tensor": [], "eigenvalues": [27.1488, 27.5807, 33.4971]}, "11": {"type": "S", "Isotropic": 119.4674, "Anisotropy": 423.1371, "tensor": []}, "12": {"type": "O", "Isotropic": 272.449, "Anisotropy": 205.1409, "tensor": [[296.2643, 120.3534, 53.9321]], "eigenvalues": [132.8189, 275.3186, 409.2096]}, "13": {"type": "C", "Isotropic": 138.7971, "Anisotropy": 64.6248, "tensor": [[132.1689, 8.8006, 23.1478], [4.3661, 129.5684, 24.7155], [19.8123, 30.36, 154.654]], "eigenvalues": [109.432, 125.079, 181.8803]}, "14": {"type": "C", "Isotropic": 139.7416, "Anisotropy": 59.8967, "tensor": [], "eigenvalues": [112.5205, 127.0315, 179.6727]}, "15": {"type": "H", "Isotropic": 29.3616, "Anisotropy": 6.6608, "tensor": [[1.4792, 0.5353, 28.3985]], "eigenvalues": [25.9193, 28.3633, 33.8021]}, "16": {"type": "H", "Isotropic": 29.5763, "Anisotropy": 5.1266, "tensor": [], "eigenvalues": [26.8259, 28.9089, 32.994]}, "17": {"type": "H", "Isotropic": 29.7141, "Anisotropy": 8.8586, "tensor": [], "eigenvalues": [26.2282, 27.2942, 35.6198]}, "18": {"type": "H", "Isotropic": 29.903, "Anisotropy": 8.5091, "tensor": [], "eigenvalues": [26.1676, 27.9658, 35.5758]}, "19": {"type": "H", "Isotropic": 29.793, "Anisotropy": 4.5846, "tensor": [], "eigenvalues": [26.9591, 29.5705, 32.8494]}, "20": {"type": "H", "Isotropic": 28.3699, "Anisotropy": 8.2381, "tensor": [[27.2148, 2.7051, 1.7786], [2.807, 26.0246, 3.572], [0.8363, 2.159, 31.8702]], "eigenvalues": [23.5172, 27.7306, 33.8619]}, "21": {"type": "O", "Isotropic": 272.7244, "Anisotropy": 207.4603, "tensor": [[246.0847, 35.1286, 82.0534]], "eigenvalues": [132.8477, 274.2943, 411.0313]}, "22": {"type": "S", "Isotropic": 119.7455, "Anisotropy": 415.3234, "tensor": []}, "23": {"type": "H", "Isotropic": 28.4983, "Anisotropy": 7.7512, "tensor": [[25.6728, 2.0361, 3.0028], [1.7207, 30.4846, 1.1935], [3.6487, 2.9238, 29.3375]], "eigenvalues": [23.6525, 28.1766, 33.6657]}, "24": {"type": "C", "Isotropic": 140.0396, "Anisotropy": 60.0953, "tensor": [], "eigenvalues": [112.6596, 127.3561, 180.1031]}, "25": {"type": "H", "Isotropic": 29.8176, "Anisotropy": 4.8427, "tensor": [[28.4217, 1.71, 0.2958]], "eigenvalues": [26.926, 29.4806, 33.046]}, "26": {"type": "C", "Isotropic": 139.3728, "Anisotropy": 63.8476, "tensor": [[133.6475, 12.8208, 20.7723], [8.2658, 138.5636, 31.9259], [14.4119, 30.1529, 145.9073]], "eigenvalues": [110.1331, 126.0474, 181.9378]}, "27": {"type": "H", "Isotropic": 29.4264, "Anisotropy": 6.2739, "tensor": [], "eigenvalues": [25.8599, 28.8103, 33.609]}, "28": {"type": "H", "Isotropic": 29.6031, "Anisotropy": 5.3131, "tensor": [[30.2506, 2.8932, 0.0792], [1.9666, 0.3657, 28.64]], "eigenvalues": [26.7519, 28.9123, 33.1452]}, "29": {"type": "H", "Isotropic": 29.9048, "Anisotropy": 8.5376, "tensor": [[0.5149, 0.604, 27.3158]], "eigenvalues": [26.1981, 27.9197, 35.5965]}, "30": {"type": "H", "Isotropic": 29.7737, "Anisotropy": 8.7638, "tensor": [], "eigenvalues": [26.3541, 27.3507, 35.6162]}}, "output": {"energies": [-1659.99041858], "final_energy": -1659.99041858, "final_energy_per_atom": -55.33301395266667, "molecule": {"charge": 0.0, "spin_multiplicity": 1, "sites": [{"name": "S", "species": [{"element": "S", "occu": 1}], "xyz": [-1.19382, -0.69867, -0.873044], "properties": {}}, {"name": "O", "species": [{"element": "O", "occu": 1}], "xyz": [-0.803937, 0.425875, -1.798291], "properties": {}}, {"name": "C", "species": [{"element": "C", "occu": 1}], "xyz": [-2.470964, -0.049317, 0.23032], "properties": {}}, {"name": "C", "species": [{"element": "C", "occu": 1}], "xyz": [0.125529, -0.835456, 0.35585], "properties": {}}, {"name": "H", "species": [{"element": "H", "occu": 1}], "xyz": [-3.326227, 0.198424, -0.396882], "properties": {}}, {"name": "H", "species": [{"element": "H", "occu": 1}], "xyz": [-2.094914, 0.843108, 0.730803], "properties": {}}, {"name": "H", "species": [{"element": "H", "occu": 1}], "xyz": [-2.747731, -0.824997, 0.944967], "properties": {}}, {"name": "H", "species": [{"element": "H", "occu": 1}], "xyz": [-0.166134, -1.537961, 1.136918], "properties": {}}, {"name": "H", "species": [{"element": "H", "occu": 1}], "xyz": [0.314009, 0.15371, 0.774405], "properties": {}}, {"name": "H", "species": [{"element": "H", "occu": 1}], "xyz": [1.008756, -1.198703, -0.167509], "properties": {}}, {"name": "S", "species": [{"element": "S", "occu": 1}], "xyz": [-1.487756, -1.318689, 3.843273], "properties": {}}, {"name": "O", "species": [{"element": "O", "occu": 1}], "xyz": [-0.523476, -2.363943, 3.340382], "properties": {}}, {"name": "C", "species": [{"element": "C", "occu": 1}], "xyz": [-0.706535, -0.575058, 5.296536], "properties": {}}, {"name": "C", "species": [{"element": "C", "occu": 1}], "xyz": [-2.803984, -2.204, 4.709261], "properties": {}}, {"name": "H", "species": [{"element": "H", "occu": 1}], "xyz": [0.169246, -0.032072, 4.945308], "properties": {}}, {"name": "H", "species": [{"element": "H", "occu": 1}], "xyz": [-0.41333, -1.364697, 5.988318], "properties": {}}, {"name": "H", "species": [{"element": "H", "occu": 1}], "xyz": [-1.408525, 0.114355, 5.765261], "properties": {}}, {"name": "H", "species": [{"element": "H", "occu": 1}], "xyz": [-3.448225, -1.479186, 5.206851], "properties": {}}, {"name": "H", "species": [{"element": "H", "occu": 1}], "xyz": [-2.35636, -2.888209, 5.430316], "properties": {}}, {"name": "H", "species": [{"element": "H", "occu": 1}], "xyz": [-3.35731, -2.744096, 3.944058], "properties": {}}, {"name": "O", "species": [{"element": "O", "occu": 1}], "xyz": [-3.424874, -3.015279, 1.577392], "properties": {}}, {"name": "S", "species": [{"element": "S", "occu": 1}], "xyz": [-2.323477, -3.842009, 0.961675], "properties": {}}, {"name": "H", "species": [{"element": "H", "occu": 1}], "xyz": [-1.404227, -4.593516, 2.99258], "properties": {}}, {"name": "C", "species": [{"element": "C", "occu": 1}], "xyz": [-1.894486, -5.112878, 2.172314], "properties": {}}, {"name": "H", "species": [{"element": "H", "occu": 1}], "xyz": [-2.807306, -5.607667, 2.504558], "properties": {}}, {"name": "C", "species": [{"element": "C", "occu": 1}], "xyz": [-3.1252, -4.922006, -0.247944], "properties": {}}, {"name": "H", "species": [{"element": "H", "occu": 1}], "xyz": [-3.505085, -4.281231, -1.041858], "properties": {}}, {"name": "H", "species": [{"element": "H", "occu": 1}], "xyz": [-3.942757, -5.457975, 0.233995], "properties": {}}, {"name": "H", "species": [{"element": "H", "occu": 1}], "xyz": [-1.210145, -5.824556, 1.710626], "properties": {}}, {"name": "H", "species": [{"element": "H", "occu": 1}], "xyz": [-2.386893, -5.61493, -0.651302], "properties": {}}]}, "stationary_type": "Minimum", "corrections": {}, "tensor": {"1": {"type": "S", "Isotropic": 113.2365, "Anisotropy": 446.1174, "tensor": []}, "2": {"type": "O", "Isotropic": 282.287, "Anisotropy": 219.4476, "tensor": [[33.938, 81.8166, 196.0619]], "eigenvalues": [149.7853, 268.4903, 428.5854]}, "3": {"type": "C", "Isotropic": 137.0438, "Anisotropy": 59.404, "tensor": [], "eigenvalues": [107.2435, 127.2415, 176.6465]}, "4": {"type": "C", "Isotropic": 138.3293, "Anisotropy": 62.4765, "tensor": [], "eigenvalues": [107.7898, 127.2178, 179.9803]}, "5": {"type": "H", "Isotropic": 29.4889, "Anisotropy": 6.0733, "tensor": [], "eigenvalues": [27.2261, 27.7028, 33.5378]}, "6": {"type": "H", "Isotropic": 29.6276, "Anisotropy": 3.5376, "tensor": [[0.162, 31.1587, 1.1532], [0.9424, 1.5087, 29.4555]], "eigenvalues": [27.5634, 29.3335, 31.986]}, "7": {"type": "H", "Isotropic": 28.4103, "Anisotropy": 10.822, "tensor": [], "eigenvalues": [24.4131, 25.1929, 35.625]}, "8": {"type": "H", "Isotropic": 28.2376, "Anisotropy": 12.2578, "tensor": [], "eigenvalues": [23.5168, 24.7866, 36.4095]}, "9": {"type": "H", "Isotropic": 29.728, "Anisotropy": 3.6468, "tensor": [[29.995, 2.8702, 0.7704], [0.7953, 29.5279, 0.8283], [0.2458, 1.5156, 29.6613]], "eigenvalues": [27.7278, 29.2971, 32.1592]}, "10": {"type": "H", "Isotropic": 29.4089, "Anisotropy": 6.1323, "tensor": [], "eigenvalues": [27.1488, 27.5807, 33.4971]}, "11": {"type": "S", "Isotropic": 119.4674, "Anisotropy": 423.1371, "tensor": []}, "12": {"type": "O", "Isotropic": 272.449, "Anisotropy": 205.1409, "tensor": [[296.2643, 120.3534, 53.9321]], "eigenvalues": [132.8189, 275.3186, 409.2096]}, "13": {"type": "C", "Isotropic": 138.7971, "Anisotropy": 64.6248, "tensor": [[132.1689, 8.8006, 23.1478], [4.3661, 129.5684, 24.7155], [19.8123, 30.36, 154.654]], "eigenvalues": [109.432, 125.079, 181.8803]}, "14": {"type": "C", "Isotropic": 139.7416, "Anisotropy": 59.8967, "tensor": [], "eigenvalues": [112.5205, 127.0315, 179.6727]}, "15": {"type": "H", "Isotropic": 29.3616, "Anisotropy": 6.6608, "tensor": [[1.4792, 0.5353, 28.3985]], "eigenvalues": [25.9193, 28.3633, 33.8021]}, "16": {"type": "H", "Isotropic": 29.5763, "Anisotropy": 5.1266, "tensor": [], "eigenvalues": [26.8259, 28.9089, 32.994]}, "17": {"type": "H", "Isotropic": 29.7141, "Anisotropy": 8.8586, "tensor": [], "eigenvalues": [26.2282, 27.2942, 35.6198]}, "18": {"type": "H", "Isotropic": 29.903, "Anisotropy": 8.5091, "tensor": [], "eigenvalues": [26.1676, 27.9658, 35.5758]}, "19": {"type": "H", "Isotropic": 29.793, "Anisotropy": 4.5846, "tensor": [], "eigenvalues": [26.9591, 29.5705, 32.8494]}, "20": {"type": "H", "Isotropic": 28.3699, "Anisotropy": 8.2381, "tensor": [[27.2148, 2.7051, 1.7786], [2.807, 26.0246, 3.572], [0.8363, 2.159, 31.8702]], "eigenvalues": [23.5172, 27.7306, 33.8619]}, "21": {"type": "O", "Isotropic": 272.7244, "Anisotropy": 207.4603, "tensor": [[246.0847, 35.1286, 82.0534]], "eigenvalues": [132.8477, 274.2943, 411.0313]}, "22": {"type": "S", "Isotropic": 119.7455, "Anisotropy": 415.3234, "tensor": []}, "23": {"type": "H", "Isotropic": 28.4983, "Anisotropy": 7.7512, "tensor": [[25.6728, 2.0361, 3.0028], [1.7207, 30.4846, 1.1935], [3.6487, 2.9238, 29.3375]], "eigenvalues": [23.6525, 28.1766, 33.6657]}, "24": {"type": "C", "Isotropic": 140.0396, "Anisotropy": 60.0953, "tensor": [], "eigenvalues": [112.6596, 127.3561, 180.1031]}, "25": {"type": "H", "Isotropic": 29.8176, "Anisotropy": 4.8427, "tensor": [[28.4217, 1.71, 0.2958]], "eigenvalues": [26.926, 29.4806, 33.046]}, "26": {"type": "C", "Isotropic": 139.3728, "Anisotropy": 63.8476, "tensor": [[133.6475, 12.8208, 20.7723], [8.2658, 138.5636, 31.9259], [14.4119, 30.1529, 145.9073]], "eigenvalues": [110.1331, 126.0474, 181.9378]}, "27": {"type": "H", "Isotropic": 29.4264, "Anisotropy": 6.2739, "tensor": [], "eigenvalues": [25.8599, 28.8103, 33.609]}, "28": {"type": "H", "Isotropic": 29.6031, "Anisotropy": 5.3131, "tensor": [[30.2506, 2.8932, 0.0792], [1.9666, 0.3657, 28.64]], "eigenvalues": [26.7519, 28.9123, 33.1452]}, "29": {"type": "H", "Isotropic": 29.9048, "Anisotropy": 8.5376, "tensor": [[0.5149, 0.604, 27.3158]], "eigenvalues": [26.1981, 27.9197, 35.5965]}, "30": {"type": "H", "Isotropic": 29.7737, "Anisotropy": 8.7638, "tensor": [], "eigenvalues": [26.3541, 27.3507, 35.6162]}}}}, "functional": "B3LYP", "basis": "Def2TZVP", "phase": "solution", "type": "nmr;scrf", "smiles": "S(=O)(C)C.S(=O)(C)C.O=S(C)C", "formula": "H18 C6 S3 O3", "formula_pretty": "H6C2SO", "formula_anonymous": "ABC2D6", "formula_alphabetical": "C6 H18 O3 S3", "chemsys": "C-H-O-S", "nsites": 30, "nelements": 4, "is_ordered": true, "is_valid": true, "tag": "oplsd_ref", "wall_time (s)": 166.54376042447984, "last_updated": "2021-01-20T04:16:34.827091", "_id": null}