{"input": {"molecule": {"charge": 0, "spin_multiplicity": 1, "sites": [{"name": "S", "species": [{"element": "S", "occu": 1}], "xyz": [0.785163, -0.289142, -0.100463], "properties": {}}, {"name": "O", "species": [{"element": "O", "occu": 1}], "xyz": [0.613153, 1.194261, 0.097427], "properties": {}}, {"name": "C", "species": [{"element": "C", "occu": 1}], "xyz": [-0.708826, -0.878084, -0.937318], "properties": {}}, {"name": "C", "species": [{"element": "C", "occu": 1}], "xyz": [0.47887, -1.074088, 1.501235], "properties": {}}, {"name": "H", "species": [{"element": "H", "occu": 1}], "xyz": [-0.708526, -0.441622, -1.934514], "properties": {}}, {"name": "H", "species": [{"element": "H", "occu": 1}], "xyz": [-1.581203, -0.548254, -0.377014], "properties": {}}, {"name": "H", "species": [{"element": "H", "occu": 1}], "xyz": [-0.673805, -1.965045, -1.005914], "properties": {}}, {"name": "H", "species": [{"element": "H", "occu": 1}], "xyz": [0.471249, -2.15559, 1.363705], "properties": {}}, {"name": "H", "species": [{"element": "H", "occu": 1}], "xyz": [-0.464988, -0.7305, 1.92264], "properties": {}}, {"name": "H", "species": [{"element": "H", "occu": 1}], "xyz": [1.303585, -0.792898, 2.154432], "properties": {}}, {"name": "S", "species": [{"element": "S", "occu": 1}], "xyz": [-2.114285, -1.728717, 4.894217], "properties": {}}, {"name": "O", "species": [{"element": "O", "occu": 1}], "xyz": [-1.989627, -0.679433, 3.810846], "properties": {}}, {"name": "C", "species": [{"element": "C", "occu": 1}], "xyz": [-0.892559, -1.306414, 6.158776], "properties": {}}, {"name": "C", "species": [{"element": "C", "occu": 1}], "xyz": [-1.288776, -3.206497, 4.262807], "properties": {}}, {"name": "H", "species": [{"element": "H", "occu": 1}], "xyz": [-1.201848, -0.358926, 6.597166], "properties": {}}, {"name": "H", "species": [{"element": "H", "occu": 1}], "xyz": [0.089785, -1.209139, 5.696471], "properties": {}}, {"name": "H", "species": [{"element": "H", "occu": 1}], "xyz": [-0.907186, -2.094108, 6.910191], "properties": {}}, {"name": "H", "species": [{"element": "H", "occu": 1}], "xyz": [-1.222476, -3.923308, 5.078252], "properties": {}}, {"name": "H", "species": [{"element": "H", "occu": 1}], "xyz": [-0.305497, -2.924806, 3.887315], "properties": {}}, {"name": "H", "species": [{"element": "H", "occu": 1}], "xyz": [-1.921464, -3.596845, 3.469122], "properties": {}}, {"name": "O", "species": [{"element": "O", "occu": 1}], "xyz": [-4.391762, -3.601331, 3.183998], "properties": {}}, {"name": "S", "species": [{"element": "S", "occu": 1}], "xyz": [-4.853116, -2.430304, 2.347681], "properties": {}}, {"name": "H", "species": [{"element": "H", "occu": 1}], "xyz": [-2.706832, -1.689754, 1.731416], "properties": {}}, {"name": "C", "species": [{"element": "C", "occu": 1}], "xyz": [-3.537762, -2.095427, 1.159968], "properties": {}}, {"name": "H", "species": [{"element": "H", "occu": 1}], "xyz": [-3.262253, -3.026977, 0.665165], "properties": {}}, {"name": "C", "species": [{"element": "C", "occu": 1}], "xyz": [-6.065767, -3.074542, 1.172608], "properties": {}}, {"name": "H", "species": [{"element": "H", "occu": 1}], "xyz": [-6.94065, -3.377861, 1.745356], "properties": {}}, {"name": "H", "species": [{"element": "H", "occu": 1}], "xyz": [-5.63612, -3.930293, 0.651106], "properties": {}}, {"name": "H", "species": [{"element": "H", "occu": 1}], "xyz": [-3.91062, -1.357854, 0.451099], "properties": {}}, {"name": "H", "species": [{"element": "H", "occu": 1}], "xyz": [-6.317034, -2.270311, 0.480993], "properties": {}}, {"name": "O", "species": [{"element": "O", "occu": 1}], "xyz": [-2.921586, 2.584485, 0.284762], "properties": {}}, {"name": "H", "species": [{"element": "H", "occu": 1}], "xyz": [-0.538448, 2.342754, 1.962176], "properties": {}}, {"name": "S", "species": [{"element": "S", "occu": 1}], "xyz": [-2.644232, 1.519838, 1.322138], "properties": {}}, {"name": "C", "species": [{"element": "C", "occu": 1}], "xyz": [-1.479764, 2.237362, 2.497796], "properties": {}}, {"name": "H", "species": [{"element": "H", "occu": 1}], "xyz": [-1.861672, 3.202835, 2.830432], "properties": {}}, {"name": "C", "species": [{"element": "C", "occu": 1}], "xyz": [-4.08913, 1.451359, 2.400402], "properties": {}}, {"name": "H", "species": [{"element": "H", "occu": 1}], "xyz": [-4.313395, 2.45439, 2.76435], "properties": {}}, {"name": "H", "species": [{"element": "H", "occu": 1}], "xyz": [-4.903552, 1.061734, 1.79161], "properties": {}}, {"name": "H", "species": [{"element": "H", "occu": 1}], "xyz": [-1.370621, 1.539177, 3.326392], "properties": {}}, {"name": "H", "species": [{"element": "H", "occu": 1}], "xyz": [-3.855449, 0.768144, 3.216097], "properties": {}}, {"name": "H", "species": [{"element": "H", "occu": 1}], "xyz": [-4.735034, -3.235288, 5.585534], "properties": {}}, {"name": "C", "species": [{"element": "C", "occu": 1}], "xyz": [-5.022696, -3.620018, 6.563266], "properties": {}}, {"name": "H", "species": [{"element": "H", "occu": 1}], "xyz": [-5.982276, -4.135387, 6.512092], "properties": {}}, {"name": "H", "species": [{"element": "H", "occu": 1}], "xyz": [-5.068608, -2.825041, 7.305738], "properties": {}}, {"name": "H", "species": [{"element": "H", "occu": 1}], "xyz": [-3.605695, -5.226287, 4.774263], "properties": {}}, {"name": "C", "species": [{"element": "C", "occu": 1}], "xyz": [-3.764693, -5.844517, 5.656316], "properties": {}}, {"name": "H", "species": [{"element": "H", "occu": 1}], "xyz": [-4.721733, -6.363107, 5.594004], "properties": {}}, {"name": "O", "species": [{"element": "O", "occu": 1}], "xyz": [-2.45623, -4.071288, 7.168316], "properties": {}}, {"name": "S", "species": [{"element": "S", "occu": 1}], "xyz": [-3.775803, -4.800901, 7.13684], "properties": {}}, {"name": "H", "species": [{"element": "H", "occu": 1}], "xyz": [-2.960657, -6.5671, 5.785884], "properties": {}}, {"name": "H", "species": [{"element": "H", "occu": 1}], "xyz": [-5.09731, 2.69056, -0.620493], "properties": {}}, {"name": "C", "species": [{"element": "C", "occu": 1}], "xyz": [-5.932585, 2.384961, -1.25076], "properties": {}}, {"name": "H", "species": [{"element": "H", "occu": 1}], "xyz": [-5.904786, 2.889691, -2.21676], "properties": {}}, {"name": "H", "species": [{"element": "H", "occu": 1}], "xyz": [-6.887474, 2.57285, -0.76253], "properties": {}}, {"name": "H", "species": [{"element": "H", "occu": 1}], "xyz": [-3.478316, 1.0854, -1.520277], "properties": {}}, {"name": "C", "species": [{"element": "C", "occu": 1}], "xyz": [-4.150614, 0.569468, -2.205274], "properties": {}}, {"name": "H", "species": [{"element": "H", "occu": 1}], "xyz": [-4.162736, 1.055418, -3.181165], "properties": {}}, {"name": "O", "species": [{"element": "O", "occu": 1}], "xyz": [-5.75351, -0.038861, -0.160262], "properties": {}}, {"name": "S", "species": [{"element": "S", "occu": 1}], "xyz": [-5.82818, 0.59977, -1.526292], "properties": {}}, {"name": "H", "species": [{"element": "H", "occu": 1}], "xyz": [-3.875357, -0.477815, -2.31863], "properties": {}}]}, "functional": "B3LYP", "basis_set": "Def2TZVP", "route_parameters": {"NMR": "GIAO", "iop(7/33=1)": null, "int": "ultrafine", "EmpiricalDispersion": "GD3", "NoSymmetry": null, "test": null, "SCRF": "(Solvent=DiMethylSulfoxide)"}, "title": "H36 C12 S6 O6", "charge": 0, "spin_multiplicity": 1, "input_parameters": {}, "link0_parameters": {"%chk": "checkpoint.chk", "%mem": "100GB", "%NProcShared": "28"}, "dieze_tag": "#P", "nbasisfunctions": 996, "pcm_parameters": {}}, "output": {"has_gaussian_completed": true, "is_pcm": true, "errors": [], "Mulliken_charges": {"1": ["S", 0.481668], "2": ["O", -0.638033], "3": ["C", -0.346094], "4": ["C", -0.371146], "5": ["H", 0.153833], "6": ["H", 0.114318], "7": ["H", 0.147222], "8": ["H", 0.14706], "9": ["H", 0.147349], "10": ["H", 0.149396], "11": ["S", 0.512448], "12": ["O", -0.645401], "13": ["C", -0.352087], "14": ["C", -0.383353], "15": ["H", 0.143825], "16": ["H", 0.13333], "17": ["H", 0.151887], "18": ["H", 0.15875], "19": ["H", 0.146077], "20": ["H", 0.158407], "21": ["O", -0.641855], "22": ["S", 0.492654], "23": ["H", 0.148568], "24": ["C", -0.375341], "25": ["H", 0.141132], "26": ["C", -0.344575], "27": ["H", 0.142929], "28": ["H", 0.130134], "29": ["H", 0.15755], "30": ["H", 0.147222], "31": ["O", -0.667834], "32": ["H", 0.149081], "33": ["S", 0.494442], "34": ["C", -0.349819], "35": ["H", 0.132462], "36": ["C", -0.358335], "37": ["H", 0.133157], "38": ["H", 0.152807], "39": ["H", 0.14518], "40": ["H", 0.143588], "41": ["H", 0.160709], "42": ["C", -0.364807], "43": ["H", 0.141708], "44": ["H", 0.140703], "45": ["H", 0.154257], "46": ["C", -0.35736], "47": ["H", 0.143429], "48": ["O", -0.635754], "49": ["S", 0.472112], "50": ["H", 0.142508], "51": ["H", 0.157037], "52": ["C", -0.350963], "53": ["H", 0.142464], "54": ["H", 0.141968], "55": ["H", 0.155599], "56": ["C", -0.372529], "57": ["H", 0.151636], "58": ["O", -0.625713], "59": ["S", 0.473283], "60": ["H", 0.147107]}, "tensor": {"1": {"type": "S", "Isotropic": 108.9032, "Anisotropy": 433.6671, "tensor": []}, "2": {"type": "O", "Isotropic": 280.8942, "Anisotropy": 226.7379, "tensor": [], "eigenvalues": [134.0494, 276.5804, 432.0528]}, "3": {"type": "C", "Isotropic": 139.795, "Anisotropy": 57.0803, "tensor": [[156.9373, 17.8666, 26.9064], [9.7122, 136.2611, 7.2835], [24.5261, 9.8333, 126.1867]], "eigenvalues": [111.5797, 129.9568, 177.8486]}, "4": {"type": "C", "Isotropic": 137.9986, "Anisotropy": 60.6513, "tensor": [], "eigenvalues": [108.8003, 126.7627, 178.4328]}, "5": {"type": "H", "Isotropic": 29.4173, "Anisotropy": 5.8799, "tensor": [], "eigenvalues": [25.831, 29.0837, 33.3373]}, "6": {"type": "H", "Isotropic": 28.7251, "Anisotropy": 6.3617, "tensor": [], "eigenvalues": [25.3146, 27.8944, 32.9662]}, "7": {"type": "H", "Isotropic": 29.8631, "Anisotropy": 6.2829, "tensor": [[1.248, 32.6737, 2.3873]], "eigenvalues": [26.981, 28.5566, 34.0517]}, "8": {"type": "H", "Isotropic": 29.9098, "Anisotropy": 6.1915, "tensor": [], "eigenvalues": [27.2915, 28.4003, 34.0374]}, "9": {"type": "H", "Isotropic": 28.2809, "Anisotropy": 8.6414, "tensor": [], "eigenvalues": [23.8496, 26.9512, 34.0418]}, "10": {"type": "H", "Isotropic": 29.3345, "Anisotropy": 5.2879, "tensor": [[31.3949, 0.0823, 1.2702]], "eigenvalues": [25.9622, 29.1815, 32.8598]}, "11": {"type": "S", "Isotropic": 107.7109, "Anisotropy": 439.9337, "tensor": []}, "12": {"type": "O", "Isotropic": 264.6445, "Anisotropy": 208.7384, "tensor": [[11.1656, 268.6, 131.6254], [24.1438, 129.55, 270.5361]], "eigenvalues": [136.7277, 253.4024, 403.8035]}, "13": {"type": "C", "Isotropic": 140.434, "Anisotropy": 62.2198, "tensor": [[140.2287, 12.1122, 34.3809], [15.2301, 126.2661, 6.4654], [27.2731, 3.0123, 154.8072]], "eigenvalues": [111.1555, 128.2327, 181.9139]}, "14": {"type": "C", "Isotropic": 139.041, "Anisotropy": 53.4548, "tensor": [], "eigenvalues": [112.0882, 130.3573, 174.6775]}, "15": {"type": "H", "Isotropic": 29.5933, "Anisotropy": 6.6495, "tensor": [[27.258, 1.1355, 0.6038], [0.0411, 3.5994, 30.7524]], "eigenvalues": [27.2282, 27.5253, 34.0262]}, "16": {"type": "H", "Isotropic": 29.7947, "Anisotropy": 4.4881, "tensor": [[1.7041, 28.126, 0.0807], [1.6615, 0.9798, 29.052]], "eigenvalues": [27.6158, 28.9815, 32.7867]}, "17": {"type": "H", "Isotropic": 29.2957, "Anisotropy": 8.1312, "tensor": [[26.4551, 1.6033, 2.0464]], "eigenvalues": [24.1373, 29.0333, 34.7165]}, "18": {"type": "H", "Isotropic": 29.0092, "Anisotropy": 8.7127, "tensor": [], "eigenvalues": [25.2671, 26.9428, 34.8177]}, "19": {"type": "H", "Isotropic": 30.0326, "Anisotropy": 4.3868, "tensor": [], "eigenvalues": [27.523, 29.6176, 32.9571]}, "20": {"type": "H", "Isotropic": 28.6472, "Anisotropy": 5.4285, "tensor": [[30.1857, 0.9205, 1.4514], [1.5946, 27.2848, 1.0731], [3.3394, 0.2161, 28.4712]], "eigenvalues": [26.6405, 27.0349, 32.2662]}, "21": {"type": "O", "Isotropic": 268.8756, "Anisotropy": 201.2888, "tensor": [[66.2431, 228.096, 29.7984]], "eigenvalues": [142.4183, 261.1403, 403.0681]}, "22": {"type": "S", "Isotropic": 115.1045, "Anisotropy": 433.6386, "tensor": []}, "23": {"type": "H", "Isotropic": 28.2331, "Anisotropy": 6.9672, "tensor": [[29.4483, 3.4897, 2.99], [3.3454, 26.6095, 0.4098], [1.6666, 0.4647, 28.6416]], "eigenvalues": [24.1076, 27.7138, 32.8779]}, "24": {"type": "C", "Isotropic": 136.7018, "Anisotropy": 58.8069, "tensor": [], "eigenvalues": [107.956, 126.243, 175.9064]}, "25": {"type": "H", "Isotropic": 29.8275, "Anisotropy": 2.2149, "tensor": [[0.9406, 29.6906, 0.7924]], "eigenvalues": [28.147, 30.0315, 31.3041]}, "26": {"type": "C", "Isotropic": 139.08, "Anisotropy": 63.2863, "tensor": [[143.9315, 12.3006, 32.7949], [17.9892, 131.5255, 10.5736], [33.6742, 4.034, 141.783]], "eigenvalues": [108.1788, 127.7904, 181.2709]}, "27": {"type": "H", "Isotropic": 29.4523, "Anisotropy": 7.3179, "tensor": [], "eigenvalues": [26.5646, 27.4614, 34.3309]}, "28": {"type": "H", "Isotropic": 29.7146, "Anisotropy": 4.9318, "tensor": [[28.7391, 2.5416, 0.8622], [0.7097, 31.0579, 2.0665]], "eigenvalues": [27.4033, 28.738, 33.0025]}, "29": {"type": "H", "Isotropic": 28.6091, "Anisotropy": 10.4835, "tensor": [], "eigenvalues": [23.3016, 26.9277, 35.5982]}, "30": {"type": "H", "Isotropic": 28.6945, "Anisotropy": 9.5186, "tensor": [], "eigenvalues": [22.7921, 28.2511, 35.0402]}, "31": {"type": "O", "Isotropic": 277.0098, "Anisotropy": 214.9366, "tensor": [[405.5704, 50.0062, 5.4121], [49.5984, 235.8216, 43.53]], "eigenvalues": [140.1153, 270.6132, 420.3008]}, "32": {"type": "H", "Isotropic": 28.7269, "Anisotropy": 6.3253, "tensor": [[0.7397, 27.6061, 1.7432]], "eigenvalues": [24.3471, 28.8899, 32.9438]}, "33": {"type": "S", "Isotropic": 114.9468, "Anisotropy": 425.4744, "tensor": []}, "34": {"type": "C", "Isotropic": 140.345, "Anisotropy": 58.4721, "tensor": [[141.5433, 12.5213, 29.8723], [18.3321, 134.5185, 11.5608], [30.5721, 3.3569, 144.9731]], "eigenvalues": [111.0696, 130.6389, 179.3264]}, "35": {"type": "H", "Isotropic": 29.9729, "Anisotropy": 5.9771, "tensor": [[28.6785, 1.6527, 0.253]], "eigenvalues": [27.2656, 28.6954, 33.9576]}, "36": {"type": "C", "Isotropic": 140.8097, "Anisotropy": 54.1796, "tensor": [], "eigenvalues": [113.0727, 132.4271, 176.9295]}, "37": {"type": "H", "Isotropic": 29.9328, "Anisotropy": 5.2894, "tensor": [], "eigenvalues": [27.2859, 29.0534, 33.459]}, "38": {"type": "H", "Isotropic": 28.3679, "Anisotropy": 7.6567, "tensor": [[29.323, 2.5314, 3.6116], [1.6886, 27.1169, 1.8277], [2.8013, 1.9289, 28.6639]], "eigenvalues": [25.7668, 25.8646, 33.4724]}, "39": {"type": "H", "Isotropic": 29.0039, "Anisotropy": 8.713, "tensor": [[26.0111, 0.1899, 2.4807]], "eigenvalues": [24.3986, 27.8005, 34.8126]}, "40": {"type": "H", "Isotropic": 28.8747, "Anisotropy": 8.8324, "tensor": [], "eigenvalues": [25.2775, 26.5835, 34.7629]}, "41": {"type": "H", "Isotropic": 28.0235, "Anisotropy": 9.1283, "tensor": [], "eigenvalues": [24.6022, 25.3593, 34.109]}, "42": {"type": "C", "Isotropic": 140.526, "Anisotropy": 53.402, "tensor": [], "eigenvalues": [113.8105, 131.6403, 176.1273]}, "43": {"type": "H", "Isotropic": 30.0101, "Anisotropy": 7.6681, "tensor": [], "eigenvalues": [26.9813, 27.9269, 35.1222]}, "44": {"type": "H", "Isotropic": 29.6326, "Anisotropy": 5.7137, "tensor": [], "eigenvalues": [26.9283, 28.5277, 33.4417]}, "45": {"type": "H", "Isotropic": 28.4402, "Anisotropy": 8.566, "tensor": [], "eigenvalues": [24.7353, 26.4344, 34.1508]}, "46": {"type": "C", "Isotropic": 140.8191, "Anisotropy": 55.2097, "tensor": [[4.6613, 138.2544, 27.9055], [1.7592, 32.5422, 154.3198]], "eigenvalues": [114.1373, 130.6944, 177.6255]}, "47": {"type": "H", "Isotropic": 29.9658, "Anisotropy": 8.0106, "tensor": [[30.1783, 3.8581, 1.4662], [3.4385, 32.2588, 0.6246], [1.5857, 0.859, 27.4605]], "eigenvalues": [26.5281, 28.0632, 35.3062]}, "48": {"type": "O", "Isotropic": 275.0851, "Anisotropy": 232.4199, "tensor": [], "eigenvalues": [125.6414, 269.5821, 430.0317]}, "49": {"type": "S", "Isotropic": 108.9993, "Anisotropy": 447.6251, "tensor": []}, "50": {"type": "H", "Isotropic": 29.6205, "Anisotropy": 6.8981, "tensor": [], "eigenvalues": [26.808, 27.8344, 34.2193]}, "51": {"type": "H", "Isotropic": 28.1772, "Anisotropy": 8.4439, "tensor": [[0.4882, 26.9959, 1.4008], [5.2009, 0.3848, 26.7792]], "eigenvalues": [23.5292, 27.196, 33.8064]}, "52": {"type": "C", "Isotropic": 141.5755, "Anisotropy": 56.2825, "tensor": [], "eigenvalues": [112.9649, 132.6646, 179.0972]}, "53": {"type": "H", "Isotropic": 30.0112, "Anisotropy": 9.5517, "tensor": [], "eigenvalues": [26.1901, 27.4645, 36.379]}, "54": {"type": "H", "Isotropic": 29.607, "Anisotropy": 7.1281, "tensor": [], "eigenvalues": [27.0788, 27.3832, 34.3591]}, "55": {"type": "H", "Isotropic": 28.1421, "Anisotropy": 6.6636, "tensor": [[29.3945, 1.4782, 3.7491], [0.1173, 26.2682, 1.9131], [1.7312, 2.708, 28.7635]], "eigenvalues": [24.7312, 27.1105, 32.5845]}, "56": {"type": "C", "Isotropic": 140.4545, "Anisotropy": 56.5065, "tensor": [], "eigenvalues": [110.8452, 132.3929, 178.1255]}, "57": {"type": "H", "Isotropic": 29.8922, "Anisotropy": 8.9884, "tensor": [], "eigenvalues": [26.3236, 27.4686, 35.8845]}, "58": {"type": "O", "Isotropic": 272.2412, "Anisotropy": 222.7658, "tensor": [], "eigenvalues": [133.4027, 262.5693, 420.7517]}, "59": {"type": "S", "Isotropic": 111.5372, "Anisotropy": 438.2875, "tensor": []}, "60": {"type": "H", "Isotropic": 29.5046, "Anisotropy": 4.0706, "tensor": [[0.0894, 1.4109, 29.2262]], "eigenvalues": [27.0928, 29.2027, 32.2183]}}, "output": {"energies": [-3319.99902146], "final_energy": -3319.99902146, "final_energy_per_atom": -55.33331702433334, "molecule": {"charge": 0.0, "spin_multiplicity": 1, "sites": [{"name": "S", "species": [{"element": "S", "occu": 1}], "xyz": [0.785163, -0.289142, -0.100463], "properties": {}}, {"name": "O", "species": [{"element": "O", "occu": 1}], "xyz": [0.613153, 1.194261, 0.097427], "properties": {}}, {"name": "C", "species": [{"element": "C", "occu": 1}], "xyz": [-0.708826, -0.878084, -0.937318], "properties": {}}, {"name": "C", "species": [{"element": "C", "occu": 1}], "xyz": [0.47887, -1.074088, 1.501235], "properties": {}}, {"name": "H", "species": [{"element": "H", "occu": 1}], "xyz": [-0.708526, -0.441622, -1.934514], "properties": {}}, {"name": "H", "species": [{"element": "H", "occu": 1}], "xyz": [-1.581203, -0.548254, -0.377014], "properties": {}}, {"name": "H", "species": [{"element": "H", "occu": 1}], "xyz": [-0.673805, -1.965045, -1.005914], "properties": {}}, {"name": "H", "species": [{"element": "H", "occu": 1}], "xyz": [0.471249, -2.15559, 1.363705], "properties": {}}, {"name": "H", "species": [{"element": "H", "occu": 1}], "xyz": [-0.464988, -0.7305, 1.92264], "properties": {}}, {"name": "H", "species": [{"element": "H", "occu": 1}], "xyz": [1.303585, -0.792898, 2.154432], "properties": {}}, {"name": "S", "species": [{"element": "S", "occu": 1}], "xyz": [-2.114285, -1.728717, 4.894217], "properties": {}}, {"name": "O", "species": [{"element": "O", "occu": 1}], "xyz": [-1.989627, -0.679433, 3.810846], "properties": {}}, {"name": "C", "species": [{"element": "C", "occu": 1}], "xyz": [-0.892559, -1.306414, 6.158776], "properties": {}}, {"name": "C", "species": [{"element": "C", "occu": 1}], "xyz": [-1.288776, -3.206497, 4.262807], "properties": {}}, {"name": "H", "species": [{"element": "H", "occu": 1}], "xyz": [-1.201848, -0.358926, 6.597166], "properties": {}}, {"name": "H", "species": [{"element": "H", "occu": 1}], "xyz": [0.089785, -1.209139, 5.696471], "properties": {}}, {"name": "H", "species": [{"element": "H", "occu": 1}], "xyz": [-0.907186, -2.094108, 6.910191], "properties": {}}, {"name": "H", "species": [{"element": "H", "occu": 1}], "xyz": [-1.222476, -3.923308, 5.078252], "properties": {}}, {"name": "H", "species": [{"element": "H", "occu": 1}], "xyz": [-0.305497, -2.924806, 3.887315], "properties": {}}, {"name": "H", "species": [{"element": "H", "occu": 1}], "xyz": [-1.921464, -3.596845, 3.469122], "properties": {}}, {"name": "O", "species": [{"element": "O", "occu": 1}], "xyz": [-4.391762, -3.601331, 3.183998], "properties": {}}, {"name": "S", "species": [{"element": "S", "occu": 1}], "xyz": [-4.853116, -2.430304, 2.347681], "properties": {}}, {"name": "H", "species": [{"element": "H", "occu": 1}], "xyz": [-2.706832, -1.689754, 1.731416], "properties": {}}, {"name": "C", "species": [{"element": "C", "occu": 1}], "xyz": [-3.537762, -2.095427, 1.159968], "properties": {}}, {"name": "H", "species": [{"element": "H", "occu": 1}], "xyz": [-3.262253, -3.026977, 0.665165], "properties": {}}, {"name": "C", "species": [{"element": "C", "occu": 1}], "xyz": [-6.065767, -3.074542, 1.172608], "properties": {}}, {"name": "H", "species": [{"element": "H", "occu": 1}], "xyz": [-6.94065, -3.377861, 1.745356], "properties": {}}, {"name": "H", "species": [{"element": "H", "occu": 1}], "xyz": [-5.63612, -3.930293, 0.651106], "properties": {}}, {"name": "H", "species": [{"element": "H", "occu": 1}], "xyz": [-3.91062, -1.357854, 0.451099], "properties": {}}, {"name": "H", "species": [{"element": "H", "occu": 1}], "xyz": [-6.317034, -2.270311, 0.480993], "properties": {}}, {"name": "O", "species": [{"element": "O", "occu": 1}], "xyz": [-2.921586, 2.584485, 0.284762], "properties": {}}, {"name": "H", "species": [{"element": "H", "occu": 1}], "xyz": [-0.538448, 2.342754, 1.962176], "properties": {}}, {"name": "S", "species": [{"element": "S", "occu": 1}], "xyz": [-2.644232, 1.519838, 1.322138], "properties": {}}, {"name": "C", "species": [{"element": "C", "occu": 1}], "xyz": [-1.479764, 2.237362, 2.497796], "properties": {}}, {"name": "H", "species": [{"element": "H", "occu": 1}], "xyz": [-1.861672, 3.202835, 2.830432], "properties": {}}, {"name": "C", "species": [{"element": "C", "occu": 1}], "xyz": [-4.08913, 1.451359, 2.400402], "properties": {}}, {"name": "H", "species": [{"element": "H", "occu": 1}], "xyz": [-4.313395, 2.45439, 2.76435], "properties": {}}, {"name": "H", "species": [{"element": "H", "occu": 1}], "xyz": [-4.903552, 1.061734, 1.79161], "properties": {}}, {"name": "H", "species": [{"element": "H", "occu": 1}], "xyz": [-1.370621, 1.539177, 3.326392], "properties": {}}, {"name": "H", "species": [{"element": "H", "occu": 1}], "xyz": [-3.855449, 0.768144, 3.216097], "properties": {}}, {"name": "H", "species": [{"element": "H", "occu": 1}], "xyz": [-4.735034, -3.235288, 5.585534], "properties": {}}, {"name": "C", "species": [{"element": "C", "occu": 1}], "xyz": [-5.022696, -3.620018, 6.563266], "properties": {}}, {"name": "H", "species": [{"element": "H", "occu": 1}], "xyz": [-5.982276, -4.135387, 6.512092], "properties": {}}, {"name": "H", "species": [{"element": "H", "occu": 1}], "xyz": [-5.068608, -2.825041, 7.305738], "properties": {}}, {"name": "H", "species": [{"element": "H", "occu": 1}], "xyz": [-3.605695, -5.226287, 4.774263], "properties": {}}, {"name": "C", "species": [{"element": "C", "occu": 1}], "xyz": [-3.764693, -5.844517, 5.656316], "properties": {}}, {"name": "H", "species": [{"element": "H", "occu": 1}], "xyz": [-4.721733, -6.363107, 5.594004], "properties": {}}, {"name": "O", "species": [{"element": "O", "occu": 1}], "xyz": [-2.45623, -4.071288, 7.168316], "properties": {}}, {"name": "S", "species": [{"element": "S", "occu": 1}], "xyz": [-3.775803, -4.800901, 7.13684], "properties": {}}, {"name": "H", "species": [{"element": "H", "occu": 1}], "xyz": [-2.960657, -6.5671, 5.785884], "properties": {}}, {"name": "H", "species": [{"element": "H", "occu": 1}], "xyz": [-5.09731, 2.69056, -0.620493], "properties": {}}, {"name": "C", "species": [{"element": "C", "occu": 1}], "xyz": [-5.932585, 2.384961, -1.25076], "properties": {}}, {"name": "H", "species": [{"element": "H", "occu": 1}], "xyz": [-5.904786, 2.889691, -2.21676], "properties": {}}, {"name": "H", "species": [{"element": "H", "occu": 1}], "xyz": [-6.887474, 2.57285, -0.76253], "properties": {}}, {"name": "H", "species": [{"element": "H", "occu": 1}], "xyz": [-3.478316, 1.0854, -1.520277], "properties": {}}, {"name": "C", "species": [{"element": "C", "occu": 1}], "xyz": [-4.150614, 0.569468, -2.205274], "properties": {}}, {"name": "H", "species": [{"element": "H", "occu": 1}], "xyz": [-4.162736, 1.055418, -3.181165], "properties": {}}, {"name": "O", "species": [{"element": "O", "occu": 1}], "xyz": [-5.75351, -0.038861, -0.160262], "properties": {}}, {"name": "S", "species": [{"element": "S", "occu": 1}], "xyz": [-5.82818, 0.59977, -1.526292], "properties": {}}, {"name": "H", "species": [{"element": "H", "occu": 1}], "xyz": [-3.875357, -0.477815, -2.31863], "properties": {}}]}, "stationary_type": "Minimum", "corrections": {}, "tensor": {"1": {"type": "S", "Isotropic": 108.9032, "Anisotropy": 433.6671, "tensor": []}, "2": {"type": "O", "Isotropic": 280.8942, "Anisotropy": 226.7379, "tensor": [], "eigenvalues": [134.0494, 276.5804, 432.0528]}, "3": {"type": "C", "Isotropic": 139.795, "Anisotropy": 57.0803, "tensor": [[156.9373, 17.8666, 26.9064], [9.7122, 136.2611, 7.2835], [24.5261, 9.8333, 126.1867]], "eigenvalues": [111.5797, 129.9568, 177.8486]}, "4": {"type": "C", "Isotropic": 137.9986, "Anisotropy": 60.6513, "tensor": [], "eigenvalues": [108.8003, 126.7627, 178.4328]}, "5": {"type": "H", "Isotropic": 29.4173, "Anisotropy": 5.8799, "tensor": [], "eigenvalues": [25.831, 29.0837, 33.3373]}, "6": {"type": "H", "Isotropic": 28.7251, "Anisotropy": 6.3617, "tensor": [], "eigenvalues": [25.3146, 27.8944, 32.9662]}, "7": {"type": "H", "Isotropic": 29.8631, "Anisotropy": 6.2829, "tensor": [[1.248, 32.6737, 2.3873]], "eigenvalues": [26.981, 28.5566, 34.0517]}, "8": {"type": "H", "Isotropic": 29.9098, "Anisotropy": 6.1915, "tensor": [], "eigenvalues": [27.2915, 28.4003, 34.0374]}, "9": {"type": "H", "Isotropic": 28.2809, "Anisotropy": 8.6414, "tensor": [], "eigenvalues": [23.8496, 26.9512, 34.0418]}, "10": {"type": "H", "Isotropic": 29.3345, "Anisotropy": 5.2879, "tensor": [[31.3949, 0.0823, 1.2702]], "eigenvalues": [25.9622, 29.1815, 32.8598]}, "11": {"type": "S", "Isotropic": 107.7109, "Anisotropy": 439.9337, "tensor": []}, "12": {"type": "O", "Isotropic": 264.6445, "Anisotropy": 208.7384, "tensor": [[11.1656, 268.6, 131.6254], [24.1438, 129.55, 270.5361]], "eigenvalues": [136.7277, 253.4024, 403.8035]}, "13": {"type": "C", "Isotropic": 140.434, "Anisotropy": 62.2198, "tensor": [[140.2287, 12.1122, 34.3809], [15.2301, 126.2661, 6.4654], [27.2731, 3.0123, 154.8072]], "eigenvalues": [111.1555, 128.2327, 181.9139]}, "14": {"type": "C", "Isotropic": 139.041, "Anisotropy": 53.4548, "tensor": [], "eigenvalues": [112.0882, 130.3573, 174.6775]}, "15": {"type": "H", "Isotropic": 29.5933, "Anisotropy": 6.6495, "tensor": [[27.258, 1.1355, 0.6038], [0.0411, 3.5994, 30.7524]], "eigenvalues": [27.2282, 27.5253, 34.0262]}, "16": {"type": "H", "Isotropic": 29.7947, "Anisotropy": 4.4881, "tensor": [[1.7041, 28.126, 0.0807], [1.6615, 0.9798, 29.052]], "eigenvalues": [27.6158, 28.9815, 32.7867]}, "17": {"type": "H", "Isotropic": 29.2957, "Anisotropy": 8.1312, "tensor": [[26.4551, 1.6033, 2.0464]], "eigenvalues": [24.1373, 29.0333, 34.7165]}, "18": {"type": "H", "Isotropic": 29.0092, "Anisotropy": 8.7127, "tensor": [], "eigenvalues": [25.2671, 26.9428, 34.8177]}, "19": {"type": "H", "Isotropic": 30.0326, "Anisotropy": 4.3868, "tensor": [], "eigenvalues": [27.523, 29.6176, 32.9571]}, "20": {"type": "H", "Isotropic": 28.6472, "Anisotropy": 5.4285, "tensor": [[30.1857, 0.9205, 1.4514], [1.5946, 27.2848, 1.0731], [3.3394, 0.2161, 28.4712]], "eigenvalues": [26.6405, 27.0349, 32.2662]}, "21": {"type": "O", "Isotropic": 268.8756, "Anisotropy": 201.2888, "tensor": [[66.2431, 228.096, 29.7984]], "eigenvalues": [142.4183, 261.1403, 403.0681]}, "22": {"type": "S", "Isotropic": 115.1045, "Anisotropy": 433.6386, "tensor": []}, "23": {"type": "H", "Isotropic": 28.2331, "Anisotropy": 6.9672, "tensor": [[29.4483, 3.4897, 2.99], [3.3454, 26.6095, 0.4098], [1.6666, 0.4647, 28.6416]], "eigenvalues": [24.1076, 27.7138, 32.8779]}, "24": {"type": "C", "Isotropic": 136.7018, "Anisotropy": 58.8069, "tensor": [], "eigenvalues": [107.956, 126.243, 175.9064]}, "25": {"type": "H", "Isotropic": 29.8275, "Anisotropy": 2.2149, "tensor": [[0.9406, 29.6906, 0.7924]], "eigenvalues": [28.147, 30.0315, 31.3041]}, "26": {"type": "C", "Isotropic": 139.08, "Anisotropy": 63.2863, "tensor": [[143.9315, 12.3006, 32.7949], [17.9892, 131.5255, 10.5736], [33.6742, 4.034, 141.783]], "eigenvalues": [108.1788, 127.7904, 181.2709]}, "27": {"type": "H", "Isotropic": 29.4523, "Anisotropy": 7.3179, "tensor": [], "eigenvalues": [26.5646, 27.4614, 34.3309]}, "28": {"type": "H", "Isotropic": 29.7146, "Anisotropy": 4.9318, "tensor": [[28.7391, 2.5416, 0.8622], [0.7097, 31.0579, 2.0665]], "eigenvalues": [27.4033, 28.738, 33.0025]}, "29": {"type": "H", "Isotropic": 28.6091, "Anisotropy": 10.4835, "tensor": [], "eigenvalues": [23.3016, 26.9277, 35.5982]}, "30": {"type": "H", "Isotropic": 28.6945, "Anisotropy": 9.5186, "tensor": [], "eigenvalues": [22.7921, 28.2511, 35.0402]}, "31": {"type": "O", "Isotropic": 277.0098, "Anisotropy": 214.9366, "tensor": [[405.5704, 50.0062, 5.4121], [49.5984, 235.8216, 43.53]], "eigenvalues": [140.1153, 270.6132, 420.3008]}, "32": {"type": "H", "Isotropic": 28.7269, "Anisotropy": 6.3253, "tensor": [[0.7397, 27.6061, 1.7432]], "eigenvalues": [24.3471, 28.8899, 32.9438]}, "33": {"type": "S", "Isotropic": 114.9468, "Anisotropy": 425.4744, "tensor": []}, "34": {"type": "C", "Isotropic": 140.345, "Anisotropy": 58.4721, "tensor": [[141.5433, 12.5213, 29.8723], [18.3321, 134.5185, 11.5608], [30.5721, 3.3569, 144.9731]], "eigenvalues": [111.0696, 130.6389, 179.3264]}, "35": {"type": "H", "Isotropic": 29.9729, "Anisotropy": 5.9771, "tensor": [[28.6785, 1.6527, 0.253]], "eigenvalues": [27.2656, 28.6954, 33.9576]}, "36": {"type": "C", "Isotropic": 140.8097, "Anisotropy": 54.1796, "tensor": [], "eigenvalues": [113.0727, 132.4271, 176.9295]}, "37": {"type": "H", "Isotropic": 29.9328, "Anisotropy": 5.2894, "tensor": [], "eigenvalues": [27.2859, 29.0534, 33.459]}, "38": {"type": "H", "Isotropic": 28.3679, "Anisotropy": 7.6567, "tensor": [[29.323, 2.5314, 3.6116], [1.6886, 27.1169, 1.8277], [2.8013, 1.9289, 28.6639]], "eigenvalues": [25.7668, 25.8646, 33.4724]}, "39": {"type": "H", "Isotropic": 29.0039, "Anisotropy": 8.713, "tensor": [[26.0111, 0.1899, 2.4807]], "eigenvalues": [24.3986, 27.8005, 34.8126]}, "40": {"type": "H", "Isotropic": 28.8747, "Anisotropy": 8.8324, "tensor": [], "eigenvalues": [25.2775, 26.5835, 34.7629]}, "41": {"type": "H", "Isotropic": 28.0235, "Anisotropy": 9.1283, "tensor": [], "eigenvalues": [24.6022, 25.3593, 34.109]}, "42": {"type": "C", "Isotropic": 140.526, "Anisotropy": 53.402, "tensor": [], "eigenvalues": [113.8105, 131.6403, 176.1273]}, "43": {"type": "H", "Isotropic": 30.0101, "Anisotropy": 7.6681, "tensor": [], "eigenvalues": [26.9813, 27.9269, 35.1222]}, "44": {"type": "H", "Isotropic": 29.6326, "Anisotropy": 5.7137, "tensor": [], "eigenvalues": [26.9283, 28.5277, 33.4417]}, "45": {"type": "H", "Isotropic": 28.4402, "Anisotropy": 8.566, "tensor": [], "eigenvalues": [24.7353, 26.4344, 34.1508]}, "46": {"type": "C", "Isotropic": 140.8191, "Anisotropy": 55.2097, "tensor": [[4.6613, 138.2544, 27.9055], [1.7592, 32.5422, 154.3198]], "eigenvalues": [114.1373, 130.6944, 177.6255]}, "47": {"type": "H", "Isotropic": 29.9658, "Anisotropy": 8.0106, "tensor": [[30.1783, 3.8581, 1.4662], [3.4385, 32.2588, 0.6246], [1.5857, 0.859, 27.4605]], "eigenvalues": [26.5281, 28.0632, 35.3062]}, "48": {"type": "O", "Isotropic": 275.0851, "Anisotropy": 232.4199, "tensor": [], "eigenvalues": [125.6414, 269.5821, 430.0317]}, "49": {"type": "S", "Isotropic": 108.9993, "Anisotropy": 447.6251, "tensor": []}, "50": {"type": "H", "Isotropic": 29.6205, "Anisotropy": 6.8981, "tensor": [], "eigenvalues": [26.808, 27.8344, 34.2193]}, "51": {"type": "H", "Isotropic": 28.1772, "Anisotropy": 8.4439, "tensor": [[0.4882, 26.9959, 1.4008], [5.2009, 0.3848, 26.7792]], "eigenvalues": [23.5292, 27.196, 33.8064]}, "52": {"type": "C", "Isotropic": 141.5755, "Anisotropy": 56.2825, "tensor": [], "eigenvalues": [112.9649, 132.6646, 179.0972]}, "53": {"type": "H", "Isotropic": 30.0112, "Anisotropy": 9.5517, "tensor": [], "eigenvalues": [26.1901, 27.4645, 36.379]}, "54": {"type": "H", "Isotropic": 29.607, "Anisotropy": 7.1281, "tensor": [], "eigenvalues": [27.0788, 27.3832, 34.3591]}, "55": {"type": "H", "Isotropic": 28.1421, "Anisotropy": 6.6636, "tensor": [[29.3945, 1.4782, 3.7491], [0.1173, 26.2682, 1.9131], [1.7312, 2.708, 28.7635]], "eigenvalues": [24.7312, 27.1105, 32.5845]}, "56": {"type": "C", "Isotropic": 140.4545, "Anisotropy": 56.5065, "tensor": [], "eigenvalues": [110.8452, 132.3929, 178.1255]}, "57": {"type": "H", "Isotropic": 29.8922, "Anisotropy": 8.9884, "tensor": [], "eigenvalues": [26.3236, 27.4686, 35.8845]}, "58": {"type": "O", "Isotropic": 272.2412, "Anisotropy": 222.7658, "tensor": [], "eigenvalues": [133.4027, 262.5693, 420.7517]}, "59": {"type": "S", "Isotropic": 111.5372, "Anisotropy": 438.2875, "tensor": []}, "60": {"type": "H", "Isotropic": 29.5046, "Anisotropy": 4.0706, "tensor": [[0.0894, 1.4109, 29.2262]], "eigenvalues": [27.0928, 29.2027, 32.2183]}}}}, "functional": "B3LYP", "basis": "Def2TZVP", "phase": "solution", "type": "nmr;scrf", "smiles": "S(=O)(C)C.S(=O)(C)C.O=S(C)C.O=S(C)C.CS(=O)C.CS(=O)C", "formula": "H36 C12 S6 O6", "formula_pretty": "H6C2SO", "formula_anonymous": "ABC2D6", "formula_alphabetical": "C12 H36 O6 S6", "chemsys": "C-H-O-S", "nsites": 60, "nelements": 4, "is_ordered": true, "is_valid": true, "tag": "oplsd_ref", "wall_time (s)": 917.1328744310886, "last_updated": "2021-01-22T12:01:21.034110", "_id": null}