{"input": {"molecule": {"charge": 2, "spin_multiplicity": 1, "sites": [{"name": "Mg", "species": [{"element": "Mg", "occu": 1}], "xyz": [0.765409, -1.373405, 0.373973], "properties": {}}, {"name": "H", "species": [{"element": "H", "occu": 1}], "xyz": [3.400353, -1.076422, 1.021622], "properties": {}}, {"name": "H", "species": [{"element": "H", "occu": 1}], "xyz": [1.259258, 1.288877, 0.009612], "properties": {}}, {"name": "H", "species": [{"element": "H", "occu": 1}], "xyz": [-1.869537, -1.670381, -0.273675], "properties": {}}, {"name": "H", "species": [{"element": "H", "occu": 1}], "xyz": [0.895363, -1.847104, 3.069113], "properties": {}}, {"name": "H", "species": [{"element": "H", "occu": 1}], "xyz": [1.822368, -3.893121, 0.667915], "properties": {}}, {"name": "H", "species": [{"element": "H", "occu": 1}], "xyz": [0.800086, -2.439204, -2.145772], "properties": {}}, {"name": "O", "species": [{"element": "O", "occu": 1}], "xyz": [0.648616, -1.612816, -1.671841], "properties": {}}, {"name": "H", "species": [{"element": "H", "occu": 1}], "xyz": [0.635452, -0.899709, -2.321168], "properties": {}}, {"name": "O", "species": [{"element": "O", "occu": 1}], "xyz": [0.990884, -3.412001, 0.583024], "properties": {}}, {"name": "H", "species": [{"element": "H", "occu": 1}], "xyz": [0.271564, -4.035684, 0.738359], "properties": {}}, {"name": "O", "species": [{"element": "O", "occu": 1}], "xyz": [0.882204, -1.133996, 2.419788], "properties": {}}, {"name": "H", "species": [{"element": "H", "occu": 1}], "xyz": [0.730725, -0.307609, 2.893719], "properties": {}}, {"name": "O", "species": [{"element": "O", "occu": 1}], "xyz": [-1.278741, -1.624986, 0.487876], "properties": {}}, {"name": "H", "species": [{"element": "H", "occu": 1}], "xyz": [-1.822061, -1.4896, 1.273331], "properties": {}}, {"name": "O", "species": [{"element": "O", "occu": 1}], "xyz": [0.539934, 0.66519, 0.164915], "properties": {}}, {"name": "H", "species": [{"element": "H", "occu": 1}], "xyz": [-0.291548, 1.146317, 0.080055], "properties": {}}, {"name": "O", "species": [{"element": "O", "occu": 1}], "xyz": [2.809558, -1.121825, 0.260072], "properties": {}}, {"name": "H", "species": [{"element": "H", "occu": 1}], "xyz": [3.352879, -1.257201, -0.525384], "properties": {}}]}, "functional": "B3LYP", "basis_set": "Def2TZVP", "route_parameters": {"NMR": "GIAO", "iop(7/33=1)": null, "int": "ultrafine", "SCRF": "(Solvent=Water)", "EmpiricalDispersion": "GD3", "NoSymmetry": null, "test": null}, "title": "Mg1 H12 O6", "charge": 2, "spin_multiplicity": 1, "input_parameters": {}, "link0_parameters": {"%chk": "checkpoint.chk", "%mem": "100GB", "%NProcShared": "28"}, "dieze_tag": "#P", "nbasisfunctions": 290, "pcm_parameters": {}}, "output": {"has_gaussian_completed": true, "is_pcm": true, "errors": [], "Mulliken_charges": {"1": ["Mg", 0.945778], "2": ["H", 0.389119], "3": ["H", 0.389275], "4": ["H", 0.389119], "5": ["H", 0.388612], "6": ["H", 0.388785], "7": ["H", 0.388927], "8": ["O", -0.601981], "9": ["H", 0.388612], "10": ["O", -0.60236], "11": ["H", 0.389275], "12": ["O", -0.60198], "13": ["H", 0.388927], "14": ["O", -0.601812], "15": ["H", 0.388546], "16": ["O", -0.602361], "17": ["H", 0.388785], "18": ["O", -0.601812], "19": ["H", 0.388546]}, "tensor": {"1": {"type": "Mg", "Isotropic": 569.4212, "Anisotropy": 0.2845, "tensor": [[0.066, 569.3818, 0.0439]], "eigenvalues": [569.2409, 569.4119, 569.6109]}, "2": {"type": "H", "Isotropic": 28.9278, "Anisotropy": 19.8311, "tensor": [[31.9582, 1.0827, 9.4103], [0.9218, 20.5659, 1.048], [8.316, 1.1457, 34.2593]], "eigenvalues": [20.4634, 24.1715, 42.1485]}, "3": {"type": "H", "Isotropic": 28.9295, "Anisotropy": 19.8652, "tensor": [], "eigenvalues": [20.4335, 24.1819, 42.173]}, "4": {"type": "H", "Isotropic": 28.9347, "Anisotropy": 19.8381, "tensor": [[31.9579, 1.0799, 9.4144], [0.9204, 20.5674, 1.0555], [8.3119, 1.1569, 34.2789]], "eigenvalues": [20.4643, 24.1797, 42.1601]}, "5": {"type": "H", "Isotropic": 28.9723, "Anisotropy": 20.0038, "tensor": [], "eigenvalues": [20.5307, 24.0782, 42.3082]}, "6": {"type": "H", "Isotropic": 28.9694, "Anisotropy": 20.1331, "tensor": [], "eigenvalues": [20.5264, 23.9903, 42.3914]}, "7": {"type": "H", "Isotropic": 28.9448, "Anisotropy": 19.9333, "tensor": [], "eigenvalues": [20.4809, 24.1198, 42.2337]}, "8": {"type": "O", "Isotropic": 315.2362, "Anisotropy": 48.687, "tensor": [], "eigenvalues": [278.9799, 319.0345, 347.6942]}, "9": {"type": "H", "Isotropic": 28.9709, "Anisotropy": 19.9962, "tensor": [], "eigenvalues": [20.5316, 24.0793, 42.3017]}, "10": {"type": "O", "Isotropic": 315.3368, "Anisotropy": 48.7964, "tensor": [], "eigenvalues": [278.8342, 319.3085, 347.8677]}, "11": {"type": "H", "Isotropic": 28.9292, "Anisotropy": 19.8693, "tensor": [], "eigenvalues": [20.4278, 24.1844, 42.1754]}, "12": {"type": "O", "Isotropic": 315.2835, "Anisotropy": 49.1189, "tensor": [], "eigenvalues": [278.6811, 319.14, 348.0294]}, "13": {"type": "H", "Isotropic": 28.9474, "Anisotropy": 19.9312, "tensor": [], "eigenvalues": [20.4797, 24.1275, 42.2348]}, "14": {"type": "O", "Isotropic": 315.2737, "Anisotropy": 48.9896, "tensor": [[318.9361, 0.824, 0.2983], [1.8809, 279.8518, 7.6524], [0.3924, 7.9306, 347.0331]], "eigenvalues": [278.9175, 318.9701, 347.9334]}, "15": {"type": "H", "Isotropic": 28.9764, "Anisotropy": 20.0542, "tensor": [], "eigenvalues": [20.5513, 24.032, 42.3459]}, "16": {"type": "O", "Isotropic": 315.3177, "Anisotropy": 48.8501, "tensor": [], "eigenvalues": [278.771, 319.2976, 347.8844]}, "17": {"type": "H", "Isotropic": 28.9694, "Anisotropy": 20.1299, "tensor": [], "eigenvalues": [20.5327, 23.9861, 42.3893]}, "18": {"type": "O", "Isotropic": 314.9366, "Anisotropy": 48.2867, "tensor": [[318.7459, 0.8552, 0.3003], [1.7703, 279.7891, 7.4471], [0.3746, 7.6367, 346.2748]], "eigenvalues": [278.9041, 318.778, 347.1277]}, "19": {"type": "H", "Isotropic": 28.9711, "Anisotropy": 20.0442, "tensor": [], "eigenvalues": [20.5547, 24.0246, 42.3339]}}, "output": {"energies": [-658.841842041], "final_energy": -658.841842041, "final_energy_per_atom": -34.67588642321052, "molecule": {"charge": 0.0, "spin_multiplicity": 1, "sites": [{"name": "Mg", "species": [{"element": "Mg", "occu": 1}], "xyz": [0.765409, -1.373405, 0.373973], "properties": {}}, {"name": "H", "species": [{"element": "H", "occu": 1}], "xyz": [3.400353, -1.076422, 1.021622], "properties": {}}, {"name": "H", "species": [{"element": "H", "occu": 1}], "xyz": [1.259258, 1.288877, 0.009612], "properties": {}}, {"name": "H", "species": [{"element": "H", "occu": 1}], "xyz": [-1.869537, -1.670381, -0.273675], "properties": {}}, {"name": "H", "species": [{"element": "H", "occu": 1}], "xyz": [0.895363, -1.847104, 3.069113], "properties": {}}, {"name": "H", "species": [{"element": "H", "occu": 1}], "xyz": [1.822368, -3.893121, 0.667915], "properties": {}}, {"name": "H", "species": [{"element": "H", "occu": 1}], "xyz": [0.800086, -2.439204, -2.145772], "properties": {}}, {"name": "O", "species": [{"element": "O", "occu": 1}], "xyz": [0.648616, -1.612816, -1.671841], "properties": {}}, {"name": "H", "species": [{"element": "H", "occu": 1}], "xyz": [0.635452, -0.899709, -2.321168], "properties": {}}, {"name": "O", "species": [{"element": "O", "occu": 1}], "xyz": [0.990884, -3.412001, 0.583024], "properties": {}}, {"name": "H", "species": [{"element": "H", "occu": 1}], "xyz": [0.271564, -4.035684, 0.738359], "properties": {}}, {"name": "O", "species": [{"element": "O", "occu": 1}], "xyz": [0.882204, -1.133996, 2.419788], "properties": {}}, {"name": "H", "species": [{"element": "H", "occu": 1}], "xyz": [0.730725, -0.307609, 2.893719], "properties": {}}, {"name": "O", "species": [{"element": "O", "occu": 1}], "xyz": [-1.278741, -1.624986, 0.487876], "properties": {}}, {"name": "H", "species": [{"element": "H", "occu": 1}], "xyz": [-1.822061, -1.4896, 1.273331], "properties": {}}, {"name": "O", "species": [{"element": "O", "occu": 1}], "xyz": [0.539934, 0.66519, 0.164915], "properties": {}}, {"name": "H", "species": [{"element": "H", "occu": 1}], "xyz": [-0.291548, 1.146317, 0.080055], "properties": {}}, {"name": "O", "species": [{"element": "O", "occu": 1}], "xyz": [2.809558, -1.121825, 0.260072], "properties": {}}, {"name": "H", "species": [{"element": "H", "occu": 1}], "xyz": [3.352879, -1.257201, -0.525384], "properties": {}}]}, "stationary_type": "Minimum", "corrections": {}, "tensor": {"1": {"type": "Mg", "Isotropic": 569.4212, "Anisotropy": 0.2845, "tensor": [[0.066, 569.3818, 0.0439]], "eigenvalues": [569.2409, 569.4119, 569.6109]}, "2": {"type": "H", "Isotropic": 28.9278, "Anisotropy": 19.8311, "tensor": [[31.9582, 1.0827, 9.4103], [0.9218, 20.5659, 1.048], [8.316, 1.1457, 34.2593]], "eigenvalues": [20.4634, 24.1715, 42.1485]}, "3": {"type": "H", "Isotropic": 28.9295, "Anisotropy": 19.8652, "tensor": [], "eigenvalues": [20.4335, 24.1819, 42.173]}, "4": {"type": "H", "Isotropic": 28.9347, "Anisotropy": 19.8381, "tensor": [[31.9579, 1.0799, 9.4144], [0.9204, 20.5674, 1.0555], [8.3119, 1.1569, 34.2789]], "eigenvalues": [20.4643, 24.1797, 42.1601]}, "5": {"type": "H", "Isotropic": 28.9723, "Anisotropy": 20.0038, "tensor": [], "eigenvalues": [20.5307, 24.0782, 42.3082]}, "6": {"type": "H", "Isotropic": 28.9694, "Anisotropy": 20.1331, "tensor": [], "eigenvalues": [20.5264, 23.9903, 42.3914]}, "7": {"type": "H", "Isotropic": 28.9448, "Anisotropy": 19.9333, "tensor": [], "eigenvalues": [20.4809, 24.1198, 42.2337]}, "8": {"type": "O", "Isotropic": 315.2362, "Anisotropy": 48.687, "tensor": [], "eigenvalues": [278.9799, 319.0345, 347.6942]}, "9": {"type": "H", "Isotropic": 28.9709, "Anisotropy": 19.9962, "tensor": [], "eigenvalues": [20.5316, 24.0793, 42.3017]}, "10": {"type": "O", "Isotropic": 315.3368, "Anisotropy": 48.7964, "tensor": [], "eigenvalues": [278.8342, 319.3085, 347.8677]}, "11": {"type": "H", "Isotropic": 28.9292, "Anisotropy": 19.8693, "tensor": [], "eigenvalues": [20.4278, 24.1844, 42.1754]}, "12": {"type": "O", "Isotropic": 315.2835, "Anisotropy": 49.1189, "tensor": [], "eigenvalues": [278.6811, 319.14, 348.0294]}, "13": {"type": "H", "Isotropic": 28.9474, "Anisotropy": 19.9312, "tensor": [], "eigenvalues": [20.4797, 24.1275, 42.2348]}, "14": {"type": "O", "Isotropic": 315.2737, "Anisotropy": 48.9896, "tensor": [[318.9361, 0.824, 0.2983], [1.8809, 279.8518, 7.6524], [0.3924, 7.9306, 347.0331]], "eigenvalues": [278.9175, 318.9701, 347.9334]}, "15": {"type": "H", "Isotropic": 28.9764, "Anisotropy": 20.0542, "tensor": [], "eigenvalues": [20.5513, 24.032, 42.3459]}, "16": {"type": "O", "Isotropic": 315.3177, "Anisotropy": 48.8501, "tensor": [], "eigenvalues": [278.771, 319.2976, 347.8844]}, "17": {"type": "H", "Isotropic": 28.9694, "Anisotropy": 20.1299, "tensor": [], "eigenvalues": [20.5327, 23.9861, 42.3893]}, "18": {"type": "O", "Isotropic": 314.9366, "Anisotropy": 48.2867, "tensor": [[318.7459, 0.8552, 0.3003], [1.7703, 279.7891, 7.4471], [0.3746, 7.6367, 346.2748]], "eigenvalues": [278.9041, 318.778, 347.1277]}, "19": {"type": "H", "Isotropic": 28.9711, "Anisotropy": 20.0442, "tensor": [], "eigenvalues": [20.5547, 24.0246, 42.3339]}}}}, "functional": "B3LYP", "basis": "Def2TZVP", "phase": "solution", "type": "nmr;scrf", "smiles": "[Mg].O.O.O.O.O.O", "formula": "Mg1 H12 O6", "formula_pretty": "Mg(H2O)6", "formula_anonymous": "AB6C12", "formula_alphabetical": "H12 Mg1 O6", "chemsys": "H-Mg-O", "nsites": 19, "nelements": 3, "is_ordered": true, "is_valid": true, "tag": "oplsd_ref", "wall_time (s)": 45.777141937986016, "last_updated": "2020-10-03T02:49:27.072079", "_id": null}