{"input": {"molecule": {"charge": 0, "spin_multiplicity": 1, "sites": [{"name": "O", "species": [{"element": "O", "occu": 1}], "xyz": [-0.2176, 1.035494, 0.505112], "properties": {}}, {"name": "H", "species": [{"element": "H", "occu": 1}], "xyz": [-0.194575, 0.075669, 0.591818], "properties": {}}, {"name": "H", "species": [{"element": "H", "occu": 1}], "xyz": [-1.141996, 1.274048, 0.218655], "properties": {}}, {"name": "O", "species": [{"element": "O", "occu": 1}], "xyz": [-2.680684, 1.896752, -0.110861], "properties": {}}, {"name": "H", "species": [{"element": "H", "occu": 1}], "xyz": [-3.336744, 1.27928, 0.275911], "properties": {}}, {"name": "H", "species": [{"element": "H", "occu": 1}], "xyz": [-2.696578, 2.664683, 0.50281], "properties": {}}, {"name": "O", "species": [{"element": "O", "occu": 1}], "xyz": [-2.615463, 3.796575, 1.941892], "properties": {}}, {"name": "H", "species": [{"element": "H", "occu": 1}], "xyz": [-1.738388, 3.510219, 2.278268], "properties": {}}, {"name": "H", "species": [{"element": "H", "occu": 1}], "xyz": [-3.2438, 3.336482, 2.526993], "properties": {}}, {"name": "H", "species": [{"element": "H", "occu": 1}], "xyz": [-0.626059, 2.050774, 3.559303], "properties": {}}, {"name": "O", "species": [{"element": "O", "occu": 1}], "xyz": [-0.246908, 2.59506, 2.848213], "properties": {}}, {"name": "H", "species": [{"element": "H", "occu": 1}], "xyz": [-0.130696, 1.986741, 2.090608], "properties": {}}, {"name": "H", "species": [{"element": "H", "occu": 1}], "xyz": [-4.24112, -0.562714, 1.512436], "properties": {}}, {"name": "O", "species": [{"element": "O", "occu": 1}], "xyz": [-4.514081, 0.34309, 1.327879], "properties": {}}, {"name": "H", "species": [{"element": "H", "occu": 1}], "xyz": [-4.422645, 0.825228, 2.176322], "properties": {}}, {"name": "H", "species": [{"element": "H", "occu": 1}], "xyz": [-1.569341, 0.135093, 4.84715], "properties": {}}, {"name": "H", "species": [{"element": "H", "occu": 1}], "xyz": [-1.591463, 1.379566, 5.75353], "properties": {}}, {"name": "O", "species": [{"element": "O", "occu": 1}], "xyz": [-1.721824, 1.088941, 4.841536], "properties": {}}, {"name": "H", "species": [{"element": "H", "occu": 1}], "xyz": [-3.304451, 1.599324, 4.108885], "properties": {}}, {"name": "O", "species": [{"element": "O", "occu": 1}], "xyz": [-4.060607, 1.927785, 3.578215], "properties": {}}, {"name": "H", "species": [{"element": "H", "occu": 1}], "xyz": [-4.773166, 2.11292, 4.200864], "properties": {}}, {"name": "H", "species": [{"element": "H", "occu": 1}], "xyz": [1.05584, 1.739413, -0.624614], "properties": {}}, {"name": "O", "species": [{"element": "O", "occu": 1}], "xyz": [1.732864, 2.146076, -1.200039], "properties": {}}, {"name": "H", "species": [{"element": "H", "occu": 1}], "xyz": [1.335757, 2.161919, -2.077253], "properties": {}}]}, "functional": "B3LYP", "basis_set": "Def2TZVP", "route_parameters": {"NMR": "GIAO", "iop(7/33=1)": null, "int": "ultrafine", "EmpiricalDispersion": "GD3", "NoSymmetry": null, "test": null, "SCRF": "(Solvent=Water)"}, "title": "H16 O8", "charge": 0, "spin_multiplicity": 1, "input_parameters": {}, "link0_parameters": {"%chk": "checkpoint.chk", "%mem": "100GB", "%NProcShared": "24"}, "dieze_tag": "#P", "nbasisfunctions": 344, "pcm_parameters": {}}, "output": {"has_gaussian_completed": true, "is_pcm": true, "errors": [], "Mulliken_charges": {"1": ["O", -0.726958], "2": ["H", 0.35475], "3": ["H", 0.367775], "4": ["O", -0.728951], "5": ["H", 0.359288], "6": ["H", 0.351877], "7": ["O", -0.725243], "8": ["H", 0.352475], "9": ["H", 0.347964], "10": ["H", 0.350091], "11": ["O", -0.726202], "12": ["H", 0.358765], "13": ["H", 0.349312], "14": ["O", -0.709018], "15": ["H", 0.362043], "16": ["H", 0.376145], "17": ["H", 0.376792], "18": ["O", -0.68324], "19": ["H", 0.371614], "20": ["O", -0.705826], "21": ["H", 0.362585], "22": ["H", 0.358161], "23": ["O", -0.727527], "24": ["H", 0.333328]}, "tensor": {"1": {"type": "O", "Isotropic": 294.0707, "Anisotropy": 44.486, "tensor": [], "eigenvalues": [275.0201, 283.464, 323.7281]}, "2": {"type": "H", "Isotropic": 30.4554, "Anisotropy": 17.2708, "tensor": [], "eigenvalues": [23.7811, 25.6159, 41.9692]}, "3": {"type": "H", "Isotropic": 23.5801, "Anisotropy": 34.6664, "tensor": [], "eigenvalues": [11.1126, 12.9368, 46.6911]}, "4": {"type": "O", "Isotropic": 295.2595, "Anisotropy": 41.6011, "tensor": [[14.1094, 311.6098, 11.683]], "eigenvalues": [269.5564, 293.2285, 322.9935]}, "5": {"type": "H", "Isotropic": 26.6082, "Anisotropy": 29.0779, "tensor": [], "eigenvalues": [15.341, 18.4901, 45.9934]}, "6": {"type": "H", "Isotropic": 26.378, "Anisotropy": 28.3339, "tensor": [[0.8578, 32.5849, 13.9516], [0.2428, 14.06, 29.7815]], "eigenvalues": [16.4696, 17.397, 45.2673]}, "7": {"type": "O", "Isotropic": 299.7582, "Anisotropy": 41.3796, "tensor": [], "eigenvalues": [280.5977, 291.3323, 327.3446]}, "8": {"type": "H", "Isotropic": 26.5678, "Anisotropy": 28.3427, "tensor": [], "eigenvalues": [16.5868, 17.6538, 45.463]}, "9": {"type": "H", "Isotropic": 28.1169, "Anisotropy": 25.3277, "tensor": [], "eigenvalues": [18.8383, 20.5104, 45.002]}, "10": {"type": "H", "Isotropic": 28.1605, "Anisotropy": 27.1801, "tensor": [], "eigenvalues": [18.1483, 20.0526, 46.2806]}, "11": {"type": "O", "Isotropic": 305.572, "Anisotropy": 47.1919, "tensor": [], "eigenvalues": [284.0948, 295.5879, 337.0332]}, "12": {"type": "H", "Isotropic": 26.8385, "Anisotropy": 29.5995, "tensor": [], "eigenvalues": [16.101, 17.8429, 46.5715]}, "13": {"type": "H", "Isotropic": 30.7742, "Anisotropy": 17.9132, "tensor": [], "eigenvalues": [24.4246, 25.1816, 42.7163]}, "14": {"type": "O", "Isotropic": 313.6441, "Anisotropy": 50.6468, "tensor": [[0.2301, 336.0622, 15.5416]], "eigenvalues": [283.8145, 309.7091, 347.4086]}, "15": {"type": "H", "Isotropic": 26.3963, "Anisotropy": 30.7381, "tensor": [[16.4144, 3.2706, 2.3663], [3.0327, 25.4912, 13.3875], [2.1679, 14.3453, 37.2834]], "eigenvalues": [14.7717, 17.5289, 46.8884]}, "16": {"type": "H", "Isotropic": 29.6585, "Anisotropy": 18.3164, "tensor": [], "eigenvalues": [22.4232, 24.6829, 41.8694]}, "17": {"type": "H", "Isotropic": 29.6234, "Anisotropy": 19.9323, "tensor": [[22.849, 0.7455, 2.858], [0.432, 25.0328, 4.4452], [2.7558, 5.8475, 40.9882]], "eigenvalues": [22.396, 23.5624, 42.9116]}, "18": {"type": "O", "Isotropic": 311.0302, "Anisotropy": 23.4502, "tensor": [[4.9134, 7.6154, 317.6622]], "eigenvalues": [292.5432, 313.8837, 326.6637]}, "19": {"type": "H", "Isotropic": 26.0093, "Anisotropy": 30.058, "tensor": [], "eigenvalues": [14.001, 17.979, 46.048]}, "20": {"type": "O", "Isotropic": 303.3037, "Anisotropy": 37.9587, "tensor": [], "eigenvalues": [279.7092, 301.5924, 328.6095]}, "21": {"type": "H", "Isotropic": 30.0798, "Anisotropy": 20.3612, "tensor": [], "eigenvalues": [22.5381, 24.0474, 43.6539]}, "22": {"type": "H", "Isotropic": 27.0261, "Anisotropy": 33.8081, "tensor": [], "eigenvalues": [15.1718, 16.3416, 49.5649]}, "23": {"type": "O", "Isotropic": 330.1726, "Anisotropy": 56.1082, "tensor": [], "eigenvalues": [297.1794, 325.7604, 367.5781]}, "24": {"type": "H", "Isotropic": 31.4692, "Anisotropy": 18.318, "tensor": [[27.8325, 0.2452, 4.649]], "eigenvalues": [23.9092, 26.8172, 43.6812]}}, "output": {"energies": [-611.849287194], "final_energy": -611.849287194, "final_energy_per_atom": -25.49372029975, "molecule": {"charge": 0.0, "spin_multiplicity": 1, "sites": [{"name": "O", "species": [{"element": "O", "occu": 1}], "xyz": [-0.2176, 1.035494, 0.505112], "properties": {}}, {"name": "H", "species": [{"element": "H", "occu": 1}], "xyz": [-0.194575, 0.075669, 0.591818], "properties": {}}, {"name": "H", "species": [{"element": "H", "occu": 1}], "xyz": [-1.141996, 1.274048, 0.218655], "properties": {}}, {"name": "O", "species": [{"element": "O", "occu": 1}], "xyz": [-2.680684, 1.896752, -0.110861], "properties": {}}, {"name": "H", "species": [{"element": "H", "occu": 1}], "xyz": [-3.336744, 1.27928, 0.275911], "properties": {}}, {"name": "H", "species": [{"element": "H", "occu": 1}], "xyz": [-2.696578, 2.664683, 0.50281], "properties": {}}, {"name": "O", "species": [{"element": "O", "occu": 1}], "xyz": [-2.615463, 3.796575, 1.941892], "properties": {}}, {"name": "H", "species": [{"element": "H", "occu": 1}], "xyz": [-1.738388, 3.510219, 2.278268], "properties": {}}, {"name": "H", "species": [{"element": "H", "occu": 1}], "xyz": [-3.2438, 3.336482, 2.526993], "properties": {}}, {"name": "H", "species": [{"element": "H", "occu": 1}], "xyz": [-0.626059, 2.050774, 3.559303], "properties": {}}, {"name": "O", "species": [{"element": "O", "occu": 1}], "xyz": [-0.246908, 2.59506, 2.848213], "properties": {}}, {"name": "H", "species": [{"element": "H", "occu": 1}], "xyz": [-0.130696, 1.986741, 2.090608], "properties": {}}, {"name": "H", "species": [{"element": "H", "occu": 1}], "xyz": [-4.24112, -0.562714, 1.512436], "properties": {}}, {"name": "O", "species": [{"element": "O", "occu": 1}], "xyz": [-4.514081, 0.34309, 1.327879], "properties": {}}, {"name": "H", "species": [{"element": "H", "occu": 1}], "xyz": [-4.422645, 0.825228, 2.176322], "properties": {}}, {"name": "H", "species": [{"element": "H", "occu": 1}], "xyz": [-1.569341, 0.135093, 4.84715], "properties": {}}, {"name": "H", "species": [{"element": "H", "occu": 1}], "xyz": [-1.591463, 1.379566, 5.75353], "properties": {}}, {"name": "O", "species": [{"element": "O", "occu": 1}], "xyz": [-1.721824, 1.088941, 4.841536], "properties": {}}, {"name": "H", "species": [{"element": "H", "occu": 1}], "xyz": [-3.304451, 1.599324, 4.108885], "properties": {}}, {"name": "O", "species": [{"element": "O", "occu": 1}], "xyz": [-4.060607, 1.927785, 3.578215], "properties": {}}, {"name": "H", "species": [{"element": "H", "occu": 1}], "xyz": [-4.773166, 2.11292, 4.200864], "properties": {}}, {"name": "H", "species": [{"element": "H", "occu": 1}], "xyz": [1.05584, 1.739413, -0.624614], "properties": {}}, {"name": "O", "species": [{"element": "O", "occu": 1}], "xyz": [1.732864, 2.146076, -1.200039], "properties": {}}, {"name": "H", "species": [{"element": "H", "occu": 1}], "xyz": [1.335757, 2.161919, -2.077253], "properties": {}}]}, "stationary_type": "Minimum", "corrections": {}, "tensor": {"1": {"type": "O", "Isotropic": 294.0707, "Anisotropy": 44.486, "tensor": [], "eigenvalues": [275.0201, 283.464, 323.7281]}, "2": {"type": "H", "Isotropic": 30.4554, "Anisotropy": 17.2708, "tensor": [], "eigenvalues": [23.7811, 25.6159, 41.9692]}, "3": {"type": "H", "Isotropic": 23.5801, "Anisotropy": 34.6664, "tensor": [], "eigenvalues": [11.1126, 12.9368, 46.6911]}, "4": {"type": "O", "Isotropic": 295.2595, "Anisotropy": 41.6011, "tensor": [[14.1094, 311.6098, 11.683]], "eigenvalues": [269.5564, 293.2285, 322.9935]}, "5": {"type": "H", "Isotropic": 26.6082, "Anisotropy": 29.0779, "tensor": [], "eigenvalues": [15.341, 18.4901, 45.9934]}, "6": {"type": "H", "Isotropic": 26.378, "Anisotropy": 28.3339, "tensor": [[0.8578, 32.5849, 13.9516], [0.2428, 14.06, 29.7815]], "eigenvalues": [16.4696, 17.397, 45.2673]}, "7": {"type": "O", "Isotropic": 299.7582, "Anisotropy": 41.3796, "tensor": [], "eigenvalues": [280.5977, 291.3323, 327.3446]}, "8": {"type": "H", "Isotropic": 26.5678, "Anisotropy": 28.3427, "tensor": [], "eigenvalues": [16.5868, 17.6538, 45.463]}, "9": {"type": "H", "Isotropic": 28.1169, "Anisotropy": 25.3277, "tensor": [], "eigenvalues": [18.8383, 20.5104, 45.002]}, "10": {"type": "H", "Isotropic": 28.1605, "Anisotropy": 27.1801, "tensor": [], "eigenvalues": [18.1483, 20.0526, 46.2806]}, "11": {"type": "O", "Isotropic": 305.572, "Anisotropy": 47.1919, "tensor": [], "eigenvalues": [284.0948, 295.5879, 337.0332]}, "12": {"type": "H", "Isotropic": 26.8385, "Anisotropy": 29.5995, "tensor": [], "eigenvalues": [16.101, 17.8429, 46.5715]}, "13": {"type": "H", "Isotropic": 30.7742, "Anisotropy": 17.9132, "tensor": [], "eigenvalues": [24.4246, 25.1816, 42.7163]}, "14": {"type": "O", "Isotropic": 313.6441, "Anisotropy": 50.6468, "tensor": [[0.2301, 336.0622, 15.5416]], "eigenvalues": [283.8145, 309.7091, 347.4086]}, "15": {"type": "H", "Isotropic": 26.3963, "Anisotropy": 30.7381, "tensor": [[16.4144, 3.2706, 2.3663], [3.0327, 25.4912, 13.3875], [2.1679, 14.3453, 37.2834]], "eigenvalues": [14.7717, 17.5289, 46.8884]}, "16": {"type": "H", "Isotropic": 29.6585, "Anisotropy": 18.3164, "tensor": [], "eigenvalues": [22.4232, 24.6829, 41.8694]}, "17": {"type": "H", "Isotropic": 29.6234, "Anisotropy": 19.9323, "tensor": [[22.849, 0.7455, 2.858], [0.432, 25.0328, 4.4452], [2.7558, 5.8475, 40.9882]], "eigenvalues": [22.396, 23.5624, 42.9116]}, "18": {"type": "O", "Isotropic": 311.0302, "Anisotropy": 23.4502, "tensor": [[4.9134, 7.6154, 317.6622]], "eigenvalues": [292.5432, 313.8837, 326.6637]}, "19": {"type": "H", "Isotropic": 26.0093, "Anisotropy": 30.058, "tensor": [], "eigenvalues": [14.001, 17.979, 46.048]}, "20": {"type": "O", "Isotropic": 303.3037, "Anisotropy": 37.9587, "tensor": [], "eigenvalues": [279.7092, 301.5924, 328.6095]}, "21": {"type": "H", "Isotropic": 30.0798, "Anisotropy": 20.3612, "tensor": [], "eigenvalues": [22.5381, 24.0474, 43.6539]}, "22": {"type": "H", "Isotropic": 27.0261, "Anisotropy": 33.8081, "tensor": [], "eigenvalues": [15.1718, 16.3416, 49.5649]}, "23": {"type": "O", "Isotropic": 330.1726, "Anisotropy": 56.1082, "tensor": [], "eigenvalues": [297.1794, 325.7604, 367.5781]}, "24": {"type": "H", "Isotropic": 31.4692, "Anisotropy": 18.318, "tensor": [[27.8325, 0.2452, 4.649]], "eigenvalues": [23.9092, 26.8172, 43.6812]}}}}, "functional": "B3LYP", "basis": "Def2TZVP", "phase": "solution", "type": "nmr;scrf", "smiles": "O.O.O.O.O.O.O.O", "formula": "H16 O8", "formula_pretty": "H2O", "formula_anonymous": "AB2", "formula_alphabetical": "H16 O8", "chemsys": "H-O", "nsites": 24, "nelements": 2, "is_ordered": true, "is_valid": true, "tag": "unknown", "wall_time (s)": 48.90457121655345, "last_updated": "2021-02-10T02:05:53.353958", "_id": null}