{"input": {"molecule": {"charge": 0, "spin_multiplicity": 1, "sites": [{"name": "Mg", "species": [{"element": "Mg", "occu": 1}], "xyz": [15.162968, 12.054819, 33.051433], "properties": {}}, {"name": "O", "species": [{"element": "O", "occu": 1}], "xyz": [15.183195, 11.100033, 31.195407], "properties": {}}, {"name": "C", "species": [{"element": "C", "occu": 1}], "xyz": [13.959099, 10.621458, 30.620607], "properties": {}}, {"name": "C", "species": [{"element": "C", "occu": 1}], "xyz": [15.947238, 11.866715, 30.25869], "properties": {}}, {"name": "C", "species": [{"element": "C", "occu": 1}], "xyz": [17.192921, 12.340221, 30.96946], "properties": {}}, {"name": "O", "species": [{"element": "O", "occu": 1}], "xyz": [16.780827, 12.979704, 32.181668], "properties": {}}, {"name": "C", "species": [{"element": "C", "occu": 1}], "xyz": [17.828372, 13.733618, 32.800012], "properties": {}}, {"name": "H", "species": [{"element": "H", "occu": 1}], "xyz": [14.193543, 9.978605, 29.767432], "properties": {}}, {"name": "H", "species": [{"element": "H", "occu": 1}], "xyz": [13.343192, 11.468947, 30.303511], "properties": {}}, {"name": "H", "species": [{"element": "H", "occu": 1}], "xyz": [15.338212, 12.711265, 29.91297], "properties": {}}, {"name": "H", "species": [{"element": "H", "occu": 1}], "xyz": [16.21551, 11.237893, 29.402932], "properties": {}}, {"name": "H", "species": [{"element": "H", "occu": 1}], "xyz": [17.729537, 13.058851, 30.340896], "properties": {}}, {"name": "H", "species": [{"element": "H", "occu": 1}], "xyz": [17.856306, 11.504029, 31.220445], "properties": {}}, {"name": "H", "species": [{"element": "H", "occu": 1}], "xyz": [18.695527, 13.087941, 32.975015], "properties": {}}, {"name": "H", "species": [{"element": "H", "occu": 1}], "xyz": [17.440103, 14.112969, 33.743589], "properties": {}}, {"name": "H", "species": [{"element": "H", "occu": 1}], "xyz": [18.107017, 14.563509, 32.144094], "properties": {}}, {"name": "H", "species": [{"element": "H", "occu": 1}], "xyz": [13.446968, 10.046653, 31.391773], "properties": {}}, {"name": "O", "species": [{"element": "O", "occu": 1}], "xyz": [16.348915, 10.504929, 33.794846], "properties": {}}, {"name": "C", "species": [{"element": "C", "occu": 1}], "xyz": [17.253425, 10.676534, 34.894932], "properties": {}}, {"name": "C", "species": [{"element": "C", "occu": 1}], "xyz": [15.543325, 9.321922, 33.893671], "properties": {}}, {"name": "C", "species": [{"element": "C", "occu": 1}], "xyz": [14.221266, 9.686456, 34.537441], "properties": {}}, {"name": "O", "species": [{"element": "O", "occu": 1}], "xyz": [13.712288, 10.794095, 33.783608], "properties": {}}, {"name": "C", "species": [{"element": "C", "occu": 1}], "xyz": [12.310017, 11.024317, 33.970633], "properties": {}}, {"name": "H", "species": [{"element": "H", "occu": 1}], "xyz": [16.72196, 10.577096, 35.846292], "properties": {}}, {"name": "H", "species": [{"element": "H", "occu": 1}], "xyz": [17.673748, 11.679184, 34.817505], "properties": {}}, {"name": "H", "species": [{"element": "H", "occu": 1}], "xyz": [16.070781, 8.553301, 34.465358], "properties": {}}, {"name": "H", "species": [{"element": "H", "occu": 1}], "xyz": [15.388171, 8.96975, 32.870416], "properties": {}}, {"name": "H", "species": [{"element": "H", "occu": 1}], "xyz": [14.333171, 9.991604, 35.586492], "properties": {}}, {"name": "H", "species": [{"element": "H", "occu": 1}], "xyz": [13.521035, 8.846531, 34.475003], "properties": {}}, {"name": "H", "species": [{"element": "H", "occu": 1}], "xyz": [12.091605, 11.102652, 35.037421], "properties": {}}, {"name": "H", "species": [{"element": "H", "occu": 1}], "xyz": [11.75153, 10.198044, 33.520355], "properties": {}}, {"name": "H", "species": [{"element": "H", "occu": 1}], "xyz": [12.071619, 11.961689, 33.470663], "properties": {}}, {"name": "H", "species": [{"element": "H", "occu": 1}], "xyz": [18.044784, 9.925461, 34.823559], "properties": {}}, {"name": "N", "species": [{"element": "N", "occu": 1}], "xyz": [16.015131, 12.946178, 37.114241], "properties": {}}, {"name": "S", "species": [{"element": "S", "occu": 1}], "xyz": [15.718573, 11.973409, 38.37369], "properties": {}}, {"name": "O", "species": [{"element": "O", "occu": 1}], "xyz": [14.908527, 12.573304, 39.422095], "properties": {}}, {"name": "O", "species": [{"element": "O", "occu": 1}], "xyz": [15.440447, 10.597311, 37.972942], "properties": {}}, {"name": "C", "species": [{"element": "C", "occu": 1}], "xyz": [17.456813, 11.959651, 39.011184], "properties": {}}, {"name": "F", "species": [{"element": "F", "occu": 1}], "xyz": [17.488246, 11.191213, 40.09526], "properties": {}}, {"name": "F", "species": [{"element": "F", "occu": 1}], "xyz": [17.85189, 13.183904, 39.331162], "properties": {}}, {"name": "F", "species": [{"element": "F", "occu": 1}], "xyz": [18.279537, 11.454825, 38.097706], "properties": {}}, {"name": "S", "species": [{"element": "S", "occu": 1}], "xyz": [14.885037, 13.229792, 36.057382], "properties": {}}, {"name": "O", "species": [{"element": "O", "occu": 1}], "xyz": [13.615464, 12.547791, 36.254153], "properties": {}}, {"name": "O", "species": [{"element": "O", "occu": 1}], "xyz": [15.475814, 13.182255, 34.69819], "properties": {}}, {"name": "C", "species": [{"element": "C", "occu": 1}], "xyz": [14.544108, 15.038773, 36.237924], "properties": {}}, {"name": "F", "species": [{"element": "F", "occu": 1}], "xyz": [15.651756, 15.7335, 36.01231], "properties": {}}, {"name": "F", "species": [{"element": "F", "occu": 1}], "xyz": [13.615592, 15.38875, 35.357907], "properties": {}}, {"name": "F", "species": [{"element": "F", "occu": 1}], "xyz": [14.109411, 15.280396, 37.466032], "properties": {}}, {"name": "N", "species": [{"element": "N", "occu": 1}], "xyz": [13.08994, 14.027101, 30.112323], "properties": {}}, {"name": "S", "species": [{"element": "S", "occu": 1}], "xyz": [12.30464, 14.898581, 28.997333], "properties": {}}, {"name": "O", "species": [{"element": "O", "occu": 1}], "xyz": [11.350091, 14.053298, 28.302594], "properties": {}}, {"name": "O", "species": [{"element": "O", "occu": 1}], "xyz": [11.925903, 16.239446, 29.414], "properties": {}}, {"name": "C", "species": [{"element": "C", "occu": 1}], "xyz": [13.683972, 15.137528, 27.785748], "properties": {}}, {"name": "F", "species": [{"element": "F", "occu": 1}], "xyz": [14.18712, 13.965131, 27.411068], "properties": {}}, {"name": "F", "species": [{"element": "F", "occu": 1}], "xyz": [14.65069, 15.866165, 28.337624], "properties": {}}, {"name": "F", "species": [{"element": "F", "occu": 1}], "xyz": [13.217581, 15.772447, 26.716029], "properties": {}}, {"name": "S", "species": [{"element": "S", "occu": 1}], "xyz": [13.305505, 14.509039, 31.601038], "properties": {}}, {"name": "O", "species": [{"element": "O", "occu": 1}], "xyz": [13.77143, 13.32009, 32.342871], "properties": {}}, {"name": "O", "species": [{"element": "O", "occu": 1}], "xyz": [12.258168, 15.289784, 32.22462], "properties": {}}, {"name": "C", "species": [{"element": "C", "occu": 1}], "xyz": [14.810284, 15.607005, 31.596717], "properties": {}}, {"name": "F", "species": [{"element": "F", "occu": 1}], "xyz": [14.467242, 16.82519, 31.205998], "properties": {}}, {"name": "F", "species": [{"element": "F", "occu": 1}], "xyz": [15.31809, 15.655383, 32.823703], "properties": {}}, {"name": "F", "species": [{"element": "F", "occu": 1}], "xyz": [15.731806, 15.128082, 30.765325], "properties": {}}]}, "functional": "M062X", "basis_set": "6-31+G*", "route_parameters": {"NMR": "GIAO", "iop(7/33=1)": null, "int": "ultrafine", "EmpiricalDispersion": "GD3", "NoSymmetry": null, "test": null, "SCRF": "(Solvent=TetraHydroFuran)"}, "title": "Mg1 H20 C12 S4 N2 O12 F12", "charge": 0, "spin_multiplicity": 1, "input_parameters": {}, "link0_parameters": {"%chk": "checkpoint.chk", "%mem": "100GB", "%NProcShared": "28"}, "dieze_tag": "#P", "nbasisfunctions": 877, "pcm_parameters": {}}, "output": {"has_gaussian_completed": true, "is_pcm": true, "errors": [], "Mulliken_charges": {"1": ["Mg", -1.547077], "2": ["O", -0.320773], "3": ["C", -0.261308], "4": ["C", -0.026035], "5": ["C", -0.214014], "6": ["O", -0.226229], "7": ["C", -0.275417], "8": ["H", 0.236137], "9": ["H", 0.276204], "10": ["H", 0.287319], "11": ["H", 0.253106], "12": ["H", 0.260605], "13": ["H", 0.268248], "14": ["H", 0.252355], "15": ["H", 0.303328], "16": ["H", 0.256657], "17": ["H", 0.26807], "18": ["O", -0.190657], "19": ["C", -0.357479], "20": ["C", -0.126928], "21": ["C", -0.004352], "22": ["O", -0.303417], "23": ["C", -0.272812], "24": ["H", 0.264808], "25": ["H", 0.260655], "26": ["H", 0.259719], "27": ["H", 0.269948], "28": ["H", 0.28935], "29": ["H", 0.25323], "30": ["H", 0.260666], "31": ["H", 0.241696], "32": ["H", 0.276588], "33": ["H", 0.250355], "34": ["N", -0.601538], "35": ["S", 1.121133], "36": ["O", -0.517291], "37": ["O", -0.504958], "38": ["C", 0.907372], "39": ["F", -0.282615], "40": ["F", -0.244521], "41": ["F", -0.262223], "42": ["S", 0.328237], "43": ["O", -0.396053], "44": ["O", -0.357299], "45": ["C", 0.898516], "46": ["F", -0.2412], "47": ["F", -0.230411], "48": ["F", -0.241799], "49": ["N", -0.917379], "50": ["S", 1.274971], "51": ["O", -0.488845], "52": ["O", -0.503301], "53": ["C", 0.831787], "54": ["F", -0.26071], "55": ["F", -0.257025], "56": ["F", -0.282012], "57": ["S", 0.652061], "58": ["O", -0.46374], "59": ["O", -0.380163], "60": ["C", 0.948395], "61": ["F", -0.237346], "62": ["F", -0.236379], "63": ["F", -0.218205]}, "tensor": {"1": {"type": "Mg", "Isotropic": 578.182, "Anisotropy": 41.8116, "tensor": [[569.2668, 18.0158, 30.6129], [10.4202, 597.7424, 20.2446]], "eigenvalues": [548.6646, 579.825, 606.0564]}, "2": {"type": "O", "Isotropic": 324.9219, "Anisotropy": 53.68, "tensor": [[318.861, 7.1, 15.8565]], "eigenvalues": [288.1211, 325.936, 360.7085]}, "3": {"type": "C", "Isotropic": 132.9515, "Anisotropy": 88.2964, "tensor": [[166.0595, 32.6717, 22.0641], [29.3907, 114.5125, 13.0192], [29.4608, 12.2331, 118.2826]], "eigenvalues": [99.9187, 107.1201, 191.8158]}, "4": {"type": "C", "Isotropic": 126.8377, "Anisotropy": 68.8858, "tensor": [], "eigenvalues": [99.1426, 108.6088, 172.7615]}, "5": {"type": "C", "Isotropic": 122.5395, "Anisotropy": 73.8833, "tensor": [], "eigenvalues": [89.6968, 106.1267, 171.795]}, "6": {"type": "O", "Isotropic": 327.3432, "Anisotropy": 37.4775, "tensor": [], "eigenvalues": [304.465, 325.2364, 352.3282]}, "7": {"type": "C", "Isotropic": 134.1134, "Anisotropy": 83.799, "tensor": [[144.1009, 32.4636, 29.8625], [34.4435, 131.6125, 19.261], [25.3827, 20.1369, 126.6267]], "eigenvalues": [102.945, 109.4158, 189.9794]}, "8": {"type": "H", "Isotropic": 28.7556, "Anisotropy": 10.2512, "tensor": [[26.6861, 3.754, 3.2303], [2.4733, 29.634, 4.5678], [1.0695, 3.9161, 29.9468]], "eigenvalues": [24.6187, 26.0585, 35.5898]}, "9": {"type": "H", "Isotropic": 28.0742, "Anisotropy": 6.0071, "tensor": [], "eigenvalues": [23.6132, 28.5305, 32.0789]}, "10": {"type": "H", "Isotropic": 27.8414, "Anisotropy": 7.7635, "tensor": [[25.9843, 0.02, 0.8068]], "eigenvalues": [24.7452, 25.7618, 33.017]}, "11": {"type": "H", "Isotropic": 28.1734, "Anisotropy": 8.5884, "tensor": [[2.3931, 26.0605, 1.4819]], "eigenvalues": [23.3235, 27.2977, 33.899]}, "12": {"type": "H", "Isotropic": 28.9958, "Anisotropy": 6.1536, "tensor": [[0.3002, 27.7966, 0.4955]], "eigenvalues": [26.3996, 27.4896, 33.0982]}, "13": {"type": "H", "Isotropic": 28.2893, "Anisotropy": 7.5531, "tensor": [], "eigenvalues": [25.4888, 26.0545, 33.3247]}, "14": {"type": "H", "Isotropic": 28.8822, "Anisotropy": 9.1844, "tensor": [[1.2017, 26.2412, 0.484]], "eigenvalues": [25.1981, 26.4434, 35.0052]}, "15": {"type": "H", "Isotropic": 29.9014, "Anisotropy": 2.4646, "tensor": [[31.3803, 2.2361, 1.5204]], "eigenvalues": [26.9697, 31.1901, 31.5445]}, "16": {"type": "H", "Isotropic": 28.7741, "Anisotropy": 8.3215, "tensor": [], "eigenvalues": [25.2166, 26.7839, 34.3217]}, "17": {"type": "H", "Isotropic": 28.6076, "Anisotropy": 6.0819, "tensor": [[1.5474, 1.1024, 29.5794]], "eigenvalues": [23.5621, 29.5985, 32.6622]}, "18": {"type": "O", "Isotropic": 322.4374, "Anisotropy": 58.0964, "tensor": [[39.3531, 6.0946, 353.5194]], "eigenvalues": [286.9543, 319.1896, 361.1683]}, "19": {"type": "C", "Isotropic": 135.2202, "Anisotropy": 76.9086, "tensor": [[136.968, 12.6003, 38.8908], [7.3775, 118.6856, 3.3453], [42.907, 6.8617, 150.0071]], "eigenvalues": [100.9553, 118.2127, 186.4926]}, "20": {"type": "C", "Isotropic": 122.4654, "Anisotropy": 63.5974, "tensor": [[128.1543, 23.8446, 6.6369]], "eigenvalues": [96.9499, 105.5826, 164.8636]}, "21": {"type": "C", "Isotropic": 129.7488, "Anisotropy": 69.769, "tensor": [], "eigenvalues": [95.7093, 117.2757, 176.2615]}, "22": {"type": "O", "Isotropic": 323.1482, "Anisotropy": 37.7477, "tensor": [], "eigenvalues": [295.9663, 325.165, 348.3133]}, "23": {"type": "C", "Isotropic": 134.0701, "Anisotropy": 85.6874, "tensor": [], "eigenvalues": [102.8613, 108.1538, 191.195]}, "24": {"type": "H", "Isotropic": 27.3647, "Anisotropy": 12.239, "tensor": [[1.1389, 1.9198, 34.6886]], "eigenvalues": [21.0438, 25.5263, 35.524]}, "25": {"type": "H", "Isotropic": 27.891, "Anisotropy": 6.1104, "tensor": [[28.0642, 1.7287, 3.0643], [4.1564, 1.4558, 28.3224]], "eigenvalues": [24.568, 27.1403, 31.9646]}, "26": {"type": "H", "Isotropic": 28.7396, "Anisotropy": 9.1048, "tensor": [], "eigenvalues": [25.307, 26.1024, 34.8094]}, "27": {"type": "H", "Isotropic": 28.7001, "Anisotropy": 6.901, "tensor": [[25.3193, 1.6862, 1.0206], [1.4703, 32.4421, 1.9359]], "eigenvalues": [24.9835, 27.816, 33.3008]}, "28": {"type": "H", "Isotropic": 26.4897, "Anisotropy": 9.2025, "tensor": [[22.6461, 0.0898, 1.7367]], "eigenvalues": [22.1651, 24.6794, 32.6248]}, "29": {"type": "H", "Isotropic": 28.8001, "Anisotropy": 8.3699, "tensor": [], "eigenvalues": [25.1546, 26.8657, 34.3801]}, "30": {"type": "H", "Isotropic": 28.2533, "Anisotropy": 7.5363, "tensor": [[1.232, 24.887, 1.4045]], "eigenvalues": [23.842, 27.6403, 33.2775]}, "31": {"type": "H", "Isotropic": 28.5875, "Anisotropy": 9.5319, "tensor": [[33.5501, 4.0813, 0.9592], [2.5868, 26.1427, 0.1193], [0.8326, 0.7842, 26.0696]], "eigenvalues": [24.854, 25.9663, 34.9421]}, "32": {"type": "H", "Isotropic": 27.7582, "Anisotropy": 8.1055, "tensor": [], "eigenvalues": [21.5607, 28.552, 33.1618]}, "33": {"type": "H", "Isotropic": 28.2861, "Anisotropy": 9.8527, "tensor": [], "eigenvalues": [22.7974, 27.2064, 34.8546]}, "34": {"type": "N", "Isotropic": 87.3624, "Anisotropy": 42.9492, "tensor": [], "eigenvalues": [60.3339, 85.7582, 115.9952]}, "35": {"type": "S", "Isotropic": 240.7288, "Anisotropy": 336.6424, "tensor": [], "eigenvalues": [81.2459, 175.7834, 465.157]}, "36": {"type": "O", "Isotropic": 110.2622, "Anisotropy": 73.4514, "tensor": [[60.449, 20.6995, 13.7628], [4.1359, 133.6399, 11.1135]], "eigenvalues": [57.1663, 114.3905, 159.2298]}, "37": {"type": "O", "Isotropic": 104.5419, "Anisotropy": 66.8773, "tensor": [], "eigenvalues": [50.2683, 114.2307, 149.1268]}, "38": {"type": "C", "Isotropic": 72.1235, "Anisotropy": 10.8203, "tensor": [], "eigenvalues": [65.0532, 71.9803, 79.337]}, "39": {"type": "F", "Isotropic": 282.6091, "Anisotropy": 132.7829, "tensor": [], "eigenvalues": [206.4217, 270.2746, 371.1311]}, "40": {"type": "F", "Isotropic": 274.4571, "Anisotropy": 123.9117, "tensor": [[42.0958, 335.7894, 25.0457]], "eigenvalues": [211.9572, 254.3493, 357.0649]}, "41": {"type": "F", "Isotropic": 270.3539, "Anisotropy": 128.7183, "tensor": [], "eigenvalues": [201.9873, 252.9082, 356.1661]}, "42": {"type": "S", "Isotropic": 217.2261, "Anisotropy": 102.2353, "tensor": [[17.7343, 139.3757, 43.2194], [10.2736, 22.6713, 237.3152]], "eigenvalues": [119.1195, 247.1757, 285.3829]}, "43": {"type": "O", "Isotropic": 109.79, "Anisotropy": 44.8588, "tensor": [], "eigenvalues": [61.0657, 128.6084, 139.6958]}, "44": {"type": "O", "Isotropic": 116.3586, "Anisotropy": 114.6142, "tensor": [], "eigenvalues": [62.5907, 93.717, 192.7681]}, "45": {"type": "C", "Isotropic": 76.8298, "Anisotropy": 16.5195, "tensor": [], "eigenvalues": [65.7707, 76.8758, 87.8427]}, "46": {"type": "F", "Isotropic": 274.0586, "Anisotropy": 133.0763, "tensor": [], "eigenvalues": [205.1466, 254.2531, 362.7761]}, "47": {"type": "F", "Isotropic": 261.0308, "Anisotropy": 130.6157, "tensor": [], "eigenvalues": [184.2994, 250.685, 348.1079]}, "48": {"type": "F", "Isotropic": 274.6508, "Anisotropy": 142.2403, "tensor": [], "eigenvalues": [205.0412, 249.4336, 369.4777]}, "49": {"type": "N", "Isotropic": 100.92, "Anisotropy": 49.0703, "tensor": [[92.6809, 10.0587, 11.4785]], "eigenvalues": [73.5571, 95.5693, 133.6335]}, "50": {"type": "S", "Isotropic": 239.396, "Anisotropy": 306.1937, "tensor": [[228.3108, 81.5168, 113.4305], [70.4841, 376.7211, 132.3825], [44.7505, 31.2271, 113.1562]], "eigenvalues": [67.1128, 207.5501, 443.5251]}, "51": {"type": "O", "Isotropic": 117.0518, "Anisotropy": 60.7756, "tensor": [[101.9676, 7.4031, 23.6046], [1.961, 115.4732, 14.1149], [29.0958, 24.9905, 133.7147]], "eigenvalues": [85.7854, 107.8012, 157.5689]}, "52": {"type": "O", "Isotropic": 116.7165, "Anisotropy": 91.991, "tensor": [[113.1034, 48.348, 31.9965], [12.5603, 156.9623, 19.4407]], "eigenvalues": [61.3076, 110.798, 178.0438]}, "53": {"type": "C", "Isotropic": 69.1655, "Anisotropy": 10.4738, "tensor": [[67.8104, 2.164, 5.5988], [2.9225, 69.0359, 4.192], [3.6719, 1.5842, 70.65]], "eigenvalues": [64.3485, 66.9998, 76.148]}, "54": {"type": "F", "Isotropic": 270.5831, "Anisotropy": 133.2974, "tensor": [[8.8522, 45.0578, 244.2865]], "eigenvalues": [196.651, 255.6503, 359.4481]}, "55": {"type": "F", "Isotropic": 265.7807, "Anisotropy": 124.7562, "tensor": [[279.7928, 28.2233, 46.8657], [54.3158, 283.566, 31.7865], [52.5437, 22.5569, 233.9832]], "eigenvalues": [202.1529, 246.2376, 348.9515]}, "56": {"type": "F", "Isotropic": 277.534, "Anisotropy": 127.6398, "tensor": [], "eigenvalues": [201.5185, 268.4563, 362.6272]}, "57": {"type": "S", "Isotropic": 212.9088, "Anisotropy": 128.7762, "tensor": [], "eigenvalues": [126.0695, 213.8972, 298.7596]}, "58": {"type": "O", "Isotropic": 164.2384, "Anisotropy": 111.4862, "tensor": [], "eigenvalues": [117.7168, 136.4359, 238.5625]}, "59": {"type": "O", "Isotropic": 111.3328, "Anisotropy": 42.5515, "tensor": [], "eigenvalues": [69.6782, 124.6197, 139.7004]}, "60": {"type": "C", "Isotropic": 70.21, "Anisotropy": 15.2737, "tensor": [[1.4662, 0.7767, 70.4022]], "eigenvalues": [58.3793, 71.8581, 80.3924]}, "61": {"type": "F", "Isotropic": 263.5922, "Anisotropy": 116.0358, "tensor": [], "eigenvalues": [201.8042, 248.023, 340.9494]}, "62": {"type": "F", "Isotropic": 257.4775, "Anisotropy": 143.5876, "tensor": [[67.3073, 10.7222, 316.6432]], "eigenvalues": [158.9144, 260.3155, 353.2025]}, "63": {"type": "F", "Isotropic": 263.128, "Anisotropy": 133.984, "tensor": [], "eigenvalues": [189.1289, 247.8045, 352.4507]}}, "output": {"energies": [-4471.2985767], "final_energy": -4471.2985767, "final_energy_per_atom": -70.97299328095238, "molecule": {"charge": 0.0, "spin_multiplicity": 1, "sites": [{"name": "Mg", "species": [{"element": "Mg", "occu": 1}], "xyz": [15.162968, 12.054819, 33.051433], "properties": {}}, {"name": "O", "species": [{"element": "O", "occu": 1}], "xyz": [15.183195, 11.100033, 31.195407], "properties": {}}, {"name": "C", "species": [{"element": "C", "occu": 1}], "xyz": [13.959099, 10.621458, 30.620607], "properties": {}}, {"name": "C", "species": [{"element": "C", "occu": 1}], "xyz": [15.947238, 11.866715, 30.25869], "properties": {}}, {"name": "C", "species": [{"element": "C", "occu": 1}], "xyz": [17.192921, 12.340221, 30.96946], "properties": {}}, {"name": "O", "species": [{"element": "O", "occu": 1}], "xyz": [16.780827, 12.979704, 32.181668], "properties": {}}, {"name": "C", "species": [{"element": "C", "occu": 1}], "xyz": [17.828372, 13.733618, 32.800012], "properties": {}}, {"name": "H", "species": [{"element": "H", "occu": 1}], "xyz": [14.193543, 9.978605, 29.767432], "properties": {}}, {"name": "H", "species": [{"element": "H", "occu": 1}], "xyz": [13.343192, 11.468947, 30.303511], "properties": {}}, {"name": "H", "species": [{"element": "H", "occu": 1}], "xyz": [15.338212, 12.711265, 29.91297], "properties": {}}, {"name": "H", "species": [{"element": "H", "occu": 1}], "xyz": [16.21551, 11.237893, 29.402932], "properties": {}}, {"name": "H", "species": [{"element": "H", "occu": 1}], "xyz": [17.729537, 13.058851, 30.340896], "properties": {}}, {"name": "H", "species": [{"element": "H", "occu": 1}], "xyz": [17.856306, 11.504029, 31.220445], "properties": {}}, {"name": "H", "species": [{"element": "H", "occu": 1}], "xyz": [18.695527, 13.087941, 32.975015], "properties": {}}, {"name": "H", "species": [{"element": "H", "occu": 1}], "xyz": [17.440103, 14.112969, 33.743589], "properties": {}}, {"name": "H", "species": [{"element": "H", "occu": 1}], "xyz": [18.107017, 14.563509, 32.144094], "properties": {}}, {"name": "H", "species": [{"element": "H", "occu": 1}], "xyz": [13.446968, 10.046653, 31.391773], "properties": {}}, {"name": "O", "species": [{"element": "O", "occu": 1}], "xyz": [16.348915, 10.504929, 33.794846], "properties": {}}, {"name": "C", "species": [{"element": "C", "occu": 1}], "xyz": [17.253425, 10.676534, 34.894932], "properties": {}}, {"name": "C", "species": [{"element": "C", "occu": 1}], "xyz": [15.543325, 9.321922, 33.893671], "properties": {}}, {"name": "C", "species": [{"element": "C", "occu": 1}], "xyz": [14.221266, 9.686456, 34.537441], "properties": {}}, {"name": "O", "species": [{"element": "O", "occu": 1}], "xyz": [13.712288, 10.794095, 33.783608], "properties": {}}, {"name": "C", "species": [{"element": "C", "occu": 1}], "xyz": [12.310017, 11.024317, 33.970633], "properties": {}}, {"name": "H", "species": [{"element": "H", "occu": 1}], "xyz": [16.72196, 10.577096, 35.846292], "properties": {}}, {"name": "H", "species": [{"element": "H", "occu": 1}], "xyz": [17.673748, 11.679184, 34.817505], "properties": {}}, {"name": "H", "species": [{"element": "H", "occu": 1}], "xyz": [16.070781, 8.553301, 34.465358], "properties": {}}, {"name": "H", "species": [{"element": "H", "occu": 1}], "xyz": [15.388171, 8.96975, 32.870416], "properties": {}}, {"name": "H", "species": [{"element": "H", "occu": 1}], "xyz": [14.333171, 9.991604, 35.586492], "properties": {}}, {"name": "H", "species": [{"element": "H", "occu": 1}], "xyz": [13.521035, 8.846531, 34.475003], "properties": {}}, {"name": "H", "species": [{"element": "H", "occu": 1}], "xyz": [12.091605, 11.102652, 35.037421], "properties": {}}, {"name": "H", "species": [{"element": "H", "occu": 1}], "xyz": [11.75153, 10.198044, 33.520355], "properties": {}}, {"name": "H", "species": [{"element": "H", "occu": 1}], "xyz": [12.071619, 11.961689, 33.470663], "properties": {}}, {"name": "H", "species": [{"element": "H", "occu": 1}], "xyz": [18.044784, 9.925461, 34.823559], "properties": {}}, {"name": "N", "species": [{"element": "N", "occu": 1}], "xyz": [16.015131, 12.946178, 37.114241], "properties": {}}, {"name": "S", "species": [{"element": "S", "occu": 1}], "xyz": [15.718573, 11.973409, 38.37369], "properties": {}}, {"name": "O", "species": [{"element": "O", "occu": 1}], "xyz": [14.908527, 12.573304, 39.422095], "properties": {}}, {"name": "O", "species": [{"element": "O", "occu": 1}], "xyz": [15.440447, 10.597311, 37.972942], "properties": {}}, {"name": "C", "species": [{"element": "C", "occu": 1}], "xyz": [17.456813, 11.959651, 39.011184], "properties": {}}, {"name": "F", "species": [{"element": "F", "occu": 1}], "xyz": [17.488246, 11.191213, 40.09526], "properties": {}}, {"name": "F", "species": [{"element": "F", "occu": 1}], "xyz": [17.85189, 13.183904, 39.331162], "properties": {}}, {"name": "F", "species": [{"element": "F", "occu": 1}], "xyz": [18.279537, 11.454825, 38.097706], "properties": {}}, {"name": "S", "species": [{"element": "S", "occu": 1}], "xyz": [14.885037, 13.229792, 36.057382], "properties": {}}, {"name": "O", "species": [{"element": "O", "occu": 1}], "xyz": [13.615464, 12.547791, 36.254153], "properties": {}}, {"name": "O", "species": [{"element": "O", "occu": 1}], "xyz": [15.475814, 13.182255, 34.69819], "properties": {}}, {"name": "C", "species": [{"element": "C", "occu": 1}], "xyz": [14.544108, 15.038773, 36.237924], "properties": {}}, {"name": "F", "species": [{"element": "F", "occu": 1}], "xyz": [15.651756, 15.7335, 36.01231], "properties": {}}, {"name": "F", "species": [{"element": "F", "occu": 1}], "xyz": [13.615592, 15.38875, 35.357907], "properties": {}}, {"name": "F", "species": [{"element": "F", "occu": 1}], "xyz": [14.109411, 15.280396, 37.466032], "properties": {}}, {"name": "N", "species": [{"element": "N", "occu": 1}], "xyz": [13.08994, 14.027101, 30.112323], "properties": {}}, {"name": "S", "species": [{"element": "S", "occu": 1}], "xyz": [12.30464, 14.898581, 28.997333], "properties": {}}, {"name": "O", "species": [{"element": "O", "occu": 1}], "xyz": [11.350091, 14.053298, 28.302594], "properties": {}}, {"name": "O", "species": [{"element": "O", "occu": 1}], "xyz": [11.925903, 16.239446, 29.414], "properties": {}}, {"name": "C", "species": [{"element": "C", "occu": 1}], "xyz": [13.683972, 15.137528, 27.785748], "properties": {}}, {"name": "F", "species": [{"element": "F", "occu": 1}], "xyz": [14.18712, 13.965131, 27.411068], "properties": {}}, {"name": "F", "species": [{"element": "F", "occu": 1}], "xyz": [14.65069, 15.866165, 28.337624], "properties": {}}, {"name": "F", "species": [{"element": "F", "occu": 1}], "xyz": [13.217581, 15.772447, 26.716029], "properties": {}}, {"name": "S", "species": [{"element": "S", "occu": 1}], "xyz": [13.305505, 14.509039, 31.601038], "properties": {}}, {"name": "O", "species": [{"element": "O", "occu": 1}], "xyz": [13.77143, 13.32009, 32.342871], "properties": {}}, {"name": "O", "species": [{"element": "O", "occu": 1}], "xyz": [12.258168, 15.289784, 32.22462], "properties": {}}, {"name": "C", "species": [{"element": "C", "occu": 1}], "xyz": [14.810284, 15.607005, 31.596717], "properties": {}}, {"name": "F", "species": [{"element": "F", "occu": 1}], "xyz": [14.467242, 16.82519, 31.205998], "properties": {}}, {"name": "F", "species": [{"element": "F", "occu": 1}], "xyz": [15.31809, 15.655383, 32.823703], "properties": {}}, {"name": "F", "species": [{"element": "F", "occu": 1}], "xyz": [15.731806, 15.128082, 30.765325], "properties": {}}]}, "stationary_type": "Minimum", "corrections": {}, "tensor": {"1": {"type": "Mg", "Isotropic": 578.182, "Anisotropy": 41.8116, "tensor": [[569.2668, 18.0158, 30.6129], [10.4202, 597.7424, 20.2446]], "eigenvalues": [548.6646, 579.825, 606.0564]}, "2": {"type": "O", "Isotropic": 324.9219, "Anisotropy": 53.68, "tensor": [[318.861, 7.1, 15.8565]], "eigenvalues": [288.1211, 325.936, 360.7085]}, "3": {"type": "C", "Isotropic": 132.9515, "Anisotropy": 88.2964, "tensor": [[166.0595, 32.6717, 22.0641], [29.3907, 114.5125, 13.0192], [29.4608, 12.2331, 118.2826]], "eigenvalues": [99.9187, 107.1201, 191.8158]}, "4": {"type": "C", "Isotropic": 126.8377, "Anisotropy": 68.8858, "tensor": [], "eigenvalues": [99.1426, 108.6088, 172.7615]}, "5": {"type": "C", "Isotropic": 122.5395, "Anisotropy": 73.8833, "tensor": [], "eigenvalues": [89.6968, 106.1267, 171.795]}, "6": {"type": "O", "Isotropic": 327.3432, "Anisotropy": 37.4775, "tensor": [], "eigenvalues": [304.465, 325.2364, 352.3282]}, "7": {"type": "C", "Isotropic": 134.1134, "Anisotropy": 83.799, "tensor": [[144.1009, 32.4636, 29.8625], [34.4435, 131.6125, 19.261], [25.3827, 20.1369, 126.6267]], "eigenvalues": [102.945, 109.4158, 189.9794]}, "8": {"type": "H", "Isotropic": 28.7556, "Anisotropy": 10.2512, "tensor": [[26.6861, 3.754, 3.2303], [2.4733, 29.634, 4.5678], [1.0695, 3.9161, 29.9468]], "eigenvalues": [24.6187, 26.0585, 35.5898]}, "9": {"type": "H", "Isotropic": 28.0742, "Anisotropy": 6.0071, "tensor": [], "eigenvalues": [23.6132, 28.5305, 32.0789]}, "10": {"type": "H", "Isotropic": 27.8414, "Anisotropy": 7.7635, "tensor": [[25.9843, 0.02, 0.8068]], "eigenvalues": [24.7452, 25.7618, 33.017]}, "11": {"type": "H", "Isotropic": 28.1734, "Anisotropy": 8.5884, "tensor": [[2.3931, 26.0605, 1.4819]], "eigenvalues": [23.3235, 27.2977, 33.899]}, "12": {"type": "H", "Isotropic": 28.9958, "Anisotropy": 6.1536, "tensor": [[0.3002, 27.7966, 0.4955]], "eigenvalues": [26.3996, 27.4896, 33.0982]}, "13": {"type": "H", "Isotropic": 28.2893, "Anisotropy": 7.5531, "tensor": [], "eigenvalues": [25.4888, 26.0545, 33.3247]}, "14": {"type": "H", "Isotropic": 28.8822, "Anisotropy": 9.1844, "tensor": [[1.2017, 26.2412, 0.484]], "eigenvalues": [25.1981, 26.4434, 35.0052]}, "15": {"type": "H", "Isotropic": 29.9014, "Anisotropy": 2.4646, "tensor": [[31.3803, 2.2361, 1.5204]], "eigenvalues": [26.9697, 31.1901, 31.5445]}, "16": {"type": "H", "Isotropic": 28.7741, "Anisotropy": 8.3215, "tensor": [], "eigenvalues": [25.2166, 26.7839, 34.3217]}, "17": {"type": "H", "Isotropic": 28.6076, "Anisotropy": 6.0819, "tensor": [[1.5474, 1.1024, 29.5794]], "eigenvalues": [23.5621, 29.5985, 32.6622]}, "18": {"type": "O", "Isotropic": 322.4374, "Anisotropy": 58.0964, "tensor": [[39.3531, 6.0946, 353.5194]], "eigenvalues": [286.9543, 319.1896, 361.1683]}, "19": {"type": "C", "Isotropic": 135.2202, "Anisotropy": 76.9086, "tensor": [[136.968, 12.6003, 38.8908], [7.3775, 118.6856, 3.3453], [42.907, 6.8617, 150.0071]], "eigenvalues": [100.9553, 118.2127, 186.4926]}, "20": {"type": "C", "Isotropic": 122.4654, "Anisotropy": 63.5974, "tensor": [[128.1543, 23.8446, 6.6369]], "eigenvalues": [96.9499, 105.5826, 164.8636]}, "21": {"type": "C", "Isotropic": 129.7488, "Anisotropy": 69.769, "tensor": [], "eigenvalues": [95.7093, 117.2757, 176.2615]}, "22": {"type": "O", "Isotropic": 323.1482, "Anisotropy": 37.7477, "tensor": [], "eigenvalues": [295.9663, 325.165, 348.3133]}, "23": {"type": "C", "Isotropic": 134.0701, "Anisotropy": 85.6874, "tensor": [], "eigenvalues": [102.8613, 108.1538, 191.195]}, "24": {"type": "H", "Isotropic": 27.3647, "Anisotropy": 12.239, "tensor": [[1.1389, 1.9198, 34.6886]], "eigenvalues": [21.0438, 25.5263, 35.524]}, "25": {"type": "H", "Isotropic": 27.891, "Anisotropy": 6.1104, "tensor": [[28.0642, 1.7287, 3.0643], [4.1564, 1.4558, 28.3224]], "eigenvalues": [24.568, 27.1403, 31.9646]}, "26": {"type": "H", "Isotropic": 28.7396, "Anisotropy": 9.1048, "tensor": [], "eigenvalues": [25.307, 26.1024, 34.8094]}, "27": {"type": "H", "Isotropic": 28.7001, "Anisotropy": 6.901, "tensor": [[25.3193, 1.6862, 1.0206], [1.4703, 32.4421, 1.9359]], "eigenvalues": [24.9835, 27.816, 33.3008]}, "28": {"type": "H", "Isotropic": 26.4897, "Anisotropy": 9.2025, "tensor": [[22.6461, 0.0898, 1.7367]], "eigenvalues": [22.1651, 24.6794, 32.6248]}, "29": {"type": "H", "Isotropic": 28.8001, "Anisotropy": 8.3699, "tensor": [], "eigenvalues": [25.1546, 26.8657, 34.3801]}, "30": {"type": "H", "Isotropic": 28.2533, "Anisotropy": 7.5363, "tensor": [[1.232, 24.887, 1.4045]], "eigenvalues": [23.842, 27.6403, 33.2775]}, "31": {"type": "H", "Isotropic": 28.5875, "Anisotropy": 9.5319, "tensor": [[33.5501, 4.0813, 0.9592], [2.5868, 26.1427, 0.1193], [0.8326, 0.7842, 26.0696]], "eigenvalues": [24.854, 25.9663, 34.9421]}, "32": {"type": "H", "Isotropic": 27.7582, "Anisotropy": 8.1055, "tensor": [], "eigenvalues": [21.5607, 28.552, 33.1618]}, "33": {"type": "H", "Isotropic": 28.2861, "Anisotropy": 9.8527, "tensor": [], "eigenvalues": [22.7974, 27.2064, 34.8546]}, "34": {"type": "N", "Isotropic": 87.3624, "Anisotropy": 42.9492, "tensor": [], "eigenvalues": [60.3339, 85.7582, 115.9952]}, "35": {"type": "S", "Isotropic": 240.7288, "Anisotropy": 336.6424, "tensor": [], "eigenvalues": [81.2459, 175.7834, 465.157]}, "36": {"type": "O", "Isotropic": 110.2622, "Anisotropy": 73.4514, "tensor": [[60.449, 20.6995, 13.7628], [4.1359, 133.6399, 11.1135]], "eigenvalues": [57.1663, 114.3905, 159.2298]}, "37": {"type": "O", "Isotropic": 104.5419, "Anisotropy": 66.8773, "tensor": [], "eigenvalues": [50.2683, 114.2307, 149.1268]}, "38": {"type": "C", "Isotropic": 72.1235, "Anisotropy": 10.8203, "tensor": [], "eigenvalues": [65.0532, 71.9803, 79.337]}, "39": {"type": "F", "Isotropic": 282.6091, "Anisotropy": 132.7829, "tensor": [], "eigenvalues": [206.4217, 270.2746, 371.1311]}, "40": {"type": "F", "Isotropic": 274.4571, "Anisotropy": 123.9117, "tensor": [[42.0958, 335.7894, 25.0457]], "eigenvalues": [211.9572, 254.3493, 357.0649]}, "41": {"type": "F", "Isotropic": 270.3539, "Anisotropy": 128.7183, "tensor": [], "eigenvalues": [201.9873, 252.9082, 356.1661]}, "42": {"type": "S", "Isotropic": 217.2261, "Anisotropy": 102.2353, "tensor": [[17.7343, 139.3757, 43.2194], [10.2736, 22.6713, 237.3152]], "eigenvalues": [119.1195, 247.1757, 285.3829]}, "43": {"type": "O", "Isotropic": 109.79, "Anisotropy": 44.8588, "tensor": [], "eigenvalues": [61.0657, 128.6084, 139.6958]}, "44": {"type": "O", "Isotropic": 116.3586, "Anisotropy": 114.6142, "tensor": [], "eigenvalues": [62.5907, 93.717, 192.7681]}, "45": {"type": "C", "Isotropic": 76.8298, "Anisotropy": 16.5195, "tensor": [], "eigenvalues": [65.7707, 76.8758, 87.8427]}, "46": {"type": "F", "Isotropic": 274.0586, "Anisotropy": 133.0763, "tensor": [], "eigenvalues": [205.1466, 254.2531, 362.7761]}, "47": {"type": "F", "Isotropic": 261.0308, "Anisotropy": 130.6157, "tensor": [], "eigenvalues": [184.2994, 250.685, 348.1079]}, "48": {"type": "F", "Isotropic": 274.6508, "Anisotropy": 142.2403, "tensor": [], "eigenvalues": [205.0412, 249.4336, 369.4777]}, "49": {"type": "N", "Isotropic": 100.92, "Anisotropy": 49.0703, "tensor": [[92.6809, 10.0587, 11.4785]], "eigenvalues": [73.5571, 95.5693, 133.6335]}, "50": {"type": "S", "Isotropic": 239.396, "Anisotropy": 306.1937, "tensor": [[228.3108, 81.5168, 113.4305], [70.4841, 376.7211, 132.3825], [44.7505, 31.2271, 113.1562]], "eigenvalues": [67.1128, 207.5501, 443.5251]}, "51": {"type": "O", "Isotropic": 117.0518, "Anisotropy": 60.7756, "tensor": [[101.9676, 7.4031, 23.6046], [1.961, 115.4732, 14.1149], [29.0958, 24.9905, 133.7147]], "eigenvalues": [85.7854, 107.8012, 157.5689]}, "52": {"type": "O", "Isotropic": 116.7165, "Anisotropy": 91.991, "tensor": [[113.1034, 48.348, 31.9965], [12.5603, 156.9623, 19.4407]], "eigenvalues": [61.3076, 110.798, 178.0438]}, "53": {"type": "C", "Isotropic": 69.1655, "Anisotropy": 10.4738, "tensor": [[67.8104, 2.164, 5.5988], [2.9225, 69.0359, 4.192], [3.6719, 1.5842, 70.65]], "eigenvalues": [64.3485, 66.9998, 76.148]}, "54": {"type": "F", "Isotropic": 270.5831, "Anisotropy": 133.2974, "tensor": [[8.8522, 45.0578, 244.2865]], "eigenvalues": [196.651, 255.6503, 359.4481]}, "55": {"type": "F", "Isotropic": 265.7807, "Anisotropy": 124.7562, "tensor": [[279.7928, 28.2233, 46.8657], [54.3158, 283.566, 31.7865], [52.5437, 22.5569, 233.9832]], "eigenvalues": [202.1529, 246.2376, 348.9515]}, "56": {"type": "F", "Isotropic": 277.534, "Anisotropy": 127.6398, "tensor": [], "eigenvalues": [201.5185, 268.4563, 362.6272]}, "57": {"type": "S", "Isotropic": 212.9088, "Anisotropy": 128.7762, "tensor": [], "eigenvalues": [126.0695, 213.8972, 298.7596]}, "58": {"type": "O", "Isotropic": 164.2384, "Anisotropy": 111.4862, "tensor": [], "eigenvalues": [117.7168, 136.4359, 238.5625]}, "59": {"type": "O", "Isotropic": 111.3328, "Anisotropy": 42.5515, "tensor": [], "eigenvalues": [69.6782, 124.6197, 139.7004]}, "60": {"type": "C", "Isotropic": 70.21, "Anisotropy": 15.2737, "tensor": [[1.4662, 0.7767, 70.4022]], "eigenvalues": [58.3793, 71.8581, 80.3924]}, "61": {"type": "F", "Isotropic": 263.5922, "Anisotropy": 116.0358, "tensor": [], "eigenvalues": [201.8042, 248.023, 340.9494]}, "62": {"type": "F", "Isotropic": 257.4775, "Anisotropy": 143.5876, "tensor": [[67.3073, 10.7222, 316.6432]], "eigenvalues": [158.9144, 260.3155, 353.2025]}, "63": {"type": "F", "Isotropic": 263.128, "Anisotropy": 133.984, "tensor": [], "eigenvalues": [189.1289, 247.8045, 352.4507]}}}}, "functional": "M062X", "basis": "6-31+G*", "phase": "solution", "type": "scrf;nmr", "smiles": "[Mg](O[S@]([N]S(=O)(=O)C(F)(F)F)([O])C(F)(F)F)O[S@@]([N]S(=O)(=O)C(F)(F)F)([O])C(F)(F)F.O(C)CCOC.O(C)CCOC", "formula": "Mg1 H20 C12 S4 N2 O12 F12", "formula_pretty": "MgH20C12S4N2(OF)12", "formula_anonymous": "AB2C4D12E12F12G20", "formula_alphabetical": "C12 F12 H20 Mg1 N2 O12 S4", "chemsys": "C-F-H-Mg-N-O-S", "nsites": 63, "nelements": 7, "is_ordered": true, "is_valid": true, "tag": "oplsd_5", "wall_time (s)": 945.0309918839484, "last_updated": "2020-12-27T08:53:42.854159", "_id": null}