{"input": {"molecule": {"charge": 1, "spin_multiplicity": 1, "sites": [{"name": "Mg", "species": [{"element": "Mg", "occu": 1}], "xyz": [10.945222, 43.416367, 25.174425], "properties": {}}, {"name": "O", "species": [{"element": "O", "occu": 1}], "xyz": [9.830367, 42.12294, 26.331708], "properties": {}}, {"name": "C", "species": [{"element": "C", "occu": 1}], "xyz": [8.508776, 41.63398, 26.061751], "properties": {}}, {"name": "C", "species": [{"element": "C", "occu": 1}], "xyz": [10.089658, 42.373892, 27.720072], "properties": {}}, {"name": "C", "species": [{"element": "C", "occu": 1}], "xyz": [11.591414, 42.445373, 27.863826], "properties": {}}, {"name": "O", "species": [{"element": "O", "occu": 1}], "xyz": [12.063275, 43.388211, 26.893299], "properties": {}}, {"name": "C", "species": [{"element": "C", "occu": 1}], "xyz": [13.485489, 43.542908, 26.9202], "properties": {}}, {"name": "H", "species": [{"element": "H", "occu": 1}], "xyz": [8.34244, 40.720699, 26.638555], "properties": {}}, {"name": "H", "species": [{"element": "H", "occu": 1}], "xyz": [8.463794, 41.408845, 24.995598], "properties": {}}, {"name": "H", "species": [{"element": "H", "occu": 1}], "xyz": [9.692811, 41.551651, 28.322319], "properties": {}}, {"name": "H", "species": [{"element": "H", "occu": 1}], "xyz": [9.606762, 43.314085, 28.010019], "properties": {}}, {"name": "H", "species": [{"element": "H", "occu": 1}], "xyz": [12.051657, 41.470788, 27.66003], "properties": {}}, {"name": "H", "species": [{"element": "H", "occu": 1}], "xyz": [11.869416, 42.783756, 28.866617], "properties": {}}, {"name": "H", "species": [{"element": "H", "occu": 1}], "xyz": [13.96797, 42.602203, 26.636732], "properties": {}}, {"name": "H", "species": [{"element": "H", "occu": 1}], "xyz": [13.796841, 43.842338, 27.924077], "properties": {}}, {"name": "H", "species": [{"element": "H", "occu": 1}], "xyz": [13.738986, 44.329202, 26.210528], "properties": {}}, {"name": "H", "species": [{"element": "H", "occu": 1}], "xyz": [7.763629, 42.390839, 26.325162], "properties": {}}, {"name": "O", "species": [{"element": "O", "occu": 1}], "xyz": [11.851269, 41.904299, 24.150298], "properties": {}}, {"name": "C", "species": [{"element": "C", "occu": 1}], "xyz": [11.409693, 40.538273, 24.092601], "properties": {}}, {"name": "C", "species": [{"element": "C", "occu": 1}], "xyz": [12.420087, 42.3646, 22.917331], "properties": {}}, {"name": "C", "species": [{"element": "C", "occu": 1}], "xyz": [13.1422, 43.66078, 23.218835], "properties": {}}, {"name": "O", "species": [{"element": "O", "occu": 1}], "xyz": [12.272452, 44.461266, 24.029583], "properties": {}}, {"name": "C", "species": [{"element": "C", "occu": 1}], "xyz": [12.687448, 45.827581, 24.143878], "properties": {}}, {"name": "H", "species": [{"element": "H", "occu": 1}], "xyz": [10.662373, 40.427068, 23.303065], "properties": {}}, {"name": "H", "species": [{"element": "H", "occu": 1}], "xyz": [10.976082, 40.303566, 25.063788], "properties": {}}, {"name": "H", "species": [{"element": "H", "occu": 1}], "xyz": [11.613545, 42.499935, 22.1891], "properties": {}}, {"name": "H", "species": [{"element": "H", "occu": 1}], "xyz": [13.129743, 41.621577, 22.540828], "properties": {}}, {"name": "H", "species": [{"element": "H", "occu": 1}], "xyz": [13.370018, 44.193401, 22.290255], "properties": {}}, {"name": "H", "species": [{"element": "H", "occu": 1}], "xyz": [14.070155, 43.480932, 23.774451], "properties": {}}, {"name": "H", "species": [{"element": "H", "occu": 1}], "xyz": [12.568464, 46.322972, 23.177078], "properties": {}}, {"name": "H", "species": [{"element": "H", "occu": 1}], "xyz": [13.733939, 45.872089, 24.460953], "properties": {}}, {"name": "H", "species": [{"element": "H", "occu": 1}], "xyz": [12.048966, 46.296824, 24.892192], "properties": {}}, {"name": "H", "species": [{"element": "H", "occu": 1}], "xyz": [12.273436, 39.896749, 23.901791], "properties": {}}, {"name": "N", "species": [{"element": "N", "occu": 1}], "xyz": [9.24991, 43.996159, 23.874968], "properties": {}}, {"name": "S", "species": [{"element": "S", "occu": 1}], "xyz": [8.390276, 43.291936, 22.679463], "properties": {}}, {"name": "O", "species": [{"element": "O", "occu": 1}], "xyz": [8.945305, 41.9623, 22.4989], "properties": {}}, {"name": "O", "species": [{"element": "O", "occu": 1}], "xyz": [6.964357, 43.522023, 22.77845], "properties": {}}, {"name": "C", "species": [{"element": "C", "occu": 1}], "xyz": [8.97061, 44.250892, 21.200297], "properties": {}}, {"name": "F", "species": [{"element": "F", "occu": 1}], "xyz": [8.447712, 43.71473, 20.109162], "properties": {}}, {"name": "F", "species": [{"element": "F", "occu": 1}], "xyz": [10.297125, 44.206028, 21.124931], "properties": {}}, {"name": "F", "species": [{"element": "F", "occu": 1}], "xyz": [8.584215, 45.515008, 21.308199], "properties": {}}, {"name": "S", "species": [{"element": "S", "occu": 1}], "xyz": [8.692634, 45.062833, 24.949306], "properties": {}}, {"name": "O", "species": [{"element": "O", "occu": 1}], "xyz": [9.845404, 45.096469, 25.887332], "properties": {}}, {"name": "O", "species": [{"element": "O", "occu": 1}], "xyz": [7.357043, 44.872228, 25.463309], "properties": {}}, {"name": "C", "species": [{"element": "C", "occu": 1}], "xyz": [8.710165, 46.74946, 24.166074], "properties": {}}, {"name": "F", "species": [{"element": "F", "occu": 1}], "xyz": [7.645881, 46.887817, 23.396493], "properties": {}}, {"name": "F", "species": [{"element": "F", "occu": 1}], "xyz": [8.690712, 47.651094, 25.13347], "properties": {}}, {"name": "F", "species": [{"element": "F", "occu": 1}], "xyz": [9.814463, 46.888436, 23.446101], "properties": {}}]}, "functional": "M062X", "basis_set": "6-31+G*", "route_parameters": {"NMR": "GIAO", "iop(7/33=1)": null, "int": "ultrafine", "EmpiricalDispersion": "GD3", "NoSymmetry": null, "test": null, "SCRF": "(Solvent=TetraHydroFuran)"}, "title": "Mg1 H20 C10 S2 N1 O8 F6", "charge": 1, "spin_multiplicity": 1, "input_parameters": {}, "link0_parameters": {"%chk": "checkpoint.chk", "%mem": "100GB", "%NProcShared": "28"}, "dieze_tag": "#P", "nbasisfunctions": 584, "pcm_parameters": {}}, "output": {"has_gaussian_completed": true, "is_pcm": true, "errors": [], "Mulliken_charges": {"1": ["Mg", -0.832651], "2": ["O", -0.402654], "3": ["C", -0.269077], "4": ["C", -0.13367], "5": ["C", -0.116103], "6": ["O", -0.309729], "7": ["C", -0.328474], "8": ["H", 0.250664], "9": ["H", 0.265911], "10": ["H", 0.258239], "11": ["H", 0.276692], "12": ["H", 0.258653], "13": ["H", 0.261555], "14": ["H", 0.253998], "15": ["H", 0.249402], "16": ["H", 0.2515], "17": ["H", 0.269746], "18": ["O", -0.291312], "19": ["C", -0.304071], "20": ["C", -0.019512], "21": ["C", -0.216389], "22": ["O", -0.364008], "23": ["C", -0.294833], "24": ["H", 0.266197], "25": ["H", 0.265936], "26": ["H", 0.269391], "27": ["H", 0.258853], "28": ["H", 0.264964], "29": ["H", 0.270717], "30": ["H", 0.26212], "31": ["H", 0.24967], "32": ["H", 0.277176], "33": ["H", 0.244588], "34": ["N", -1.066847], "35": ["S", 1.146393], "36": ["O", -0.475076], "37": ["O", -0.401316], "38": ["C", 0.968053], "39": ["F", -0.265717], "40": ["F", -0.256733], "41": ["F", -0.248164], "42": ["S", 0.701385], "43": ["O", -0.422991], "44": ["O", -0.319867], "45": ["C", 0.977379], "46": ["F", -0.215247], "47": ["F", -0.241935], "48": ["F", -0.222809]}, "tensor": {"1": {"type": "Mg", "Isotropic": 559.2026, "Anisotropy": 114.2243, "tensor": [[531.8704, 12.7304, 12.0407], [19.6811, 93.4537, 622.7305]], "eigenvalues": [512.9305, 529.3251, 635.3521]}, "2": {"type": "O", "Isotropic": 328.5583, "Anisotropy": 32.4024, "tensor": [], "eigenvalues": [306.4293, 329.0857, 350.1599]}, "3": {"type": "C", "Isotropic": 136.3921, "Anisotropy": 92.0087, "tensor": [[181.7918, 29.6727, 29.1282], [7.921, 7.8649, 115.95]], "eigenvalues": [98.7096, 112.7355, 197.7313]}, "4": {"type": "C", "Isotropic": 125.8651, "Anisotropy": 71.0013, "tensor": [[115.9179, 8.5559, 16.6741], [9.5641, 97.2362, 3.6529], [22.8812, 14.0742, 164.4412]], "eigenvalues": [93.5525, 110.8435, 173.1993]}, "5": {"type": "C", "Isotropic": 121.1628, "Anisotropy": 68.9849, "tensor": [], "eigenvalues": [89.7092, 106.6264, 167.1527]}, "6": {"type": "O", "Isotropic": 322.7617, "Anisotropy": 36.3927, "tensor": [], "eigenvalues": [298.1154, 323.1462, 347.0235]}, "7": {"type": "C", "Isotropic": 131.2485, "Anisotropy": 91.2553, "tensor": [[13.5879, 99.9727, 2.5937], [1.6765, 11.2051, 103.3644]], "eigenvalues": [93.4704, 108.1899, 192.0854]}, "8": {"type": "H", "Isotropic": 28.8293, "Anisotropy": 8.8905, "tensor": [], "eigenvalues": [24.7173, 27.0144, 34.7564]}, "9": {"type": "H", "Isotropic": 27.4239, "Anisotropy": 6.2701, "tensor": [[27.0052, 4.5255, 2.8544], [2.4779, 25.6427, 0.2227]], "eigenvalues": [22.471, 28.1967, 31.604]}, "10": {"type": "H", "Isotropic": 27.8619, "Anisotropy": 8.412, "tensor": [[25.796, 1.7019, 0.7054]], "eigenvalues": [23.3649, 26.7509, 33.4699]}, "11": {"type": "H", "Isotropic": 27.364, "Anisotropy": 8.0663, "tensor": [], "eigenvalues": [23.401, 25.9494, 32.7415]}, "12": {"type": "H", "Isotropic": 28.1627, "Anisotropy": 7.2226, "tensor": [[26.7642, 0.2448, 0.4146]], "eigenvalues": [24.8924, 26.618, 32.9778]}, "13": {"type": "H", "Isotropic": 28.3181, "Anisotropy": 9.0132, "tensor": [[26.6713, 0.655, 0.1305], [2.3355, 0.5071, 34.094]], "eigenvalues": [23.9102, 26.7173, 34.3269]}, "14": {"type": "H", "Isotropic": 28.2777, "Anisotropy": 8.6402, "tensor": [], "eigenvalues": [25.1012, 25.6941, 34.0379]}, "15": {"type": "H", "Isotropic": 28.5508, "Anisotropy": 10.7922, "tensor": [[31.4428, 3.2457, 6.0715], [1.8271, 25.6954, 1.8377], [3.6435, 0.1689, 28.5142]], "eigenvalues": [24.2674, 25.6395, 35.7456]}, "16": {"type": "H", "Isotropic": 28.6881, "Anisotropy": 5.7642, "tensor": [], "eigenvalues": [22.5844, 30.949, 32.5309]}, "17": {"type": "H", "Isotropic": 28.2862, "Anisotropy": 6.9738, "tensor": [], "eigenvalues": [22.5245, 29.3986, 32.9354]}, "18": {"type": "O", "Isotropic": 344.0996, "Anisotropy": 72.8766, "tensor": [], "eigenvalues": [304.5447, 335.07, 392.6839]}, "19": {"type": "C", "Isotropic": 134.7444, "Anisotropy": 92.42, "tensor": [], "eigenvalues": [100.4763, 107.3991, 196.3577]}, "20": {"type": "C", "Isotropic": 124.611, "Anisotropy": 68.8178, "tensor": [], "eigenvalues": [95.0441, 108.2994, 170.4896]}, "21": {"type": "C", "Isotropic": 121.1082, "Anisotropy": 72.7047, "tensor": [], "eigenvalues": [92.0502, 101.6964, 169.578]}, "22": {"type": "O", "Isotropic": 331.9044, "Anisotropy": 41.8412, "tensor": [[4.5329, 323.8422, 2.8076]], "eigenvalues": [306.1657, 329.7489, 359.7985]}, "23": {"type": "C", "Isotropic": 134.7849, "Anisotropy": 84.3176, "tensor": [[113.2349, 22.2891, 1.7415], [16.6227, 184.5824, 10.6611], [4.0268, 10.7377, 106.5374]], "eigenvalues": [105.0767, 108.2814, 190.9966]}, "24": {"type": "H", "Isotropic": 27.8684, "Anisotropy": 6.9352, "tensor": [[27.2988, 0.1039, 3.6596], [2.0279, 30.989, 2.5901], [2.1187, 1.5713, 25.3175]], "eigenvalues": [23.0939, 28.0195, 32.4919]}, "25": {"type": "H", "Isotropic": 28.1839, "Anisotropy": 7.3194, "tensor": [], "eigenvalues": [23.3198, 28.1684, 33.0635]}, "26": {"type": "H", "Isotropic": 27.6847, "Anisotropy": 7.5105, "tensor": [], "eigenvalues": [23.9933, 26.3692, 32.6917]}, "27": {"type": "H", "Isotropic": 27.7536, "Anisotropy": 7.9829, "tensor": [], "eigenvalues": [23.5652, 26.62, 33.0755]}, "28": {"type": "H", "Isotropic": 28.6442, "Anisotropy": 7.2341, "tensor": [], "eigenvalues": [25.7905, 26.6751, 33.4669]}, "29": {"type": "H", "Isotropic": 27.531, "Anisotropy": 9.0733, "tensor": [], "eigenvalues": [23.2624, 25.7508, 33.5799]}, "30": {"type": "H", "Isotropic": 28.8234, "Anisotropy": 7.3746, "tensor": [], "eigenvalues": [24.4737, 28.2567, 33.7398]}, "31": {"type": "H", "Isotropic": 29.3124, "Anisotropy": 8.6391, "tensor": [[30.8701, 2.4885, 1.7838], [1.8071, 0.9501, 27.017]], "eigenvalues": [25.5545, 27.311, 35.0719]}, "32": {"type": "H", "Isotropic": 28.3058, "Anisotropy": 6.345, "tensor": [], "eigenvalues": [23.3204, 29.0611, 32.5358]}, "33": {"type": "H", "Isotropic": 28.2076, "Anisotropy": 10.6234, "tensor": [], "eigenvalues": [24.0304, 25.3025, 35.2898]}, "34": {"type": "N", "Isotropic": 92.8624, "Anisotropy": 83.3566, "tensor": [[64.1735, 2.5398, 11.7652], [2.2585, 104.8237, 34.4757], [17.6569, 44.1715, 109.59]], "eigenvalues": [56.3946, 73.7592, 148.4334]}, "35": {"type": "S", "Isotropic": 234.0084, "Anisotropy": 265.2002, "tensor": [], "eigenvalues": [57.9192, 233.2975, 410.8085]}, "36": {"type": "O", "Isotropic": 116.5011, "Anisotropy": 47.2684, "tensor": [[0.2455, 32.9067, 114.0509]], "eigenvalues": [79.0385, 122.4514, 148.0133]}, "37": {"type": "O", "Isotropic": 118.0369, "Anisotropy": 64.1755, "tensor": [[37.9862, 1.4612, 113.4281]], "eigenvalues": [72.7184, 120.5717, 160.8206]}, "38": {"type": "C", "Isotropic": 72.0803, "Anisotropy": 13.9691, "tensor": [[7.019, 11.9973, 74.5972]], "eigenvalues": [58.8544, 75.9934, 81.393]}, "39": {"type": "F", "Isotropic": 275.8966, "Anisotropy": 112.301, "tensor": [[46.7445, 49.905, 307.3463]], "eigenvalues": [207.2983, 269.6275, 350.7639]}, "40": {"type": "F", "Isotropic": 271.6254, "Anisotropy": 139.075, "tensor": [], "eigenvalues": [202.2947, 248.2394, 364.342]}, "41": {"type": "F", "Isotropic": 271.4347, "Anisotropy": 127.5961, "tensor": [[8.335, 24.8391, 214.1403]], "eigenvalues": [208.1556, 249.6497, 356.4988]}, "42": {"type": "S", "Isotropic": 231.6906, "Anisotropy": 241.6732, "tensor": [], "eigenvalues": [92.0949, 210.1708, 392.8061]}, "43": {"type": "O", "Isotropic": 120.2312, "Anisotropy": 74.4711, "tensor": [[11.6505, 73.3854, 34.3463], [25.5434, 44.5403, 129.5723]], "eigenvalues": [52.7968, 138.0182, 169.8786]}, "44": {"type": "O", "Isotropic": 105.5946, "Anisotropy": 14.8932, "tensor": [], "eigenvalues": [86.9475, 114.3129, 115.5235]}, "45": {"type": "C", "Isotropic": 69.9039, "Anisotropy": 8.5337, "tensor": [[73.8114, 0.1572, 3.6319], [0.993, 5.4578, 70.6054]], "eigenvalues": [61.3434, 72.7752, 75.593]}, "46": {"type": "F", "Isotropic": 268.366, "Anisotropy": 117.5266, "tensor": [], "eigenvalues": [206.749, 251.6319, 346.717]}, "47": {"type": "F", "Isotropic": 263.9217, "Anisotropy": 131.6189, "tensor": [[4.6492, 76.4792, 273.6135]], "eigenvalues": [197.2402, 242.8572, 351.6676]}, "48": {"type": "F", "Isotropic": 264.8821, "Anisotropy": 120.848, "tensor": [[23.1336, 213.3426, 1.2209]], "eigenvalues": [202.9941, 246.2047, 345.4474]}}, "output": {"energies": [-2644.33048516], "final_energy": -2644.33048516, "final_energy_per_atom": -55.09021844083333, "molecule": {"charge": 0.0, "spin_multiplicity": 2, "sites": [{"name": "Mg", "species": [{"element": "Mg", "occu": 1}], "xyz": [10.945222, 43.416367, 25.174425], "properties": {}}, {"name": "O", "species": [{"element": "O", "occu": 1}], "xyz": [9.830367, 42.12294, 26.331708], "properties": {}}, {"name": "C", "species": [{"element": "C", "occu": 1}], "xyz": [8.508776, 41.63398, 26.061751], "properties": {}}, {"name": "C", "species": [{"element": "C", "occu": 1}], "xyz": [10.089658, 42.373892, 27.720072], "properties": {}}, {"name": "C", "species": [{"element": "C", "occu": 1}], "xyz": [11.591414, 42.445373, 27.863826], "properties": {}}, {"name": "O", "species": [{"element": "O", "occu": 1}], "xyz": [12.063275, 43.388211, 26.893299], "properties": {}}, {"name": "C", "species": [{"element": "C", "occu": 1}], "xyz": [13.485489, 43.542908, 26.9202], "properties": {}}, {"name": "H", "species": [{"element": "H", "occu": 1}], "xyz": [8.34244, 40.720699, 26.638555], "properties": {}}, {"name": "H", "species": [{"element": "H", "occu": 1}], "xyz": [8.463794, 41.408845, 24.995598], "properties": {}}, {"name": "H", "species": [{"element": "H", "occu": 1}], "xyz": [9.692811, 41.551651, 28.322319], "properties": {}}, {"name": "H", "species": [{"element": "H", "occu": 1}], "xyz": [9.606762, 43.314085, 28.010019], "properties": {}}, {"name": "H", "species": [{"element": "H", "occu": 1}], "xyz": [12.051657, 41.470788, 27.66003], "properties": {}}, {"name": "H", "species": [{"element": "H", "occu": 1}], "xyz": [11.869416, 42.783756, 28.866617], "properties": {}}, {"name": "H", "species": [{"element": "H", "occu": 1}], "xyz": [13.96797, 42.602203, 26.636732], "properties": {}}, {"name": "H", "species": [{"element": "H", "occu": 1}], "xyz": [13.796841, 43.842338, 27.924077], "properties": {}}, {"name": "H", "species": [{"element": "H", "occu": 1}], "xyz": [13.738986, 44.329202, 26.210528], "properties": {}}, {"name": "H", "species": [{"element": "H", "occu": 1}], "xyz": [7.763629, 42.390839, 26.325162], "properties": {}}, {"name": "O", "species": [{"element": "O", "occu": 1}], "xyz": [11.851269, 41.904299, 24.150298], "properties": {}}, {"name": "C", "species": [{"element": "C", "occu": 1}], "xyz": [11.409693, 40.538273, 24.092601], "properties": {}}, {"name": "C", "species": [{"element": "C", "occu": 1}], "xyz": [12.420087, 42.3646, 22.917331], "properties": {}}, {"name": "C", "species": [{"element": "C", "occu": 1}], "xyz": [13.1422, 43.66078, 23.218835], "properties": {}}, {"name": "O", "species": [{"element": "O", "occu": 1}], "xyz": [12.272452, 44.461266, 24.029583], "properties": {}}, {"name": "C", "species": [{"element": "C", "occu": 1}], "xyz": [12.687448, 45.827581, 24.143878], "properties": {}}, {"name": "H", "species": [{"element": "H", "occu": 1}], "xyz": [10.662373, 40.427068, 23.303065], "properties": {}}, {"name": "H", "species": [{"element": "H", "occu": 1}], "xyz": [10.976082, 40.303566, 25.063788], "properties": {}}, {"name": "H", "species": [{"element": "H", "occu": 1}], "xyz": [11.613545, 42.499935, 22.1891], "properties": {}}, {"name": "H", "species": [{"element": "H", "occu": 1}], "xyz": [13.129743, 41.621577, 22.540828], "properties": {}}, {"name": "H", "species": [{"element": "H", "occu": 1}], "xyz": [13.370018, 44.193401, 22.290255], "properties": {}}, {"name": "H", "species": [{"element": "H", "occu": 1}], "xyz": [14.070155, 43.480932, 23.774451], "properties": {}}, {"name": "H", "species": [{"element": "H", "occu": 1}], "xyz": [12.568464, 46.322972, 23.177078], "properties": {}}, {"name": "H", "species": [{"element": "H", "occu": 1}], "xyz": [13.733939, 45.872089, 24.460953], "properties": {}}, {"name": "H", "species": [{"element": "H", "occu": 1}], "xyz": [12.048966, 46.296824, 24.892192], "properties": {}}, {"name": "H", "species": [{"element": "H", "occu": 1}], "xyz": [12.273436, 39.896749, 23.901791], "properties": {}}, {"name": "N", "species": [{"element": "N", "occu": 1}], "xyz": [9.24991, 43.996159, 23.874968], "properties": {}}, {"name": "S", "species": [{"element": "S", "occu": 1}], "xyz": [8.390276, 43.291936, 22.679463], "properties": {}}, {"name": "O", "species": [{"element": "O", "occu": 1}], "xyz": [8.945305, 41.9623, 22.4989], "properties": {}}, {"name": "O", "species": [{"element": "O", "occu": 1}], "xyz": [6.964357, 43.522023, 22.77845], "properties": {}}, {"name": "C", "species": [{"element": "C", "occu": 1}], "xyz": [8.97061, 44.250892, 21.200297], "properties": {}}, {"name": "F", "species": [{"element": "F", "occu": 1}], "xyz": [8.447712, 43.71473, 20.109162], "properties": {}}, {"name": "F", "species": [{"element": "F", "occu": 1}], "xyz": [10.297125, 44.206028, 21.124931], "properties": {}}, {"name": "F", "species": [{"element": "F", "occu": 1}], "xyz": [8.584215, 45.515008, 21.308199], "properties": {}}, {"name": "S", "species": [{"element": "S", "occu": 1}], "xyz": [8.692634, 45.062833, 24.949306], "properties": {}}, {"name": "O", "species": [{"element": "O", "occu": 1}], "xyz": [9.845404, 45.096469, 25.887332], "properties": {}}, {"name": "O", "species": [{"element": "O", "occu": 1}], "xyz": [7.357043, 44.872228, 25.463309], "properties": {}}, {"name": "C", "species": [{"element": "C", "occu": 1}], "xyz": [8.710165, 46.74946, 24.166074], "properties": {}}, {"name": "F", "species": [{"element": "F", "occu": 1}], "xyz": [7.645881, 46.887817, 23.396493], "properties": {}}, {"name": "F", "species": [{"element": "F", "occu": 1}], "xyz": [8.690712, 47.651094, 25.13347], "properties": {}}, {"name": "F", "species": [{"element": "F", "occu": 1}], "xyz": [9.814463, 46.888436, 23.446101], "properties": {}}]}, "stationary_type": "Minimum", "corrections": {}, "tensor": {"1": {"type": "Mg", "Isotropic": 559.2026, "Anisotropy": 114.2243, "tensor": [[531.8704, 12.7304, 12.0407], [19.6811, 93.4537, 622.7305]], "eigenvalues": [512.9305, 529.3251, 635.3521]}, "2": {"type": "O", "Isotropic": 328.5583, "Anisotropy": 32.4024, "tensor": [], "eigenvalues": [306.4293, 329.0857, 350.1599]}, "3": {"type": "C", "Isotropic": 136.3921, "Anisotropy": 92.0087, "tensor": [[181.7918, 29.6727, 29.1282], [7.921, 7.8649, 115.95]], "eigenvalues": [98.7096, 112.7355, 197.7313]}, "4": {"type": "C", "Isotropic": 125.8651, "Anisotropy": 71.0013, "tensor": [[115.9179, 8.5559, 16.6741], [9.5641, 97.2362, 3.6529], [22.8812, 14.0742, 164.4412]], "eigenvalues": [93.5525, 110.8435, 173.1993]}, "5": {"type": "C", "Isotropic": 121.1628, "Anisotropy": 68.9849, "tensor": [], "eigenvalues": [89.7092, 106.6264, 167.1527]}, "6": {"type": "O", "Isotropic": 322.7617, "Anisotropy": 36.3927, "tensor": [], "eigenvalues": [298.1154, 323.1462, 347.0235]}, "7": {"type": "C", "Isotropic": 131.2485, "Anisotropy": 91.2553, "tensor": [[13.5879, 99.9727, 2.5937], [1.6765, 11.2051, 103.3644]], "eigenvalues": [93.4704, 108.1899, 192.0854]}, "8": {"type": "H", "Isotropic": 28.8293, "Anisotropy": 8.8905, "tensor": [], "eigenvalues": [24.7173, 27.0144, 34.7564]}, "9": {"type": "H", "Isotropic": 27.4239, "Anisotropy": 6.2701, "tensor": [[27.0052, 4.5255, 2.8544], [2.4779, 25.6427, 0.2227]], "eigenvalues": [22.471, 28.1967, 31.604]}, "10": {"type": "H", "Isotropic": 27.8619, "Anisotropy": 8.412, "tensor": [[25.796, 1.7019, 0.7054]], "eigenvalues": [23.3649, 26.7509, 33.4699]}, "11": {"type": "H", "Isotropic": 27.364, "Anisotropy": 8.0663, "tensor": [], "eigenvalues": [23.401, 25.9494, 32.7415]}, "12": {"type": "H", "Isotropic": 28.1627, "Anisotropy": 7.2226, "tensor": [[26.7642, 0.2448, 0.4146]], "eigenvalues": [24.8924, 26.618, 32.9778]}, "13": {"type": "H", "Isotropic": 28.3181, "Anisotropy": 9.0132, "tensor": [[26.6713, 0.655, 0.1305], [2.3355, 0.5071, 34.094]], "eigenvalues": [23.9102, 26.7173, 34.3269]}, "14": {"type": "H", "Isotropic": 28.2777, "Anisotropy": 8.6402, "tensor": [], "eigenvalues": [25.1012, 25.6941, 34.0379]}, "15": {"type": "H", "Isotropic": 28.5508, "Anisotropy": 10.7922, "tensor": [[31.4428, 3.2457, 6.0715], [1.8271, 25.6954, 1.8377], [3.6435, 0.1689, 28.5142]], "eigenvalues": [24.2674, 25.6395, 35.7456]}, "16": {"type": "H", "Isotropic": 28.6881, "Anisotropy": 5.7642, "tensor": [], "eigenvalues": [22.5844, 30.949, 32.5309]}, "17": {"type": "H", "Isotropic": 28.2862, "Anisotropy": 6.9738, "tensor": [], "eigenvalues": [22.5245, 29.3986, 32.9354]}, "18": {"type": "O", "Isotropic": 344.0996, "Anisotropy": 72.8766, "tensor": [], "eigenvalues": [304.5447, 335.07, 392.6839]}, "19": {"type": "C", "Isotropic": 134.7444, "Anisotropy": 92.42, "tensor": [], "eigenvalues": [100.4763, 107.3991, 196.3577]}, "20": {"type": "C", "Isotropic": 124.611, "Anisotropy": 68.8178, "tensor": [], "eigenvalues": [95.0441, 108.2994, 170.4896]}, "21": {"type": "C", "Isotropic": 121.1082, "Anisotropy": 72.7047, "tensor": [], "eigenvalues": [92.0502, 101.6964, 169.578]}, "22": {"type": "O", "Isotropic": 331.9044, "Anisotropy": 41.8412, "tensor": [[4.5329, 323.8422, 2.8076]], "eigenvalues": [306.1657, 329.7489, 359.7985]}, "23": {"type": "C", "Isotropic": 134.7849, "Anisotropy": 84.3176, "tensor": [[113.2349, 22.2891, 1.7415], [16.6227, 184.5824, 10.6611], [4.0268, 10.7377, 106.5374]], "eigenvalues": [105.0767, 108.2814, 190.9966]}, "24": {"type": "H", "Isotropic": 27.8684, "Anisotropy": 6.9352, "tensor": [[27.2988, 0.1039, 3.6596], [2.0279, 30.989, 2.5901], [2.1187, 1.5713, 25.3175]], "eigenvalues": [23.0939, 28.0195, 32.4919]}, "25": {"type": "H", "Isotropic": 28.1839, "Anisotropy": 7.3194, "tensor": [], "eigenvalues": [23.3198, 28.1684, 33.0635]}, "26": {"type": "H", "Isotropic": 27.6847, "Anisotropy": 7.5105, "tensor": [], "eigenvalues": [23.9933, 26.3692, 32.6917]}, "27": {"type": "H", "Isotropic": 27.7536, "Anisotropy": 7.9829, "tensor": [], "eigenvalues": [23.5652, 26.62, 33.0755]}, "28": {"type": "H", "Isotropic": 28.6442, "Anisotropy": 7.2341, "tensor": [], "eigenvalues": [25.7905, 26.6751, 33.4669]}, "29": {"type": "H", "Isotropic": 27.531, "Anisotropy": 9.0733, "tensor": [], "eigenvalues": [23.2624, 25.7508, 33.5799]}, "30": {"type": "H", "Isotropic": 28.8234, "Anisotropy": 7.3746, "tensor": [], "eigenvalues": [24.4737, 28.2567, 33.7398]}, "31": {"type": "H", "Isotropic": 29.3124, "Anisotropy": 8.6391, "tensor": [[30.8701, 2.4885, 1.7838], [1.8071, 0.9501, 27.017]], "eigenvalues": [25.5545, 27.311, 35.0719]}, "32": {"type": "H", "Isotropic": 28.3058, "Anisotropy": 6.345, "tensor": [], "eigenvalues": [23.3204, 29.0611, 32.5358]}, "33": {"type": "H", "Isotropic": 28.2076, "Anisotropy": 10.6234, "tensor": [], "eigenvalues": [24.0304, 25.3025, 35.2898]}, "34": {"type": "N", "Isotropic": 92.8624, "Anisotropy": 83.3566, "tensor": [[64.1735, 2.5398, 11.7652], [2.2585, 104.8237, 34.4757], [17.6569, 44.1715, 109.59]], "eigenvalues": [56.3946, 73.7592, 148.4334]}, "35": {"type": "S", "Isotropic": 234.0084, "Anisotropy": 265.2002, "tensor": [], "eigenvalues": [57.9192, 233.2975, 410.8085]}, "36": {"type": "O", "Isotropic": 116.5011, "Anisotropy": 47.2684, "tensor": [[0.2455, 32.9067, 114.0509]], "eigenvalues": [79.0385, 122.4514, 148.0133]}, "37": {"type": "O", "Isotropic": 118.0369, "Anisotropy": 64.1755, "tensor": [[37.9862, 1.4612, 113.4281]], "eigenvalues": [72.7184, 120.5717, 160.8206]}, "38": {"type": "C", "Isotropic": 72.0803, "Anisotropy": 13.9691, "tensor": [[7.019, 11.9973, 74.5972]], "eigenvalues": [58.8544, 75.9934, 81.393]}, "39": {"type": "F", "Isotropic": 275.8966, "Anisotropy": 112.301, "tensor": [[46.7445, 49.905, 307.3463]], "eigenvalues": [207.2983, 269.6275, 350.7639]}, "40": {"type": "F", "Isotropic": 271.6254, "Anisotropy": 139.075, "tensor": [], "eigenvalues": [202.2947, 248.2394, 364.342]}, "41": {"type": "F", "Isotropic": 271.4347, "Anisotropy": 127.5961, "tensor": [[8.335, 24.8391, 214.1403]], "eigenvalues": [208.1556, 249.6497, 356.4988]}, "42": {"type": "S", "Isotropic": 231.6906, "Anisotropy": 241.6732, "tensor": [], "eigenvalues": [92.0949, 210.1708, 392.8061]}, "43": {"type": "O", "Isotropic": 120.2312, "Anisotropy": 74.4711, "tensor": [[11.6505, 73.3854, 34.3463], [25.5434, 44.5403, 129.5723]], "eigenvalues": [52.7968, 138.0182, 169.8786]}, "44": {"type": "O", "Isotropic": 105.5946, "Anisotropy": 14.8932, "tensor": [], "eigenvalues": [86.9475, 114.3129, 115.5235]}, "45": {"type": "C", "Isotropic": 69.9039, "Anisotropy": 8.5337, "tensor": [[73.8114, 0.1572, 3.6319], [0.993, 5.4578, 70.6054]], "eigenvalues": [61.3434, 72.7752, 75.593]}, "46": {"type": "F", "Isotropic": 268.366, "Anisotropy": 117.5266, "tensor": [], "eigenvalues": [206.749, 251.6319, 346.717]}, "47": {"type": "F", "Isotropic": 263.9217, "Anisotropy": 131.6189, "tensor": [[4.6492, 76.4792, 273.6135]], "eigenvalues": [197.2402, 242.8572, 351.6676]}, "48": {"type": "F", "Isotropic": 264.8821, "Anisotropy": 120.848, "tensor": [[23.1336, 213.3426, 1.2209]], "eigenvalues": [202.9941, 246.2047, 345.4474]}}}}, "functional": "M062X", "basis": "6-31+G*", "phase": "solution", "type": "nmr;scrf", "smiles": "[Mg].O(C)CCOC.O(C)CCOC.[N](S(=O)(=O)C(F)(F)F)S(=O)(=O)C(F)(F)F", "formula": "Mg1 H20 C10 S2 N1 O8 F6", "formula_pretty": "MgH20C10S2N(O4F3)2", "formula_anonymous": "ABC2D6E8F10G20", "formula_alphabetical": "C10 F6 H20 Mg1 N1 O8 S2", "chemsys": "C-F-H-Mg-N-O-S", "nsites": 48, "nelements": 7, "is_ordered": true, "is_valid": true, "tag": "oplsd_6", "wall_time (s)": 352.4117035889067, "last_updated": "2020-12-27T07:04:25.154648", "_id": null}