{"input": {"molecule": {"charge": 2, "spin_multiplicity": 1, "sites": [{"name": "Mg", "species": [{"element": "Mg", "occu": 1}], "xyz": [4.194348, 21.289818, 31.055795], "properties": {}}, {"name": "O", "species": [{"element": "O", "occu": 1}], "xyz": [4.514951, 23.005169, 32.151253], "properties": {}}, {"name": "C", "species": [{"element": "C", "occu": 1}], "xyz": [3.522461, 23.998138, 32.446068], "properties": {}}, {"name": "C", "species": [{"element": "C", "occu": 1}], "xyz": [5.46937, 22.841522, 33.208276], "properties": {}}, {"name": "C", "species": [{"element": "C", "occu": 1}], "xyz": [6.542691, 21.910167, 32.698299], "properties": {}}, {"name": "O", "species": [{"element": "O", "occu": 1}], "xyz": [5.876946, 20.772411, 32.135561], "properties": {}}, {"name": "C", "species": [{"element": "C", "occu": 1}], "xyz": [6.766871, 19.681823, 31.861553], "properties": {}}, {"name": "H", "species": [{"element": "H", "occu": 1}], "xyz": [4.013122, 24.964828, 32.584045], "properties": {}}, {"name": "H", "species": [{"element": "H", "occu": 1}], "xyz": [2.978578, 23.71774, 33.353736], "properties": {}}, {"name": "H", "species": [{"element": "H", "occu": 1}], "xyz": [4.960948, 22.422257, 34.084426], "properties": {}}, {"name": "H", "species": [{"element": "H", "occu": 1}], "xyz": [5.899899, 23.813349, 33.468474], "properties": {}}, {"name": "H", "species": [{"element": "H", "occu": 1}], "xyz": [7.18614, 21.589957, 33.523453], "properties": {}}, {"name": "H", "species": [{"element": "H", "occu": 1}], "xyz": [7.155503, 22.384804, 31.922742], "properties": {}}, {"name": "H", "species": [{"element": "H", "occu": 1}], "xyz": [7.541105, 20.001104, 31.157386], "properties": {}}, {"name": "H", "species": [{"element": "H", "occu": 1}], "xyz": [6.174056, 18.879266, 31.426771], "properties": {}}, {"name": "H", "species": [{"element": "H", "occu": 1}], "xyz": [7.223504, 19.35043, 32.797288], "properties": {}}, {"name": "H", "species": [{"element": "H", "occu": 1}], "xyz": [2.842247, 24.037957, 31.596583], "properties": {}}, {"name": "O", "species": [{"element": "O", "occu": 1}], "xyz": [2.887463, 20.375783, 32.36636], "properties": {}}, {"name": "C", "species": [{"element": "C", "occu": 1}], "xyz": [3.205305, 19.935465, 33.693531], "properties": {}}, {"name": "C", "species": [{"element": "C", "occu": 1}], "xyz": [1.520505, 20.784715, 32.233564], "properties": {}}, {"name": "C", "species": [{"element": "C", "occu": 1}], "xyz": [1.28047, 21.096973, 30.7744], "properties": {}}, {"name": "O", "species": [{"element": "O", "occu": 1}], "xyz": [2.363283, 21.929994, 30.343553], "properties": {}}, {"name": "C", "species": [{"element": "C", "occu": 1}], "xyz": [2.092182, 22.647017, 29.132495], "properties": {}}, {"name": "H", "species": [{"element": "H", "occu": 1}], "xyz": [3.015088, 20.745761, 34.404952], "properties": {}}, {"name": "H", "species": [{"element": "H", "occu": 1}], "xyz": [4.260525, 19.665536, 33.69946], "properties": {}}, {"name": "H", "species": [{"element": "H", "occu": 1}], "xyz": [1.354763, 21.668664, 32.860461], "properties": {}}, {"name": "H", "species": [{"element": "H", "occu": 1}], "xyz": [0.861925, 19.975476, 32.564213], "properties": {}}, {"name": "H", "species": [{"element": "H", "occu": 1}], "xyz": [0.332977, 21.631966, 30.65868], "properties": {}}, {"name": "H", "species": [{"element": "H", "occu": 1}], "xyz": [1.259807, 20.190513, 30.157798], "properties": {}}, {"name": "H", "species": [{"element": "H", "occu": 1}], "xyz": [1.868427, 21.946121, 28.322626], "properties": {}}, {"name": "H", "species": [{"element": "H", "occu": 1}], "xyz": [2.984297, 23.224638, 28.894294], "properties": {}}, {"name": "H", "species": [{"element": "H", "occu": 1}], "xyz": [1.242163, 23.314363, 29.295272], "properties": {}}, {"name": "H", "species": [{"element": "H", "occu": 1}], "xyz": [2.590051, 19.066696, 33.941358], "properties": {}}, {"name": "O", "species": [{"element": "O", "occu": 1}], "xyz": [5.153141, 22.022222, 29.382355], "properties": {}}, {"name": "C", "species": [{"element": "C", "occu": 1}], "xyz": [5.86274, 23.260088, 29.243756], "properties": {}}, {"name": "C", "species": [{"element": "C", "occu": 1}], "xyz": [5.571285, 21.023561, 28.443751], "properties": {}}, {"name": "C", "species": [{"element": "C", "occu": 1}], "xyz": [4.557464, 19.903641, 28.500098], "properties": {}}, {"name": "O", "species": [{"element": "O", "occu": 1}], "xyz": [4.338625, 19.603298, 29.88349], "properties": {}}, {"name": "C", "species": [{"element": "C", "occu": 1}], "xyz": [3.736604, 18.322071, 30.108443], "properties": {}}, {"name": "H", "species": [{"element": "H", "occu": 1}], "xyz": [5.511687, 23.922357, 30.034107], "properties": {}}, {"name": "H", "species": [{"element": "H", "occu": 1}], "xyz": [5.644663, 23.691797, 28.263304], "properties": {}}, {"name": "H", "species": [{"element": "H", "occu": 1}], "xyz": [6.572077, 20.673511, 28.721185], "properties": {}}, {"name": "H", "species": [{"element": "H", "occu": 1}], "xyz": [5.60275, 21.453669, 27.437585], "properties": {}}, {"name": "H", "species": [{"element": "H", "occu": 1}], "xyz": [4.94554, 19.019359, 27.986254], "properties": {}}, {"name": "H", "species": [{"element": "H", "occu": 1}], "xyz": [3.604518, 20.197879, 28.045285], "properties": {}}, {"name": "H", "species": [{"element": "H", "occu": 1}], "xyz": [2.781355, 18.259137, 29.578818], "properties": {}}, {"name": "H", "species": [{"element": "H", "occu": 1}], "xyz": [3.576177, 18.227176, 31.181965], "properties": {}}, {"name": "H", "species": [{"element": "H", "occu": 1}], "xyz": [4.414389, 17.540506, 29.754569], "properties": {}}, {"name": "H", "species": [{"element": "H", "occu": 1}], "xyz": [6.938058, 23.084604, 29.34571], "properties": {}}]}, "functional": "M062X", "basis_set": "6-31+G*", "route_parameters": {"NMR": "GIAO", "iop(7/33=1)": null, "int": "ultrafine", "EmpiricalDispersion": "GD3", "NoSymmetry": null, "test": null, "SCRF": "(Solvent=TetraHydroFuran)"}, "title": "Mg1 H30 C12 O6", "charge": 2, "spin_multiplicity": 1, "input_parameters": {}, "link0_parameters": {"%chk": "checkpoint.chk", "%mem": "100GB", "%NProcShared": "28"}, "dieze_tag": "#P", "nbasisfunctions": 425, "pcm_parameters": {}}, "output": {"has_gaussian_completed": true, "is_pcm": true, "errors": [], "Mulliken_charges": {"1": ["Mg", -1.152153], "2": ["O", -0.322929], "3": ["C", -0.301261], "4": ["C", -0.154941], "5": ["C", -0.146763], "6": ["O", -0.325723], "7": ["C", -0.301758], "8": ["H", 0.252969], "9": ["H", 0.251528], "10": ["H", 0.264815], "11": ["H", 0.264925], "12": ["H", 0.263508], "13": ["H", 0.265884], "14": ["H", 0.252485], "15": ["H", 0.270416], "16": ["H", 0.252756], "17": ["H", 0.272234], "18": ["O", -0.316434], "19": ["C", -0.292933], "20": ["C", -0.166307], "21": ["C", -0.145064], "22": ["O", -0.336124], "23": ["C", -0.302239], "24": ["H", 0.251395], "25": ["H", 0.275408], "26": ["H", 0.262798], "27": ["H", 0.264484], "28": ["H", 0.262599], "29": ["H", 0.263507], "30": ["H", 0.253454], "31": ["H", 0.271694], "32": ["H", 0.256622], "33": ["H", 0.254461], "34": ["O", -0.339303], "35": ["C", -0.301881], "36": ["C", -0.170745], "37": ["C", -0.14212], "38": ["O", -0.339448], "39": ["C", -0.29773], "40": ["H", 0.277502], "41": ["H", 0.258207], "42": ["H", 0.263823], "43": ["H", 0.262936], "44": ["H", 0.263043], "45": ["H", 0.261011], "46": ["H", 0.254479], "47": ["H", 0.274985], "48": ["H", 0.259284], "49": ["H", 0.252641]}, "tensor": {"1": {"type": "Mg", "Isotropic": 580.0214, "Anisotropy": 27.2091, "tensor": [[4.5691, 570.7422, 0.8972], [0.2306, 14.7823, 594.9552]], "eigenvalues": [564.2496, 577.6538, 598.1608]}, "2": {"type": "O", "Isotropic": 316.4164, "Anisotropy": 40.2456, "tensor": [[12.342, 15.0355, 335.6986]], "eigenvalues": [286.7619, 319.2405, 343.2468]}, "3": {"type": "C", "Isotropic": 132.7703, "Anisotropy": 88.7639, "tensor": [], "eigenvalues": [99.1722, 107.1924, 191.9462]}, "4": {"type": "C", "Isotropic": 122.5054, "Anisotropy": 69.6433, "tensor": [], "eigenvalues": [90.7715, 107.8104, 168.9342]}, "5": {"type": "C", "Isotropic": 124.4322, "Anisotropy": 72.4246, "tensor": [[112.0906, 24.3554, 12.6212], [7.8552, 154.8903, 24.0981], [17.2367, 26.2686, 106.3157]], "eigenvalues": [91.7981, 108.7832, 172.7152]}, "6": {"type": "O", "Isotropic": 318.0552, "Anisotropy": 43.1398, "tensor": [[336.0914, 22.0064, 11.5972], [1.9084, 312.5797, 15.7026], [4.092, 21.3466, 305.4945]], "eigenvalues": [290.1158, 317.2348, 346.8151]}, "7": {"type": "C", "Isotropic": 134.3787, "Anisotropy": 86.118, "tensor": [], "eigenvalues": [101.6998, 109.6457, 191.7908]}, "8": {"type": "H", "Isotropic": 28.1083, "Anisotropy": 10.4439, "tensor": [[0.2316, 2.166, 24.7186]], "eigenvalues": [24.2422, 25.0118, 35.0709]}, "9": {"type": "H", "Isotropic": 28.1817, "Anisotropy": 8.8681, "tensor": [], "eigenvalues": [24.3721, 26.0792, 34.0937]}, "10": {"type": "H", "Isotropic": 27.2231, "Anisotropy": 7.7236, "tensor": [[0.5573, 0.1657, 31.885]], "eigenvalues": [23.9687, 25.3284, 32.3721]}, "11": {"type": "H", "Isotropic": 27.8549, "Anisotropy": 8.9224, "tensor": [[27.6485, 3.1581, 3.7769], [0.0856, 28.7482, 3.1271], [3.1332, 4.3749, 27.168]], "eigenvalues": [23.2202, 26.5414, 33.8032]}, "12": {"type": "H", "Isotropic": 28.2421, "Anisotropy": 8.5408, "tensor": [[0.4122, 26.8178, 2.8468], [5.5152, 0.274, 28.5204]], "eigenvalues": [23.5853, 27.2052, 33.936]}, "13": {"type": "H", "Isotropic": 27.4761, "Anisotropy": 6.5068, "tensor": [[1.3687, 1.1682, 25.8044]], "eigenvalues": [24.8325, 25.7819, 31.814]}, "14": {"type": "H", "Isotropic": 28.0354, "Anisotropy": 9.0136, "tensor": [], "eigenvalues": [23.6893, 26.3724, 34.0444]}, "15": {"type": "H", "Isotropic": 27.9441, "Anisotropy": 6.1558, "tensor": [[2.8312, 2.2794, 25.7458]], "eigenvalues": [22.6466, 29.1378, 32.048]}, "16": {"type": "H", "Isotropic": 28.575, "Anisotropy": 9.7324, "tensor": [], "eigenvalues": [25.2098, 25.4519, 35.0632]}, "17": {"type": "H", "Isotropic": 28.0501, "Anisotropy": 6.5314, "tensor": [[1.5738, 2.4403, 25.9799]], "eigenvalues": [23.1102, 28.6357, 32.4043]}, "18": {"type": "O", "Isotropic": 320.009, "Anisotropy": 30.1488, "tensor": [], "eigenvalues": [296.5224, 323.3964, 340.1082]}, "19": {"type": "C", "Isotropic": 133.7987, "Anisotropy": 88.88, "tensor": [], "eigenvalues": [101.2225, 107.1216, 193.052]}, "20": {"type": "C", "Isotropic": 122.4021, "Anisotropy": 69.5666, "tensor": [], "eigenvalues": [91.8007, 106.6257, 168.7798]}, "21": {"type": "C", "Isotropic": 123.9477, "Anisotropy": 64.9235, "tensor": [], "eigenvalues": [94.1548, 110.4583, 167.23]}, "22": {"type": "O", "Isotropic": 331.3229, "Anisotropy": 33.7602, "tensor": [[344.631, 19.8371, 8.6255]], "eigenvalues": [299.9953, 340.1437, 353.8297]}, "23": {"type": "C", "Isotropic": 132.1783, "Anisotropy": 88.1684, "tensor": [], "eigenvalues": [98.404, 107.1737, 190.9572]}, "24": {"type": "H", "Isotropic": 28.1385, "Anisotropy": 9.6387, "tensor": [], "eigenvalues": [23.4472, 26.404, 34.5642]}, "25": {"type": "H", "Isotropic": 27.4921, "Anisotropy": 7.3029, "tensor": [], "eigenvalues": [22.142, 27.9737, 32.3607]}, "26": {"type": "H", "Isotropic": 27.6724, "Anisotropy": 7.2512, "tensor": [], "eigenvalues": [24.0335, 26.4772, 32.5066]}, "27": {"type": "H", "Isotropic": 28.556, "Anisotropy": 8.1204, "tensor": [], "eigenvalues": [24.8364, 26.862, 33.9695]}, "28": {"type": "H", "Isotropic": 28.3692, "Anisotropy": 8.0707, "tensor": [], "eigenvalues": [23.7657, 27.5922, 33.7497]}, "29": {"type": "H", "Isotropic": 28.4295, "Anisotropy": 6.9947, "tensor": [[29.8317, 3.8856, 0.4341], [2.9674, 29.3349, 1.6737]], "eigenvalues": [25.2278, 26.9681, 33.0927]}, "30": {"type": "H", "Isotropic": 28.6066, "Anisotropy": 8.9627, "tensor": [[26.4114, 0.0349, 1.5832], [3.0537, 0.2293, 33.7298]], "eigenvalues": [25.1096, 26.1286, 34.5818]}, "31": {"type": "H", "Isotropic": 28.21, "Anisotropy": 6.2611, "tensor": [], "eigenvalues": [22.8984, 29.3476, 32.3841]}, "32": {"type": "H", "Isotropic": 28.7029, "Anisotropy": 9.9627, "tensor": [], "eigenvalues": [24.7836, 25.9803, 35.3446]}, "33": {"type": "H", "Isotropic": 28.1243, "Anisotropy": 9.9902, "tensor": [[24.7919, 1.2775, 0.0428]], "eigenvalues": [24.1586, 25.4298, 34.7844]}, "34": {"type": "O", "Isotropic": 326.5802, "Anisotropy": 40.9669, "tensor": [[3.3393, 320.7329, 14.6812]], "eigenvalues": [298.0429, 327.8062, 353.8915]}, "35": {"type": "C", "Isotropic": 134.1391, "Anisotropy": 88.1309, "tensor": [], "eigenvalues": [102.2275, 107.2968, 192.893]}, "36": {"type": "C", "Isotropic": 123.4998, "Anisotropy": 68.5988, "tensor": [], "eigenvalues": [92.1941, 109.073, 169.2324]}, "37": {"type": "C", "Isotropic": 124.311, "Anisotropy": 70.2178, "tensor": [], "eigenvalues": [92.2934, 109.5167, 171.1229]}, "38": {"type": "O", "Isotropic": 333.8336, "Anisotropy": 38.4988, "tensor": [], "eigenvalues": [304.1733, 337.828, 359.4995]}, "39": {"type": "C", "Isotropic": 133.4787, "Anisotropy": 87.5042, "tensor": [], "eigenvalues": [99.1701, 109.4511, 191.8149]}, "40": {"type": "H", "Isotropic": 27.973, "Anisotropy": 7.1902, "tensor": [[1.4377, 31.8844, 2.7169]], "eigenvalues": [23.4062, 27.7463, 32.7664]}, "41": {"type": "H", "Isotropic": 28.3721, "Anisotropy": 9.9044, "tensor": [], "eigenvalues": [24.3641, 25.7772, 34.975]}, "42": {"type": "H", "Isotropic": 28.387, "Anisotropy": 6.8462, "tensor": [], "eigenvalues": [25.792, 26.4178, 32.9511]}, "43": {"type": "H", "Isotropic": 29.0901, "Anisotropy": 7.2642, "tensor": [[0.3041, 27.708, 1.7879]], "eigenvalues": [25.5553, 27.7821, 33.9329]}, "44": {"type": "H", "Isotropic": 28.5325, "Anisotropy": 8.1505, "tensor": [[0.4785, 29.1776, 1.7379]], "eigenvalues": [24.1627, 27.4686, 33.9662]}, "45": {"type": "H", "Isotropic": 28.4601, "Anisotropy": 6.9428, "tensor": [[27.783, 0.3277, 0.8151]], "eigenvalues": [25.3014, 26.9902, 33.0886]}, "46": {"type": "H", "Isotropic": 28.6464, "Anisotropy": 8.995, "tensor": [[30.0764, 3.1589, 1.3706], [4.8124, 30.6884, 2.1528], [0.1268, 0.7587, 25.1743]], "eigenvalues": [24.7934, 26.5027, 34.643]}, "47": {"type": "H", "Isotropic": 28.6187, "Anisotropy": 7.338, "tensor": [], "eigenvalues": [23.9884, 28.3569, 33.5107]}, "48": {"type": "H", "Isotropic": 28.3844, "Anisotropy": 10.2113, "tensor": [], "eigenvalues": [24.167, 25.7943, 35.1919]}, "49": {"type": "H", "Isotropic": 28.3465, "Anisotropy": 9.9832, "tensor": [], "eigenvalues": [24.6873, 25.3502, 35.0019]}}, "output": {"energies": [-1126.12026817], "final_energy": -1126.12026817, "final_energy_per_atom": -22.98204628918367, "molecule": {"charge": 0.0, "spin_multiplicity": 1, "sites": [{"name": "Mg", "species": [{"element": "Mg", "occu": 1}], "xyz": [4.194348, 21.289818, 31.055795], "properties": {}}, {"name": "O", "species": [{"element": "O", "occu": 1}], "xyz": [4.514951, 23.005169, 32.151253], "properties": {}}, {"name": "C", "species": [{"element": "C", "occu": 1}], "xyz": [3.522461, 23.998138, 32.446068], "properties": {}}, {"name": "C", "species": [{"element": "C", "occu": 1}], "xyz": [5.46937, 22.841522, 33.208276], "properties": {}}, {"name": "C", "species": [{"element": "C", "occu": 1}], "xyz": [6.542691, 21.910167, 32.698299], "properties": {}}, {"name": "O", "species": [{"element": "O", "occu": 1}], "xyz": [5.876946, 20.772411, 32.135561], "properties": {}}, {"name": "C", "species": [{"element": "C", "occu": 1}], "xyz": [6.766871, 19.681823, 31.861553], "properties": {}}, {"name": "H", "species": [{"element": "H", "occu": 1}], "xyz": [4.013122, 24.964828, 32.584045], "properties": {}}, {"name": "H", "species": [{"element": "H", "occu": 1}], "xyz": [2.978578, 23.71774, 33.353736], "properties": {}}, {"name": "H", "species": [{"element": "H", "occu": 1}], "xyz": [4.960948, 22.422257, 34.084426], "properties": {}}, {"name": "H", "species": [{"element": "H", "occu": 1}], "xyz": [5.899899, 23.813349, 33.468474], "properties": {}}, {"name": "H", "species": [{"element": "H", "occu": 1}], "xyz": [7.18614, 21.589957, 33.523453], "properties": {}}, {"name": "H", "species": [{"element": "H", "occu": 1}], "xyz": [7.155503, 22.384804, 31.922742], "properties": {}}, {"name": "H", "species": [{"element": "H", "occu": 1}], "xyz": [7.541105, 20.001104, 31.157386], "properties": {}}, {"name": "H", "species": [{"element": "H", "occu": 1}], "xyz": [6.174056, 18.879266, 31.426771], "properties": {}}, {"name": "H", "species": [{"element": "H", "occu": 1}], "xyz": [7.223504, 19.35043, 32.797288], "properties": {}}, {"name": "H", "species": [{"element": "H", "occu": 1}], "xyz": [2.842247, 24.037957, 31.596583], "properties": {}}, {"name": "O", "species": [{"element": "O", "occu": 1}], "xyz": [2.887463, 20.375783, 32.36636], "properties": {}}, {"name": "C", "species": [{"element": "C", "occu": 1}], "xyz": [3.205305, 19.935465, 33.693531], "properties": {}}, {"name": "C", "species": [{"element": "C", "occu": 1}], "xyz": [1.520505, 20.784715, 32.233564], "properties": {}}, {"name": "C", "species": [{"element": "C", "occu": 1}], "xyz": [1.28047, 21.096973, 30.7744], "properties": {}}, {"name": "O", "species": [{"element": "O", "occu": 1}], "xyz": [2.363283, 21.929994, 30.343553], "properties": {}}, {"name": "C", "species": [{"element": "C", "occu": 1}], "xyz": [2.092182, 22.647017, 29.132495], "properties": {}}, {"name": "H", "species": [{"element": "H", "occu": 1}], "xyz": [3.015088, 20.745761, 34.404952], "properties": {}}, {"name": "H", "species": [{"element": "H", "occu": 1}], "xyz": [4.260525, 19.665536, 33.69946], "properties": {}}, {"name": "H", "species": [{"element": "H", "occu": 1}], "xyz": [1.354763, 21.668664, 32.860461], "properties": {}}, {"name": "H", "species": [{"element": "H", "occu": 1}], "xyz": [0.861925, 19.975476, 32.564213], "properties": {}}, {"name": "H", "species": [{"element": "H", "occu": 1}], "xyz": [0.332977, 21.631966, 30.65868], "properties": {}}, {"name": "H", "species": [{"element": "H", "occu": 1}], "xyz": [1.259807, 20.190513, 30.157798], "properties": {}}, {"name": "H", "species": [{"element": "H", "occu": 1}], "xyz": [1.868427, 21.946121, 28.322626], "properties": {}}, {"name": "H", "species": [{"element": "H", "occu": 1}], "xyz": [2.984297, 23.224638, 28.894294], "properties": {}}, {"name": "H", "species": [{"element": "H", "occu": 1}], "xyz": [1.242163, 23.314363, 29.295272], "properties": {}}, {"name": "H", "species": [{"element": "H", "occu": 1}], "xyz": [2.590051, 19.066696, 33.941358], "properties": {}}, {"name": "O", "species": [{"element": "O", "occu": 1}], "xyz": [5.153141, 22.022222, 29.382355], "properties": {}}, {"name": "C", "species": [{"element": "C", "occu": 1}], "xyz": [5.86274, 23.260088, 29.243756], "properties": {}}, {"name": "C", "species": [{"element": "C", "occu": 1}], "xyz": [5.571285, 21.023561, 28.443751], "properties": {}}, {"name": "C", "species": [{"element": "C", "occu": 1}], "xyz": [4.557464, 19.903641, 28.500098], "properties": {}}, {"name": "O", "species": [{"element": "O", "occu": 1}], "xyz": [4.338625, 19.603298, 29.88349], "properties": {}}, {"name": "C", "species": [{"element": "C", "occu": 1}], "xyz": [3.736604, 18.322071, 30.108443], "properties": {}}, {"name": "H", "species": [{"element": "H", "occu": 1}], "xyz": [5.511687, 23.922357, 30.034107], "properties": {}}, {"name": "H", "species": [{"element": "H", "occu": 1}], "xyz": [5.644663, 23.691797, 28.263304], "properties": {}}, {"name": "H", "species": [{"element": "H", "occu": 1}], "xyz": [6.572077, 20.673511, 28.721185], "properties": {}}, {"name": "H", "species": [{"element": "H", "occu": 1}], "xyz": [5.60275, 21.453669, 27.437585], "properties": {}}, {"name": "H", "species": [{"element": "H", "occu": 1}], "xyz": [4.94554, 19.019359, 27.986254], "properties": {}}, {"name": "H", "species": [{"element": "H", "occu": 1}], "xyz": [3.604518, 20.197879, 28.045285], "properties": {}}, {"name": "H", "species": [{"element": "H", "occu": 1}], "xyz": [2.781355, 18.259137, 29.578818], "properties": {}}, {"name": "H", "species": [{"element": "H", "occu": 1}], "xyz": [3.576177, 18.227176, 31.181965], "properties": {}}, {"name": "H", "species": [{"element": "H", "occu": 1}], "xyz": [4.414389, 17.540506, 29.754569], "properties": {}}, {"name": "H", "species": [{"element": "H", "occu": 1}], "xyz": [6.938058, 23.084604, 29.34571], "properties": {}}]}, "stationary_type": "Minimum", "corrections": {}, "tensor": {"1": {"type": "Mg", "Isotropic": 580.0214, "Anisotropy": 27.2091, "tensor": [[4.5691, 570.7422, 0.8972], [0.2306, 14.7823, 594.9552]], "eigenvalues": [564.2496, 577.6538, 598.1608]}, "2": {"type": "O", "Isotropic": 316.4164, "Anisotropy": 40.2456, "tensor": [[12.342, 15.0355, 335.6986]], "eigenvalues": [286.7619, 319.2405, 343.2468]}, "3": {"type": "C", "Isotropic": 132.7703, "Anisotropy": 88.7639, "tensor": [], "eigenvalues": [99.1722, 107.1924, 191.9462]}, "4": {"type": "C", "Isotropic": 122.5054, "Anisotropy": 69.6433, "tensor": [], "eigenvalues": [90.7715, 107.8104, 168.9342]}, "5": {"type": "C", "Isotropic": 124.4322, "Anisotropy": 72.4246, "tensor": [[112.0906, 24.3554, 12.6212], [7.8552, 154.8903, 24.0981], [17.2367, 26.2686, 106.3157]], "eigenvalues": [91.7981, 108.7832, 172.7152]}, "6": {"type": "O", "Isotropic": 318.0552, "Anisotropy": 43.1398, "tensor": [[336.0914, 22.0064, 11.5972], [1.9084, 312.5797, 15.7026], [4.092, 21.3466, 305.4945]], "eigenvalues": [290.1158, 317.2348, 346.8151]}, "7": {"type": "C", "Isotropic": 134.3787, "Anisotropy": 86.118, "tensor": [], "eigenvalues": [101.6998, 109.6457, 191.7908]}, "8": {"type": "H", "Isotropic": 28.1083, "Anisotropy": 10.4439, "tensor": [[0.2316, 2.166, 24.7186]], "eigenvalues": [24.2422, 25.0118, 35.0709]}, "9": {"type": "H", "Isotropic": 28.1817, "Anisotropy": 8.8681, "tensor": [], "eigenvalues": [24.3721, 26.0792, 34.0937]}, "10": {"type": "H", "Isotropic": 27.2231, "Anisotropy": 7.7236, "tensor": [[0.5573, 0.1657, 31.885]], "eigenvalues": [23.9687, 25.3284, 32.3721]}, "11": {"type": "H", "Isotropic": 27.8549, "Anisotropy": 8.9224, "tensor": [[27.6485, 3.1581, 3.7769], [0.0856, 28.7482, 3.1271], [3.1332, 4.3749, 27.168]], "eigenvalues": [23.2202, 26.5414, 33.8032]}, "12": {"type": "H", "Isotropic": 28.2421, "Anisotropy": 8.5408, "tensor": [[0.4122, 26.8178, 2.8468], [5.5152, 0.274, 28.5204]], "eigenvalues": [23.5853, 27.2052, 33.936]}, "13": {"type": "H", "Isotropic": 27.4761, "Anisotropy": 6.5068, "tensor": [[1.3687, 1.1682, 25.8044]], "eigenvalues": [24.8325, 25.7819, 31.814]}, "14": {"type": "H", "Isotropic": 28.0354, "Anisotropy": 9.0136, "tensor": [], "eigenvalues": [23.6893, 26.3724, 34.0444]}, "15": {"type": "H", "Isotropic": 27.9441, "Anisotropy": 6.1558, "tensor": [[2.8312, 2.2794, 25.7458]], "eigenvalues": [22.6466, 29.1378, 32.048]}, "16": {"type": "H", "Isotropic": 28.575, "Anisotropy": 9.7324, "tensor": [], "eigenvalues": [25.2098, 25.4519, 35.0632]}, "17": {"type": "H", "Isotropic": 28.0501, "Anisotropy": 6.5314, "tensor": [[1.5738, 2.4403, 25.9799]], "eigenvalues": [23.1102, 28.6357, 32.4043]}, "18": {"type": "O", "Isotropic": 320.009, "Anisotropy": 30.1488, "tensor": [], "eigenvalues": [296.5224, 323.3964, 340.1082]}, "19": {"type": "C", "Isotropic": 133.7987, "Anisotropy": 88.88, "tensor": [], "eigenvalues": [101.2225, 107.1216, 193.052]}, "20": {"type": "C", "Isotropic": 122.4021, "Anisotropy": 69.5666, "tensor": [], "eigenvalues": [91.8007, 106.6257, 168.7798]}, "21": {"type": "C", "Isotropic": 123.9477, "Anisotropy": 64.9235, "tensor": [], "eigenvalues": [94.1548, 110.4583, 167.23]}, "22": {"type": "O", "Isotropic": 331.3229, "Anisotropy": 33.7602, "tensor": [[344.631, 19.8371, 8.6255]], "eigenvalues": [299.9953, 340.1437, 353.8297]}, "23": {"type": "C", "Isotropic": 132.1783, "Anisotropy": 88.1684, "tensor": [], "eigenvalues": [98.404, 107.1737, 190.9572]}, "24": {"type": "H", "Isotropic": 28.1385, "Anisotropy": 9.6387, "tensor": [], "eigenvalues": [23.4472, 26.404, 34.5642]}, "25": {"type": "H", "Isotropic": 27.4921, "Anisotropy": 7.3029, "tensor": [], "eigenvalues": [22.142, 27.9737, 32.3607]}, "26": {"type": "H", "Isotropic": 27.6724, "Anisotropy": 7.2512, "tensor": [], "eigenvalues": [24.0335, 26.4772, 32.5066]}, "27": {"type": "H", "Isotropic": 28.556, "Anisotropy": 8.1204, "tensor": [], "eigenvalues": [24.8364, 26.862, 33.9695]}, "28": {"type": "H", "Isotropic": 28.3692, "Anisotropy": 8.0707, "tensor": [], "eigenvalues": [23.7657, 27.5922, 33.7497]}, "29": {"type": "H", "Isotropic": 28.4295, "Anisotropy": 6.9947, "tensor": [[29.8317, 3.8856, 0.4341], [2.9674, 29.3349, 1.6737]], "eigenvalues": [25.2278, 26.9681, 33.0927]}, "30": {"type": "H", "Isotropic": 28.6066, "Anisotropy": 8.9627, "tensor": [[26.4114, 0.0349, 1.5832], [3.0537, 0.2293, 33.7298]], "eigenvalues": [25.1096, 26.1286, 34.5818]}, "31": {"type": "H", "Isotropic": 28.21, "Anisotropy": 6.2611, "tensor": [], "eigenvalues": [22.8984, 29.3476, 32.3841]}, "32": {"type": "H", "Isotropic": 28.7029, "Anisotropy": 9.9627, "tensor": [], "eigenvalues": [24.7836, 25.9803, 35.3446]}, "33": {"type": "H", "Isotropic": 28.1243, "Anisotropy": 9.9902, "tensor": [[24.7919, 1.2775, 0.0428]], "eigenvalues": [24.1586, 25.4298, 34.7844]}, "34": {"type": "O", "Isotropic": 326.5802, "Anisotropy": 40.9669, "tensor": [[3.3393, 320.7329, 14.6812]], "eigenvalues": [298.0429, 327.8062, 353.8915]}, "35": {"type": "C", "Isotropic": 134.1391, "Anisotropy": 88.1309, "tensor": [], "eigenvalues": [102.2275, 107.2968, 192.893]}, "36": {"type": "C", "Isotropic": 123.4998, "Anisotropy": 68.5988, "tensor": [], "eigenvalues": [92.1941, 109.073, 169.2324]}, "37": {"type": "C", "Isotropic": 124.311, "Anisotropy": 70.2178, "tensor": [], "eigenvalues": [92.2934, 109.5167, 171.1229]}, "38": {"type": "O", "Isotropic": 333.8336, "Anisotropy": 38.4988, "tensor": [], "eigenvalues": [304.1733, 337.828, 359.4995]}, "39": {"type": "C", "Isotropic": 133.4787, "Anisotropy": 87.5042, "tensor": [], "eigenvalues": [99.1701, 109.4511, 191.8149]}, "40": {"type": "H", "Isotropic": 27.973, "Anisotropy": 7.1902, "tensor": [[1.4377, 31.8844, 2.7169]], "eigenvalues": [23.4062, 27.7463, 32.7664]}, "41": {"type": "H", "Isotropic": 28.3721, "Anisotropy": 9.9044, "tensor": [], "eigenvalues": [24.3641, 25.7772, 34.975]}, "42": {"type": "H", "Isotropic": 28.387, "Anisotropy": 6.8462, "tensor": [], "eigenvalues": [25.792, 26.4178, 32.9511]}, "43": {"type": "H", "Isotropic": 29.0901, "Anisotropy": 7.2642, "tensor": [[0.3041, 27.708, 1.7879]], "eigenvalues": [25.5553, 27.7821, 33.9329]}, "44": {"type": "H", "Isotropic": 28.5325, "Anisotropy": 8.1505, "tensor": [[0.4785, 29.1776, 1.7379]], "eigenvalues": [24.1627, 27.4686, 33.9662]}, "45": {"type": "H", "Isotropic": 28.4601, "Anisotropy": 6.9428, "tensor": [[27.783, 0.3277, 0.8151]], "eigenvalues": [25.3014, 26.9902, 33.0886]}, "46": {"type": "H", "Isotropic": 28.6464, "Anisotropy": 8.995, "tensor": [[30.0764, 3.1589, 1.3706], [4.8124, 30.6884, 2.1528], [0.1268, 0.7587, 25.1743]], "eigenvalues": [24.7934, 26.5027, 34.643]}, "47": {"type": "H", "Isotropic": 28.6187, "Anisotropy": 7.338, "tensor": [], "eigenvalues": [23.9884, 28.3569, 33.5107]}, "48": {"type": "H", "Isotropic": 28.3844, "Anisotropy": 10.2113, "tensor": [], "eigenvalues": [24.167, 25.7943, 35.1919]}, "49": {"type": "H", "Isotropic": 28.3465, "Anisotropy": 9.9832, "tensor": [], "eigenvalues": [24.6873, 25.3502, 35.0019]}}}}, "functional": "M062X", "basis": "6-31+G*", "phase": "solution", "type": "nmr;scrf", "smiles": "[Mg].O(C)CCOC.O(C)CCOC.O(C)CCOC", "formula": "Mg1 H30 C12 O6", "formula_pretty": "MgH30(C2O)6", "formula_anonymous": "AB6C12D30", "formula_alphabetical": "C12 H30 Mg1 O6", "chemsys": "C-H-Mg-O", "nsites": 49, "nelements": 4, "is_ordered": true, "is_valid": true, "tag": "oplsd_1", "wall_time (s)": 169.330624578055, "last_updated": "2020-12-27T06:57:38.783772", "_id": null}