{"input": {"molecule": {"charge": 0, "spin_multiplicity": 1, "sites": [{"name": "O", "species": [{"element": "O", "occu": 1}], "xyz": [0.896856, -0.95077, 0.774848], "properties": {}}, {"name": "C", "species": [{"element": "C", "occu": 1}], "xyz": [2.296132, -0.788103, 0.704227], "properties": {}}, {"name": "C", "species": [{"element": "C", "occu": 1}], "xyz": [0.218639, 0.283347, 0.709095], "properties": {}}, {"name": "C", "species": [{"element": "C", "occu": 1}], "xyz": [-1.270698, 0.007408, 0.75949], "properties": {}}, {"name": "O", "species": [{"element": "O", "occu": 1}], "xyz": [-1.927368, 1.255102, 0.7304], "properties": {}}, {"name": "C", "species": [{"element": "C", "occu": 1}], "xyz": [-3.332401, 1.123449, 0.706492], "properties": {}}, {"name": "H", "species": [{"element": "H", "occu": 1}], "xyz": [2.662533, -0.164746, 1.533069], "properties": {}}, {"name": "H", "species": [{"element": "H", "occu": 1}], "xyz": [2.58936, -0.320788, -0.247196], "properties": {}}, {"name": "H", "species": [{"element": "H", "occu": 1}], "xyz": [0.468122, 0.813678, -0.224137], "properties": {}}, {"name": "H", "species": [{"element": "H", "occu": 1}], "xyz": [0.506953, 0.926085, 1.557781], "properties": {}}, {"name": "H", "species": [{"element": "H", "occu": 1}], "xyz": [-1.525563, -0.542792, 1.677796], "properties": {}}, {"name": "H", "species": [{"element": "H", "occu": 1}], "xyz": [-1.56922, -0.606062, -0.104191], "properties": {}}, {"name": "H", "species": [{"element": "H", "occu": 1}], "xyz": [-3.69262, 0.59423, 1.599115], "properties": {}}, {"name": "H", "species": [{"element": "H", "occu": 1}], "xyz": [-3.659017, 0.576233, -0.188488], "properties": {}}, {"name": "H", "species": [{"element": "H", "occu": 1}], "xyz": [-3.753237, 2.130045, 0.688906], "properties": {}}, {"name": "H", "species": [{"element": "H", "occu": 1}], "xyz": [2.746719, -1.77933, 0.772452], "properties": {}}, {"name": "H", "species": [{"element": "H", "occu": 1}], "xyz": [3.423526, 2.480117, 2.507439], "properties": {}}, {"name": "H", "species": [{"element": "H", "occu": 1}], "xyz": [-1.342985, 2.49267, -1.429557], "properties": {}}, {"name": "H", "species": [{"element": "H", "occu": 1}], "xyz": [2.223164, 2.234816, 0.47132], "properties": {}}, {"name": "H", "species": [{"element": "H", "occu": 1}], "xyz": [-0.1082, 3.111661, 0.474799], "properties": {}}, {"name": "C", "species": [{"element": "C", "occu": 1}], "xyz": [2.036749, 3.320534, 0.448275], "properties": {}}, {"name": "C", "species": [{"element": "C", "occu": 1}], "xyz": [-0.616414, 3.048472, -2.037672], "properties": {}}, {"name": "C", "species": [{"element": "C", "occu": 1}], "xyz": [3.258901, 3.564074, 2.426182], "properties": {}}, {"name": "C", "species": [{"element": "C", "occu": 1}], "xyz": [0.668975, 3.575624, -0.151859], "properties": {}}, {"name": "O", "species": [{"element": "O", "occu": 1}], "xyz": [0.665083, 3.003402, -1.442163], "properties": {}}, {"name": "O", "species": [{"element": "O", "occu": 1}], "xyz": [2.048026, 3.842795, 1.756221], "properties": {}}, {"name": "H", "species": [{"element": "H", "occu": 1}], "xyz": [-0.531567, 2.589712, -3.024337], "properties": {}}, {"name": "H", "species": [{"element": "H", "occu": 1}], "xyz": [3.187117, 3.995519, 3.425724], "properties": {}}, {"name": "H", "species": [{"element": "H", "occu": 1}], "xyz": [2.824439, 3.783686, -0.168919], "properties": {}}, {"name": "H", "species": [{"element": "H", "occu": 1}], "xyz": [0.46963, 4.656635, -0.207014], "properties": {}}, {"name": "H", "species": [{"element": "H", "occu": 1}], "xyz": [4.113889, 4.008599, 1.898143], "properties": {}}, {"name": "H", "species": [{"element": "H", "occu": 1}], "xyz": [-0.958169, 4.086818, -2.149965], "properties": {}}, {"name": "H", "species": [{"element": "H", "occu": 1}], "xyz": [3.624848, 2.251965, -3.340147], "properties": {}}, {"name": "O", "species": [{"element": "O", "occu": 1}], "xyz": [4.799723, 2.577781, -1.722108], "properties": {}}, {"name": "H", "species": [{"element": "H", "occu": 1}], "xyz": [7.086993, 3.127869, -0.433181], "properties": {}}, {"name": "C", "species": [{"element": "C", "occu": 1}], "xyz": [3.861687, 1.762323, -2.39424], "properties": {}}, {"name": "H", "species": [{"element": "H", "occu": 1}], "xyz": [4.281009, 0.76621, -2.593449], "properties": {}}, {"name": "C", "species": [{"element": "C", "occu": 1}], "xyz": [6.167124, 2.998396, 0.156653], "properties": {}}, {"name": "H", "species": [{"element": "H", "occu": 1}], "xyz": [5.666525, 3.977822, 0.222055], "properties": {}}, {"name": "H", "species": [{"element": "H", "occu": 1}], "xyz": [8.259975, 3.528734, 1.653002], "properties": {}}, {"name": "C", "species": [{"element": "C", "occu": 1}], "xyz": [5.240094, 2.003722, -0.513792], "properties": {}}, {"name": "H", "species": [{"element": "H", "occu": 1}], "xyz": [2.938146, 1.659771, -1.807742], "properties": {}}, {"name": "C", "species": [{"element": "C", "occu": 1}], "xyz": [7.30102, 3.382693, 2.16837], "properties": {}}, {"name": "H", "species": [{"element": "H", "occu": 1}], "xyz": [6.817655, 4.360598, 2.303429], "properties": {}}, {"name": "H", "species": [{"element": "H", "occu": 1}], "xyz": [5.762804, 1.053588, -0.702781], "properties": {}}, {"name": "O", "species": [{"element": "O", "occu": 1}], "xyz": [6.465593, 2.506214, 1.442681], "properties": {}}, {"name": "H", "species": [{"element": "H", "occu": 1}], "xyz": [4.389531, 1.794172, 0.15336], "properties": {}}, {"name": "H", "species": [{"element": "H", "occu": 1}], "xyz": [7.479741, 2.929735, 3.144565], "properties": {}}]}, "functional": "M062X", "basis_set": "6-31+G*", "route_parameters": {"NMR": "GIAO", "iop(7/33=1)": null, "int": "ultrafine", "EmpiricalDispersion": "GD3", "NoSymmetry": null, "test": null, "SCRF": "(Solvent=TetraHydroFuran)"}, "title": "H30 C12 O6", "charge": 0, "spin_multiplicity": 1, "input_parameters": {}, "link0_parameters": {"%chk": "checkpoint.chk", "%mem": "100GB", "%NProcShared": "28"}, "dieze_tag": "#P", "nbasisfunctions": 402, "pcm_parameters": {}}, "output": {"has_gaussian_completed": true, "is_pcm": true, "errors": [], "Mulliken_charges": {"1": ["O", -0.409913], "2": ["C", -0.327693], "3": ["C", -0.116279], "4": ["C", -0.336644], "5": ["O", -0.430188], "6": ["C", -0.390867], "7": ["H", 0.209687], "8": ["H", 0.204954], "9": ["H", 0.241588], "10": ["H", 0.219306], "11": ["H", 0.208294], "12": ["H", 0.207036], "13": ["H", 0.20088], "14": ["H", 0.203111], "15": ["H", 0.216873], "16": ["H", 0.220638], "17": ["H", 0.21392], "18": ["H", 0.231423], "19": ["H", 0.241241], "20": ["H", 0.242189], "21": ["C", -1.116865], "22": ["C", -0.38139], "23": ["C", -0.235833], "24": ["C", -0.044249], "25": ["O", -0.357083], "26": ["O", -0.251754], "27": ["H", 0.214171], "28": ["H", 0.218642], "29": ["H", 0.247202], "30": ["H", 0.212811], "31": ["H", 0.197208], "32": ["H", 0.199136], "33": ["H", 0.215897], "34": ["O", -0.328576], "35": ["H", 0.212424], "36": ["C", -0.359538], "37": ["H", 0.201398], "38": ["C", -0.200233], "39": ["H", 0.211456], "40": ["H", 0.201031], "41": ["C", -0.45248], "42": ["H", 0.217709], "43": ["C", -0.35904], "44": ["H", 0.199916], "45": ["H", 0.216041], "46": ["O", -0.368566], "47": ["H", 0.223175], "48": ["H", 0.217834]}, "tensor": {"1": {"type": "O", "Isotropic": 324.0692, "Anisotropy": 32.3671, "tensor": [], "eigenvalues": [303.1381, 323.4223, 345.6472]}, "2": {"type": "C", "Isotropic": 134.2849, "Anisotropy": 82.128, "tensor": [], "eigenvalues": [106.1308, 107.687, 189.0369]}, "3": {"type": "C", "Isotropic": 121.9033, "Anisotropy": 74.1973, "tensor": [], "eigenvalues": [90.7933, 103.5486, 171.3682]}, "4": {"type": "C", "Isotropic": 123.3165, "Anisotropy": 77.5994, "tensor": [], "eigenvalues": [90.7506, 104.1496, 175.0495]}, "5": {"type": "O", "Isotropic": 323.5833, "Anisotropy": 33.6075, "tensor": [], "eigenvalues": [303.6146, 321.147, 345.9883]}, "6": {"type": "C", "Isotropic": 137.108, "Anisotropy": 87.9622, "tensor": [[3.5908, 107.4812, 0.698], [0.9711, 0.8928, 108.1311]], "eigenvalues": [106.9456, 108.629, 195.7495]}, "7": {"type": "H", "Isotropic": 28.813, "Anisotropy": 7.1369, "tensor": [[31.7904, 3.2601, 3.5327], [1.2902, 27.5638, 0.0884]], "eigenvalues": [25.4082, 27.4599, 33.5709]}, "8": {"type": "H", "Isotropic": 28.7598, "Anisotropy": 8.4323, "tensor": [], "eigenvalues": [25.2011, 26.6969, 34.3813]}, "9": {"type": "H", "Isotropic": 28.4279, "Anisotropy": 7.3796, "tensor": [], "eigenvalues": [24.0253, 27.9108, 33.3476]}, "10": {"type": "H", "Isotropic": 28.6359, "Anisotropy": 3.024, "tensor": [[0.9783, 30.5322, 1.5035]], "eigenvalues": [26.5534, 28.7024, 30.6519]}, "11": {"type": "H", "Isotropic": 28.6539, "Anisotropy": 4.7145, "tensor": [], "eigenvalues": [25.1566, 29.0082, 31.7969]}, "12": {"type": "H", "Isotropic": 28.7344, "Anisotropy": 3.9677, "tensor": [[0.5061, 30.3426, 2.9404], [0.7228, 1.3298, 26.9348]], "eigenvalues": [25.8564, 28.9673, 31.3796]}, "13": {"type": "H", "Isotropic": 28.8943, "Anisotropy": 9.5205, "tensor": [], "eigenvalues": [25.0713, 26.3703, 35.2413]}, "14": {"type": "H", "Isotropic": 28.9376, "Anisotropy": 9.0683, "tensor": [[33.1259, 3.1004, 3.8378], [1.2044, 25.6133, 0.9839], [1.877, 0.7068, 28.0737]], "eigenvalues": [25.037, 26.7928, 34.9831]}, "15": {"type": "H", "Isotropic": 28.4205, "Anisotropy": 9.5789, "tensor": [], "eigenvalues": [24.135, 26.3201, 34.8065]}, "16": {"type": "H", "Isotropic": 28.3535, "Anisotropy": 8.2971, "tensor": [], "eigenvalues": [23.8234, 27.3522, 33.8849]}, "17": {"type": "H", "Isotropic": 28.7963, "Anisotropy": 5.512, "tensor": [], "eigenvalues": [26.0275, 27.8905, 32.4709]}, "18": {"type": "H", "Isotropic": 28.5602, "Anisotropy": 7.7844, "tensor": [], "eigenvalues": [22.7318, 29.199, 33.7498]}, "19": {"type": "H", "Isotropic": 28.4948, "Anisotropy": 3.9786, "tensor": [[28.5518, 1.171, 0.4182], [0.8949, 29.7217, 1.134]], "eigenvalues": [26.0011, 28.3362, 31.1472]}, "20": {"type": "H", "Isotropic": 28.5988, "Anisotropy": 4.0191, "tensor": [[1.9855, 28.0819, 0.2307]], "eigenvalues": [26.316, 28.2022, 31.2782]}, "21": {"type": "C", "Isotropic": 123.4219, "Anisotropy": 76.5732, "tensor": [[104.4141, 2.2209, 15.6202], [0.937, 102.9861, 24.0664], [12.1372, 25.6166, 162.8654]], "eigenvalues": [92.8895, 102.9054, 174.4707]}, "22": {"type": "C", "Isotropic": 137.5495, "Anisotropy": 85.8113, "tensor": [[174.0421, 1.2879, 37.2513]], "eigenvalues": [107.2226, 110.6687, 194.757]}, "23": {"type": "C", "Isotropic": 135.1103, "Anisotropy": 85.0112, "tensor": [], "eigenvalues": [106.1429, 107.4035, 191.7844]}, "24": {"type": "C", "Isotropic": 125.363, "Anisotropy": 77.6677, "tensor": [[107.5598, 2.7031, 16.1806], [1.0642, 103.8766, 24.8685], [11.8931, 27.5519, 164.6526]], "eigenvalues": [93.3138, 105.6338, 177.1415]}, "25": {"type": "O", "Isotropic": 327.3485, "Anisotropy": 27.1836, "tensor": [], "eigenvalues": [305.9318, 330.6429, 345.4709]}, "26": {"type": "O", "Isotropic": 326.0859, "Anisotropy": 25.7011, "tensor": [[5.3914, 11.7361, 334.0116]], "eigenvalues": [303.8567, 331.1811, 343.22]}, "27": {"type": "H", "Isotropic": 28.6842, "Anisotropy": 9.357, "tensor": [[28.7354, 0.9324, 4.9454], [0.1407, 24.9251, 0.7953], [2.6123, 1.5223, 32.392]], "eigenvalues": [24.7488, 26.3815, 34.9222]}, "28": {"type": "H", "Isotropic": 28.4034, "Anisotropy": 8.9034, "tensor": [[28.1933, 0.5395, 4.2131], [1.9298, 2.7394, 32.2629]], "eigenvalues": [23.9916, 26.8796, 34.339]}, "29": {"type": "H", "Isotropic": 28.4109, "Anisotropy": 4.3202, "tensor": [], "eigenvalues": [25.7975, 28.1441, 31.291]}, "30": {"type": "H", "Isotropic": 28.693, "Anisotropy": 4.9592, "tensor": [[0.9473, 2.6202, 27.6375]], "eigenvalues": [25.5544, 28.5255, 31.9992]}, "31": {"type": "H", "Isotropic": 28.9269, "Anisotropy": 9.8683, "tensor": [[0.3419, 25.6058, 1.164], [1.5092, 1.3524, 25.7543]], "eigenvalues": [24.4079, 26.8671, 35.5058]}, "32": {"type": "H", "Isotropic": 29.03, "Anisotropy": 9.355, "tensor": [], "eigenvalues": [24.8238, 26.9996, 35.2666]}, "33": {"type": "H", "Isotropic": 28.6187, "Anisotropy": 8.0675, "tensor": [[28.2558, 0.1485, 3.3716], [1.0866, 25.0051, 1.3822]], "eigenvalues": [24.8815, 26.9776, 33.997]}, "34": {"type": "O", "Isotropic": 328.0233, "Anisotropy": 28.3999, "tensor": [[312.6298, 9.1484, 6.3638]], "eigenvalues": [304.1234, 332.99, 346.9565]}, "35": {"type": "H", "Isotropic": 28.5828, "Anisotropy": 4.6639, "tensor": [], "eigenvalues": [24.9528, 29.1034, 31.692]}, "36": {"type": "C", "Isotropic": 135.2118, "Anisotropy": 80.472, "tensor": [[144.9974, 27.3074, 28.476], [28.6808, 129.004, 24.1047], [27.2485, 21.8099, 131.6339]], "eigenvalues": [106.9824, 109.7931, 188.8598]}, "37": {"type": "H", "Isotropic": 29.0422, "Anisotropy": 7.4559, "tensor": [[27.7621, 2.308, 0.1509]], "eigenvalues": [25.2196, 27.8942, 34.0128]}, "38": {"type": "C", "Isotropic": 122.8447, "Anisotropy": 78.5929, "tensor": [], "eigenvalues": [91.1492, 102.145, 175.24]}, "39": {"type": "H", "Isotropic": 28.7297, "Anisotropy": 2.8915, "tensor": [], "eigenvalues": [27.4145, 28.1173, 30.6574]}, "40": {"type": "H", "Isotropic": 28.9945, "Anisotropy": 9.5585, "tensor": [[33.9804, 2.3879, 0.2122], [3.4562, 26.9204, 0.5708], [2.5725, 2.0552, 26.0829]], "eigenvalues": [25.0561, 26.5607, 35.3669]}, "41": {"type": "C", "Isotropic": 123.8105, "Anisotropy": 74.9474, "tensor": [], "eigenvalues": [94.3174, 103.3387, 173.7754]}, "42": {"type": "H", "Isotropic": 28.6554, "Anisotropy": 8.4119, "tensor": [[1.682, 25.6098, 0.8996]], "eigenvalues": [24.0007, 27.7022, 34.2634]}, "43": {"type": "C", "Isotropic": 136.274, "Anisotropy": 88.2267, "tensor": [[138.8421, 28.056, 31.4828], [29.2617, 134.3176, 30.194], [29.5528, 27.6926, 135.6622]], "eigenvalues": [105.8025, 107.9276, 195.0918]}, "44": {"type": "H", "Isotropic": 29.1002, "Anisotropy": 8.0088, "tensor": [[28.7801, 2.8952, 1.2961], [0.082, 31.0124, 3.5039], [0.9832, 4.9173, 27.5082]], "eigenvalues": [24.6957, 28.1656, 34.4394]}, "45": {"type": "H", "Isotropic": 28.651, "Anisotropy": 4.2673, "tensor": [], "eigenvalues": [26.2394, 28.2177, 31.4959]}, "46": {"type": "O", "Isotropic": 329.6039, "Anisotropy": 26.5317, "tensor": [[320.0127, 12.2492, 7.1227]], "eigenvalues": [307.0908, 334.4292, 347.2917]}, "47": {"type": "H", "Isotropic": 28.6568, "Anisotropy": 4.1328, "tensor": [], "eigenvalues": [25.697, 28.8614, 31.412]}, "48": {"type": "H", "Isotropic": 28.6224, "Anisotropy": 9.7166, "tensor": [[28.1875, 0.5068, 5.0209], [1.4588, 25.585, 1.7632]], "eigenvalues": [24.8962, 25.8709, 35.1001]}}, "output": {"energies": [-926.185548495], "final_energy": -926.185548495, "final_energy_per_atom": -19.295532260312502, "molecule": {"charge": 0.0, "spin_multiplicity": 1, "sites": [{"name": "O", "species": [{"element": "O", "occu": 1}], "xyz": [0.896856, -0.95077, 0.774848], "properties": {}}, {"name": "C", "species": [{"element": "C", "occu": 1}], "xyz": [2.296132, -0.788103, 0.704227], "properties": {}}, {"name": "C", "species": [{"element": "C", "occu": 1}], "xyz": [0.218639, 0.283347, 0.709095], "properties": {}}, {"name": "C", "species": [{"element": "C", "occu": 1}], "xyz": [-1.270698, 0.007408, 0.75949], "properties": {}}, {"name": "O", "species": [{"element": "O", "occu": 1}], "xyz": [-1.927368, 1.255102, 0.7304], "properties": {}}, {"name": "C", "species": [{"element": "C", "occu": 1}], "xyz": [-3.332401, 1.123449, 0.706492], "properties": {}}, {"name": "H", "species": [{"element": "H", "occu": 1}], "xyz": [2.662533, -0.164746, 1.533069], "properties": {}}, {"name": "H", "species": [{"element": "H", "occu": 1}], "xyz": [2.58936, -0.320788, -0.247196], "properties": {}}, {"name": "H", "species": [{"element": "H", "occu": 1}], "xyz": [0.468122, 0.813678, -0.224137], "properties": {}}, {"name": "H", "species": [{"element": "H", "occu": 1}], "xyz": [0.506953, 0.926085, 1.557781], "properties": {}}, {"name": "H", "species": [{"element": "H", "occu": 1}], "xyz": [-1.525563, -0.542792, 1.677796], "properties": {}}, {"name": "H", "species": [{"element": "H", "occu": 1}], "xyz": [-1.56922, -0.606062, -0.104191], "properties": {}}, {"name": "H", "species": [{"element": "H", "occu": 1}], "xyz": [-3.69262, 0.59423, 1.599115], "properties": {}}, {"name": "H", "species": [{"element": "H", "occu": 1}], "xyz": [-3.659017, 0.576233, -0.188488], "properties": {}}, {"name": "H", "species": [{"element": "H", "occu": 1}], "xyz": [-3.753237, 2.130045, 0.688906], "properties": {}}, {"name": "H", "species": [{"element": "H", "occu": 1}], "xyz": [2.746719, -1.77933, 0.772452], "properties": {}}, {"name": "H", "species": [{"element": "H", "occu": 1}], "xyz": [3.423526, 2.480117, 2.507439], "properties": {}}, {"name": "H", "species": [{"element": "H", "occu": 1}], "xyz": [-1.342985, 2.49267, -1.429557], "properties": {}}, {"name": "H", "species": [{"element": "H", "occu": 1}], "xyz": [2.223164, 2.234816, 0.47132], "properties": {}}, {"name": "H", "species": [{"element": "H", "occu": 1}], "xyz": [-0.1082, 3.111661, 0.474799], "properties": {}}, {"name": "C", "species": [{"element": "C", "occu": 1}], "xyz": [2.036749, 3.320534, 0.448275], "properties": {}}, {"name": "C", "species": [{"element": "C", "occu": 1}], "xyz": [-0.616414, 3.048472, -2.037672], "properties": {}}, {"name": "C", "species": [{"element": "C", "occu": 1}], "xyz": [3.258901, 3.564074, 2.426182], "properties": {}}, {"name": "C", "species": [{"element": "C", "occu": 1}], "xyz": [0.668975, 3.575624, -0.151859], "properties": {}}, {"name": "O", "species": [{"element": "O", "occu": 1}], "xyz": [0.665083, 3.003402, -1.442163], "properties": {}}, {"name": "O", "species": [{"element": "O", "occu": 1}], "xyz": [2.048026, 3.842795, 1.756221], "properties": {}}, {"name": "H", "species": [{"element": "H", "occu": 1}], "xyz": [-0.531567, 2.589712, -3.024337], "properties": {}}, {"name": "H", "species": [{"element": "H", "occu": 1}], "xyz": [3.187117, 3.995519, 3.425724], "properties": {}}, {"name": "H", "species": [{"element": "H", "occu": 1}], "xyz": [2.824439, 3.783686, -0.168919], "properties": {}}, {"name": "H", "species": [{"element": "H", "occu": 1}], "xyz": [0.46963, 4.656635, -0.207014], "properties": {}}, {"name": "H", "species": [{"element": "H", "occu": 1}], "xyz": [4.113889, 4.008599, 1.898143], "properties": {}}, {"name": "H", "species": [{"element": "H", "occu": 1}], "xyz": [-0.958169, 4.086818, -2.149965], "properties": {}}, {"name": "H", "species": [{"element": "H", "occu": 1}], "xyz": [3.624848, 2.251965, -3.340147], "properties": {}}, {"name": "O", "species": [{"element": "O", "occu": 1}], "xyz": [4.799723, 2.577781, -1.722108], "properties": {}}, {"name": "H", "species": [{"element": "H", "occu": 1}], "xyz": [7.086993, 3.127869, -0.433181], "properties": {}}, {"name": "C", "species": [{"element": "C", "occu": 1}], "xyz": [3.861687, 1.762323, -2.39424], "properties": {}}, {"name": "H", "species": [{"element": "H", "occu": 1}], "xyz": [4.281009, 0.76621, -2.593449], "properties": {}}, {"name": "C", "species": [{"element": "C", "occu": 1}], "xyz": [6.167124, 2.998396, 0.156653], "properties": {}}, {"name": "H", "species": [{"element": "H", "occu": 1}], "xyz": [5.666525, 3.977822, 0.222055], "properties": {}}, {"name": "H", "species": [{"element": "H", "occu": 1}], "xyz": [8.259975, 3.528734, 1.653002], "properties": {}}, {"name": "C", "species": [{"element": "C", "occu": 1}], "xyz": [5.240094, 2.003722, -0.513792], "properties": {}}, {"name": "H", "species": [{"element": "H", "occu": 1}], "xyz": [2.938146, 1.659771, -1.807742], "properties": {}}, {"name": "C", "species": [{"element": "C", "occu": 1}], "xyz": [7.30102, 3.382693, 2.16837], "properties": {}}, {"name": "H", "species": [{"element": "H", "occu": 1}], "xyz": [6.817655, 4.360598, 2.303429], "properties": {}}, {"name": "H", "species": [{"element": "H", "occu": 1}], "xyz": [5.762804, 1.053588, -0.702781], "properties": {}}, {"name": "O", "species": [{"element": "O", "occu": 1}], "xyz": [6.465593, 2.506214, 1.442681], "properties": {}}, {"name": "H", "species": [{"element": "H", "occu": 1}], "xyz": [4.389531, 1.794172, 0.15336], "properties": {}}, {"name": "H", "species": [{"element": "H", "occu": 1}], "xyz": [7.479741, 2.929735, 3.144565], "properties": {}}]}, "stationary_type": "Minimum", "corrections": {}, "tensor": {"1": {"type": "O", "Isotropic": 324.0692, "Anisotropy": 32.3671, "tensor": [], "eigenvalues": [303.1381, 323.4223, 345.6472]}, "2": {"type": "C", "Isotropic": 134.2849, "Anisotropy": 82.128, "tensor": [], "eigenvalues": [106.1308, 107.687, 189.0369]}, "3": {"type": "C", "Isotropic": 121.9033, "Anisotropy": 74.1973, "tensor": [], "eigenvalues": [90.7933, 103.5486, 171.3682]}, "4": {"type": "C", "Isotropic": 123.3165, "Anisotropy": 77.5994, "tensor": [], "eigenvalues": [90.7506, 104.1496, 175.0495]}, "5": {"type": "O", "Isotropic": 323.5833, "Anisotropy": 33.6075, "tensor": [], "eigenvalues": [303.6146, 321.147, 345.9883]}, "6": {"type": "C", "Isotropic": 137.108, "Anisotropy": 87.9622, "tensor": [[3.5908, 107.4812, 0.698], [0.9711, 0.8928, 108.1311]], "eigenvalues": [106.9456, 108.629, 195.7495]}, "7": {"type": "H", "Isotropic": 28.813, "Anisotropy": 7.1369, "tensor": [[31.7904, 3.2601, 3.5327], [1.2902, 27.5638, 0.0884]], "eigenvalues": [25.4082, 27.4599, 33.5709]}, "8": {"type": "H", "Isotropic": 28.7598, "Anisotropy": 8.4323, "tensor": [], "eigenvalues": [25.2011, 26.6969, 34.3813]}, "9": {"type": "H", "Isotropic": 28.4279, "Anisotropy": 7.3796, "tensor": [], "eigenvalues": [24.0253, 27.9108, 33.3476]}, "10": {"type": "H", "Isotropic": 28.6359, "Anisotropy": 3.024, "tensor": [[0.9783, 30.5322, 1.5035]], "eigenvalues": [26.5534, 28.7024, 30.6519]}, "11": {"type": "H", "Isotropic": 28.6539, "Anisotropy": 4.7145, "tensor": [], "eigenvalues": [25.1566, 29.0082, 31.7969]}, "12": {"type": "H", "Isotropic": 28.7344, "Anisotropy": 3.9677, "tensor": [[0.5061, 30.3426, 2.9404], [0.7228, 1.3298, 26.9348]], "eigenvalues": [25.8564, 28.9673, 31.3796]}, "13": {"type": "H", "Isotropic": 28.8943, "Anisotropy": 9.5205, "tensor": [], "eigenvalues": [25.0713, 26.3703, 35.2413]}, "14": {"type": "H", "Isotropic": 28.9376, "Anisotropy": 9.0683, "tensor": [[33.1259, 3.1004, 3.8378], [1.2044, 25.6133, 0.9839], [1.877, 0.7068, 28.0737]], "eigenvalues": [25.037, 26.7928, 34.9831]}, "15": {"type": "H", "Isotropic": 28.4205, "Anisotropy": 9.5789, "tensor": [], "eigenvalues": [24.135, 26.3201, 34.8065]}, "16": {"type": "H", "Isotropic": 28.3535, "Anisotropy": 8.2971, "tensor": [], "eigenvalues": [23.8234, 27.3522, 33.8849]}, "17": {"type": "H", "Isotropic": 28.7963, "Anisotropy": 5.512, "tensor": [], "eigenvalues": [26.0275, 27.8905, 32.4709]}, "18": {"type": "H", "Isotropic": 28.5602, "Anisotropy": 7.7844, "tensor": [], "eigenvalues": [22.7318, 29.199, 33.7498]}, "19": {"type": "H", "Isotropic": 28.4948, "Anisotropy": 3.9786, "tensor": [[28.5518, 1.171, 0.4182], [0.8949, 29.7217, 1.134]], "eigenvalues": [26.0011, 28.3362, 31.1472]}, "20": {"type": "H", "Isotropic": 28.5988, "Anisotropy": 4.0191, "tensor": [[1.9855, 28.0819, 0.2307]], "eigenvalues": [26.316, 28.2022, 31.2782]}, "21": {"type": "C", "Isotropic": 123.4219, "Anisotropy": 76.5732, "tensor": [[104.4141, 2.2209, 15.6202], [0.937, 102.9861, 24.0664], [12.1372, 25.6166, 162.8654]], "eigenvalues": [92.8895, 102.9054, 174.4707]}, "22": {"type": "C", "Isotropic": 137.5495, "Anisotropy": 85.8113, "tensor": [[174.0421, 1.2879, 37.2513]], "eigenvalues": [107.2226, 110.6687, 194.757]}, "23": {"type": "C", "Isotropic": 135.1103, "Anisotropy": 85.0112, "tensor": [], "eigenvalues": [106.1429, 107.4035, 191.7844]}, "24": {"type": "C", "Isotropic": 125.363, "Anisotropy": 77.6677, "tensor": [[107.5598, 2.7031, 16.1806], [1.0642, 103.8766, 24.8685], [11.8931, 27.5519, 164.6526]], "eigenvalues": [93.3138, 105.6338, 177.1415]}, "25": {"type": "O", "Isotropic": 327.3485, "Anisotropy": 27.1836, "tensor": [], "eigenvalues": [305.9318, 330.6429, 345.4709]}, "26": {"type": "O", "Isotropic": 326.0859, "Anisotropy": 25.7011, "tensor": [[5.3914, 11.7361, 334.0116]], "eigenvalues": [303.8567, 331.1811, 343.22]}, "27": {"type": "H", "Isotropic": 28.6842, "Anisotropy": 9.357, "tensor": [[28.7354, 0.9324, 4.9454], [0.1407, 24.9251, 0.7953], [2.6123, 1.5223, 32.392]], "eigenvalues": [24.7488, 26.3815, 34.9222]}, "28": {"type": "H", "Isotropic": 28.4034, "Anisotropy": 8.9034, "tensor": [[28.1933, 0.5395, 4.2131], [1.9298, 2.7394, 32.2629]], "eigenvalues": [23.9916, 26.8796, 34.339]}, "29": {"type": "H", "Isotropic": 28.4109, "Anisotropy": 4.3202, "tensor": [], "eigenvalues": [25.7975, 28.1441, 31.291]}, "30": {"type": "H", "Isotropic": 28.693, "Anisotropy": 4.9592, "tensor": [[0.9473, 2.6202, 27.6375]], "eigenvalues": [25.5544, 28.5255, 31.9992]}, "31": {"type": "H", "Isotropic": 28.9269, "Anisotropy": 9.8683, "tensor": [[0.3419, 25.6058, 1.164], [1.5092, 1.3524, 25.7543]], "eigenvalues": [24.4079, 26.8671, 35.5058]}, "32": {"type": "H", "Isotropic": 29.03, "Anisotropy": 9.355, "tensor": [], "eigenvalues": [24.8238, 26.9996, 35.2666]}, "33": {"type": "H", "Isotropic": 28.6187, "Anisotropy": 8.0675, "tensor": [[28.2558, 0.1485, 3.3716], [1.0866, 25.0051, 1.3822]], "eigenvalues": [24.8815, 26.9776, 33.997]}, "34": {"type": "O", "Isotropic": 328.0233, "Anisotropy": 28.3999, "tensor": [[312.6298, 9.1484, 6.3638]], "eigenvalues": [304.1234, 332.99, 346.9565]}, "35": {"type": "H", "Isotropic": 28.5828, "Anisotropy": 4.6639, "tensor": [], "eigenvalues": [24.9528, 29.1034, 31.692]}, "36": {"type": "C", "Isotropic": 135.2118, "Anisotropy": 80.472, "tensor": [[144.9974, 27.3074, 28.476], [28.6808, 129.004, 24.1047], [27.2485, 21.8099, 131.6339]], "eigenvalues": [106.9824, 109.7931, 188.8598]}, "37": {"type": "H", "Isotropic": 29.0422, "Anisotropy": 7.4559, "tensor": [[27.7621, 2.308, 0.1509]], "eigenvalues": [25.2196, 27.8942, 34.0128]}, "38": {"type": "C", "Isotropic": 122.8447, "Anisotropy": 78.5929, "tensor": [], "eigenvalues": [91.1492, 102.145, 175.24]}, "39": {"type": "H", "Isotropic": 28.7297, "Anisotropy": 2.8915, "tensor": [], "eigenvalues": [27.4145, 28.1173, 30.6574]}, "40": {"type": "H", "Isotropic": 28.9945, "Anisotropy": 9.5585, "tensor": [[33.9804, 2.3879, 0.2122], [3.4562, 26.9204, 0.5708], [2.5725, 2.0552, 26.0829]], "eigenvalues": [25.0561, 26.5607, 35.3669]}, "41": {"type": "C", "Isotropic": 123.8105, "Anisotropy": 74.9474, "tensor": [], "eigenvalues": [94.3174, 103.3387, 173.7754]}, "42": {"type": "H", "Isotropic": 28.6554, "Anisotropy": 8.4119, "tensor": [[1.682, 25.6098, 0.8996]], "eigenvalues": [24.0007, 27.7022, 34.2634]}, "43": {"type": "C", "Isotropic": 136.274, "Anisotropy": 88.2267, "tensor": [[138.8421, 28.056, 31.4828], [29.2617, 134.3176, 30.194], [29.5528, 27.6926, 135.6622]], "eigenvalues": [105.8025, 107.9276, 195.0918]}, "44": {"type": "H", "Isotropic": 29.1002, "Anisotropy": 8.0088, "tensor": [[28.7801, 2.8952, 1.2961], [0.082, 31.0124, 3.5039], [0.9832, 4.9173, 27.5082]], "eigenvalues": [24.6957, 28.1656, 34.4394]}, "45": {"type": "H", "Isotropic": 28.651, "Anisotropy": 4.2673, "tensor": [], "eigenvalues": [26.2394, 28.2177, 31.4959]}, "46": {"type": "O", "Isotropic": 329.6039, "Anisotropy": 26.5317, "tensor": [[320.0127, 12.2492, 7.1227]], "eigenvalues": [307.0908, 334.4292, 347.2917]}, "47": {"type": "H", "Isotropic": 28.6568, "Anisotropy": 4.1328, "tensor": [], "eigenvalues": [25.697, 28.8614, 31.412]}, "48": {"type": "H", "Isotropic": 28.6224, "Anisotropy": 9.7166, "tensor": [[28.1875, 0.5068, 5.0209], [1.4588, 25.585, 1.7632]], "eigenvalues": [24.8962, 25.8709, 35.1001]}}}}, "functional": "M062X", "basis": "6-31+G*", "phase": "solution", "type": "scrf;nmr", "smiles": "O(C)CCOC.C(COC)OC.O(C)CCOC", "formula": "H30 C12 O6", "formula_pretty": "H5C2O", "formula_anonymous": "AB2C5", "formula_alphabetical": "C12 H30 O6", "chemsys": "C-H-O", "nsites": 48, "nelements": 3, "is_ordered": true, "is_valid": true, "tag": "oplsd_ref", "wall_time (s)": 124.4377329859999, "last_updated": "2021-01-27T21:11:35.347457", "_id": null}