{"input": {"molecule": {"charge": 0, "spin_multiplicity": 1, "sites": [{"name": "S", "species": [{"element": "S", "occu": 1}], "xyz": [0.141352, 0.005076, -0.535225], "properties": {}}, {"name": "O", "species": [{"element": "O", "occu": 1}], "xyz": [1.453679, 0.052993, 0.248213], "properties": {}}, {"name": "C", "species": [{"element": "C", "occu": 1}], "xyz": [-0.886227, 1.32646, 0.145595], "properties": {}}, {"name": "C", "species": [{"element": "C", "occu": 1}], "xyz": [-0.786501, -1.386857, 0.148206], "properties": {}}, {"name": "H", "species": [{"element": "H", "occu": 1}], "xyz": [-0.410101, 2.273058, -0.115306], "properties": {}}, {"name": "H", "species": [{"element": "H", "occu": 1}], "xyz": [-0.935229, 1.212909, 1.231517], "properties": {}}, {"name": "H", "species": [{"element": "H", "occu": 1}], "xyz": [-1.882908, 1.27732, -0.299367], "properties": {}}, {"name": "H", "species": [{"element": "H", "occu": 1}], "xyz": [-1.790191, -1.402901, -0.282843], "properties": {}}, {"name": "H", "species": [{"element": "H", "occu": 1}], "xyz": [-0.828234, -1.282244, 1.235311], "properties": {}}, {"name": "H", "species": [{"element": "H", "occu": 1}], "xyz": [-0.251541, -2.298013, -0.124401], "properties": {}}]}, "functional": "M062X", "basis_set": "6-31+G*", "route_parameters": {"NMR": "GIAO", "iop(7/33=1)": null, "int": "ultrafine", "EmpiricalDispersion": "GD3", "NoSymmetry": null, "test": null, "SCRF": "(Solvent=DiMethylSulfoxide)"}, "title": "H6 C2 S1 O1", "charge": 0, "spin_multiplicity": 1, "input_parameters": {}, "link0_parameters": {"%chk": "checkpoint.chk", "%mem": "100GB", "%NProcShared": "24"}, "dieze_tag": "#P", "nbasisfunctions": 92, "pcm_parameters": {}}, "output": {"has_gaussian_completed": true, "is_pcm": true, "errors": [], "Mulliken_charges": {"1": ["S", 0.82431], "2": ["O", -0.821786], "3": ["C", -0.80246], "4": ["C", -0.8019], "5": ["H", 0.272078], "6": ["H", 0.262536], "7": ["H", 0.266251], "8": ["H", 0.266062], "9": ["H", 0.262822], "10": ["H", 0.272086]}, "tensor": {"1": {"type": "S", "Isotropic": 270.1342, "Anisotropy": 375.7168, "tensor": [[387.0111, 8.256, 147.7288], [8.5167, 165.2375, 5.7544], [226.0653, 8.5347, 258.1539]], "eigenvalues": [124.8695, 164.9209, 520.612]}, "2": {"type": "O", "Isotropic": 296.4909, "Anisotropy": 207.0295, "tensor": [], "eigenvalues": [165.593, 289.3692, 434.5106]}, "3": {"type": "C", "Isotropic": 152.2607, "Anisotropy": 65.7063, "tensor": [], "eigenvalues": [119.9197, 140.7974, 196.0649]}, "4": {"type": "C", "Isotropic": 152.2413, "Anisotropy": 65.7496, "tensor": [], "eigenvalues": [119.8722, 140.7773, 196.0744]}, "5": {"type": "H", "Isotropic": 29.563, "Anisotropy": 7.9597, "tensor": [], "eigenvalues": [26.18, 27.6396, 34.8694]}, "6": {"type": "H", "Isotropic": 29.8069, "Anisotropy": 5.5742, "tensor": [], "eigenvalues": [26.9231, 28.9746, 33.5231]}, "7": {"type": "H", "Isotropic": 30.0724, "Anisotropy": 8.8324, "tensor": [], "eigenvalues": [26.4769, 27.7796, 35.9607]}, "8": {"type": "H", "Isotropic": 30.0724, "Anisotropy": 8.8157, "tensor": [[33.9566, 3.1228, 2.0215], [3.022, 29.3009, 0.6153], [1.8276, 0.836, 26.9597]], "eigenvalues": [26.4629, 27.8048, 35.9495]}, "9": {"type": "H", "Isotropic": 29.8241, "Anisotropy": 5.5753, "tensor": [], "eigenvalues": [26.9679, 28.9634, 33.541]}, "10": {"type": "H", "Isotropic": 29.5494, "Anisotropy": 7.9644, "tensor": [], "eigenvalues": [26.1472, 27.642, 34.8591]}}, "output": {"energies": [-553.090427245], "final_energy": -553.090427245, "final_energy_per_atom": -55.3090427245, "molecule": {"charge": 0.0, "spin_multiplicity": 1, "sites": [{"name": "S", "species": [{"element": "S", "occu": 1}], "xyz": [0.141352, 0.005076, -0.535225], "properties": {}}, {"name": "O", "species": [{"element": "O", "occu": 1}], "xyz": [1.453679, 0.052993, 0.248213], "properties": {}}, {"name": "C", "species": [{"element": "C", "occu": 1}], "xyz": [-0.886227, 1.32646, 0.145595], "properties": {}}, {"name": "C", "species": [{"element": "C", "occu": 1}], "xyz": [-0.786501, -1.386857, 0.148206], "properties": {}}, {"name": "H", "species": [{"element": "H", "occu": 1}], "xyz": [-0.410101, 2.273058, -0.115306], "properties": {}}, {"name": "H", "species": [{"element": "H", "occu": 1}], "xyz": [-0.935229, 1.212909, 1.231517], "properties": {}}, {"name": "H", "species": [{"element": "H", "occu": 1}], "xyz": [-1.882908, 1.27732, -0.299367], "properties": {}}, {"name": "H", "species": [{"element": "H", "occu": 1}], "xyz": [-1.790191, -1.402901, -0.282843], "properties": {}}, {"name": "H", "species": [{"element": "H", "occu": 1}], "xyz": [-0.828234, -1.282244, 1.235311], "properties": {}}, {"name": "H", "species": [{"element": "H", "occu": 1}], "xyz": [-0.251541, -2.298013, -0.124401], "properties": {}}]}, "stationary_type": "Minimum", "corrections": {}, "tensor": {"1": {"type": "S", "Isotropic": 270.1342, "Anisotropy": 375.7168, "tensor": [[387.0111, 8.256, 147.7288], [8.5167, 165.2375, 5.7544], [226.0653, 8.5347, 258.1539]], "eigenvalues": [124.8695, 164.9209, 520.612]}, "2": {"type": "O", "Isotropic": 296.4909, "Anisotropy": 207.0295, "tensor": [], "eigenvalues": [165.593, 289.3692, 434.5106]}, "3": {"type": "C", "Isotropic": 152.2607, "Anisotropy": 65.7063, "tensor": [], "eigenvalues": [119.9197, 140.7974, 196.0649]}, "4": {"type": "C", "Isotropic": 152.2413, "Anisotropy": 65.7496, "tensor": [], "eigenvalues": [119.8722, 140.7773, 196.0744]}, "5": {"type": "H", "Isotropic": 29.563, "Anisotropy": 7.9597, "tensor": [], "eigenvalues": [26.18, 27.6396, 34.8694]}, "6": {"type": "H", "Isotropic": 29.8069, "Anisotropy": 5.5742, "tensor": [], "eigenvalues": [26.9231, 28.9746, 33.5231]}, "7": {"type": "H", "Isotropic": 30.0724, "Anisotropy": 8.8324, "tensor": [], "eigenvalues": [26.4769, 27.7796, 35.9607]}, "8": {"type": "H", "Isotropic": 30.0724, "Anisotropy": 8.8157, "tensor": [[33.9566, 3.1228, 2.0215], [3.022, 29.3009, 0.6153], [1.8276, 0.836, 26.9597]], "eigenvalues": [26.4629, 27.8048, 35.9495]}, "9": {"type": "H", "Isotropic": 29.8241, "Anisotropy": 5.5753, "tensor": [], "eigenvalues": [26.9679, 28.9634, 33.541]}, "10": {"type": "H", "Isotropic": 29.5494, "Anisotropy": 7.9644, "tensor": [], "eigenvalues": [26.1472, 27.642, 34.8591]}}}}, "functional": "M062X", "basis": "6-31+G*", "phase": "solution", "type": "nmr;scrf", "smiles": "S(=O)(C)C", "formula": "H6 C2 S1 O1", "formula_pretty": "H6C2SO", "formula_anonymous": "ABC2D6", "formula_alphabetical": "C2 H6 O1 S1", "chemsys": "C-H-O-S", "nsites": 10, "nelements": 4, "is_ordered": true, "is_valid": true, "tag": "oplsd_ref", "wall_time (s)": 15.506847991142422, "last_updated": "2021-01-16T02:54:45.856897", "_id": null}