{"input": {"molecule": {"charge": 0, "spin_multiplicity": 1, "sites": [{"name": "O", "species": [{"element": "O", "occu": 1}], "xyz": [-0.286221, 1.043123, 0.566017], "properties": {}}, {"name": "H", "species": [{"element": "H", "occu": 1}], "xyz": [-0.295299, 0.079181, 0.664711], "properties": {}}, {"name": "H", "species": [{"element": "H", "occu": 1}], "xyz": [-1.211045, 1.313209, 0.299074], "properties": {}}, {"name": "O", "species": [{"element": "O", "occu": 1}], "xyz": [-2.715862, 1.999498, 0.039689], "properties": {}}, {"name": "H", "species": [{"element": "H", "occu": 1}], "xyz": [-3.403847, 1.368682, 0.348554], "properties": {}}, {"name": "H", "species": [{"element": "H", "occu": 1}], "xyz": [-2.735425, 2.722039, 0.709687], "properties": {}}, {"name": "O", "species": [{"element": "O", "occu": 1}], "xyz": [-2.668175, 3.711443, 2.217395], "properties": {}}, {"name": "H", "species": [{"element": "H", "occu": 1}], "xyz": [-1.786207, 3.44519, 2.547616], "properties": {}}, {"name": "H", "species": [{"element": "H", "occu": 1}], "xyz": [-3.302778, 3.218389, 2.776557], "properties": {}}, {"name": "H", "species": [{"element": "H", "occu": 1}], "xyz": [0.564465, 2.773639, 3.195208], "properties": {}}, {"name": "O", "species": [{"element": "O", "occu": 1}], "xyz": [-0.284939, 2.384767, 2.939032], "properties": {}}, {"name": "H", "species": [{"element": "H", "occu": 1}], "xyz": [-0.132588, 1.875246, 2.105884], "properties": {}}, {"name": "H", "species": [{"element": "H", "occu": 1}], "xyz": [-4.473475, -0.510363, 1.360848], "properties": {}}, {"name": "O", "species": [{"element": "O", "occu": 1}], "xyz": [-4.653652, 0.436769, 1.27488], "properties": {}}, {"name": "H", "species": [{"element": "H", "occu": 1}], "xyz": [-4.565525, 0.814352, 2.177981], "properties": {}}, {"name": "H", "species": [{"element": "H", "occu": 1}], "xyz": [-1.173011, 1.367111, 4.122634], "properties": {}}, {"name": "H", "species": [{"element": "H", "occu": 1}], "xyz": [-1.639652, 0.955973, 5.556074], "properties": {}}, {"name": "O", "species": [{"element": "O", "occu": 1}], "xyz": [-1.837786, 0.836099, 4.615944], "properties": {}}, {"name": "H", "species": [{"element": "H", "occu": 1}], "xyz": [-3.399924, 1.402629, 4.119995], "properties": {}}, {"name": "O", "species": [{"element": "O", "occu": 1}], "xyz": [-4.170944, 1.794839, 3.637837], "properties": {}}, {"name": "H", "species": [{"element": "H", "occu": 1}], "xyz": [-4.866492, 1.952325, 4.293235], "properties": {}}, {"name": "H", "species": [{"element": "H", "occu": 1}], "xyz": [0.990331, 1.627541, -0.612262], "properties": {}}, {"name": "O", "species": [{"element": "O", "occu": 1}], "xyz": [1.706186, 1.965157, -1.188735], "properties": {}}, {"name": "H", "species": [{"element": "H", "occu": 1}], "xyz": [1.398135, 1.82158, -2.094224], "properties": {}}]}, "functional": "M062X", "basis_set": "6-31+G*", "route_parameters": {"NMR": "GIAO", "iop(7/33=1)": null, "int": "ultrafine", "EmpiricalDispersion": "GD3", "NoSymmetry": null, "test": null, "SCRF": "(Solvent=Water)"}, "title": "H16 O8", "charge": 0, "spin_multiplicity": 1, "input_parameters": {}, "link0_parameters": {"%chk": "checkpoint.chk", "%mem": "100GB", "%NProcShared": "24"}, "dieze_tag": "#P", "nbasisfunctions": 184, "pcm_parameters": {}}, "output": {"has_gaussian_completed": true, "is_pcm": true, "errors": [], "Mulliken_charges": {"1": ["O", -1.22274], "2": ["H", 0.54969], "3": ["H", 0.650484], "4": ["O", -1.225205], "5": ["H", 0.610739], "6": ["H", 0.620716], "7": ["O", -1.233447], "8": ["H", 0.618019], "9": ["H", 0.617833], "10": ["H", 0.541362], "11": ["O", -1.190027], "12": ["H", 0.628652], "13": ["H", 0.528231], "14": ["O", -1.127078], "15": ["H", 0.617723], "16": ["H", 0.613247], "17": ["H", 0.532117], "18": ["O", -1.115384], "19": ["H", 0.616841], "20": ["O", -1.188571], "21": ["H", 0.53966], "22": ["H", 0.597142], "23": ["O", -1.073534], "24": ["H", 0.493533]}, "tensor": {"1": {"type": "O", "Isotropic": 291.8279, "Anisotropy": 35.6925, "tensor": [], "eigenvalues": [279.6559, 280.2048, 315.6229]}, "2": {"type": "H", "Isotropic": 30.162, "Anisotropy": 16.4525, "tensor": [], "eigenvalues": [23.7998, 25.5558, 41.1303]}, "3": {"type": "H", "Isotropic": 24.1553, "Anisotropy": 33.2175, "tensor": [], "eigenvalues": [12.0496, 14.116, 46.3003]}, "4": {"type": "O", "Isotropic": 289.8069, "Anisotropy": 28.1045, "tensor": [[10.1494, 296.2795, 10.9643]], "eigenvalues": [271.8839, 288.9935, 308.5432]}, "5": {"type": "H", "Isotropic": 26.6849, "Anisotropy": 28.2919, "tensor": [], "eigenvalues": [15.5302, 18.9784, 45.5462]}, "6": {"type": "H", "Isotropic": 26.6585, "Anisotropy": 27.0099, "tensor": [[0.9537, 30.2625, 13.3018], [0.5056, 13.3755, 32.2962]], "eigenvalues": [17.1657, 18.1448, 44.6652]}, "7": {"type": "O", "Isotropic": 297.4072, "Anisotropy": 30.9952, "tensor": [], "eigenvalues": [285.2936, 288.8574, 318.0707]}, "8": {"type": "H", "Isotropic": 27.7463, "Anisotropy": 25.433, "tensor": [], "eigenvalues": [18.6704, 19.8669, 44.7016]}, "9": {"type": "H", "Isotropic": 27.7004, "Anisotropy": 25.7815, "tensor": [], "eigenvalues": [18.1486, 20.0645, 44.8881]}, "10": {"type": "H", "Isotropic": 30.0382, "Anisotropy": 19.6074, "tensor": [[37.8047, 7.3599, 5.0592], [6.8165, 26.1753, 3.1638], [4.6663, 3.174, 26.1348]], "eigenvalues": [22.4925, 24.5125, 43.1098]}, "11": {"type": "O", "Isotropic": 299.3294, "Anisotropy": 35.4046, "tensor": [[298.2208, 7.5997, 4.0925], [8.7125, 290.4257, 16.2567], [7.6715, 17.9902, 309.3416]], "eigenvalues": [279.35, 295.7057, 322.9324]}, "12": {"type": "H", "Isotropic": 25.675, "Anisotropy": 30.5838, "tensor": [], "eigenvalues": [13.3872, 17.5736, 46.0642]}, "13": {"type": "H", "Isotropic": 30.5288, "Anisotropy": 17.8122, "tensor": [[0.2951, 0.1066, 24.8242]], "eigenvalues": [24.2268, 24.9559, 42.4035]}, "14": {"type": "O", "Isotropic": 308.8084, "Anisotropy": 44.5838, "tensor": [[3.6909, 323.2209, 17.007]], "eigenvalues": [285.4533, 302.441, 338.531]}, "15": {"type": "H", "Isotropic": 26.7615, "Anisotropy": 29.5956, "tensor": [[17.5582, 3.0692, 2.8573], [2.9268, 23.0521, 11.52], [2.8033, 12.4929, 39.6743]], "eigenvalues": [15.5595, 18.2332, 46.4919]}, "16": {"type": "H", "Isotropic": 26.584, "Anisotropy": 29.8746, "tensor": [], "eigenvalues": [14.8397, 18.412, 46.5004]}, "17": {"type": "H", "Isotropic": 30.4311, "Anisotropy": 19.6216, "tensor": [[24.9828, 0.4989, 3.4023]], "eigenvalues": [23.0837, 24.6974, 43.5122]}, "18": {"type": "O", "Isotropic": 307.8028, "Anisotropy": 44.6266, "tensor": [], "eigenvalues": [280.6968, 305.1578, 337.5539]}, "19": {"type": "H", "Isotropic": 25.3483, "Anisotropy": 30.6855, "tensor": [], "eigenvalues": [13.2178, 17.0217, 45.8053]}, "20": {"type": "O", "Isotropic": 298.7267, "Anisotropy": 35.3073, "tensor": [], "eigenvalues": [280.1476, 293.7677, 322.2649]}, "21": {"type": "H", "Isotropic": 30.1228, "Anisotropy": 19.8837, "tensor": [], "eigenvalues": [22.8468, 24.143, 43.3786]}, "22": {"type": "H", "Isotropic": 27.6055, "Anisotropy": 32.6802, "tensor": [], "eigenvalues": [15.9892, 17.435, 49.3923]}, "23": {"type": "O", "Isotropic": 322.1362, "Anisotropy": 61.6773, "tensor": [], "eigenvalues": [292.8706, 310.2836, 363.2544]}, "24": {"type": "H", "Isotropic": 31.0335, "Anisotropy": 18.5294, "tensor": [[26.4088, 1.0278, 2.8834], [0.9798, 23.8778, 1.7708], [2.3955, 1.4678, 42.8141]], "eigenvalues": [23.5016, 26.2126, 43.3865]}}, "output": {"energies": [-611.230822875], "final_energy": -611.230822875, "final_energy_per_atom": -25.467950953124998, "molecule": {"charge": 0.0, "spin_multiplicity": 1, "sites": [{"name": "O", "species": [{"element": "O", "occu": 1}], "xyz": [-0.286221, 1.043123, 0.566017], "properties": {}}, {"name": "H", "species": [{"element": "H", "occu": 1}], "xyz": [-0.295299, 0.079181, 0.664711], "properties": {}}, {"name": "H", "species": [{"element": "H", "occu": 1}], "xyz": [-1.211045, 1.313209, 0.299074], "properties": {}}, {"name": "O", "species": [{"element": "O", "occu": 1}], "xyz": [-2.715862, 1.999498, 0.039689], "properties": {}}, {"name": "H", "species": [{"element": "H", "occu": 1}], "xyz": [-3.403847, 1.368682, 0.348554], "properties": {}}, {"name": "H", "species": [{"element": "H", "occu": 1}], "xyz": [-2.735425, 2.722039, 0.709687], "properties": {}}, {"name": "O", "species": [{"element": "O", "occu": 1}], "xyz": [-2.668175, 3.711443, 2.217395], "properties": {}}, {"name": "H", "species": [{"element": "H", "occu": 1}], "xyz": [-1.786207, 3.44519, 2.547616], "properties": {}}, {"name": "H", "species": [{"element": "H", "occu": 1}], "xyz": [-3.302778, 3.218389, 2.776557], "properties": {}}, {"name": "H", "species": [{"element": "H", "occu": 1}], "xyz": [0.564465, 2.773639, 3.195208], "properties": {}}, {"name": "O", "species": [{"element": "O", "occu": 1}], "xyz": [-0.284939, 2.384767, 2.939032], "properties": {}}, {"name": "H", "species": [{"element": "H", "occu": 1}], "xyz": [-0.132588, 1.875246, 2.105884], "properties": {}}, {"name": "H", "species": [{"element": "H", "occu": 1}], "xyz": [-4.473475, -0.510363, 1.360848], "properties": {}}, {"name": "O", "species": [{"element": "O", "occu": 1}], "xyz": [-4.653652, 0.436769, 1.27488], "properties": {}}, {"name": "H", "species": [{"element": "H", "occu": 1}], "xyz": [-4.565525, 0.814352, 2.177981], "properties": {}}, {"name": "H", "species": [{"element": "H", "occu": 1}], "xyz": [-1.173011, 1.367111, 4.122634], "properties": {}}, {"name": "H", "species": [{"element": "H", "occu": 1}], "xyz": [-1.639652, 0.955973, 5.556074], "properties": {}}, {"name": "O", "species": [{"element": "O", "occu": 1}], "xyz": [-1.837786, 0.836099, 4.615944], "properties": {}}, {"name": "H", "species": [{"element": "H", "occu": 1}], "xyz": [-3.399924, 1.402629, 4.119995], "properties": {}}, {"name": "O", "species": [{"element": "O", "occu": 1}], "xyz": [-4.170944, 1.794839, 3.637837], "properties": {}}, {"name": "H", "species": [{"element": "H", "occu": 1}], "xyz": [-4.866492, 1.952325, 4.293235], "properties": {}}, {"name": "H", "species": [{"element": "H", "occu": 1}], "xyz": [0.990331, 1.627541, -0.612262], "properties": {}}, {"name": "O", "species": [{"element": "O", "occu": 1}], "xyz": [1.706186, 1.965157, -1.188735], "properties": {}}, {"name": "H", "species": [{"element": "H", "occu": 1}], "xyz": [1.398135, 1.82158, -2.094224], "properties": {}}]}, "stationary_type": "Minimum", "corrections": {}, "tensor": {"1": {"type": "O", "Isotropic": 291.8279, "Anisotropy": 35.6925, "tensor": [], "eigenvalues": [279.6559, 280.2048, 315.6229]}, "2": {"type": "H", "Isotropic": 30.162, "Anisotropy": 16.4525, "tensor": [], "eigenvalues": [23.7998, 25.5558, 41.1303]}, "3": {"type": "H", "Isotropic": 24.1553, "Anisotropy": 33.2175, "tensor": [], "eigenvalues": [12.0496, 14.116, 46.3003]}, "4": {"type": "O", "Isotropic": 289.8069, "Anisotropy": 28.1045, "tensor": [[10.1494, 296.2795, 10.9643]], "eigenvalues": [271.8839, 288.9935, 308.5432]}, "5": {"type": "H", "Isotropic": 26.6849, "Anisotropy": 28.2919, "tensor": [], "eigenvalues": [15.5302, 18.9784, 45.5462]}, "6": {"type": "H", "Isotropic": 26.6585, "Anisotropy": 27.0099, "tensor": [[0.9537, 30.2625, 13.3018], [0.5056, 13.3755, 32.2962]], "eigenvalues": [17.1657, 18.1448, 44.6652]}, "7": {"type": "O", "Isotropic": 297.4072, "Anisotropy": 30.9952, "tensor": [], "eigenvalues": [285.2936, 288.8574, 318.0707]}, "8": {"type": "H", "Isotropic": 27.7463, "Anisotropy": 25.433, "tensor": [], "eigenvalues": [18.6704, 19.8669, 44.7016]}, "9": {"type": "H", "Isotropic": 27.7004, "Anisotropy": 25.7815, "tensor": [], "eigenvalues": [18.1486, 20.0645, 44.8881]}, "10": {"type": "H", "Isotropic": 30.0382, "Anisotropy": 19.6074, "tensor": [[37.8047, 7.3599, 5.0592], [6.8165, 26.1753, 3.1638], [4.6663, 3.174, 26.1348]], "eigenvalues": [22.4925, 24.5125, 43.1098]}, "11": {"type": "O", "Isotropic": 299.3294, "Anisotropy": 35.4046, "tensor": [[298.2208, 7.5997, 4.0925], [8.7125, 290.4257, 16.2567], [7.6715, 17.9902, 309.3416]], "eigenvalues": [279.35, 295.7057, 322.9324]}, "12": {"type": "H", "Isotropic": 25.675, "Anisotropy": 30.5838, "tensor": [], "eigenvalues": [13.3872, 17.5736, 46.0642]}, "13": {"type": "H", "Isotropic": 30.5288, "Anisotropy": 17.8122, "tensor": [[0.2951, 0.1066, 24.8242]], "eigenvalues": [24.2268, 24.9559, 42.4035]}, "14": {"type": "O", "Isotropic": 308.8084, "Anisotropy": 44.5838, "tensor": [[3.6909, 323.2209, 17.007]], "eigenvalues": [285.4533, 302.441, 338.531]}, "15": {"type": "H", "Isotropic": 26.7615, "Anisotropy": 29.5956, "tensor": [[17.5582, 3.0692, 2.8573], [2.9268, 23.0521, 11.52], [2.8033, 12.4929, 39.6743]], "eigenvalues": [15.5595, 18.2332, 46.4919]}, "16": {"type": "H", "Isotropic": 26.584, "Anisotropy": 29.8746, "tensor": [], "eigenvalues": [14.8397, 18.412, 46.5004]}, "17": {"type": "H", "Isotropic": 30.4311, "Anisotropy": 19.6216, "tensor": [[24.9828, 0.4989, 3.4023]], "eigenvalues": [23.0837, 24.6974, 43.5122]}, "18": {"type": "O", "Isotropic": 307.8028, "Anisotropy": 44.6266, "tensor": [], "eigenvalues": [280.6968, 305.1578, 337.5539]}, "19": {"type": "H", "Isotropic": 25.3483, "Anisotropy": 30.6855, "tensor": [], "eigenvalues": [13.2178, 17.0217, 45.8053]}, "20": {"type": "O", "Isotropic": 298.7267, "Anisotropy": 35.3073, "tensor": [], "eigenvalues": [280.1476, 293.7677, 322.2649]}, "21": {"type": "H", "Isotropic": 30.1228, "Anisotropy": 19.8837, "tensor": [], "eigenvalues": [22.8468, 24.143, 43.3786]}, "22": {"type": "H", "Isotropic": 27.6055, "Anisotropy": 32.6802, "tensor": [], "eigenvalues": [15.9892, 17.435, 49.3923]}, "23": {"type": "O", "Isotropic": 322.1362, "Anisotropy": 61.6773, "tensor": [], "eigenvalues": [292.8706, 310.2836, 363.2544]}, "24": {"type": "H", "Isotropic": 31.0335, "Anisotropy": 18.5294, "tensor": [[26.4088, 1.0278, 2.8834], [0.9798, 23.8778, 1.7708], [2.3955, 1.4678, 42.8141]], "eigenvalues": [23.5016, 26.2126, 43.3865]}}}}, "functional": "M062X", "basis": "6-31+G*", "phase": "solution", "type": "nmr;scrf", "smiles": "O.O.O.O.O.O.O.O", "formula": "H16 O8", "formula_pretty": "H2O", "formula_anonymous": "AB2", "formula_alphabetical": "H16 O8", "chemsys": "H-O", "nsites": 24, "nelements": 2, "is_ordered": true, "is_valid": true, "tag": "unknown", "wall_time (s)": 22.709827941842377, "last_updated": "2021-02-10T02:02:38.923326", "_id": null}