{"input": {"molecule": {"charge": 0, "spin_multiplicity": 1, "sites": [{"name": "O", "species": [{"element": "O", "occu": 1}], "xyz": [-0.340301, 1.51943, -0.378192], "properties": {}}, {"name": "H", "species": [{"element": "H", "occu": 1}], "xyz": [0.008649, 0.68652, -0.728279], "properties": {}}, {"name": "H", "species": [{"element": "H", "occu": 1}], "xyz": [-1.325371, 1.409276, -0.298051], "properties": {}}, {"name": "O", "species": [{"element": "O", "occu": 1}], "xyz": [-2.965895, 1.354441, 0.184171], "properties": {}}, {"name": "H", "species": [{"element": "H", "occu": 1}], "xyz": [-2.962506, 0.601254, 0.818068], "properties": {}}, {"name": "H", "species": [{"element": "H", "occu": 1}], "xyz": [-3.082614, 2.135046, 0.763607], "properties": {}}, {"name": "O", "species": [{"element": "O", "occu": 1}], "xyz": [-2.819037, 3.070841, 2.427495], "properties": {}}, {"name": "H", "species": [{"element": "H", "occu": 1}], "xyz": [-1.873432, 2.773366, 2.407379], "properties": {}}, {"name": "H", "species": [{"element": "H", "occu": 1}], "xyz": [-3.283686, 2.421284, 2.996951], "properties": {}}, {"name": "H", "species": [{"element": "H", "occu": 1}], "xyz": [0.071575, 1.711693, 2.949368], "properties": {}}, {"name": "O", "species": [{"element": "O", "occu": 1}], "xyz": [-0.20559, 2.356031, 2.269721], "properties": {}}, {"name": "H", "species": [{"element": "H", "occu": 1}], "xyz": [-0.07031, 1.941323, 1.392044], "properties": {}}, {"name": "H", "species": [{"element": "H", "occu": 1}], "xyz": [-1.861944, -0.802303, 2.328408], "properties": {}}, {"name": "O", "species": [{"element": "O", "occu": 1}], "xyz": [-2.787475, -0.552632, 2.191635], "properties": {}}, {"name": "H", "species": [{"element": "H", "occu": 1}], "xyz": [-3.062351, -0.075564, 3.005155], "properties": {}}, {"name": "H", "species": [{"element": "H", "occu": 1}], "xyz": [-0.928271, 1.826542, 5.420332], "properties": {}}, {"name": "H", "species": [{"element": "H", "occu": 1}], "xyz": [-1.792588, 3.143408, 5.429099], "properties": {}}, {"name": "O", "species": [{"element": "O", "occu": 1}], "xyz": [-1.760077, 2.215849, 5.754457], "properties": {}}, {"name": "H", "species": [{"element": "H", "occu": 1}], "xyz": [-3.010939, 1.433584, 4.918348], "properties": {}}, {"name": "O", "species": [{"element": "O", "occu": 1}], "xyz": [-3.648951, 1.099837, 4.23087], "properties": {}}, {"name": "H", "species": [{"element": "H", "occu": 1}], "xyz": [-4.50763, 0.977874, 4.661602], "properties": {}}, {"name": "H", "species": [{"element": "H", "occu": 1}], "xyz": [0.14362, 3.007202, -1.319254], "properties": {}}, {"name": "O", "species": [{"element": "O", "occu": 1}], "xyz": [0.437031, 3.828598, -1.764964], "properties": {}}, {"name": "H", "species": [{"element": "H", "occu": 1}], "xyz": [-0.102835, 3.896007, -2.564558], "properties": {}}, {"name": "O", "species": [{"element": "O", "occu": 1}], "xyz": [-2.25317, 4.685472, 4.599117], "properties": {}}, {"name": "H", "species": [{"element": "H", "occu": 1}], "xyz": [-2.502992, 4.316028, 3.722239], "properties": {}}, {"name": "H", "species": [{"element": "H", "occu": 1}], "xyz": [-1.539909, 5.318891, 4.434291], "properties": {}}, {"name": "O", "species": [{"element": "O", "occu": 1}], "xyz": [0.410177, 0.832906, 4.562504], "properties": {}}, {"name": "H", "species": [{"element": "H", "occu": 1}], "xyz": [0.235601, -0.121025, 4.583338], "properties": {}}, {"name": "H", "species": [{"element": "H", "occu": 1}], "xyz": [1.313389, 0.93971, 4.899268], "properties": {}}]}, "functional": "M062X", "basis_set": "6-31+G*", "route_parameters": {"NMR": "GIAO", "iop(7/33=1)": null, "int": "ultrafine", "EmpiricalDispersion": "GD3", "NoSymmetry": null, "test": null, "SCRF": "(Solvent=Water)"}, "title": "H20 O10", "charge": 0, "spin_multiplicity": 1, "input_parameters": {}, "link0_parameters": {"%chk": "checkpoint.chk", "%mem": "100GB", "%NProcShared": "24"}, "dieze_tag": "#P", "nbasisfunctions": 230, "pcm_parameters": {}}, "output": {"has_gaussian_completed": true, "is_pcm": true, "errors": [], "Mulliken_charges": {"1": ["O", -1.205727], "2": ["H", 0.540804], "3": ["H", 0.652554], "4": ["O", -1.254611], "5": ["H", 0.629572], "6": ["H", 0.623635], "7": ["O", -1.452375], "8": ["H", 0.695376], "9": ["H", 0.679032], "10": ["H", 0.616802], "11": ["O", -1.193197], "12": ["H", 0.619144], "13": ["H", 0.539336], "14": ["O", -1.154666], "15": ["H", 0.627453], "16": ["H", 0.625328], "17": ["H", 0.62692], "18": ["O", -1.242326], "19": ["H", 0.624392], "20": ["O", -1.166737], "21": ["H", 0.541745], "22": ["H", 0.598525], "23": ["O", -1.073305], "24": ["H", 0.493164], "25": ["O", -1.129954], "26": ["H", 0.625142], "27": ["H", 0.532658], "28": ["O", -1.107987], "29": ["H", 0.542501], "30": ["H", 0.5468]}, "tensor": {"1": {"type": "O", "Isotropic": 295.5595, "Anisotropy": 39.3956, "tensor": [], "eigenvalues": [280.2497, 284.6056, 321.8232]}, "2": {"type": "H", "Isotropic": 30.2621, "Anisotropy": 17.8917, "tensor": [], "eigenvalues": [23.4678, 25.1286, 42.1899]}, "3": {"type": "H", "Isotropic": 24.9119, "Anisotropy": 31.5813, "tensor": [[3.0191, 13.1896, 0.1709]], "eigenvalues": [12.8161, 15.9535, 45.9661]}, "4": {"type": "O", "Isotropic": 289.4616, "Anisotropy": 21.9713, "tensor": [], "eigenvalues": [274.7909, 289.4848, 304.1092]}, "5": {"type": "H", "Isotropic": 26.6132, "Anisotropy": 27.3576, "tensor": [[15.9123, 0.5091, 0.3963]], "eigenvalues": [15.727, 19.261, 44.8516]}, "6": {"type": "H", "Isotropic": 28.0245, "Anisotropy": 23.0304, "tensor": [[0.0339, 11.1654, 31.8685]], "eigenvalues": [18.5288, 22.1667, 43.3781]}, "7": {"type": "O", "Isotropic": 277.0786, "Anisotropy": 15.6631, "tensor": [[1.2, 269.9049, 5.601]], "eigenvalues": [264.9147, 278.8005, 287.5206]}, "8": {"type": "H", "Isotropic": 25.4251, "Anisotropy": 28.4869, "tensor": [], "eigenvalues": [14.8606, 16.9984, 44.4164]}, "9": {"type": "H", "Isotropic": 27.3686, "Anisotropy": 24.6822, "tensor": [], "eigenvalues": [18.6086, 19.6737, 43.8234]}, "10": {"type": "H", "Isotropic": 27.6496, "Anisotropy": 27.856, "tensor": [], "eigenvalues": [17.178, 19.5506, 46.2203]}, "11": {"type": "O", "Isotropic": 298.0151, "Anisotropy": 48.8115, "tensor": [], "eigenvalues": [271.4098, 292.0794, 330.5561]}, "12": {"type": "H", "Isotropic": 27.0943, "Anisotropy": 29.0401, "tensor": [], "eigenvalues": [16.5387, 18.2899, 46.4544]}, "13": {"type": "H", "Isotropic": 30.6559, "Anisotropy": 15.7768, "tensor": [], "eigenvalues": [24.7505, 26.0435, 41.1738]}, "14": {"type": "O", "Isotropic": 305.73, "Anisotropy": 39.7517, "tensor": [], "eigenvalues": [286.2738, 298.6851, 332.2311]}, "15": {"type": "H", "Isotropic": 26.7173, "Anisotropy": 29.0836, "tensor": [], "eigenvalues": [16.1665, 17.879, 46.1063]}, "16": {"type": "H", "Isotropic": 27.6538, "Anisotropy": 26.8448, "tensor": [], "eigenvalues": [17.4942, 19.9168, 45.5503]}, "17": {"type": "H", "Isotropic": 26.5415, "Anisotropy": 27.9978, "tensor": [], "eigenvalues": [15.9745, 18.4432, 45.2067]}, "18": {"type": "O", "Isotropic": 295.2715, "Anisotropy": 36.352, "tensor": [[6.0844, 0.345, 278.725]], "eigenvalues": [277.0422, 289.2662, 319.5061]}, "19": {"type": "H", "Isotropic": 24.7262, "Anisotropy": 31.2344, "tensor": [[29.6205, 9.631, 11.6945], [10.0392, 17.8355, 6.5256], [12.5918, 7.2599, 26.7225]], "eigenvalues": [12.2628, 16.3666, 45.5491]}, "20": {"type": "O", "Isotropic": 294.7971, "Anisotropy": 39.1089, "tensor": [[308.9152, 14.7116, 5.2027], [20.6131, 282.2796, 5.0842], [9.1616, 7.8611, 293.1967]], "eigenvalues": [273.1072, 290.4144, 320.8698]}, "21": {"type": "H", "Isotropic": 30.0123, "Anisotropy": 20.1541, "tensor": [], "eigenvalues": [22.5146, 24.0739, 43.4483]}, "22": {"type": "H", "Isotropic": 27.4529, "Anisotropy": 32.473, "tensor": [], "eigenvalues": [16.0936, 17.1635, 49.1016]}, "23": {"type": "O", "Isotropic": 321.7341, "Anisotropy": 61.848, "tensor": [[302.6532, 5.1686, 6.4755]], "eigenvalues": [292.8518, 309.3843, 362.966]}, "24": {"type": "H", "Isotropic": 31.0431, "Anisotropy": 18.7162, "tensor": [], "eigenvalues": [23.5798, 26.029, 43.5206]}, "25": {"type": "O", "Isotropic": 306.9133, "Anisotropy": 48.8961, "tensor": [[293.8424, 13.1512, 12.8357], [21.1904, 317.9497, 11.8788], [16.698, 16.4897, 308.9479]], "eigenvalues": [282.5188, 298.7104, 339.5107]}, "26": {"type": "H", "Isotropic": 26.8673, "Anisotropy": 28.6335, "tensor": [[17.5437, 3.2913, 5.6868], [3.4349, 26.6628, 11.1418], [6.3865, 12.4429, 36.3955]], "eigenvalues": [15.7746, 18.8711, 45.9564]}, "27": {"type": "H", "Isotropic": 30.4187, "Anisotropy": 18.4253, "tensor": [[9.341, 34.682, 0.1374]], "eigenvalues": [23.4263, 25.1275, 42.7022]}, "28": {"type": "O", "Isotropic": 312.1192, "Anisotropy": 21.9055, "tensor": [[319.3461, 7.5097, 8.0072], [6.3982, 317.9528, 0.3294]], "eigenvalues": [296.4179, 313.2169, 326.7229]}, "29": {"type": "H", "Isotropic": 29.8142, "Anisotropy": 17.05, "tensor": [[25.4078, 1.8641, 1.115]], "eigenvalues": [22.6091, 25.6526, 41.1809]}, "30": {"type": "H", "Isotropic": 29.7341, "Anisotropy": 19.8195, "tensor": [[40.1187, 2.3452, 6.7814], [1.0005, 23.6595, 0.1139], [6.8483, 0.8083, 25.4241]], "eigenvalues": [22.709, 23.5463, 42.9471]}}, "output": {"energies": [-764.041004108], "final_energy": -764.041004108, "final_energy_per_atom": -25.46803347026667, "molecule": {"charge": 0.0, "spin_multiplicity": 1, "sites": [{"name": "O", "species": [{"element": "O", "occu": 1}], "xyz": [-0.340301, 1.51943, -0.378192], "properties": {}}, {"name": "H", "species": [{"element": "H", "occu": 1}], "xyz": [0.008649, 0.68652, -0.728279], "properties": {}}, {"name": "H", "species": [{"element": "H", "occu": 1}], "xyz": [-1.325371, 1.409276, -0.298051], "properties": {}}, {"name": "O", "species": [{"element": "O", "occu": 1}], "xyz": [-2.965895, 1.354441, 0.184171], "properties": {}}, {"name": "H", "species": [{"element": "H", "occu": 1}], "xyz": [-2.962506, 0.601254, 0.818068], "properties": {}}, {"name": "H", "species": [{"element": "H", "occu": 1}], "xyz": [-3.082614, 2.135046, 0.763607], "properties": {}}, {"name": "O", "species": [{"element": "O", "occu": 1}], "xyz": [-2.819037, 3.070841, 2.427495], "properties": {}}, {"name": "H", "species": [{"element": "H", "occu": 1}], "xyz": [-1.873432, 2.773366, 2.407379], "properties": {}}, {"name": "H", "species": [{"element": "H", "occu": 1}], "xyz": [-3.283686, 2.421284, 2.996951], "properties": {}}, {"name": "H", "species": [{"element": "H", "occu": 1}], "xyz": [0.071575, 1.711693, 2.949368], "properties": {}}, {"name": "O", "species": [{"element": "O", "occu": 1}], "xyz": [-0.20559, 2.356031, 2.269721], "properties": {}}, {"name": "H", "species": [{"element": "H", "occu": 1}], "xyz": [-0.07031, 1.941323, 1.392044], "properties": {}}, {"name": "H", "species": [{"element": "H", "occu": 1}], "xyz": [-1.861944, -0.802303, 2.328408], "properties": {}}, {"name": "O", "species": [{"element": "O", "occu": 1}], "xyz": [-2.787475, -0.552632, 2.191635], "properties": {}}, {"name": "H", "species": [{"element": "H", "occu": 1}], "xyz": [-3.062351, -0.075564, 3.005155], "properties": {}}, {"name": "H", "species": [{"element": "H", "occu": 1}], "xyz": [-0.928271, 1.826542, 5.420332], "properties": {}}, {"name": "H", "species": [{"element": "H", "occu": 1}], "xyz": [-1.792588, 3.143408, 5.429099], "properties": {}}, {"name": "O", "species": [{"element": "O", "occu": 1}], "xyz": [-1.760077, 2.215849, 5.754457], "properties": {}}, {"name": "H", "species": [{"element": "H", "occu": 1}], "xyz": [-3.010939, 1.433584, 4.918348], "properties": {}}, {"name": "O", "species": [{"element": "O", "occu": 1}], "xyz": [-3.648951, 1.099837, 4.23087], "properties": {}}, {"name": "H", "species": [{"element": "H", "occu": 1}], "xyz": [-4.50763, 0.977874, 4.661602], "properties": {}}, {"name": "H", "species": [{"element": "H", "occu": 1}], "xyz": [0.14362, 3.007202, -1.319254], "properties": {}}, {"name": "O", "species": [{"element": "O", "occu": 1}], "xyz": [0.437031, 3.828598, -1.764964], "properties": {}}, {"name": "H", "species": [{"element": "H", "occu": 1}], "xyz": [-0.102835, 3.896007, -2.564558], "properties": {}}, {"name": "O", "species": [{"element": "O", "occu": 1}], "xyz": [-2.25317, 4.685472, 4.599117], "properties": {}}, {"name": "H", "species": [{"element": "H", "occu": 1}], "xyz": [-2.502992, 4.316028, 3.722239], "properties": {}}, {"name": "H", "species": [{"element": "H", "occu": 1}], "xyz": [-1.539909, 5.318891, 4.434291], "properties": {}}, {"name": "O", "species": [{"element": "O", "occu": 1}], "xyz": [0.410177, 0.832906, 4.562504], "properties": {}}, {"name": "H", "species": [{"element": "H", "occu": 1}], "xyz": [0.235601, -0.121025, 4.583338], "properties": {}}, {"name": "H", "species": [{"element": "H", "occu": 1}], "xyz": [1.313389, 0.93971, 4.899268], "properties": {}}]}, "stationary_type": "Minimum", "corrections": {}, "tensor": {"1": {"type": "O", "Isotropic": 295.5595, "Anisotropy": 39.3956, "tensor": [], "eigenvalues": [280.2497, 284.6056, 321.8232]}, "2": {"type": "H", "Isotropic": 30.2621, "Anisotropy": 17.8917, "tensor": [], "eigenvalues": [23.4678, 25.1286, 42.1899]}, "3": {"type": "H", "Isotropic": 24.9119, "Anisotropy": 31.5813, "tensor": [[3.0191, 13.1896, 0.1709]], "eigenvalues": [12.8161, 15.9535, 45.9661]}, "4": {"type": "O", "Isotropic": 289.4616, "Anisotropy": 21.9713, "tensor": [], "eigenvalues": [274.7909, 289.4848, 304.1092]}, "5": {"type": "H", "Isotropic": 26.6132, "Anisotropy": 27.3576, "tensor": [[15.9123, 0.5091, 0.3963]], "eigenvalues": [15.727, 19.261, 44.8516]}, "6": {"type": "H", "Isotropic": 28.0245, "Anisotropy": 23.0304, "tensor": [[0.0339, 11.1654, 31.8685]], "eigenvalues": [18.5288, 22.1667, 43.3781]}, "7": {"type": "O", "Isotropic": 277.0786, "Anisotropy": 15.6631, "tensor": [[1.2, 269.9049, 5.601]], "eigenvalues": [264.9147, 278.8005, 287.5206]}, "8": {"type": "H", "Isotropic": 25.4251, "Anisotropy": 28.4869, "tensor": [], "eigenvalues": [14.8606, 16.9984, 44.4164]}, "9": {"type": "H", "Isotropic": 27.3686, "Anisotropy": 24.6822, "tensor": [], "eigenvalues": [18.6086, 19.6737, 43.8234]}, "10": {"type": "H", "Isotropic": 27.6496, "Anisotropy": 27.856, "tensor": [], "eigenvalues": [17.178, 19.5506, 46.2203]}, "11": {"type": "O", "Isotropic": 298.0151, "Anisotropy": 48.8115, "tensor": [], "eigenvalues": [271.4098, 292.0794, 330.5561]}, "12": {"type": "H", "Isotropic": 27.0943, "Anisotropy": 29.0401, "tensor": [], "eigenvalues": [16.5387, 18.2899, 46.4544]}, "13": {"type": "H", "Isotropic": 30.6559, "Anisotropy": 15.7768, "tensor": [], "eigenvalues": [24.7505, 26.0435, 41.1738]}, "14": {"type": "O", "Isotropic": 305.73, "Anisotropy": 39.7517, "tensor": [], "eigenvalues": [286.2738, 298.6851, 332.2311]}, "15": {"type": "H", "Isotropic": 26.7173, "Anisotropy": 29.0836, "tensor": [], "eigenvalues": [16.1665, 17.879, 46.1063]}, "16": {"type": "H", "Isotropic": 27.6538, "Anisotropy": 26.8448, "tensor": [], "eigenvalues": [17.4942, 19.9168, 45.5503]}, "17": {"type": "H", "Isotropic": 26.5415, "Anisotropy": 27.9978, "tensor": [], "eigenvalues": [15.9745, 18.4432, 45.2067]}, "18": {"type": "O", "Isotropic": 295.2715, "Anisotropy": 36.352, "tensor": [[6.0844, 0.345, 278.725]], "eigenvalues": [277.0422, 289.2662, 319.5061]}, "19": {"type": "H", "Isotropic": 24.7262, "Anisotropy": 31.2344, "tensor": [[29.6205, 9.631, 11.6945], [10.0392, 17.8355, 6.5256], [12.5918, 7.2599, 26.7225]], "eigenvalues": [12.2628, 16.3666, 45.5491]}, "20": {"type": "O", "Isotropic": 294.7971, "Anisotropy": 39.1089, "tensor": [[308.9152, 14.7116, 5.2027], [20.6131, 282.2796, 5.0842], [9.1616, 7.8611, 293.1967]], "eigenvalues": [273.1072, 290.4144, 320.8698]}, "21": {"type": "H", "Isotropic": 30.0123, "Anisotropy": 20.1541, "tensor": [], "eigenvalues": [22.5146, 24.0739, 43.4483]}, "22": {"type": "H", "Isotropic": 27.4529, "Anisotropy": 32.473, "tensor": [], "eigenvalues": [16.0936, 17.1635, 49.1016]}, "23": {"type": "O", "Isotropic": 321.7341, "Anisotropy": 61.848, "tensor": [[302.6532, 5.1686, 6.4755]], "eigenvalues": [292.8518, 309.3843, 362.966]}, "24": {"type": "H", "Isotropic": 31.0431, "Anisotropy": 18.7162, "tensor": [], "eigenvalues": [23.5798, 26.029, 43.5206]}, "25": {"type": "O", "Isotropic": 306.9133, "Anisotropy": 48.8961, "tensor": [[293.8424, 13.1512, 12.8357], [21.1904, 317.9497, 11.8788], [16.698, 16.4897, 308.9479]], "eigenvalues": [282.5188, 298.7104, 339.5107]}, "26": {"type": "H", "Isotropic": 26.8673, "Anisotropy": 28.6335, "tensor": [[17.5437, 3.2913, 5.6868], [3.4349, 26.6628, 11.1418], [6.3865, 12.4429, 36.3955]], "eigenvalues": [15.7746, 18.8711, 45.9564]}, "27": {"type": "H", "Isotropic": 30.4187, "Anisotropy": 18.4253, "tensor": [[9.341, 34.682, 0.1374]], "eigenvalues": [23.4263, 25.1275, 42.7022]}, "28": {"type": "O", "Isotropic": 312.1192, "Anisotropy": 21.9055, "tensor": [[319.3461, 7.5097, 8.0072], [6.3982, 317.9528, 0.3294]], "eigenvalues": [296.4179, 313.2169, 326.7229]}, "29": {"type": "H", "Isotropic": 29.8142, "Anisotropy": 17.05, "tensor": [[25.4078, 1.8641, 1.115]], "eigenvalues": [22.6091, 25.6526, 41.1809]}, "30": {"type": "H", "Isotropic": 29.7341, "Anisotropy": 19.8195, "tensor": [[40.1187, 2.3452, 6.7814], [1.0005, 23.6595, 0.1139], [6.8483, 0.8083, 25.4241]], "eigenvalues": [22.709, 23.5463, 42.9471]}}}}, "functional": "M062X", "basis": "6-31+G*", "phase": "solution", "type": "nmr;scrf", "smiles": "O.O.O.O.O.O.O.O.O.O", "formula": "H20 O10", "formula_pretty": "H2O", "formula_anonymous": "AB2", "formula_alphabetical": "H20 O10", "chemsys": "H-O", "nsites": 30, "nelements": 2, "is_ordered": true, "is_valid": true, "tag": "unknown", "wall_time (s)": 28.820059463381767, "last_updated": "2021-02-11T20:50:49.842566", "_id": null}