{"input": {"molecule": {"charge": 0, "spin_multiplicity": 1, "sites": [{"name": "O", "species": [{"element": "O", "occu": 1}], "xyz": [1.833768, 2.227885, -3.104051], "properties": {}}, {"name": "C", "species": [{"element": "C", "occu": 1}], "xyz": [2.721006, 3.312763, -3.240229], "properties": {}}, {"name": "C", "species": [{"element": "C", "occu": 1}], "xyz": [1.098891, 2.303845, -1.902696], "properties": {}}, {"name": "C", "species": [{"element": "C", "occu": 1}], "xyz": [0.208184, 1.085691, -1.824966], "properties": {}}, {"name": "O", "species": [{"element": "O", "occu": 1}], "xyz": [-0.531549, 1.169504, -0.629488], "properties": {}}, {"name": "C", "species": [{"element": "C", "occu": 1}], "xyz": [-1.308504, 0.019036, -0.395338], "properties": {}}, {"name": "H", "species": [{"element": "H", "occu": 1}], "xyz": [3.440226, 3.343116, -2.410272], "properties": {}}, {"name": "H", "species": [{"element": "H", "occu": 1}], "xyz": [2.180878, 4.269776, -3.26823], "properties": {}}, {"name": "H", "species": [{"element": "H", "occu": 1}], "xyz": [0.493543, 3.220851, -1.876867], "properties": {}}, {"name": "H", "species": [{"element": "H", "occu": 1}], "xyz": [1.78067, 2.319575, -1.041644], "properties": {}}, {"name": "H", "species": [{"element": "H", "occu": 1}], "xyz": [0.826784, 0.174957, -1.834285], "properties": {}}, {"name": "H", "species": [{"element": "H", "occu": 1}], "xyz": [-0.461044, 1.045507, -2.697988], "properties": {}}, {"name": "H", "species": [{"element": "H", "occu": 1}], "xyz": [-0.684297, -0.88588, -0.377556], "properties": {}}, {"name": "H", "species": [{"element": "H", "occu": 1}], "xyz": [-2.082687, -0.106618, -1.165892], "properties": {}}, {"name": "H", "species": [{"element": "H", "occu": 1}], "xyz": [-1.783475, 0.142807, 0.57859], "properties": {}}, {"name": "H", "species": [{"element": "H", "occu": 1}], "xyz": [3.262261, 3.18118, -4.178584], "properties": {}}, {"name": "H", "species": [{"element": "H", "occu": 1}], "xyz": [3.755535, 3.890501, 1.852184], "properties": {}}, {"name": "H", "species": [{"element": "H", "occu": 1}], "xyz": [-1.759628, 3.749152, -1.078167], "properties": {}}, {"name": "H", "species": [{"element": "H", "occu": 1}], "xyz": [2.076282, 4.391064, 0.264748], "properties": {}}, {"name": "H", "species": [{"element": "H", "occu": 1}], "xyz": [-0.143214, 3.365735, 0.625395], "properties": {}}, {"name": "C", "species": [{"element": "C", "occu": 1}], "xyz": [1.425814, 4.776203, 1.064194], "properties": {}}, {"name": "C", "species": [{"element": "C", "occu": 1}], "xyz": [-1.661368, 4.822385, -0.866794], "properties": {}}, {"name": "C", "species": [{"element": "C", "occu": 1}], "xyz": [3.111878, 4.337903, 2.621844], "properties": {}}, {"name": "C", "species": [{"element": "C", "occu": 1}], "xyz": [-0.017028, 4.450348, 0.753867], "properties": {}}, {"name": "O", "species": [{"element": "O", "occu": 1}], "xyz": [-0.359315, 5.134607, -0.431837], "properties": {}}, {"name": "O", "species": [{"element": "O", "occu": 1}], "xyz": [1.750844, 4.176706, 2.295933], "properties": {}}, {"name": "H", "species": [{"element": "H", "occu": 1}], "xyz": [-1.848512, 5.388084, -1.781113], "properties": {}}, {"name": "H", "species": [{"element": "H", "occu": 1}], "xyz": [3.283284, 3.831162, 3.572832], "properties": {}}, {"name": "H", "species": [{"element": "H", "occu": 1}], "xyz": [1.560649, 5.867529, 1.113766], "properties": {}}, {"name": "H", "species": [{"element": "H", "occu": 1}], "xyz": [-0.660495, 4.772101, 1.586772], "properties": {}}, {"name": "H", "species": [{"element": "H", "occu": 1}], "xyz": [3.373897, 5.399961, 2.729218], "properties": {}}, {"name": "H", "species": [{"element": "H", "occu": 1}], "xyz": [-2.41204, 5.101077, -0.113824], "properties": {}}, {"name": "H", "species": [{"element": "H", "occu": 1}], "xyz": [0.544521, -0.478852, 3.902749], "properties": {}}, {"name": "O", "species": [{"element": "O", "occu": 1}], "xyz": [2.009233, 0.153821, 2.656644], "properties": {}}, {"name": "H", "species": [{"element": "H", "occu": 1}], "xyz": [4.171563, 1.436784, 2.171761], "properties": {}}, {"name": "C", "species": [{"element": "C", "occu": 1}], "xyz": [0.635567, 0.02678, 2.939753], "properties": {}}, {"name": "H", "species": [{"element": "H", "occu": 1}], "xyz": [0.147267, 1.009152, 2.997892], "properties": {}}, {"name": "C", "species": [{"element": "C", "occu": 1}], "xyz": [3.726075, 0.993696, 1.268158], "properties": {}}, {"name": "H", "species": [{"element": "H", "occu": 1}], "xyz": [4.187113, 0.006455, 1.11494], "properties": {}}, {"name": "H", "species": [{"element": "H", "occu": 1}], "xyz": [5.828529, 2.482258, 0.715382], "properties": {}}, {"name": "C", "species": [{"element": "C", "occu": 1}], "xyz": [2.233138, 0.859022, 1.456667], "properties": {}}, {"name": "H", "species": [{"element": "H", "occu": 1}], "xyz": [0.12132, -0.568441, 2.172718], "properties": {}}, {"name": "C", "species": [{"element": "C", "occu": 1}], "xyz": [5.309456, 2.005033, -0.128214], "properties": {}}, {"name": "H", "species": [{"element": "H", "occu": 1}], "xyz": [5.805089, 1.049566, -0.349037], "properties": {}}, {"name": "H", "species": [{"element": "H", "occu": 1}], "xyz": [1.780557, 1.857985, 1.510017], "properties": {}}, {"name": "O", "species": [{"element": "O", "occu": 1}], "xyz": [3.941875, 1.822563, 0.149124], "properties": {}}, {"name": "H", "species": [{"element": "H", "occu": 1}], "xyz": [1.784507, 0.328559, 0.604522], "properties": {}}, {"name": "H", "species": [{"element": "H", "occu": 1}], "xyz": [5.384403, 2.653465, -1.002784], "properties": {}}, {"name": "H", "species": [{"element": "H", "occu": 1}], "xyz": [-5.091791, 4.181684, -0.64961], "properties": {}}, {"name": "H", "species": [{"element": "H", "occu": 1}], "xyz": [-5.991941, 3.049767, -1.691713], "properties": {}}, {"name": "C", "species": [{"element": "C", "occu": 1}], "xyz": [-5.092556, 3.173232, -1.086763], "properties": {}}, {"name": "H", "species": [{"element": "H", "occu": 1}], "xyz": [-3.97743, 3.224198, 1.295648], "properties": {}}, {"name": "O", "species": [{"element": "O", "occu": 1}], "xyz": [-5.113699, 2.180698, -0.088222], "properties": {}}, {"name": "H", "species": [{"element": "H", "occu": 1}], "xyz": [-4.210257, 3.070304, -1.733947], "properties": {}}, {"name": "C", "species": [{"element": "C", "occu": 1}], "xyz": [-3.99854, 2.25885, 0.767477], "properties": {}}, {"name": "H", "species": [{"element": "H", "occu": 1}], "xyz": [-5.016201, 1.236057, 2.366483], "properties": {}}, {"name": "C", "species": [{"element": "C", "occu": 1}], "xyz": [-4.102144, 1.127503, 1.763973], "properties": {}}, {"name": "H", "species": [{"element": "H", "occu": 1}], "xyz": [-3.061296, 2.166408, 0.200671], "properties": {}}, {"name": "O", "species": [{"element": "O", "occu": 1}], "xyz": [-2.956103, 1.168355, 2.580222], "properties": {}}, {"name": "H", "species": [{"element": "H", "occu": 1}], "xyz": [-3.833015, 0.216378, 4.205864], "properties": {}}, {"name": "H", "species": [{"element": "H", "occu": 1}], "xyz": [-4.166365, 0.167821, 1.227757], "properties": {}}, {"name": "C", "species": [{"element": "C", "occu": 1}], "xyz": [-2.953783, 0.147855, 3.550614], "properties": {}}, {"name": "H", "species": [{"element": "H", "occu": 1}], "xyz": [-2.053111, 0.27035, 4.153421], "properties": {}}, {"name": "H", "species": [{"element": "H", "occu": 1}], "xyz": [-2.941396, -0.847406, 3.083856], "properties": {}}]}, "functional": "PBE1PBE", "basis_set": "6-311++G**", "route_parameters": {"NMR": "GIAO", "iop(7/33=1)": null, "int": "ultrafine", "EmpiricalDispersion": "GD3", "NoSymmetry": null, "test": null, "SCRF": "(Solvent=TetraHydroFuran)"}, "title": "H40 C16 O8", "charge": 0, "spin_multiplicity": 1, "input_parameters": {}, "link0_parameters": {"%chk": "checkpoint.chk", "%mem": "100GB", "%NProcShared": "28"}, "dieze_tag": "#P", "nbasisfunctions": 808, "pcm_parameters": {}}, "output": {"has_gaussian_completed": true, "is_pcm": true, "errors": [], "Mulliken_charges": {"1": ["O", 0.001999], "2": ["C", -0.463017], "3": ["C", -0.559228], "4": ["C", -0.651328], "5": ["O", 0.125951], "6": ["C", -0.63148], "7": ["H", 0.194315], "8": ["H", 0.174123], "9": ["H", 0.168224], "10": ["H", 0.434022], "11": ["H", 0.243039], "12": ["H", 0.216995], "13": ["H", 0.189938], "14": ["H", 0.206948], "15": ["H", -0.014295], "16": ["H", 0.21351], "17": ["H", 0.181445], "18": ["H", 0.277143], "19": ["H", 0.265838], "20": ["H", 0.254429], "21": ["C", -0.513973], "22": ["C", -0.588235], "23": ["C", -0.386351], "24": ["C", -0.6933], "25": ["O", 0.031974], "26": ["O", 0.05213], "27": ["H", 0.213297], "28": ["H", 0.187853], "29": ["H", 0.197183], "30": ["H", 0.234788], "31": ["H", 0.187598], "32": ["H", 0.210115], "33": ["H", 0.225377], "34": ["O", 0.027001], "35": ["H", 0.244194], "36": ["C", -0.524782], "37": ["H", 0.211021], "38": ["C", -0.772277], "39": ["H", 0.182809], "40": ["H", 0.173616], "41": ["C", -0.485194], "42": ["H", 0.230042], "43": ["C", -0.43758], "44": ["H", 0.183672], "45": ["H", 0.20323], "46": ["O", 0.000726], "47": ["H", 0.30264], "48": ["H", 0.161465], "49": ["H", 0.176489], "50": ["H", 0.212657], "51": ["C", -0.464805], "52": ["H", 0.260731], "53": ["O", -0.013285], "54": ["H", 0.191794], "55": ["C", -0.615698], "56": ["H", 0.188496], "57": ["C", -0.658315], "58": ["H", 0.446259], "59": ["O", -0.029384], "60": ["H", 0.182675], "61": ["H", 0.251971], "62": ["C", -0.368937], "63": ["H", 0.1742], "64": ["H", 0.177543]}, "tensor": {"1": {"type": "O", "Isotropic": 318.2616, "Anisotropy": 32.4441, "tensor": [[8.4209, 316.5881, 15.812]], "eigenvalues": [290.8602, 324.0335, 339.891]}, "2": {"type": "C", "Isotropic": 129.0376, "Anisotropy": 86.4955, "tensor": [], "eigenvalues": [98.9075, 101.5039, 186.7012]}, "3": {"type": "C", "Isotropic": 117.2301, "Anisotropy": 77.9653, "tensor": [], "eigenvalues": [86.4211, 96.0622, 169.207]}, "4": {"type": "C", "Isotropic": 115.6442, "Anisotropy": 78.4188, "tensor": [], "eigenvalues": [83.6138, 95.3954, 167.9235]}, "5": {"type": "O", "Isotropic": 313.3952, "Anisotropy": 34.1658, "tensor": [[4.9454, 321.6136, 18.6383]], "eigenvalues": [290.3502, 313.6631, 336.1724]}, "6": {"type": "C", "Isotropic": 128.6065, "Anisotropy": 82.5934, "tensor": [], "eigenvalues": [98.3317, 103.8191, 183.6688]}, "7": {"type": "H", "Isotropic": 28.3887, "Anisotropy": 6.6039, "tensor": [[31.1952, 1.9319, 3.1168], [3.2688, 26.4707, 0.3393]], "eigenvalues": [24.5778, 27.797, 32.7913]}, "8": {"type": "H", "Isotropic": 28.4702, "Anisotropy": 7.5329, "tensor": [], "eigenvalues": [25.6928, 26.2257, 33.4921]}, "9": {"type": "H", "Isotropic": 28.287, "Anisotropy": 8.2051, "tensor": [], "eigenvalues": [24.8456, 26.2584, 33.7571]}, "10": {"type": "H", "Isotropic": 27.8253, "Anisotropy": 6.5827, "tensor": [], "eigenvalues": [23.6837, 27.5785, 32.2138]}, "11": {"type": "H", "Isotropic": 28.4228, "Anisotropy": 4.2288, "tensor": [], "eigenvalues": [26.618, 27.4083, 31.242]}, "12": {"type": "H", "Isotropic": 28.1964, "Anisotropy": 5.5182, "tensor": [[1.0462, 25.2092, 0.1858], [1.3661, 0.5962, 31.8334]], "eigenvalues": [24.8584, 27.8555, 31.8752]}, "13": {"type": "H", "Isotropic": 28.5703, "Anisotropy": 7.2408, "tensor": [[26.6896, 2.2727, 0.4788]], "eigenvalues": [25.4405, 26.8729, 33.3975]}, "14": {"type": "H", "Isotropic": 28.4289, "Anisotropy": 7.8644, "tensor": [[31.2731, 2.7352, 2.1187], [3.534, 28.2438, 2.4392], [0.3651, 0.5332, 25.7697]], "eigenvalues": [25.0602, 26.5546, 33.6718]}, "15": {"type": "H", "Isotropic": 27.9293, "Anisotropy": 9.7863, "tensor": [], "eigenvalues": [24.175, 25.1595, 34.4535]}, "16": {"type": "H", "Isotropic": 28.1738, "Anisotropy": 9.8451, "tensor": [], "eigenvalues": [24.2958, 25.4884, 34.7373]}, "17": {"type": "H", "Isotropic": 28.5054, "Anisotropy": 7.0729, "tensor": [[0.6043, 2.7956, 24.9337]], "eigenvalues": [23.2777, 29.0178, 33.2207]}, "18": {"type": "H", "Isotropic": 28.1332, "Anisotropy": 7.0509, "tensor": [[30.9949, 3.4143, 1.1478], [0.876, 29.3917, 0.7811], [1.0413, 2.2066, 24.0131]], "eigenvalues": [23.5843, 27.9816, 32.8338]}, "19": {"type": "H", "Isotropic": 28.1871, "Anisotropy": 3.5994, "tensor": [], "eigenvalues": [25.8189, 28.1557, 30.5867]}, "20": {"type": "H", "Isotropic": 27.8353, "Anisotropy": 4.973, "tensor": [[0.3285, 31.1354, 1.1149]], "eigenvalues": [24.8802, 27.475, 31.1506]}, "21": {"type": "C", "Isotropic": 116.4875, "Anisotropy": 78.2383, "tensor": [], "eigenvalues": [85.1413, 95.6747, 168.6463]}, "22": {"type": "C", "Isotropic": 128.5481, "Anisotropy": 84.555, "tensor": [[171.7909, 12.9807, 29.17], [14.7045, 104.2357, 6.0176], [25.7764, 4.643, 109.6178]], "eigenvalues": [99.2146, 101.5116, 184.9181]}, "23": {"type": "C", "Isotropic": 129.3962, "Anisotropy": 87.4351, "tensor": [[179.2202, 5.2334, 26.552], [7.2537, 101.0239, 4.9394], [23.3851, 2.9906, 107.9445]], "eigenvalues": [98.3458, 102.1566, 187.6863]}, "24": {"type": "C", "Isotropic": 117.6673, "Anisotropy": 76.7254, "tensor": [], "eigenvalues": [86.8371, 97.3471, 168.8176]}, "25": {"type": "O", "Isotropic": 315.9089, "Anisotropy": 27.6373, "tensor": [[320.0117, 9.3083, 2.9041]], "eigenvalues": [289.572, 323.8209, 334.3338]}, "26": {"type": "O", "Isotropic": 314.9491, "Anisotropy": 24.6069, "tensor": [], "eigenvalues": [292.565, 320.9286, 331.3537]}, "27": {"type": "H", "Isotropic": 28.2416, "Anisotropy": 8.575, "tensor": [], "eigenvalues": [24.2411, 26.5254, 33.9583]}, "28": {"type": "H", "Isotropic": 28.1702, "Anisotropy": 8.6179, "tensor": [[0.217, 25.6809, 0.2069]], "eigenvalues": [24.8523, 25.7428, 33.9155]}, "29": {"type": "H", "Isotropic": 28.3263, "Anisotropy": 5.0808, "tensor": [[0.446, 31.4744, 0.0094]], "eigenvalues": [24.7724, 28.493, 31.7135]}, "30": {"type": "H", "Isotropic": 28.3987, "Anisotropy": 3.3377, "tensor": [], "eigenvalues": [26.1339, 28.4384, 30.6239]}, "31": {"type": "H", "Isotropic": 28.5438, "Anisotropy": 9.6642, "tensor": [[30.1744, 5.0928, 2.1172], [2.1426, 29.4356, 2.5814], [2.5793, 3.2983, 26.0215]], "eigenvalues": [24.3122, 26.3327, 34.9866]}, "32": {"type": "H", "Isotropic": 28.466, "Anisotropy": 8.7622, "tensor": [[0.0381, 27.0465, 0.2101], [0.5841, 0.5296, 24.1265]], "eigenvalues": [24.0151, 27.0755, 34.3075]}, "33": {"type": "H", "Isotropic": 28.121, "Anisotropy": 8.5575, "tensor": [], "eigenvalues": [23.3329, 27.2042, 33.826]}, "34": {"type": "O", "Isotropic": 314.8783, "Anisotropy": 30.5354, "tensor": [], "eigenvalues": [288.431, 320.9688, 335.2352]}, "35": {"type": "H", "Isotropic": 28.3228, "Anisotropy": 3.4734, "tensor": [[1.415, 0.1661, 30.378]], "eigenvalues": [26.8233, 27.5068, 30.6385]}, "36": {"type": "C", "Isotropic": 127.7121, "Anisotropy": 87.7495, "tensor": [], "eigenvalues": [97.5066, 99.418, 186.2118]}, "37": {"type": "H", "Isotropic": 28.4303, "Anisotropy": 7.9902, "tensor": [[0.1376, 26.2587, 0.0318]], "eigenvalues": [25.5545, 25.9792, 33.757]}, "38": {"type": "C", "Isotropic": 115.2331, "Anisotropy": 75.8735, "tensor": [], "eigenvalues": [83.0672, 96.8166, 165.8154]}, "39": {"type": "H", "Isotropic": 28.2474, "Anisotropy": 5.0667, "tensor": [], "eigenvalues": [25.0437, 28.0732, 31.6252]}, "40": {"type": "H", "Isotropic": 28.5535, "Anisotropy": 9.1267, "tensor": [[33.6385, 2.6361, 2.5334], [2.094, 26.5554, 1.8432]], "eigenvalues": [24.388, 26.6346, 34.638]}, "41": {"type": "C", "Isotropic": 115.8447, "Anisotropy": 73.5904, "tensor": [], "eigenvalues": [85.9212, 96.7079, 164.9049]}, "42": {"type": "H", "Isotropic": 28.3217, "Anisotropy": 7.6507, "tensor": [[32.4461, 2.6952, 2.9036], [1.8598, 26.3134, 0.2812]], "eigenvalues": [25.2166, 26.3263, 33.4222]}, "43": {"type": "C", "Isotropic": 129.6885, "Anisotropy": 87.4252, "tensor": [], "eigenvalues": [99.2841, 101.8094, 187.972]}, "44": {"type": "H", "Isotropic": 28.5058, "Anisotropy": 9.9517, "tensor": [], "eigenvalues": [24.6804, 25.6967, 35.1402]}, "45": {"type": "H", "Isotropic": 27.871, "Anisotropy": 6.5451, "tensor": [], "eigenvalues": [25.0657, 26.3128, 32.2344]}, "46": {"type": "O", "Isotropic": 314.5318, "Anisotropy": 34.3646, "tensor": [], "eigenvalues": [289.5542, 316.5996, 337.4416]}, "47": {"type": "H", "Isotropic": 28.331, "Anisotropy": 5.4525, "tensor": [[28.4292, 0.9477, 0.9567]], "eigenvalues": [24.974, 28.0529, 31.966]}, "48": {"type": "H", "Isotropic": 28.0317, "Anisotropy": 8.8119, "tensor": [], "eigenvalues": [23.4603, 26.7285, 33.9063]}, "49": {"type": "H", "Isotropic": 28.6203, "Anisotropy": 7.2957, "tensor": [], "eigenvalues": [24.9655, 27.4112, 33.4841]}, "50": {"type": "H", "Isotropic": 28.182, "Anisotropy": 9.5517, "tensor": [], "eigenvalues": [24.0325, 25.9638, 34.5498]}, "51": {"type": "C", "Isotropic": 129.0362, "Anisotropy": 86.5008, "tensor": [], "eigenvalues": [99.0492, 101.356, 186.7034]}, "52": {"type": "H", "Isotropic": 28.2482, "Anisotropy": 2.6045, "tensor": [[28.1698, 1.2239, 1.2337], [0.9897, 1.976, 28.1919]], "eigenvalues": [26.8921, 27.868, 29.9845]}, "53": {"type": "O", "Isotropic": 315.9912, "Anisotropy": 34.3441, "tensor": [[326.7433, 14.2413, 15.8571]], "eigenvalues": [289.155, 319.9313, 338.8873]}, "54": {"type": "H", "Isotropic": 28.6605, "Anisotropy": 6.122, "tensor": [], "eigenvalues": [25.3396, 27.9, 32.7418]}, "55": {"type": "C", "Isotropic": 116.1694, "Anisotropy": 75.8948, "tensor": [[132.3168, 0.0799, 36.5868]], "eigenvalues": [86.042, 95.7002, 166.7659]}, "56": {"type": "H", "Isotropic": 28.298, "Anisotropy": 5.8728, "tensor": [], "eigenvalues": [24.5961, 28.0847, 32.2132]}, "57": {"type": "C", "Isotropic": 115.9445, "Anisotropy": 77.5218, "tensor": [], "eigenvalues": [83.9408, 96.267, 167.6257]}, "58": {"type": "H", "Isotropic": 27.9777, "Anisotropy": 7.7913, "tensor": [], "eigenvalues": [23.988, 26.7732, 33.1718]}, "59": {"type": "O", "Isotropic": 317.1769, "Anisotropy": 31.0465, "tensor": [[329.1772, 12.727, 12.8722]], "eigenvalues": [291.9744, 321.6817, 337.8746]}, "60": {"type": "H", "Isotropic": 28.6208, "Anisotropy": 9.7246, "tensor": [], "eigenvalues": [24.7644, 25.9941, 35.1039]}, "61": {"type": "H", "Isotropic": 28.4155, "Anisotropy": 3.6017, "tensor": [[28.9781, 1.7509, 1.7031], [1.2415, 1.6164, 28.5027]], "eigenvalues": [27.1149, 27.315, 30.8167]}, "62": {"type": "C", "Isotropic": 129.3372, "Anisotropy": 87.4204, "tensor": [], "eigenvalues": [98.5075, 101.8867, 187.6175]}, "63": {"type": "H", "Isotropic": 28.4556, "Anisotropy": 7.461, "tensor": [], "eigenvalues": [23.5729, 28.3642, 33.4295]}, "64": {"type": "H", "Isotropic": 28.7205, "Anisotropy": 7.6126, "tensor": [], "eigenvalues": [24.8919, 27.4739, 33.7955]}}, "output": {"energies": [-1234.41081293], "final_energy": -1234.41081293, "final_energy_per_atom": -19.28766895203125, "molecule": {"charge": 0.0, "spin_multiplicity": 1, "sites": [{"name": "O", "species": [{"element": "O", "occu": 1}], "xyz": [1.833768, 2.227885, -3.104051], "properties": {}}, {"name": "C", "species": [{"element": "C", "occu": 1}], "xyz": [2.721006, 3.312763, -3.240229], "properties": {}}, {"name": "C", "species": [{"element": "C", "occu": 1}], "xyz": [1.098891, 2.303845, -1.902696], "properties": {}}, {"name": "C", "species": [{"element": "C", "occu": 1}], "xyz": [0.208184, 1.085691, -1.824966], "properties": {}}, {"name": "O", "species": [{"element": "O", "occu": 1}], "xyz": [-0.531549, 1.169504, -0.629488], "properties": {}}, {"name": "C", "species": [{"element": "C", "occu": 1}], "xyz": [-1.308504, 0.019036, -0.395338], "properties": {}}, {"name": "H", "species": [{"element": "H", "occu": 1}], "xyz": [3.440226, 3.343116, -2.410272], "properties": {}}, {"name": "H", "species": [{"element": "H", "occu": 1}], "xyz": [2.180878, 4.269776, -3.26823], "properties": {}}, {"name": "H", "species": [{"element": "H", "occu": 1}], "xyz": [0.493543, 3.220851, -1.876867], "properties": {}}, {"name": "H", "species": [{"element": "H", "occu": 1}], "xyz": [1.78067, 2.319575, -1.041644], "properties": {}}, {"name": "H", "species": [{"element": "H", "occu": 1}], "xyz": [0.826784, 0.174957, -1.834285], "properties": {}}, {"name": "H", "species": [{"element": "H", "occu": 1}], "xyz": [-0.461044, 1.045507, -2.697988], "properties": {}}, {"name": "H", "species": [{"element": "H", "occu": 1}], "xyz": [-0.684297, -0.88588, -0.377556], "properties": {}}, {"name": "H", "species": [{"element": "H", "occu": 1}], "xyz": [-2.082687, -0.106618, -1.165892], "properties": {}}, {"name": "H", "species": [{"element": "H", "occu": 1}], "xyz": [-1.783475, 0.142807, 0.57859], "properties": {}}, {"name": "H", "species": [{"element": "H", "occu": 1}], "xyz": [3.262261, 3.18118, -4.178584], "properties": {}}, {"name": "H", "species": [{"element": "H", "occu": 1}], "xyz": [3.755535, 3.890501, 1.852184], "properties": {}}, {"name": "H", "species": [{"element": "H", "occu": 1}], "xyz": [-1.759628, 3.749152, -1.078167], "properties": {}}, {"name": "H", "species": [{"element": "H", "occu": 1}], "xyz": [2.076282, 4.391064, 0.264748], "properties": {}}, {"name": "H", "species": [{"element": "H", "occu": 1}], "xyz": [-0.143214, 3.365735, 0.625395], "properties": {}}, {"name": "C", "species": [{"element": "C", "occu": 1}], "xyz": [1.425814, 4.776203, 1.064194], "properties": {}}, {"name": "C", "species": [{"element": "C", "occu": 1}], "xyz": [-1.661368, 4.822385, -0.866794], "properties": {}}, {"name": "C", "species": [{"element": "C", "occu": 1}], "xyz": [3.111878, 4.337903, 2.621844], "properties": {}}, {"name": "C", "species": [{"element": "C", "occu": 1}], "xyz": [-0.017028, 4.450348, 0.753867], "properties": {}}, {"name": "O", "species": [{"element": "O", "occu": 1}], "xyz": [-0.359315, 5.134607, -0.431837], "properties": {}}, {"name": "O", "species": [{"element": "O", "occu": 1}], "xyz": [1.750844, 4.176706, 2.295933], "properties": {}}, {"name": "H", "species": [{"element": "H", "occu": 1}], "xyz": [-1.848512, 5.388084, -1.781113], "properties": {}}, {"name": "H", "species": [{"element": "H", "occu": 1}], "xyz": [3.283284, 3.831162, 3.572832], "properties": {}}, {"name": "H", "species": [{"element": "H", "occu": 1}], "xyz": [1.560649, 5.867529, 1.113766], "properties": {}}, {"name": "H", "species": [{"element": "H", "occu": 1}], "xyz": [-0.660495, 4.772101, 1.586772], "properties": {}}, {"name": "H", "species": [{"element": "H", "occu": 1}], "xyz": [3.373897, 5.399961, 2.729218], "properties": {}}, {"name": "H", "species": [{"element": "H", "occu": 1}], "xyz": [-2.41204, 5.101077, -0.113824], "properties": {}}, {"name": "H", "species": [{"element": "H", "occu": 1}], "xyz": [0.544521, -0.478852, 3.902749], "properties": {}}, {"name": "O", "species": [{"element": "O", "occu": 1}], "xyz": [2.009233, 0.153821, 2.656644], "properties": {}}, {"name": "H", "species": [{"element": "H", "occu": 1}], "xyz": [4.171563, 1.436784, 2.171761], "properties": {}}, {"name": "C", "species": [{"element": "C", "occu": 1}], "xyz": [0.635567, 0.02678, 2.939753], "properties": {}}, {"name": "H", "species": [{"element": "H", "occu": 1}], "xyz": [0.147267, 1.009152, 2.997892], "properties": {}}, {"name": "C", "species": [{"element": "C", "occu": 1}], "xyz": [3.726075, 0.993696, 1.268158], "properties": {}}, {"name": "H", "species": [{"element": "H", "occu": 1}], "xyz": [4.187113, 0.006455, 1.11494], "properties": {}}, {"name": "H", "species": [{"element": "H", "occu": 1}], "xyz": [5.828529, 2.482258, 0.715382], "properties": {}}, {"name": "C", "species": [{"element": "C", "occu": 1}], "xyz": [2.233138, 0.859022, 1.456667], "properties": {}}, {"name": "H", "species": [{"element": "H", "occu": 1}], "xyz": [0.12132, -0.568441, 2.172718], "properties": {}}, {"name": "C", "species": [{"element": "C", "occu": 1}], "xyz": [5.309456, 2.005033, -0.128214], "properties": {}}, {"name": "H", "species": [{"element": "H", "occu": 1}], "xyz": [5.805089, 1.049566, -0.349037], "properties": {}}, {"name": "H", "species": [{"element": "H", "occu": 1}], "xyz": [1.780557, 1.857985, 1.510017], "properties": {}}, {"name": "O", "species": [{"element": "O", "occu": 1}], "xyz": [3.941875, 1.822563, 0.149124], "properties": {}}, {"name": "H", "species": [{"element": "H", "occu": 1}], "xyz": [1.784507, 0.328559, 0.604522], "properties": {}}, {"name": "H", "species": [{"element": "H", "occu": 1}], "xyz": [5.384403, 2.653465, -1.002784], "properties": {}}, {"name": "H", "species": [{"element": "H", "occu": 1}], "xyz": [-5.091791, 4.181684, -0.64961], "properties": {}}, {"name": "H", "species": [{"element": "H", "occu": 1}], "xyz": [-5.991941, 3.049767, -1.691713], "properties": {}}, {"name": "C", "species": [{"element": "C", "occu": 1}], "xyz": [-5.092556, 3.173232, -1.086763], "properties": {}}, {"name": "H", "species": [{"element": "H", "occu": 1}], "xyz": [-3.97743, 3.224198, 1.295648], "properties": {}}, {"name": "O", "species": [{"element": "O", "occu": 1}], "xyz": [-5.113699, 2.180698, -0.088222], "properties": {}}, {"name": "H", "species": [{"element": "H", "occu": 1}], "xyz": [-4.210257, 3.070304, -1.733947], "properties": {}}, {"name": "C", "species": [{"element": "C", "occu": 1}], "xyz": [-3.99854, 2.25885, 0.767477], "properties": {}}, {"name": "H", "species": [{"element": "H", "occu": 1}], "xyz": [-5.016201, 1.236057, 2.366483], "properties": {}}, {"name": "C", "species": [{"element": "C", "occu": 1}], "xyz": [-4.102144, 1.127503, 1.763973], "properties": {}}, {"name": "H", "species": [{"element": "H", "occu": 1}], "xyz": [-3.061296, 2.166408, 0.200671], "properties": {}}, {"name": "O", "species": [{"element": "O", "occu": 1}], "xyz": [-2.956103, 1.168355, 2.580222], "properties": {}}, {"name": "H", "species": [{"element": "H", "occu": 1}], "xyz": [-3.833015, 0.216378, 4.205864], "properties": {}}, {"name": "H", "species": [{"element": "H", "occu": 1}], "xyz": [-4.166365, 0.167821, 1.227757], "properties": {}}, {"name": "C", "species": [{"element": "C", "occu": 1}], "xyz": [-2.953783, 0.147855, 3.550614], "properties": {}}, {"name": "H", "species": [{"element": "H", "occu": 1}], "xyz": [-2.053111, 0.27035, 4.153421], "properties": {}}, {"name": "H", "species": [{"element": "H", "occu": 1}], "xyz": [-2.941396, -0.847406, 3.083856], "properties": {}}]}, "stationary_type": "Minimum", "corrections": {}, "tensor": {"1": {"type": "O", "Isotropic": 318.2616, "Anisotropy": 32.4441, "tensor": [[8.4209, 316.5881, 15.812]], "eigenvalues": [290.8602, 324.0335, 339.891]}, "2": {"type": "C", "Isotropic": 129.0376, "Anisotropy": 86.4955, "tensor": [], "eigenvalues": [98.9075, 101.5039, 186.7012]}, "3": {"type": "C", "Isotropic": 117.2301, "Anisotropy": 77.9653, "tensor": [], "eigenvalues": [86.4211, 96.0622, 169.207]}, "4": {"type": "C", "Isotropic": 115.6442, "Anisotropy": 78.4188, "tensor": [], "eigenvalues": [83.6138, 95.3954, 167.9235]}, "5": {"type": "O", "Isotropic": 313.3952, "Anisotropy": 34.1658, "tensor": [[4.9454, 321.6136, 18.6383]], "eigenvalues": [290.3502, 313.6631, 336.1724]}, "6": {"type": "C", "Isotropic": 128.6065, "Anisotropy": 82.5934, "tensor": [], "eigenvalues": [98.3317, 103.8191, 183.6688]}, "7": {"type": "H", "Isotropic": 28.3887, "Anisotropy": 6.6039, "tensor": [[31.1952, 1.9319, 3.1168], [3.2688, 26.4707, 0.3393]], "eigenvalues": [24.5778, 27.797, 32.7913]}, "8": {"type": "H", "Isotropic": 28.4702, "Anisotropy": 7.5329, "tensor": [], "eigenvalues": [25.6928, 26.2257, 33.4921]}, "9": {"type": "H", "Isotropic": 28.287, "Anisotropy": 8.2051, "tensor": [], "eigenvalues": [24.8456, 26.2584, 33.7571]}, "10": {"type": "H", "Isotropic": 27.8253, "Anisotropy": 6.5827, "tensor": [], "eigenvalues": [23.6837, 27.5785, 32.2138]}, "11": {"type": "H", "Isotropic": 28.4228, "Anisotropy": 4.2288, "tensor": [], "eigenvalues": [26.618, 27.4083, 31.242]}, "12": {"type": "H", "Isotropic": 28.1964, "Anisotropy": 5.5182, "tensor": [[1.0462, 25.2092, 0.1858], [1.3661, 0.5962, 31.8334]], "eigenvalues": [24.8584, 27.8555, 31.8752]}, "13": {"type": "H", "Isotropic": 28.5703, "Anisotropy": 7.2408, "tensor": [[26.6896, 2.2727, 0.4788]], "eigenvalues": [25.4405, 26.8729, 33.3975]}, "14": {"type": "H", "Isotropic": 28.4289, "Anisotropy": 7.8644, "tensor": [[31.2731, 2.7352, 2.1187], [3.534, 28.2438, 2.4392], [0.3651, 0.5332, 25.7697]], "eigenvalues": [25.0602, 26.5546, 33.6718]}, "15": {"type": "H", "Isotropic": 27.9293, "Anisotropy": 9.7863, "tensor": [], "eigenvalues": [24.175, 25.1595, 34.4535]}, "16": {"type": "H", "Isotropic": 28.1738, "Anisotropy": 9.8451, "tensor": [], "eigenvalues": [24.2958, 25.4884, 34.7373]}, "17": {"type": "H", "Isotropic": 28.5054, "Anisotropy": 7.0729, "tensor": [[0.6043, 2.7956, 24.9337]], "eigenvalues": [23.2777, 29.0178, 33.2207]}, "18": {"type": "H", "Isotropic": 28.1332, "Anisotropy": 7.0509, "tensor": [[30.9949, 3.4143, 1.1478], [0.876, 29.3917, 0.7811], [1.0413, 2.2066, 24.0131]], "eigenvalues": [23.5843, 27.9816, 32.8338]}, "19": {"type": "H", "Isotropic": 28.1871, "Anisotropy": 3.5994, "tensor": [], "eigenvalues": [25.8189, 28.1557, 30.5867]}, "20": {"type": "H", "Isotropic": 27.8353, "Anisotropy": 4.973, "tensor": [[0.3285, 31.1354, 1.1149]], "eigenvalues": [24.8802, 27.475, 31.1506]}, "21": {"type": "C", "Isotropic": 116.4875, "Anisotropy": 78.2383, "tensor": [], "eigenvalues": [85.1413, 95.6747, 168.6463]}, "22": {"type": "C", "Isotropic": 128.5481, "Anisotropy": 84.555, "tensor": [[171.7909, 12.9807, 29.17], [14.7045, 104.2357, 6.0176], [25.7764, 4.643, 109.6178]], "eigenvalues": [99.2146, 101.5116, 184.9181]}, "23": {"type": "C", "Isotropic": 129.3962, "Anisotropy": 87.4351, "tensor": [[179.2202, 5.2334, 26.552], [7.2537, 101.0239, 4.9394], [23.3851, 2.9906, 107.9445]], "eigenvalues": [98.3458, 102.1566, 187.6863]}, "24": {"type": "C", "Isotropic": 117.6673, "Anisotropy": 76.7254, "tensor": [], "eigenvalues": [86.8371, 97.3471, 168.8176]}, "25": {"type": "O", "Isotropic": 315.9089, "Anisotropy": 27.6373, "tensor": [[320.0117, 9.3083, 2.9041]], "eigenvalues": [289.572, 323.8209, 334.3338]}, "26": {"type": "O", "Isotropic": 314.9491, "Anisotropy": 24.6069, "tensor": [], "eigenvalues": [292.565, 320.9286, 331.3537]}, "27": {"type": "H", "Isotropic": 28.2416, "Anisotropy": 8.575, "tensor": [], "eigenvalues": [24.2411, 26.5254, 33.9583]}, "28": {"type": "H", "Isotropic": 28.1702, "Anisotropy": 8.6179, "tensor": [[0.217, 25.6809, 0.2069]], "eigenvalues": [24.8523, 25.7428, 33.9155]}, "29": {"type": "H", "Isotropic": 28.3263, "Anisotropy": 5.0808, "tensor": [[0.446, 31.4744, 0.0094]], "eigenvalues": [24.7724, 28.493, 31.7135]}, "30": {"type": "H", "Isotropic": 28.3987, "Anisotropy": 3.3377, "tensor": [], "eigenvalues": [26.1339, 28.4384, 30.6239]}, "31": {"type": "H", "Isotropic": 28.5438, "Anisotropy": 9.6642, "tensor": [[30.1744, 5.0928, 2.1172], [2.1426, 29.4356, 2.5814], [2.5793, 3.2983, 26.0215]], "eigenvalues": [24.3122, 26.3327, 34.9866]}, "32": {"type": "H", "Isotropic": 28.466, "Anisotropy": 8.7622, "tensor": [[0.0381, 27.0465, 0.2101], [0.5841, 0.5296, 24.1265]], "eigenvalues": [24.0151, 27.0755, 34.3075]}, "33": {"type": "H", "Isotropic": 28.121, "Anisotropy": 8.5575, "tensor": [], "eigenvalues": [23.3329, 27.2042, 33.826]}, "34": {"type": "O", "Isotropic": 314.8783, "Anisotropy": 30.5354, "tensor": [], "eigenvalues": [288.431, 320.9688, 335.2352]}, "35": {"type": "H", "Isotropic": 28.3228, "Anisotropy": 3.4734, "tensor": [[1.415, 0.1661, 30.378]], "eigenvalues": [26.8233, 27.5068, 30.6385]}, "36": {"type": "C", "Isotropic": 127.7121, "Anisotropy": 87.7495, "tensor": [], "eigenvalues": [97.5066, 99.418, 186.2118]}, "37": {"type": "H", "Isotropic": 28.4303, "Anisotropy": 7.9902, "tensor": [[0.1376, 26.2587, 0.0318]], "eigenvalues": [25.5545, 25.9792, 33.757]}, "38": {"type": "C", "Isotropic": 115.2331, "Anisotropy": 75.8735, "tensor": [], "eigenvalues": [83.0672, 96.8166, 165.8154]}, "39": {"type": "H", "Isotropic": 28.2474, "Anisotropy": 5.0667, "tensor": [], "eigenvalues": [25.0437, 28.0732, 31.6252]}, "40": {"type": "H", "Isotropic": 28.5535, "Anisotropy": 9.1267, "tensor": [[33.6385, 2.6361, 2.5334], [2.094, 26.5554, 1.8432]], "eigenvalues": [24.388, 26.6346, 34.638]}, "41": {"type": "C", "Isotropic": 115.8447, "Anisotropy": 73.5904, "tensor": [], "eigenvalues": [85.9212, 96.7079, 164.9049]}, "42": {"type": "H", "Isotropic": 28.3217, "Anisotropy": 7.6507, "tensor": [[32.4461, 2.6952, 2.9036], [1.8598, 26.3134, 0.2812]], "eigenvalues": [25.2166, 26.3263, 33.4222]}, "43": {"type": "C", "Isotropic": 129.6885, "Anisotropy": 87.4252, "tensor": [], "eigenvalues": [99.2841, 101.8094, 187.972]}, "44": {"type": "H", "Isotropic": 28.5058, "Anisotropy": 9.9517, "tensor": [], "eigenvalues": [24.6804, 25.6967, 35.1402]}, "45": {"type": "H", "Isotropic": 27.871, "Anisotropy": 6.5451, "tensor": [], "eigenvalues": [25.0657, 26.3128, 32.2344]}, "46": {"type": "O", "Isotropic": 314.5318, "Anisotropy": 34.3646, "tensor": [], "eigenvalues": [289.5542, 316.5996, 337.4416]}, "47": {"type": "H", "Isotropic": 28.331, "Anisotropy": 5.4525, "tensor": [[28.4292, 0.9477, 0.9567]], "eigenvalues": [24.974, 28.0529, 31.966]}, "48": {"type": "H", "Isotropic": 28.0317, "Anisotropy": 8.8119, "tensor": [], "eigenvalues": [23.4603, 26.7285, 33.9063]}, "49": {"type": "H", "Isotropic": 28.6203, "Anisotropy": 7.2957, "tensor": [], "eigenvalues": [24.9655, 27.4112, 33.4841]}, "50": {"type": "H", "Isotropic": 28.182, "Anisotropy": 9.5517, "tensor": [], "eigenvalues": [24.0325, 25.9638, 34.5498]}, "51": {"type": "C", "Isotropic": 129.0362, "Anisotropy": 86.5008, "tensor": [], "eigenvalues": [99.0492, 101.356, 186.7034]}, "52": {"type": "H", "Isotropic": 28.2482, "Anisotropy": 2.6045, "tensor": [[28.1698, 1.2239, 1.2337], [0.9897, 1.976, 28.1919]], "eigenvalues": [26.8921, 27.868, 29.9845]}, "53": {"type": "O", "Isotropic": 315.9912, "Anisotropy": 34.3441, "tensor": [[326.7433, 14.2413, 15.8571]], "eigenvalues": [289.155, 319.9313, 338.8873]}, "54": {"type": "H", "Isotropic": 28.6605, "Anisotropy": 6.122, "tensor": [], "eigenvalues": [25.3396, 27.9, 32.7418]}, "55": {"type": "C", "Isotropic": 116.1694, "Anisotropy": 75.8948, "tensor": [[132.3168, 0.0799, 36.5868]], "eigenvalues": [86.042, 95.7002, 166.7659]}, "56": {"type": "H", "Isotropic": 28.298, "Anisotropy": 5.8728, "tensor": [], "eigenvalues": [24.5961, 28.0847, 32.2132]}, "57": {"type": "C", "Isotropic": 115.9445, "Anisotropy": 77.5218, "tensor": [], "eigenvalues": [83.9408, 96.267, 167.6257]}, "58": {"type": "H", "Isotropic": 27.9777, "Anisotropy": 7.7913, "tensor": [], "eigenvalues": [23.988, 26.7732, 33.1718]}, "59": {"type": "O", "Isotropic": 317.1769, "Anisotropy": 31.0465, "tensor": [[329.1772, 12.727, 12.8722]], "eigenvalues": [291.9744, 321.6817, 337.8746]}, "60": {"type": "H", "Isotropic": 28.6208, "Anisotropy": 9.7246, "tensor": [], "eigenvalues": [24.7644, 25.9941, 35.1039]}, "61": {"type": "H", "Isotropic": 28.4155, "Anisotropy": 3.6017, "tensor": [[28.9781, 1.7509, 1.7031], [1.2415, 1.6164, 28.5027]], "eigenvalues": [27.1149, 27.315, 30.8167]}, "62": {"type": "C", "Isotropic": 129.3372, "Anisotropy": 87.4204, "tensor": [], "eigenvalues": [98.5075, 101.8867, 187.6175]}, "63": {"type": "H", "Isotropic": 28.4556, "Anisotropy": 7.461, "tensor": [], "eigenvalues": [23.5729, 28.3642, 33.4295]}, "64": {"type": "H", "Isotropic": 28.7205, "Anisotropy": 7.6126, "tensor": [], "eigenvalues": [24.8919, 27.4739, 33.7955]}}}}, "functional": "PBE1PBE", "basis": "6-311++G**", "phase": "solution", "type": "scrf;nmr", "smiles": "O(C)CCOC.C(COC)OC.O(C)CCOC.COCCOC", "formula": "H40 C16 O8", "formula_pretty": "H5C2O", "formula_anonymous": "AB2C5", "formula_alphabetical": "C16 H40 O8", "chemsys": "C-H-O", "nsites": 64, "nelements": 3, "is_ordered": true, "is_valid": true, "tag": "oplsd_ref", "wall_time (s)": 794.203370812349, "last_updated": "2021-01-26T23:22:18.640110", "_id": null}