{"input": {"molecule": {"charge": 0, "spin_multiplicity": 1, "sites": [{"name": "O", "species": [{"element": "O", "occu": 1}], "xyz": [1.070588, -0.062004, -1.471283], "properties": {}}, {"name": "C", "species": [{"element": "C", "occu": 1}], "xyz": [2.156728, 0.689554, -1.958853], "properties": {}}, {"name": "C", "species": [{"element": "C", "occu": 1}], "xyz": [0.315248, 0.655489, -0.524733], "properties": {}}, {"name": "C", "species": [{"element": "C", "occu": 1}], "xyz": [-0.832898, -0.219671, -0.0778], "properties": {}}, {"name": "O", "species": [{"element": "O", "occu": 1}], "xyz": [-1.570304, 0.504983, 0.877831], "properties": {}}, {"name": "C", "species": [{"element": "C", "occu": 1}], "xyz": [-2.683709, -0.210791, 1.357447], "properties": {}}, {"name": "H", "species": [{"element": "H", "occu": 1}], "xyz": [2.845372, 0.969028, -1.148415], "properties": {}}, {"name": "H", "species": [{"element": "H", "occu": 1}], "xyz": [1.815604, 1.60691, -2.459169], "properties": {}}, {"name": "H", "species": [{"element": "H", "occu": 1}], "xyz": [-0.07534, 1.586717, -0.960666], "properties": {}}, {"name": "H", "species": [{"element": "H", "occu": 1}], "xyz": [0.93585, 0.923855, 0.344492], "properties": {}}, {"name": "H", "species": [{"element": "H", "occu": 1}], "xyz": [-0.447161, -1.155639, 0.353474], "properties": {}}, {"name": "H", "species": [{"element": "H", "occu": 1}], "xyz": [-1.462868, -0.479778, -0.941846], "properties": {}}, {"name": "H", "species": [{"element": "H", "occu": 1}], "xyz": [-2.377913, -1.144668, 1.849247], "properties": {}}, {"name": "H", "species": [{"element": "H", "occu": 1}], "xyz": [-3.382419, -0.454733, 0.544914], "properties": {}}, {"name": "H", "species": [{"element": "H", "occu": 1}], "xyz": [-3.192027, 0.42388, 2.084956], "properties": {}}, {"name": "H", "species": [{"element": "H", "occu": 1}], "xyz": [2.69029, 0.068406, -2.679762], "properties": {}}, {"name": "H", "species": [{"element": "H", "occu": 1}], "xyz": [3.606242, 3.287366, 0.920029], "properties": {}}, {"name": "H", "species": [{"element": "H", "occu": 1}], "xyz": [-2.5384, 2.707874, -0.080942], "properties": {}}, {"name": "H", "species": [{"element": "H", "occu": 1}], "xyz": [1.508098, 3.400864, -0.254549], "properties": {}}, {"name": "H", "species": [{"element": "H", "occu": 1}], "xyz": [-0.510845, 2.880014, 1.153202], "properties": {}}, {"name": "C", "species": [{"element": "C", "occu": 1}], "xyz": [1.139387, 4.099044, 0.512073], "properties": {}}, {"name": "C", "species": [{"element": "C", "occu": 1}], "xyz": [-2.355788, 3.724233, -0.453747], "properties": {}}, {"name": "C", "species": [{"element": "C", "occu": 1}], "xyz": [3.189219, 4.014263, 1.63167], "properties": {}}, {"name": "C", "species": [{"element": "C", "occu": 1}], "xyz": [-0.340685, 3.8774, 0.72414], "properties": {}}, {"name": "O", "species": [{"element": "O", "occu": 1}], "xyz": [-0.972532, 3.990392, -0.530594], "properties": {}}, {"name": "O", "species": [{"element": "O", "occu": 1}], "xyz": [1.792071, 3.879044, 1.739179], "properties": {}}, {"name": "H", "species": [{"element": "H", "occu": 1}], "xyz": [-2.762888, 3.820382, -1.461643], "properties": {}}, {"name": "H", "species": [{"element": "H", "occu": 1}], "xyz": [3.614427, 3.828992, 2.619127], "properties": {}}, {"name": "H", "species": [{"element": "H", "occu": 1}], "xyz": [1.323959, 5.121398, 0.14867], "properties": {}}, {"name": "H", "species": [{"element": "H", "occu": 1}], "xyz": [-0.738508, 4.623102, 1.429109], "properties": {}}, {"name": "H", "species": [{"element": "H", "occu": 1}], "xyz": [3.470527, 5.025146, 1.304603], "properties": {}}, {"name": "H", "species": [{"element": "H", "occu": 1}], "xyz": [-2.862974, 4.44306, 0.205409], "properties": {}}]}, "functional": "PBE1PBE", "basis_set": "6-311++G**", "route_parameters": {"NMR": "GIAO", "iop(7/33=1)": null, "int": "ultrafine", "EmpiricalDispersion": "GD3", "NoSymmetry": null, "test": null, "SCRF": "(Solvent=TetraHydroFuran)"}, "title": "H20 C8 O4", "charge": 0, "spin_multiplicity": 1, "input_parameters": {}, "link0_parameters": {"%chk": "checkpoint.chk", "%mem": "100GB", "%NProcShared": "28"}, "dieze_tag": "#P", "nbasisfunctions": 404, "pcm_parameters": {}}, "output": {"has_gaussian_completed": true, "is_pcm": true, "errors": [], "Mulliken_charges": {"1": ["O", -0.097504], "2": ["C", -0.433466], "3": ["C", -0.461299], "4": ["C", -0.572515], "5": ["O", -0.091946], "6": ["C", -0.424565], "7": ["H", 0.17718], "8": ["H", 0.175767], "9": ["H", 0.288215], "10": ["H", 0.292197], "11": ["H", 0.205803], "12": ["H", 0.206887], "13": ["H", 0.165092], "14": ["H", 0.174247], "15": ["H", 0.169779], "16": ["H", 0.214695], "17": ["H", 0.172695], "18": ["H", 0.25207], "19": ["H", 0.292941], "20": ["H", 0.306793], "21": ["C", -0.574989], "22": ["C", -0.435783], "23": ["C", -0.37931], "24": ["C", -0.590991], "25": ["O", -0.055689], "26": ["O", -0.041013], "27": ["H", 0.176089], "28": ["H", 0.174645], "29": ["H", 0.200136], "30": ["H", 0.186976], "31": ["H", 0.165562], "32": ["H", 0.161302]}, "tensor": {"1": {"type": "O", "Isotropic": 315.7449, "Anisotropy": 34.3385, "tensor": [[0.637, 329.3501, 19.7519]], "eigenvalues": [290.5028, 318.0946, 338.6372]}, "2": {"type": "C", "Isotropic": 128.4233, "Anisotropy": 86.3287, "tensor": [], "eigenvalues": [99.1927, 100.1013, 185.9757]}, "3": {"type": "C", "Isotropic": 115.5599, "Anisotropy": 76.2442, "tensor": [], "eigenvalues": [83.968, 96.3225, 166.3894]}, "4": {"type": "C", "Isotropic": 115.7835, "Anisotropy": 77.1093, "tensor": [], "eigenvalues": [83.549, 96.6117, 167.1897]}, "5": {"type": "O", "Isotropic": 312.2285, "Anisotropy": 37.4392, "tensor": [[5.1383, 330.4312, 15.5241]], "eigenvalues": [289.3846, 310.1128, 337.1879]}, "6": {"type": "C", "Isotropic": 129.458, "Anisotropy": 88.7051, "tensor": [], "eigenvalues": [98.8582, 100.921, 188.5947]}, "7": {"type": "H", "Isotropic": 28.4138, "Anisotropy": 7.5063, "tensor": [[32.4092, 2.4037, 2.0052], [2.2411, 27.2143, 1.7866]], "eigenvalues": [25.2045, 26.6189, 33.4179]}, "8": {"type": "H", "Isotropic": 28.4124, "Anisotropy": 7.0459, "tensor": [], "eigenvalues": [25.616, 26.5116, 33.1097]}, "9": {"type": "H", "Isotropic": 28.0806, "Anisotropy": 8.1054, "tensor": [], "eigenvalues": [24.4073, 26.3504, 33.4842]}, "10": {"type": "H", "Isotropic": 28.2944, "Anisotropy": 4.1119, "tensor": [[0.8395, 28.4525, 2.4939], [0.6178, 2.2632, 28.8334]], "eigenvalues": [26.1832, 27.6643, 31.0357]}, "11": {"type": "H", "Isotropic": 28.2708, "Anisotropy": 4.8937, "tensor": [], "eigenvalues": [25.007, 28.2721, 31.5333]}, "12": {"type": "H", "Isotropic": 28.2964, "Anisotropy": 4.4312, "tensor": [[1.3637, 27.1178, 2.2511], [0.7813, 2.2376, 30.0201]], "eigenvalues": [25.5744, 28.0642, 31.2505]}, "13": {"type": "H", "Isotropic": 28.4675, "Anisotropy": 9.3265, "tensor": [], "eigenvalues": [24.7855, 25.9318, 34.6851]}, "14": {"type": "H", "Isotropic": 28.4865, "Anisotropy": 9.0226, "tensor": [[32.7792, 3.584, 2.3235], [3.3548, 27.0751, 0.4675]], "eigenvalues": [24.7375, 26.2204, 34.5016]}, "15": {"type": "H", "Isotropic": 28.0636, "Anisotropy": 9.278, "tensor": [], "eigenvalues": [23.9905, 25.9513, 34.249]}, "16": {"type": "H", "Isotropic": 28.0643, "Anisotropy": 9.3169, "tensor": [[0.7669, 25.7263, 0.277]], "eigenvalues": [24.028, 25.8892, 34.2755]}, "17": {"type": "H", "Isotropic": 28.4935, "Anisotropy": 7.6836, "tensor": [], "eigenvalues": [24.4127, 27.4519, 33.6159]}, "18": {"type": "H", "Isotropic": 28.0983, "Anisotropy": 7.4804, "tensor": [], "eigenvalues": [22.6902, 28.5196, 33.0852]}, "19": {"type": "H", "Isotropic": 28.3246, "Anisotropy": 5.4256, "tensor": [[27.5321, 0.7206, 2.0629], [0.257, 28.4168, 2.2194], [0.1471, 3.5895, 29.0248]], "eigenvalues": [25.7118, 27.3202, 31.9417]}, "20": {"type": "H", "Isotropic": 28.1798, "Anisotropy": 4.5573, "tensor": [[26.7764, 0.2917, 1.6315], [1.78, 30.9213, 0.0157]], "eigenvalues": [25.3025, 28.019, 31.218]}, "21": {"type": "C", "Isotropic": 116.0638, "Anisotropy": 78.8254, "tensor": [], "eigenvalues": [84.9177, 94.6596, 168.6141]}, "22": {"type": "C", "Isotropic": 130.0536, "Anisotropy": 87.1229, "tensor": [[185.7082, 13.9777, 3.8893], [14.1469, 104.5204, 0.2017]], "eigenvalues": [99.8338, 102.1914, 188.1355]}, "23": {"type": "C", "Isotropic": 128.7629, "Anisotropy": 88.7674, "tensor": [[187.3255, 6.6493, 2.0352], [7.9861, 100.6129, 1.7923]], "eigenvalues": [97.5911, 100.7565, 187.9411]}, "24": {"type": "C", "Isotropic": 118.0129, "Anisotropy": 77.1474, "tensor": [], "eigenvalues": [87.3697, 97.2244, 169.4445]}, "25": {"type": "O", "Isotropic": 319.3161, "Anisotropy": 29.4711, "tensor": [], "eigenvalues": [292.0209, 326.9639, 338.9635]}, "26": {"type": "O", "Isotropic": 317.1436, "Anisotropy": 28.5986, "tensor": [], "eigenvalues": [291.3238, 323.8975, 336.2093]}, "27": {"type": "H", "Isotropic": 28.3024, "Anisotropy": 9.2144, "tensor": [], "eigenvalues": [24.865, 25.5968, 34.4453]}, "28": {"type": "H", "Isotropic": 28.1012, "Anisotropy": 9.5998, "tensor": [[0.4475, 24.4759, 0.0668]], "eigenvalues": [24.4511, 25.3514, 34.5011]}, "29": {"type": "H", "Isotropic": 28.3212, "Anisotropy": 4.2909, "tensor": [], "eigenvalues": [25.2018, 28.58, 31.1818]}, "30": {"type": "H", "Isotropic": 28.4029, "Anisotropy": 5.0554, "tensor": [], "eigenvalues": [25.3408, 28.0947, 31.7732]}, "31": {"type": "H", "Isotropic": 28.514, "Anisotropy": 9.1047, "tensor": [[2.7296, 29.1679, 0.1606], [0.3471, 0.1165, 24.9024]], "eigenvalues": [24.8062, 26.1521, 34.5838]}, "32": {"type": "H", "Isotropic": 28.6323, "Anisotropy": 8.9182, "tensor": [], "eigenvalues": [24.6874, 26.6317, 34.5778]}}, "output": {"energies": [-617.199304629], "final_energy": -617.199304629, "final_energy_per_atom": -19.28747826965625, "molecule": {"charge": 0.0, "spin_multiplicity": 1, "sites": [{"name": "O", "species": [{"element": "O", "occu": 1}], "xyz": [1.070588, -0.062004, -1.471283], "properties": {}}, {"name": "C", "species": [{"element": "C", "occu": 1}], "xyz": [2.156728, 0.689554, -1.958853], "properties": {}}, {"name": "C", "species": [{"element": "C", "occu": 1}], "xyz": [0.315248, 0.655489, -0.524733], "properties": {}}, {"name": "C", "species": [{"element": "C", "occu": 1}], "xyz": [-0.832898, -0.219671, -0.0778], "properties": {}}, {"name": "O", "species": [{"element": "O", "occu": 1}], "xyz": [-1.570304, 0.504983, 0.877831], "properties": {}}, {"name": "C", "species": [{"element": "C", "occu": 1}], "xyz": [-2.683709, -0.210791, 1.357447], "properties": {}}, {"name": "H", "species": [{"element": "H", "occu": 1}], "xyz": [2.845372, 0.969028, -1.148415], "properties": {}}, {"name": "H", "species": [{"element": "H", "occu": 1}], "xyz": [1.815604, 1.60691, -2.459169], "properties": {}}, {"name": "H", "species": [{"element": "H", "occu": 1}], "xyz": [-0.07534, 1.586717, -0.960666], "properties": {}}, {"name": "H", "species": [{"element": "H", "occu": 1}], "xyz": [0.93585, 0.923855, 0.344492], "properties": {}}, {"name": "H", "species": [{"element": "H", "occu": 1}], "xyz": [-0.447161, -1.155639, 0.353474], "properties": {}}, {"name": "H", "species": [{"element": "H", "occu": 1}], "xyz": [-1.462868, -0.479778, -0.941846], "properties": {}}, {"name": "H", "species": [{"element": "H", "occu": 1}], "xyz": [-2.377913, -1.144668, 1.849247], "properties": {}}, {"name": "H", "species": [{"element": "H", "occu": 1}], "xyz": [-3.382419, -0.454733, 0.544914], "properties": {}}, {"name": "H", "species": [{"element": "H", "occu": 1}], "xyz": [-3.192027, 0.42388, 2.084956], "properties": {}}, {"name": "H", "species": [{"element": "H", "occu": 1}], "xyz": [2.69029, 0.068406, -2.679762], "properties": {}}, {"name": "H", "species": [{"element": "H", "occu": 1}], "xyz": [3.606242, 3.287366, 0.920029], "properties": {}}, {"name": "H", "species": [{"element": "H", "occu": 1}], "xyz": [-2.5384, 2.707874, -0.080942], "properties": {}}, {"name": "H", "species": [{"element": "H", "occu": 1}], "xyz": [1.508098, 3.400864, -0.254549], "properties": {}}, {"name": "H", "species": [{"element": "H", "occu": 1}], "xyz": [-0.510845, 2.880014, 1.153202], "properties": {}}, {"name": "C", "species": [{"element": "C", "occu": 1}], "xyz": [1.139387, 4.099044, 0.512073], "properties": {}}, {"name": "C", "species": [{"element": "C", "occu": 1}], "xyz": [-2.355788, 3.724233, -0.453747], "properties": {}}, {"name": "C", "species": [{"element": "C", "occu": 1}], "xyz": [3.189219, 4.014263, 1.63167], "properties": {}}, {"name": "C", "species": [{"element": "C", "occu": 1}], "xyz": [-0.340685, 3.8774, 0.72414], "properties": {}}, {"name": "O", "species": [{"element": "O", "occu": 1}], "xyz": [-0.972532, 3.990392, -0.530594], "properties": {}}, {"name": "O", "species": [{"element": "O", "occu": 1}], "xyz": [1.792071, 3.879044, 1.739179], "properties": {}}, {"name": "H", "species": [{"element": "H", "occu": 1}], "xyz": [-2.762888, 3.820382, -1.461643], "properties": {}}, {"name": "H", "species": [{"element": "H", "occu": 1}], "xyz": [3.614427, 3.828992, 2.619127], "properties": {}}, {"name": "H", "species": [{"element": "H", "occu": 1}], "xyz": [1.323959, 5.121398, 0.14867], "properties": {}}, {"name": "H", "species": [{"element": "H", "occu": 1}], "xyz": [-0.738508, 4.623102, 1.429109], "properties": {}}, {"name": "H", "species": [{"element": "H", "occu": 1}], "xyz": [3.470527, 5.025146, 1.304603], "properties": {}}, {"name": "H", "species": [{"element": "H", "occu": 1}], "xyz": [-2.862974, 4.44306, 0.205409], "properties": {}}]}, "stationary_type": "Minimum", "corrections": {}, "tensor": {"1": {"type": "O", "Isotropic": 315.7449, "Anisotropy": 34.3385, "tensor": [[0.637, 329.3501, 19.7519]], "eigenvalues": [290.5028, 318.0946, 338.6372]}, "2": {"type": "C", "Isotropic": 128.4233, "Anisotropy": 86.3287, "tensor": [], "eigenvalues": [99.1927, 100.1013, 185.9757]}, "3": {"type": "C", "Isotropic": 115.5599, "Anisotropy": 76.2442, "tensor": [], "eigenvalues": [83.968, 96.3225, 166.3894]}, "4": {"type": "C", "Isotropic": 115.7835, "Anisotropy": 77.1093, "tensor": [], "eigenvalues": [83.549, 96.6117, 167.1897]}, "5": {"type": "O", "Isotropic": 312.2285, "Anisotropy": 37.4392, "tensor": [[5.1383, 330.4312, 15.5241]], "eigenvalues": [289.3846, 310.1128, 337.1879]}, "6": {"type": "C", "Isotropic": 129.458, "Anisotropy": 88.7051, "tensor": [], "eigenvalues": [98.8582, 100.921, 188.5947]}, "7": {"type": "H", "Isotropic": 28.4138, "Anisotropy": 7.5063, "tensor": [[32.4092, 2.4037, 2.0052], [2.2411, 27.2143, 1.7866]], "eigenvalues": [25.2045, 26.6189, 33.4179]}, "8": {"type": "H", "Isotropic": 28.4124, "Anisotropy": 7.0459, "tensor": [], "eigenvalues": [25.616, 26.5116, 33.1097]}, "9": {"type": "H", "Isotropic": 28.0806, "Anisotropy": 8.1054, "tensor": [], "eigenvalues": [24.4073, 26.3504, 33.4842]}, "10": {"type": "H", "Isotropic": 28.2944, "Anisotropy": 4.1119, "tensor": [[0.8395, 28.4525, 2.4939], [0.6178, 2.2632, 28.8334]], "eigenvalues": [26.1832, 27.6643, 31.0357]}, "11": {"type": "H", "Isotropic": 28.2708, "Anisotropy": 4.8937, "tensor": [], "eigenvalues": [25.007, 28.2721, 31.5333]}, "12": {"type": "H", "Isotropic": 28.2964, "Anisotropy": 4.4312, "tensor": [[1.3637, 27.1178, 2.2511], [0.7813, 2.2376, 30.0201]], "eigenvalues": [25.5744, 28.0642, 31.2505]}, "13": {"type": "H", "Isotropic": 28.4675, "Anisotropy": 9.3265, "tensor": [], "eigenvalues": [24.7855, 25.9318, 34.6851]}, "14": {"type": "H", "Isotropic": 28.4865, "Anisotropy": 9.0226, "tensor": [[32.7792, 3.584, 2.3235], [3.3548, 27.0751, 0.4675]], "eigenvalues": [24.7375, 26.2204, 34.5016]}, "15": {"type": "H", "Isotropic": 28.0636, "Anisotropy": 9.278, "tensor": [], "eigenvalues": [23.9905, 25.9513, 34.249]}, "16": {"type": "H", "Isotropic": 28.0643, "Anisotropy": 9.3169, "tensor": [[0.7669, 25.7263, 0.277]], "eigenvalues": [24.028, 25.8892, 34.2755]}, "17": {"type": "H", "Isotropic": 28.4935, "Anisotropy": 7.6836, "tensor": [], "eigenvalues": [24.4127, 27.4519, 33.6159]}, "18": {"type": "H", "Isotropic": 28.0983, "Anisotropy": 7.4804, "tensor": [], "eigenvalues": [22.6902, 28.5196, 33.0852]}, "19": {"type": "H", "Isotropic": 28.3246, "Anisotropy": 5.4256, "tensor": [[27.5321, 0.7206, 2.0629], [0.257, 28.4168, 2.2194], [0.1471, 3.5895, 29.0248]], "eigenvalues": [25.7118, 27.3202, 31.9417]}, "20": {"type": "H", "Isotropic": 28.1798, "Anisotropy": 4.5573, "tensor": [[26.7764, 0.2917, 1.6315], [1.78, 30.9213, 0.0157]], "eigenvalues": [25.3025, 28.019, 31.218]}, "21": {"type": "C", "Isotropic": 116.0638, "Anisotropy": 78.8254, "tensor": [], "eigenvalues": [84.9177, 94.6596, 168.6141]}, "22": {"type": "C", "Isotropic": 130.0536, "Anisotropy": 87.1229, "tensor": [[185.7082, 13.9777, 3.8893], [14.1469, 104.5204, 0.2017]], "eigenvalues": [99.8338, 102.1914, 188.1355]}, "23": {"type": "C", "Isotropic": 128.7629, "Anisotropy": 88.7674, "tensor": [[187.3255, 6.6493, 2.0352], [7.9861, 100.6129, 1.7923]], "eigenvalues": [97.5911, 100.7565, 187.9411]}, "24": {"type": "C", "Isotropic": 118.0129, "Anisotropy": 77.1474, "tensor": [], "eigenvalues": [87.3697, 97.2244, 169.4445]}, "25": {"type": "O", "Isotropic": 319.3161, "Anisotropy": 29.4711, "tensor": [], "eigenvalues": [292.0209, 326.9639, 338.9635]}, "26": {"type": "O", "Isotropic": 317.1436, "Anisotropy": 28.5986, "tensor": [], "eigenvalues": [291.3238, 323.8975, 336.2093]}, "27": {"type": "H", "Isotropic": 28.3024, "Anisotropy": 9.2144, "tensor": [], "eigenvalues": [24.865, 25.5968, 34.4453]}, "28": {"type": "H", "Isotropic": 28.1012, "Anisotropy": 9.5998, "tensor": [[0.4475, 24.4759, 0.0668]], "eigenvalues": [24.4511, 25.3514, 34.5011]}, "29": {"type": "H", "Isotropic": 28.3212, "Anisotropy": 4.2909, "tensor": [], "eigenvalues": [25.2018, 28.58, 31.1818]}, "30": {"type": "H", "Isotropic": 28.4029, "Anisotropy": 5.0554, "tensor": [], "eigenvalues": [25.3408, 28.0947, 31.7732]}, "31": {"type": "H", "Isotropic": 28.514, "Anisotropy": 9.1047, "tensor": [[2.7296, 29.1679, 0.1606], [0.3471, 0.1165, 24.9024]], "eigenvalues": [24.8062, 26.1521, 34.5838]}, "32": {"type": "H", "Isotropic": 28.6323, "Anisotropy": 8.9182, "tensor": [], "eigenvalues": [24.6874, 26.6317, 34.5778]}}}}, "functional": "PBE1PBE", "basis": "6-311++G**", "phase": "solution", "type": "nmr;scrf", "smiles": "O(C)CCOC.C(COC)OC", "formula": "H20 C8 O4", "formula_pretty": "H5C2O", "formula_anonymous": "AB2C5", "formula_alphabetical": "C8 H20 O4", "chemsys": "C-H-O", "nsites": 32, "nelements": 3, "is_ordered": true, "is_valid": true, "tag": "oplsd_ref", "wall_time (s)": 95.74607998505235, "last_updated": "2021-01-22T22:11:42.359074", "_id": null}