{"input": {"molecule": {"charge": 0, "spin_multiplicity": 1, "sites": [{"name": "S", "species": [{"element": "S", "occu": 1}], "xyz": [-0.424556, -0.165657, -0.543951], "properties": {}}, {"name": "O", "species": [{"element": "O", "occu": 1}], "xyz": [0.995907, 0.385962, -0.546913], "properties": {}}, {"name": "C", "species": [{"element": "C", "occu": 1}], "xyz": [-1.348559, 0.811552, 0.658752], "properties": {}}, {"name": "C", "species": [{"element": "C", "occu": 1}], "xyz": [-0.374568, -1.705864, 0.393999], "properties": {}}, {"name": "H", "species": [{"element": "H", "occu": 1}], "xyz": [-1.434839, 1.820092, 0.253911], "properties": {}}, {"name": "H", "species": [{"element": "H", "occu": 1}], "xyz": [-0.799632, 0.821905, 1.602371], "properties": {}}, {"name": "H", "species": [{"element": "H", "occu": 1}], "xyz": [-2.341625, 0.375909, 0.784026], "properties": {}}, {"name": "H", "species": [{"element": "H", "occu": 1}], "xyz": [-1.392144, -2.085832, 0.50415], "properties": {}}, {"name": "H", "species": [{"element": "H", "occu": 1}], "xyz": [0.084459, -1.518859, 1.366755], "properties": {}}, {"name": "H", "species": [{"element": "H", "occu": 1}], "xyz": [0.223364, -2.412116, -0.182437], "properties": {}}, {"name": "S", "species": [{"element": "S", "occu": 1}], "xyz": [-1.084802, -0.808734, 4.278399], "properties": {}}, {"name": "O", "species": [{"element": "O", "occu": 1}], "xyz": [-0.397104, -1.420768, 5.491496], "properties": {}}, {"name": "C", "species": [{"element": "C", "occu": 1}], "xyz": [-2.102709, 0.549764, 4.887615], "properties": {}}, {"name": "C", "species": [{"element": "C", "occu": 1}], "xyz": [-2.429754, -1.92324, 3.827905], "properties": {}}, {"name": "H", "species": [{"element": "H", "occu": 1}], "xyz": [-1.424935, 1.322634, 5.250609], "properties": {}}, {"name": "H", "species": [{"element": "H", "occu": 1}], "xyz": [-2.739049, 0.186369, 5.696967], "properties": {}}, {"name": "H", "species": [{"element": "H", "occu": 1}], "xyz": [-2.701502, 0.939569, 4.062373], "properties": {}}, {"name": "H", "species": [{"element": "H", "occu": 1}], "xyz": [-3.021801, -1.463498, 3.034287], "properties": {}}, {"name": "H", "species": [{"element": "H", "occu": 1}], "xyz": [-3.042351, -2.1206, 4.709903], "properties": {}}, {"name": "H", "species": [{"element": "H", "occu": 1}], "xyz": [-1.9758, -2.845488, 3.464185], "properties": {}}]}, "functional": "PBE1PBE", "basis_set": "6-311++G**", "route_parameters": {"NMR": "GIAO", "iop(7/33=1)": null, "int": "ultrafine", "EmpiricalDispersion": "GD3", "NoSymmetry": null, "test": null, "SCRF": "(Solvent=DiMethylSulfoxide)"}, "title": "H12 C4 S2 O2", "charge": 0, "spin_multiplicity": 1, "input_parameters": {}, "link0_parameters": {"%chk": "checkpoint.chk", "%mem": "100GB", "%NProcShared": "24"}, "dieze_tag": "#P", "nbasisfunctions": 276, "pcm_parameters": {}}, "output": {"has_gaussian_completed": true, "is_pcm": true, "errors": [], "Mulliken_charges": {"1": ["S", 0.75141], "2": ["O", -0.531242], "3": ["C", -0.813912], "4": ["C", -0.830038], "5": ["H", 0.265854], "6": ["H", 0.226704], "7": ["H", 0.210126], "8": ["H", 0.189428], "9": ["H", 0.252627], "10": ["H", 0.267669], "11": ["S", 0.668932], "12": ["O", -0.518684], "13": ["C", -0.729138], "14": ["C", -0.815236], "15": ["H", 0.251781], "16": ["H", 0.230492], "17": ["H", 0.195742], "18": ["H", 0.221811], "19": ["H", 0.244946], "20": ["H", 0.260726]}, "tensor": {"1": {"type": "S", "Isotropic": 210.8877, "Anisotropy": 388.0993, "tensor": [[420.5107, 122.1302, 5.2473], [114.2952, 148.2053, 6.1302], [75.6775, 33.3942, 63.9473]], "eigenvalues": [58.5836, 104.459, 469.6206]}, "2": {"type": "O", "Isotropic": 285.8751, "Anisotropy": 210.2489, "tensor": [[50.1543, 36.0531, 274.1645]], "eigenvalues": [151.5961, 279.9881, 426.0411]}, "3": {"type": "C", "Isotropic": 146.3692, "Anisotropy": 60.1507, "tensor": [], "eigenvalues": [117.6549, 134.983, 186.4696]}, "4": {"type": "C", "Isotropic": 146.5817, "Anisotropy": 60.0178, "tensor": [], "eigenvalues": [117.6873, 135.4643, 186.5936]}, "5": {"type": "H", "Isotropic": 29.3346, "Anisotropy": 7.8863, "tensor": [], "eigenvalues": [25.5224, 27.8893, 34.5921]}, "6": {"type": "H", "Isotropic": 29.4979, "Anisotropy": 7.1553, "tensor": [[0.5054, 28.568, 0.8794]], "eigenvalues": [25.6378, 28.5878, 34.2681]}, "7": {"type": "H", "Isotropic": 29.8533, "Anisotropy": 7.4109, "tensor": [], "eigenvalues": [26.5561, 28.2098, 34.7939]}, "8": {"type": "H", "Isotropic": 29.7258, "Anisotropy": 7.7312, "tensor": [], "eigenvalues": [26.137, 28.1605, 34.88]}, "9": {"type": "H", "Isotropic": 29.3154, "Anisotropy": 6.1225, "tensor": [[0.1525, 0.4355, 33.2658]], "eigenvalues": [25.9007, 28.6483, 33.3971]}, "10": {"type": "H", "Isotropic": 29.2937, "Anisotropy": 8.1015, "tensor": [], "eigenvalues": [25.6243, 27.5622, 34.6948]}, "11": {"type": "S", "Isotropic": 215.0623, "Anisotropy": 396.3529, "tensor": [], "eigenvalues": [58.5028, 107.3866, 479.2976]}, "12": {"type": "O", "Isotropic": 290.0519, "Anisotropy": 210.0066, "tensor": [[36.9383, 386.6754, 88.9846]], "eigenvalues": [156.6941, 283.4054, 430.0563]}, "13": {"type": "C", "Isotropic": 146.994, "Anisotropy": 61.0976, "tensor": [], "eigenvalues": [118.0796, 135.1766, 187.7257]}, "14": {"type": "C", "Isotropic": 146.529, "Anisotropy": 60.0536, "tensor": [[156.2312, 26.6499, 21.6694], [29.2985, 150.3909, 6.8848], [14.8435, 1.4956, 132.9648]], "eigenvalues": [117.6917, 135.3305, 186.5647]}, "15": {"type": "H", "Isotropic": 29.224, "Anisotropy": 8.0588, "tensor": [[2.6519, 32.5172, 3.1977], [0.834, 2.965, 27.7947]], "eigenvalues": [25.766, 27.3096, 34.5965]}, "16": {"type": "H", "Isotropic": 29.4866, "Anisotropy": 6.4609, "tensor": [], "eigenvalues": [26.3451, 28.3207, 33.7938]}, "17": {"type": "H", "Isotropic": 29.6405, "Anisotropy": 7.7129, "tensor": [], "eigenvalues": [25.9113, 28.2278, 34.7825]}, "18": {"type": "H", "Isotropic": 29.6756, "Anisotropy": 7.4554, "tensor": [[30.4575, 0.3341, 3.4719]], "eigenvalues": [26.5091, 27.8719, 34.6459]}, "19": {"type": "H", "Isotropic": 29.4725, "Anisotropy": 6.3587, "tensor": [], "eigenvalues": [26.3546, 28.3511, 33.7116]}, "20": {"type": "H", "Isotropic": 29.2937, "Anisotropy": 6.8819, "tensor": [], "eigenvalues": [25.7254, 28.2739, 33.8816]}}, "output": {"energies": [-1105.88884216], "final_energy": -1105.88884216, "final_energy_per_atom": -55.294442108, "molecule": {"charge": 0.0, "spin_multiplicity": 1, "sites": [{"name": "S", "species": [{"element": "S", "occu": 1}], "xyz": [-0.424556, -0.165657, -0.543951], "properties": {}}, {"name": "O", "species": [{"element": "O", "occu": 1}], "xyz": [0.995907, 0.385962, -0.546913], "properties": {}}, {"name": "C", "species": [{"element": "C", "occu": 1}], "xyz": [-1.348559, 0.811552, 0.658752], "properties": {}}, {"name": "C", "species": [{"element": "C", "occu": 1}], "xyz": [-0.374568, -1.705864, 0.393999], "properties": {}}, {"name": "H", "species": [{"element": "H", "occu": 1}], "xyz": [-1.434839, 1.820092, 0.253911], "properties": {}}, {"name": "H", "species": [{"element": "H", "occu": 1}], "xyz": [-0.799632, 0.821905, 1.602371], "properties": {}}, {"name": "H", "species": [{"element": "H", "occu": 1}], "xyz": [-2.341625, 0.375909, 0.784026], "properties": {}}, {"name": "H", "species": [{"element": "H", "occu": 1}], "xyz": [-1.392144, -2.085832, 0.50415], "properties": {}}, {"name": "H", "species": [{"element": "H", "occu": 1}], "xyz": [0.084459, -1.518859, 1.366755], "properties": {}}, {"name": "H", "species": [{"element": "H", "occu": 1}], "xyz": [0.223364, -2.412116, -0.182437], "properties": {}}, {"name": "S", "species": [{"element": "S", "occu": 1}], "xyz": [-1.084802, -0.808734, 4.278399], "properties": {}}, {"name": "O", "species": [{"element": "O", "occu": 1}], "xyz": [-0.397104, -1.420768, 5.491496], "properties": {}}, {"name": "C", "species": [{"element": "C", "occu": 1}], "xyz": [-2.102709, 0.549764, 4.887615], "properties": {}}, {"name": "C", "species": [{"element": "C", "occu": 1}], "xyz": [-2.429754, -1.92324, 3.827905], "properties": {}}, {"name": "H", "species": [{"element": "H", "occu": 1}], "xyz": [-1.424935, 1.322634, 5.250609], "properties": {}}, {"name": "H", "species": [{"element": "H", "occu": 1}], "xyz": [-2.739049, 0.186369, 5.696967], "properties": {}}, {"name": "H", "species": [{"element": "H", "occu": 1}], "xyz": [-2.701502, 0.939569, 4.062373], "properties": {}}, {"name": "H", "species": [{"element": "H", "occu": 1}], "xyz": [-3.021801, -1.463498, 3.034287], "properties": {}}, {"name": "H", "species": [{"element": "H", "occu": 1}], "xyz": [-3.042351, -2.1206, 4.709903], "properties": {}}, {"name": "H", "species": [{"element": "H", "occu": 1}], "xyz": [-1.9758, -2.845488, 3.464185], "properties": {}}]}, "stationary_type": "Minimum", "corrections": {}, "tensor": {"1": {"type": "S", "Isotropic": 210.8877, "Anisotropy": 388.0993, "tensor": [[420.5107, 122.1302, 5.2473], [114.2952, 148.2053, 6.1302], [75.6775, 33.3942, 63.9473]], "eigenvalues": [58.5836, 104.459, 469.6206]}, "2": {"type": "O", "Isotropic": 285.8751, "Anisotropy": 210.2489, "tensor": [[50.1543, 36.0531, 274.1645]], "eigenvalues": [151.5961, 279.9881, 426.0411]}, "3": {"type": "C", "Isotropic": 146.3692, "Anisotropy": 60.1507, "tensor": [], "eigenvalues": [117.6549, 134.983, 186.4696]}, "4": {"type": "C", "Isotropic": 146.5817, "Anisotropy": 60.0178, "tensor": [], "eigenvalues": [117.6873, 135.4643, 186.5936]}, "5": {"type": "H", "Isotropic": 29.3346, "Anisotropy": 7.8863, "tensor": [], "eigenvalues": [25.5224, 27.8893, 34.5921]}, "6": {"type": "H", "Isotropic": 29.4979, "Anisotropy": 7.1553, "tensor": [[0.5054, 28.568, 0.8794]], "eigenvalues": [25.6378, 28.5878, 34.2681]}, "7": {"type": "H", "Isotropic": 29.8533, "Anisotropy": 7.4109, "tensor": [], "eigenvalues": [26.5561, 28.2098, 34.7939]}, "8": {"type": "H", "Isotropic": 29.7258, "Anisotropy": 7.7312, "tensor": [], "eigenvalues": [26.137, 28.1605, 34.88]}, "9": {"type": "H", "Isotropic": 29.3154, "Anisotropy": 6.1225, "tensor": [[0.1525, 0.4355, 33.2658]], "eigenvalues": [25.9007, 28.6483, 33.3971]}, "10": {"type": "H", "Isotropic": 29.2937, "Anisotropy": 8.1015, "tensor": [], "eigenvalues": [25.6243, 27.5622, 34.6948]}, "11": {"type": "S", "Isotropic": 215.0623, "Anisotropy": 396.3529, "tensor": [], "eigenvalues": [58.5028, 107.3866, 479.2976]}, "12": {"type": "O", "Isotropic": 290.0519, "Anisotropy": 210.0066, "tensor": [[36.9383, 386.6754, 88.9846]], "eigenvalues": [156.6941, 283.4054, 430.0563]}, "13": {"type": "C", "Isotropic": 146.994, "Anisotropy": 61.0976, "tensor": [], "eigenvalues": [118.0796, 135.1766, 187.7257]}, "14": {"type": "C", "Isotropic": 146.529, "Anisotropy": 60.0536, "tensor": [[156.2312, 26.6499, 21.6694], [29.2985, 150.3909, 6.8848], [14.8435, 1.4956, 132.9648]], "eigenvalues": [117.6917, 135.3305, 186.5647]}, "15": {"type": "H", "Isotropic": 29.224, "Anisotropy": 8.0588, "tensor": [[2.6519, 32.5172, 3.1977], [0.834, 2.965, 27.7947]], "eigenvalues": [25.766, 27.3096, 34.5965]}, "16": {"type": "H", "Isotropic": 29.4866, "Anisotropy": 6.4609, "tensor": [], "eigenvalues": [26.3451, 28.3207, 33.7938]}, "17": {"type": "H", "Isotropic": 29.6405, "Anisotropy": 7.7129, "tensor": [], "eigenvalues": [25.9113, 28.2278, 34.7825]}, "18": {"type": "H", "Isotropic": 29.6756, "Anisotropy": 7.4554, "tensor": [[30.4575, 0.3341, 3.4719]], "eigenvalues": [26.5091, 27.8719, 34.6459]}, "19": {"type": "H", "Isotropic": 29.4725, "Anisotropy": 6.3587, "tensor": [], "eigenvalues": [26.3546, 28.3511, 33.7116]}, "20": {"type": "H", "Isotropic": 29.2937, "Anisotropy": 6.8819, "tensor": [], "eigenvalues": [25.7254, 28.2739, 33.8816]}}}}, "functional": "PBE1PBE", "basis": "6-311++G**", "phase": "solution", "type": "nmr;scrf", "smiles": "S(=O)(C)C.S(=O)(C)C", "formula": "H12 C4 S2 O2", "formula_pretty": "H6C2SO", "formula_anonymous": "ABC2D6", "formula_alphabetical": "C4 H12 O2 S2", "chemsys": "C-H-O-S", "nsites": 20, "nelements": 4, "is_ordered": true, "is_valid": true, "tag": "oplsd_ref", "wall_time (s)": 39.74667956400663, "last_updated": "2021-01-17T08:14:56.541830", "_id": null}