{"input": {"molecule": {"charge": 0, "spin_multiplicity": 1, "sites": [{"name": "O", "species": [{"element": "O", "occu": 1}], "xyz": [-0.239953, 0.908267, 0.488937], "properties": {}}, {"name": "H", "species": [{"element": "H", "occu": 1}], "xyz": [-0.156013, -0.0408, 0.61216], "properties": {}}, {"name": "H", "species": [{"element": "H", "occu": 1}], "xyz": [-1.180962, 1.075755, 0.215052], "properties": {}}, {"name": "O", "species": [{"element": "O", "occu": 1}], "xyz": [-2.733934, 1.611267, -0.103797], "properties": {}}, {"name": "H", "species": [{"element": "H", "occu": 1}], "xyz": [-3.369495, 1.043951, 0.375361], "properties": {}}, {"name": "H", "species": [{"element": "H", "occu": 1}], "xyz": [-2.753655, 2.447156, 0.408532], "properties": {}}, {"name": "O", "species": [{"element": "O", "occu": 1}], "xyz": [-2.661554, 3.717422, 1.696205], "properties": {}}, {"name": "H", "species": [{"element": "H", "occu": 1}], "xyz": [-1.775717, 3.48738, 2.044706], "properties": {}}, {"name": "H", "species": [{"element": "H", "occu": 1}], "xyz": [-3.263215, 3.338741, 2.357512], "properties": {}}, {"name": "H", "species": [{"element": "H", "occu": 1}], "xyz": [-0.617974, 2.179018, 3.439162], "properties": {}}, {"name": "O", "species": [{"element": "O", "occu": 1}], "xyz": [-0.2819, 2.658198, 2.666243], "properties": {}}, {"name": "H", "species": [{"element": "H", "occu": 1}], "xyz": [-0.153147, 1.976828, 1.980255], "properties": {}}, {"name": "H", "species": [{"element": "H", "occu": 1}], "xyz": [-4.358192, -0.606011, 1.845257], "properties": {}}, {"name": "O", "species": [{"element": "O", "occu": 1}], "xyz": [-4.522431, 0.2958, 1.559568], "properties": {}}, {"name": "H", "species": [{"element": "H", "occu": 1}], "xyz": [-4.404572, 0.849511, 2.355858], "properties": {}}, {"name": "H", "species": [{"element": "H", "occu": 1}], "xyz": [-1.497249, 0.414497, 4.932023], "properties": {}}, {"name": "H", "species": [{"element": "H", "occu": 1}], "xyz": [-1.45343, 1.720542, 5.729364], "properties": {}}, {"name": "O", "species": [{"element": "O", "occu": 1}], "xyz": [-1.638921, 1.363626, 4.854609], "properties": {}}, {"name": "H", "species": [{"element": "H", "occu": 1}], "xyz": [-3.24223, 1.817821, 4.155429], "properties": {}}, {"name": "O", "species": [{"element": "O", "occu": 1}], "xyz": [-4.011165, 2.081756, 3.613043], "properties": {}}, {"name": "H", "species": [{"element": "H", "occu": 1}], "xyz": [-4.702249, 2.335354, 4.230775], "properties": {}}, {"name": "H", "species": [{"element": "H", "occu": 1}], "xyz": [0.991533, 1.670752, -0.597644], "properties": {}}, {"name": "O", "species": [{"element": "O", "occu": 1}], "xyz": [1.670024, 2.114701, -1.139009], "properties": {}}, {"name": "H", "species": [{"element": "H", "occu": 1}], "xyz": [1.412671, 1.936886, -2.045975], "properties": {}}]}, "functional": "PBE1PBE", "basis_set": "6-311++G**", "route_parameters": {"NMR": "GIAO", "iop(7/33=1)": null, "int": "ultrafine", "EmpiricalDispersion": "GD3", "NoSymmetry": null, "test": null, "SCRF": "(Solvent=Water)"}, "title": "H16 O8", "charge": 0, "spin_multiplicity": 1, "input_parameters": {}, "link0_parameters": {"%chk": "checkpoint.chk", "%mem": "100GB", "%NProcShared": "24"}, "dieze_tag": "#P", "nbasisfunctions": 288, "pcm_parameters": {}}, "output": {"has_gaussian_completed": true, "is_pcm": true, "errors": [], "Mulliken_charges": {"1": ["O", -0.708495], "2": ["H", 0.302033], "3": ["H", 0.378041], "4": ["O", -0.74597], "5": ["H", 0.385135], "6": ["H", 0.359018], "7": ["O", -0.685316], "8": ["H", 0.361747], "9": ["H", 0.325824], "10": ["H", 0.340038], "11": ["O", -0.699339], "12": ["H", 0.348284], "13": ["H", 0.296666], "14": ["O", -0.642638], "15": ["H", 0.342573], "16": ["H", 0.304858], "17": ["H", 0.312618], "18": ["O", -0.567908], "19": ["H", 0.338732], "20": ["O", -0.658867], "21": ["H", 0.319824], "22": ["H", 0.359698], "23": ["O", -0.646133], "24": ["H", 0.279577]}, "tensor": {"1": {"type": "O", "Isotropic": 291.2162, "Anisotropy": 42.9123, "tensor": [], "eigenvalues": [274.117, 279.7071, 319.8244]}, "2": {"type": "H", "Isotropic": 30.2891, "Anisotropy": 17.5578, "tensor": [], "eigenvalues": [23.5476, 25.3253, 41.9943]}, "3": {"type": "H", "Isotropic": 23.0635, "Anisotropy": 35.5939, "tensor": [], "eigenvalues": [10.1569, 12.2408, 46.7928]}, "4": {"type": "O", "Isotropic": 287.757, "Anisotropy": 33.4619, "tensor": [[11.9808, 302.2185, 5.7521]], "eigenvalues": [267.8983, 285.3077, 310.0649]}, "5": {"type": "H", "Isotropic": 26.2015, "Anisotropy": 29.5033, "tensor": [], "eigenvalues": [14.7829, 17.9512, 45.8704]}, "6": {"type": "H", "Isotropic": 25.8723, "Anisotropy": 28.5231, "tensor": [[1.0498, 35.1555, 13.4401], [0.1735, 13.4823, 26.2411]], "eigenvalues": [15.8471, 16.8822, 44.8877]}, "7": {"type": "O", "Isotropic": 294.4088, "Anisotropy": 37.8869, "tensor": [], "eigenvalues": [278.5662, 284.9935, 319.6667]}, "8": {"type": "H", "Isotropic": 26.1157, "Anisotropy": 28.993, "tensor": [], "eigenvalues": [15.9129, 16.9898, 45.4443]}, "9": {"type": "H", "Isotropic": 27.8603, "Anisotropy": 25.6614, "tensor": [], "eigenvalues": [18.5299, 20.0832, 44.968]}, "10": {"type": "H", "Isotropic": 27.9103, "Anisotropy": 27.6461, "tensor": [], "eigenvalues": [17.8103, 19.5796, 46.341]}, "11": {"type": "O", "Isotropic": 299.2735, "Anisotropy": 49.041, "tensor": [], "eigenvalues": [279.1636, 286.6894, 331.9676]}, "12": {"type": "H", "Isotropic": 26.5528, "Anisotropy": 29.8594, "tensor": [], "eigenvalues": [15.7893, 17.4099, 46.459]}, "13": {"type": "H", "Isotropic": 30.6679, "Anisotropy": 18.4089, "tensor": [], "eigenvalues": [24.1677, 24.8955, 42.9405]}, "14": {"type": "O", "Isotropic": 309.1302, "Anisotropy": 50.8616, "tensor": [[4.578, 333.8629, 15.4973]], "eigenvalues": [281.6456, 302.7071, 343.0379]}, "15": {"type": "H", "Isotropic": 26.1194, "Anisotropy": 31.2871, "tensor": [[15.9993, 4.2598, 2.7303], [4.0858, 28.0668, 14.2125], [2.6675, 15.2891, 34.2922]], "eigenvalues": [14.1124, 17.2683, 46.9775]}, "16": {"type": "H", "Isotropic": 29.666, "Anisotropy": 18.4549, "tensor": [], "eigenvalues": [22.3887, 24.6401, 41.9693]}, "17": {"type": "H", "Isotropic": 29.6374, "Anisotropy": 20.2325, "tensor": [[23.1948, 1.4569, 3.8248], [1.0658, 25.8512, 5.6103], [3.7685, 7.1168, 39.8663]], "eigenvalues": [22.3595, 23.427, 43.1258]}, "18": {"type": "O", "Isotropic": 312.1199, "Anisotropy": 24.7285, "tensor": [[5.4511, 8.9181, 315.6148]], "eigenvalues": [295.5279, 312.2263, 328.6056]}, "19": {"type": "H", "Isotropic": 25.852, "Anisotropy": 30.4998, "tensor": [], "eigenvalues": [13.6491, 17.7217, 46.1852]}, "20": {"type": "O", "Isotropic": 301.2598, "Anisotropy": 36.8709, "tensor": [[4.9261, 0.0026, 297.2557]], "eigenvalues": [280.9649, 296.9741, 325.8403]}, "21": {"type": "H", "Isotropic": 30.0209, "Anisotropy": 20.3871, "tensor": [], "eigenvalues": [22.5167, 23.9338, 43.6123]}, "22": {"type": "H", "Isotropic": 26.7028, "Anisotropy": 34.5317, "tensor": [], "eigenvalues": [14.449, 15.9354, 49.7239]}, "23": {"type": "O", "Isotropic": 322.8153, "Anisotropy": 69.4027, "tensor": [], "eigenvalues": [290.1884, 309.1737, 369.0838]}, "24": {"type": "H", "Isotropic": 31.3933, "Anisotropy": 18.7964, "tensor": [[26.2391, 1.1823, 2.1349], [1.1487, 24.4513, 2.238], [1.6273, 1.7793, 43.4897]], "eigenvalues": [23.8225, 26.4333, 43.9243]}}, "output": {"energies": [-611.124404754], "final_energy": -611.124404754, "final_energy_per_atom": -25.46351686475, "molecule": {"charge": 0.0, "spin_multiplicity": 1, "sites": [{"name": "O", "species": [{"element": "O", "occu": 1}], "xyz": [-0.239953, 0.908267, 0.488937], "properties": {}}, {"name": "H", "species": [{"element": "H", "occu": 1}], "xyz": [-0.156013, -0.0408, 0.61216], "properties": {}}, {"name": "H", "species": [{"element": "H", "occu": 1}], "xyz": [-1.180962, 1.075755, 0.215052], "properties": {}}, {"name": "O", "species": [{"element": "O", "occu": 1}], "xyz": [-2.733934, 1.611267, -0.103797], "properties": {}}, {"name": "H", "species": [{"element": "H", "occu": 1}], "xyz": [-3.369495, 1.043951, 0.375361], "properties": {}}, {"name": "H", "species": [{"element": "H", "occu": 1}], "xyz": [-2.753655, 2.447156, 0.408532], "properties": {}}, {"name": "O", "species": [{"element": "O", "occu": 1}], "xyz": [-2.661554, 3.717422, 1.696205], "properties": {}}, {"name": "H", "species": [{"element": "H", "occu": 1}], "xyz": [-1.775717, 3.48738, 2.044706], "properties": {}}, {"name": "H", "species": [{"element": "H", "occu": 1}], "xyz": [-3.263215, 3.338741, 2.357512], "properties": {}}, {"name": "H", "species": [{"element": "H", "occu": 1}], "xyz": [-0.617974, 2.179018, 3.439162], "properties": {}}, {"name": "O", "species": [{"element": "O", "occu": 1}], "xyz": [-0.2819, 2.658198, 2.666243], "properties": {}}, {"name": "H", "species": [{"element": "H", "occu": 1}], "xyz": [-0.153147, 1.976828, 1.980255], "properties": {}}, {"name": "H", "species": [{"element": "H", "occu": 1}], "xyz": [-4.358192, -0.606011, 1.845257], "properties": {}}, {"name": "O", "species": [{"element": "O", "occu": 1}], "xyz": [-4.522431, 0.2958, 1.559568], "properties": {}}, {"name": "H", "species": [{"element": "H", "occu": 1}], "xyz": [-4.404572, 0.849511, 2.355858], "properties": {}}, {"name": "H", "species": [{"element": "H", "occu": 1}], "xyz": [-1.497249, 0.414497, 4.932023], "properties": {}}, {"name": "H", "species": [{"element": "H", "occu": 1}], "xyz": [-1.45343, 1.720542, 5.729364], "properties": {}}, {"name": "O", "species": [{"element": "O", "occu": 1}], "xyz": [-1.638921, 1.363626, 4.854609], "properties": {}}, {"name": "H", "species": [{"element": "H", "occu": 1}], "xyz": [-3.24223, 1.817821, 4.155429], "properties": {}}, {"name": "O", "species": [{"element": "O", "occu": 1}], "xyz": [-4.011165, 2.081756, 3.613043], "properties": {}}, {"name": "H", "species": [{"element": "H", "occu": 1}], "xyz": [-4.702249, 2.335354, 4.230775], "properties": {}}, {"name": "H", "species": [{"element": "H", "occu": 1}], "xyz": [0.991533, 1.670752, -0.597644], "properties": {}}, {"name": "O", "species": [{"element": "O", "occu": 1}], "xyz": [1.670024, 2.114701, -1.139009], "properties": {}}, {"name": "H", "species": [{"element": "H", "occu": 1}], "xyz": [1.412671, 1.936886, -2.045975], "properties": {}}]}, "stationary_type": "Minimum", "corrections": {}, "tensor": {"1": {"type": "O", "Isotropic": 291.2162, "Anisotropy": 42.9123, "tensor": [], "eigenvalues": [274.117, 279.7071, 319.8244]}, "2": {"type": "H", "Isotropic": 30.2891, "Anisotropy": 17.5578, "tensor": [], "eigenvalues": [23.5476, 25.3253, 41.9943]}, "3": {"type": "H", "Isotropic": 23.0635, "Anisotropy": 35.5939, "tensor": [], "eigenvalues": [10.1569, 12.2408, 46.7928]}, "4": {"type": "O", "Isotropic": 287.757, "Anisotropy": 33.4619, "tensor": [[11.9808, 302.2185, 5.7521]], "eigenvalues": [267.8983, 285.3077, 310.0649]}, "5": {"type": "H", "Isotropic": 26.2015, "Anisotropy": 29.5033, "tensor": [], "eigenvalues": [14.7829, 17.9512, 45.8704]}, "6": {"type": "H", "Isotropic": 25.8723, "Anisotropy": 28.5231, "tensor": [[1.0498, 35.1555, 13.4401], [0.1735, 13.4823, 26.2411]], "eigenvalues": [15.8471, 16.8822, 44.8877]}, "7": {"type": "O", "Isotropic": 294.4088, "Anisotropy": 37.8869, "tensor": [], "eigenvalues": [278.5662, 284.9935, 319.6667]}, "8": {"type": "H", "Isotropic": 26.1157, "Anisotropy": 28.993, "tensor": [], "eigenvalues": [15.9129, 16.9898, 45.4443]}, "9": {"type": "H", "Isotropic": 27.8603, "Anisotropy": 25.6614, "tensor": [], "eigenvalues": [18.5299, 20.0832, 44.968]}, "10": {"type": "H", "Isotropic": 27.9103, "Anisotropy": 27.6461, "tensor": [], "eigenvalues": [17.8103, 19.5796, 46.341]}, "11": {"type": "O", "Isotropic": 299.2735, "Anisotropy": 49.041, "tensor": [], "eigenvalues": [279.1636, 286.6894, 331.9676]}, "12": {"type": "H", "Isotropic": 26.5528, "Anisotropy": 29.8594, "tensor": [], "eigenvalues": [15.7893, 17.4099, 46.459]}, "13": {"type": "H", "Isotropic": 30.6679, "Anisotropy": 18.4089, "tensor": [], "eigenvalues": [24.1677, 24.8955, 42.9405]}, "14": {"type": "O", "Isotropic": 309.1302, "Anisotropy": 50.8616, "tensor": [[4.578, 333.8629, 15.4973]], "eigenvalues": [281.6456, 302.7071, 343.0379]}, "15": {"type": "H", "Isotropic": 26.1194, "Anisotropy": 31.2871, "tensor": [[15.9993, 4.2598, 2.7303], [4.0858, 28.0668, 14.2125], [2.6675, 15.2891, 34.2922]], "eigenvalues": [14.1124, 17.2683, 46.9775]}, "16": {"type": "H", "Isotropic": 29.666, "Anisotropy": 18.4549, "tensor": [], "eigenvalues": [22.3887, 24.6401, 41.9693]}, "17": {"type": "H", "Isotropic": 29.6374, "Anisotropy": 20.2325, "tensor": [[23.1948, 1.4569, 3.8248], [1.0658, 25.8512, 5.6103], [3.7685, 7.1168, 39.8663]], "eigenvalues": [22.3595, 23.427, 43.1258]}, "18": {"type": "O", "Isotropic": 312.1199, "Anisotropy": 24.7285, "tensor": [[5.4511, 8.9181, 315.6148]], "eigenvalues": [295.5279, 312.2263, 328.6056]}, "19": {"type": "H", "Isotropic": 25.852, "Anisotropy": 30.4998, "tensor": [], "eigenvalues": [13.6491, 17.7217, 46.1852]}, "20": {"type": "O", "Isotropic": 301.2598, "Anisotropy": 36.8709, "tensor": [[4.9261, 0.0026, 297.2557]], "eigenvalues": [280.9649, 296.9741, 325.8403]}, "21": {"type": "H", "Isotropic": 30.0209, "Anisotropy": 20.3871, "tensor": [], "eigenvalues": [22.5167, 23.9338, 43.6123]}, "22": {"type": "H", "Isotropic": 26.7028, "Anisotropy": 34.5317, "tensor": [], "eigenvalues": [14.449, 15.9354, 49.7239]}, "23": {"type": "O", "Isotropic": 322.8153, "Anisotropy": 69.4027, "tensor": [], "eigenvalues": [290.1884, 309.1737, 369.0838]}, "24": {"type": "H", "Isotropic": 31.3933, "Anisotropy": 18.7964, "tensor": [[26.2391, 1.1823, 2.1349], [1.1487, 24.4513, 2.238], [1.6273, 1.7793, 43.4897]], "eigenvalues": [23.8225, 26.4333, 43.9243]}}}}, "functional": "PBE1PBE", "basis": "6-311++G**", "phase": "solution", "type": "nmr;scrf", "smiles": "O.O.O.O.O.O.O.O", "formula": "H16 O8", "formula_pretty": "H2O", "formula_anonymous": "AB2", "formula_alphabetical": "H16 O8", "chemsys": "H-O", "nsites": 24, "nelements": 2, "is_ordered": true, "is_valid": true, "tag": "unknown", "wall_time (s)": 36.4252044102177, "last_updated": "2021-02-10T02:02:52.496280", "_id": null}