{"input": {"molecule": {"charge": 0, "spin_multiplicity": 1, "sites": [{"name": "O", "species": [{"element": "O", "occu": 1}], "xyz": [-0.801191, 0.93481, 1.305516], "properties": {}}, {"name": "H", "species": [{"element": "H", "occu": 1}], "xyz": [-1.12133, 1.15884, 2.200852], "properties": {}}, {"name": "H", "species": [{"element": "H", "occu": 1}], "xyz": [-1.611439, 0.783253, 0.766688], "properties": {}}, {"name": "O", "species": [{"element": "O", "occu": 1}], "xyz": [-3.159373, 0.923033, -0.046889], "properties": {}}, {"name": "H", "species": [{"element": "H", "occu": 1}], "xyz": [-3.815744, 0.652493, 0.623176], "properties": {}}, {"name": "H", "species": [{"element": "H", "occu": 1}], "xyz": [-3.221533, 1.900057, -0.033641], "properties": {}}, {"name": "O", "species": [{"element": "O", "occu": 1}], "xyz": [-3.193181, 3.674564, 0.456632], "properties": {}}, {"name": "H", "species": [{"element": "H", "occu": 1}], "xyz": [-2.232421, 3.840451, 0.522601], "properties": {}}, {"name": "H", "species": [{"element": "H", "occu": 1}], "xyz": [-3.4773, 3.558078, 1.379662], "properties": {}}, {"name": "H", "species": [{"element": "H", "occu": 1}], "xyz": [0.014341, 3.931212, 1.456751], "properties": {}}, {"name": "O", "species": [{"element": "O", "occu": 1}], "xyz": [-0.423372, 3.659878, 0.63599], "properties": {}}, {"name": "H", "species": [{"element": "H", "occu": 1}], "xyz": [-0.461246, 2.689725, 0.729559], "properties": {}}, {"name": "H", "species": [{"element": "H", "occu": 1}], "xyz": [-4.842243, -0.122608, 2.694397], "properties": {}}, {"name": "O", "species": [{"element": "O", "occu": 1}], "xyz": [-4.938331, 0.606775, 2.077433], "properties": {}}, {"name": "H", "species": [{"element": "H", "occu": 1}], "xyz": [-4.620125, 1.398002, 2.555966], "properties": {}}, {"name": "H", "species": [{"element": "H", "occu": 1}], "xyz": [-0.589766, 2.590499, 3.755122], "properties": {}}, {"name": "H", "species": [{"element": "H", "occu": 1}], "xyz": [-1.291824, 1.463839, 4.601946], "properties": {}}, {"name": "O", "species": [{"element": "O", "occu": 1}], "xyz": [-1.379897, 2.015802, 3.798551], "properties": {}}, {"name": "H", "species": [{"element": "H", "occu": 1}], "xyz": [-2.919112, 2.650469, 3.458841], "properties": {}}, {"name": "O", "species": [{"element": "O", "occu": 1}], "xyz": [-3.80614, 2.902276, 3.10754], "properties": {}}, {"name": "H", "species": [{"element": "H", "occu": 1}], "xyz": [-4.219897, 3.456355, 3.774193], "properties": {}}, {"name": "H", "species": [{"element": "H", "occu": 1}], "xyz": [0.994682, 0.891938, 1.529426], "properties": {}}, {"name": "O", "species": [{"element": "O", "occu": 1}], "xyz": [1.866655, 1.198832, 1.843003], "properties": {}}, {"name": "H", "species": [{"element": "H", "occu": 1}], "xyz": [2.256776, 0.452721, 2.304816], "properties": {}}, {"name": "O", "species": [{"element": "O", "occu": 1}], "xyz": [-1.23924, 0.411681, 6.010633], "properties": {}}, {"name": "H", "species": [{"element": "H", "occu": 1}], "xyz": [-0.951815, 0.800278, 6.841764], "properties": {}}, {"name": "H", "species": [{"element": "H", "occu": 1}], "xyz": [-0.725532, -0.39583, 5.919175], "properties": {}}, {"name": "O", "species": [{"element": "O", "occu": 1}], "xyz": [0.908017, 3.381403, 3.146583], "properties": {}}, {"name": "H", "species": [{"element": "H", "occu": 1}], "xyz": [1.497069, 3.906633, 3.693498], "properties": {}}, {"name": "H", "species": [{"element": "H", "occu": 1}], "xyz": [1.436685, 2.635435, 2.786384], "properties": {}}]}, "functional": "PBE1PBE", "basis_set": "6-311++G**", "route_parameters": {"NMR": "GIAO", "iop(7/33=1)": null, "int": "ultrafine", "EmpiricalDispersion": "GD3", "NoSymmetry": null, "test": null, "SCRF": "(Solvent=Water)"}, "title": "H20 O10", "charge": 0, "spin_multiplicity": 1, "input_parameters": {}, "link0_parameters": {"%chk": "checkpoint.chk", "%mem": "100GB", "%NProcShared": "24"}, "dieze_tag": "#P", "nbasisfunctions": 360, "pcm_parameters": {}}, "output": {"has_gaussian_completed": true, "is_pcm": true, "errors": [], "Mulliken_charges": {"1": ["O", -0.818508], "2": ["H", 0.328719], "3": ["H", 0.469996], "4": ["O", -0.71297], "5": ["H", 0.350486], "6": ["H", 0.335151], "7": ["O", -0.684812], "8": ["H", 0.346871], "9": ["H", 0.328372], "10": ["H", 0.32725], "11": ["O", -0.638297], "12": ["H", 0.308081], "13": ["H", 0.29224], "14": ["O", -0.633046], "15": ["H", 0.330387], "16": ["H", 0.383999], "17": ["H", 0.469304], "18": ["O", -0.833981], "19": ["H", 0.344193], "20": ["O", -0.651527], "21": ["H", 0.321354], "22": ["H", 0.334658], "23": ["O", -0.604684], "24": ["H", 0.299431], "25": ["O", -0.596504], "26": ["H", 0.314751], "27": ["H", 0.310427], "28": ["O", -0.700118], "29": ["H", 0.33492], "30": ["H", 0.343858]}, "tensor": {"1": {"type": "O", "Isotropic": 278.8468, "Anisotropy": 48.1658, "tensor": [[285.4225, 5.5023, 19.1203], [5.8662, 258.9963, 12.6703], [18.5445, 10.6166, 292.1216]], "eigenvalues": [255.3099, 270.2732, 310.9574]}, "2": {"type": "H", "Isotropic": 26.3082, "Anisotropy": 26.8889, "tensor": [], "eigenvalues": [15.3039, 19.3865, 44.2341]}, "3": {"type": "H", "Isotropic": 24.6507, "Anisotropy": 32.7618, "tensor": [[37.1073, 1.7454, 14.7937], [2.227, 14.0037, 3.0107], [14.3019, 2.7051, 22.841]], "eigenvalues": [12.3616, 15.0985, 46.4919]}, "4": {"type": "O", "Isotropic": 290.2556, "Anisotropy": 36.031, "tensor": [], "eigenvalues": [274.919, 281.5714, 314.2762]}, "5": {"type": "H", "Isotropic": 26.6086, "Anisotropy": 27.9586, "tensor": [], "eigenvalues": [15.6119, 18.9663, 45.2477]}, "6": {"type": "H", "Isotropic": 26.2986, "Anisotropy": 27.2966, "tensor": [[0.7744, 44.3542, 1.8443], [0.4558, 1.9936, 17.599]], "eigenvalues": [16.7132, 17.6862, 44.4963]}, "7": {"type": "O", "Isotropic": 295.5715, "Anisotropy": 45.1965, "tensor": [], "eigenvalues": [279.3079, 281.7041, 325.7025]}, "8": {"type": "H", "Isotropic": 26.4044, "Anisotropy": 29.4988, "tensor": [[45.7708, 2.3812, 0.7857]], "eigenvalues": [14.8069, 18.336, 46.0702]}, "9": {"type": "H", "Isotropic": 27.3165, "Anisotropy": 26.7715, "tensor": [], "eigenvalues": [17.6979, 19.0874, 45.1641]}, "10": {"type": "H", "Isotropic": 28.2414, "Anisotropy": 23.0047, "tensor": [[25.2493, 3.0923, 10.6557], [2.8798, 23.0716, 2.3685], [10.7474, 2.757, 36.4032]], "eigenvalues": [18.3938, 22.7525, 43.5779]}, "11": {"type": "O", "Isotropic": 295.3962, "Anisotropy": 39.1188, "tensor": [[287.1117, 10.2998, 17.8781], [9.695, 313.3805, 9.1388], [15.5448, 5.0888, 285.6965]], "eigenvalues": [269.597, 295.1162, 321.4755]}, "12": {"type": "H", "Isotropic": 27.1142, "Anisotropy": 26.1195, "tensor": [[19.368, 2.2488, 1.1646]], "eigenvalues": [16.706, 20.1093, 44.5272]}, "13": {"type": "H", "Isotropic": 30.6841, "Anisotropy": 18.3144, "tensor": [[24.8698, 1.0762, 0.3042]], "eigenvalues": [23.6495, 25.5092, 42.8937]}, "14": {"type": "O", "Isotropic": 308.7268, "Anisotropy": 52.9279, "tensor": [[14.3156, 338.908, 0.3092]], "eigenvalues": [281.8544, 300.3138, 344.012]}, "15": {"type": "H", "Isotropic": 26.0099, "Anisotropy": 30.899, "tensor": [[19.9642, 10.6003, 3.6318], [10.3844, 36.8138, 9.8822], [3.9489, 10.8447, 21.2517]], "eigenvalues": [14.4593, 16.9611, 46.6093]}, "16": {"type": "H", "Isotropic": 25.6317, "Anisotropy": 29.3642, "tensor": [], "eigenvalues": [14.0385, 17.6489, 45.2078]}, "17": {"type": "H", "Isotropic": 25.1025, "Anisotropy": 34.1049, "tensor": [], "eigenvalues": [12.4471, 15.0214, 47.8391]}, "18": {"type": "O", "Isotropic": 281.4517, "Anisotropy": 34.7831, "tensor": [], "eigenvalues": [259.8592, 279.8556, 304.6405]}, "19": {"type": "H", "Isotropic": 24.0068, "Anisotropy": 34.3501, "tensor": [], "eigenvalues": [10.8414, 14.272, 46.9069]}, "20": {"type": "O", "Isotropic": 295.3891, "Anisotropy": 39.7549, "tensor": [[3.8518, 4.3815, 286.0644]], "eigenvalues": [275.2583, 289.0167, 321.8924]}, "21": {"type": "H", "Isotropic": 30.1077, "Anisotropy": 19.9672, "tensor": [], "eigenvalues": [22.7759, 24.1281, 43.4192]}, "22": {"type": "H", "Isotropic": 26.5217, "Anisotropy": 29.607, "tensor": [[43.4814, 2.6473, 7.6359], [4.1202, 18.536, 2.6016], [8.243, 1.9083, 17.5478]], "eigenvalues": [14.8242, 18.4812, 46.2597]}, "23": {"type": "O", "Isotropic": 308.7044, "Anisotropy": 52.7084, "tensor": [[18.6256, 2.7576, 292.6171]], "eigenvalues": [281.0249, 301.245, 343.8434]}, "24": {"type": "H", "Isotropic": 30.4971, "Anisotropy": 19.7049, "tensor": [], "eigenvalues": [23.4264, 24.4313, 43.6338]}, "25": {"type": "O", "Isotropic": 319.1953, "Anisotropy": 33.667, "tensor": [[3.3742, 11.2376, 329.1727]], "eigenvalues": [293.8564, 322.0895, 341.64]}, "26": {"type": "H", "Isotropic": 30.1455, "Anisotropy": 19.6312, "tensor": [[24.0294, 1.8727, 4.8627], [1.0794, 26.9454, 5.7413], [4.1018, 6.8477, 39.4616]], "eigenvalues": [22.7972, 24.4062, 43.2329]}, "27": {"type": "H", "Isotropic": 30.0836, "Anisotropy": 18.5839, "tensor": [], "eigenvalues": [22.5574, 25.2206, 42.4729]}, "28": {"type": "O", "Isotropic": 300.2166, "Anisotropy": 45.4762, "tensor": [[1.2577, 313.3724, 25.2252], [2.2225, 24.3666, 294.6606]], "eigenvalues": [277.4417, 292.6741, 330.5341]}, "29": {"type": "H", "Isotropic": 30.1314, "Anisotropy": 21.1676, "tensor": [[30.3176, 7.4742, 6.941], [6.6709, 30.4947, 7.1557], [6.5174, 7.5385, 29.582]], "eigenvalues": [22.674, 23.4771, 44.2432]}, "30": {"type": "H", "Isotropic": 25.1622, "Anisotropy": 29.5771, "tensor": [], "eigenvalues": [12.8449, 17.7615, 44.8803]}}, "output": {"energies": [-763.916910537], "final_energy": -763.916910537, "final_energy_per_atom": -25.463897017900003, "molecule": {"charge": 0.0, "spin_multiplicity": 1, "sites": [{"name": "O", "species": [{"element": "O", "occu": 1}], "xyz": [-0.801191, 0.93481, 1.305516], "properties": {}}, {"name": "H", "species": [{"element": "H", "occu": 1}], "xyz": [-1.12133, 1.15884, 2.200852], "properties": {}}, {"name": "H", "species": [{"element": "H", "occu": 1}], "xyz": [-1.611439, 0.783253, 0.766688], "properties": {}}, {"name": "O", "species": [{"element": "O", "occu": 1}], "xyz": [-3.159373, 0.923033, -0.046889], "properties": {}}, {"name": "H", "species": [{"element": "H", "occu": 1}], "xyz": [-3.815744, 0.652493, 0.623176], "properties": {}}, {"name": "H", "species": [{"element": "H", "occu": 1}], "xyz": [-3.221533, 1.900057, -0.033641], "properties": {}}, {"name": "O", "species": [{"element": "O", "occu": 1}], "xyz": [-3.193181, 3.674564, 0.456632], "properties": {}}, {"name": "H", "species": [{"element": "H", "occu": 1}], "xyz": [-2.232421, 3.840451, 0.522601], "properties": {}}, {"name": "H", "species": [{"element": "H", "occu": 1}], "xyz": [-3.4773, 3.558078, 1.379662], "properties": {}}, {"name": "H", "species": [{"element": "H", "occu": 1}], "xyz": [0.014341, 3.931212, 1.456751], "properties": {}}, {"name": "O", "species": [{"element": "O", "occu": 1}], "xyz": [-0.423372, 3.659878, 0.63599], "properties": {}}, {"name": "H", "species": [{"element": "H", "occu": 1}], "xyz": [-0.461246, 2.689725, 0.729559], "properties": {}}, {"name": "H", "species": [{"element": "H", "occu": 1}], "xyz": [-4.842243, -0.122608, 2.694397], "properties": {}}, {"name": "O", "species": [{"element": "O", "occu": 1}], "xyz": [-4.938331, 0.606775, 2.077433], "properties": {}}, {"name": "H", "species": [{"element": "H", "occu": 1}], "xyz": [-4.620125, 1.398002, 2.555966], "properties": {}}, {"name": "H", "species": [{"element": "H", "occu": 1}], "xyz": [-0.589766, 2.590499, 3.755122], "properties": {}}, {"name": "H", "species": [{"element": "H", "occu": 1}], "xyz": [-1.291824, 1.463839, 4.601946], "properties": {}}, {"name": "O", "species": [{"element": "O", "occu": 1}], "xyz": [-1.379897, 2.015802, 3.798551], "properties": {}}, {"name": "H", "species": [{"element": "H", "occu": 1}], "xyz": [-2.919112, 2.650469, 3.458841], "properties": {}}, {"name": "O", "species": [{"element": "O", "occu": 1}], "xyz": [-3.80614, 2.902276, 3.10754], "properties": {}}, {"name": "H", "species": [{"element": "H", "occu": 1}], "xyz": [-4.219897, 3.456355, 3.774193], "properties": {}}, {"name": "H", "species": [{"element": "H", "occu": 1}], "xyz": [0.994682, 0.891938, 1.529426], "properties": {}}, {"name": "O", "species": [{"element": "O", "occu": 1}], "xyz": [1.866655, 1.198832, 1.843003], "properties": {}}, {"name": "H", "species": [{"element": "H", "occu": 1}], "xyz": [2.256776, 0.452721, 2.304816], "properties": {}}, {"name": "O", "species": [{"element": "O", "occu": 1}], "xyz": [-1.23924, 0.411681, 6.010633], "properties": {}}, {"name": "H", "species": [{"element": "H", "occu": 1}], "xyz": [-0.951815, 0.800278, 6.841764], "properties": {}}, {"name": "H", "species": [{"element": "H", "occu": 1}], "xyz": [-0.725532, -0.39583, 5.919175], "properties": {}}, {"name": "O", "species": [{"element": "O", "occu": 1}], "xyz": [0.908017, 3.381403, 3.146583], "properties": {}}, {"name": "H", "species": [{"element": "H", "occu": 1}], "xyz": [1.497069, 3.906633, 3.693498], "properties": {}}, {"name": "H", "species": [{"element": "H", "occu": 1}], "xyz": [1.436685, 2.635435, 2.786384], "properties": {}}]}, "stationary_type": "Minimum", "corrections": {}, "tensor": {"1": {"type": "O", "Isotropic": 278.8468, "Anisotropy": 48.1658, "tensor": [[285.4225, 5.5023, 19.1203], [5.8662, 258.9963, 12.6703], [18.5445, 10.6166, 292.1216]], "eigenvalues": [255.3099, 270.2732, 310.9574]}, "2": {"type": "H", "Isotropic": 26.3082, "Anisotropy": 26.8889, "tensor": [], "eigenvalues": [15.3039, 19.3865, 44.2341]}, "3": {"type": "H", "Isotropic": 24.6507, "Anisotropy": 32.7618, "tensor": [[37.1073, 1.7454, 14.7937], [2.227, 14.0037, 3.0107], [14.3019, 2.7051, 22.841]], "eigenvalues": [12.3616, 15.0985, 46.4919]}, "4": {"type": "O", "Isotropic": 290.2556, "Anisotropy": 36.031, "tensor": [], "eigenvalues": [274.919, 281.5714, 314.2762]}, "5": {"type": "H", "Isotropic": 26.6086, "Anisotropy": 27.9586, "tensor": [], "eigenvalues": [15.6119, 18.9663, 45.2477]}, "6": {"type": "H", "Isotropic": 26.2986, "Anisotropy": 27.2966, "tensor": [[0.7744, 44.3542, 1.8443], [0.4558, 1.9936, 17.599]], "eigenvalues": [16.7132, 17.6862, 44.4963]}, "7": {"type": "O", "Isotropic": 295.5715, "Anisotropy": 45.1965, "tensor": [], "eigenvalues": [279.3079, 281.7041, 325.7025]}, "8": {"type": "H", "Isotropic": 26.4044, "Anisotropy": 29.4988, "tensor": [[45.7708, 2.3812, 0.7857]], "eigenvalues": [14.8069, 18.336, 46.0702]}, "9": {"type": "H", "Isotropic": 27.3165, "Anisotropy": 26.7715, "tensor": [], "eigenvalues": [17.6979, 19.0874, 45.1641]}, "10": {"type": "H", "Isotropic": 28.2414, "Anisotropy": 23.0047, "tensor": [[25.2493, 3.0923, 10.6557], [2.8798, 23.0716, 2.3685], [10.7474, 2.757, 36.4032]], "eigenvalues": [18.3938, 22.7525, 43.5779]}, "11": {"type": "O", "Isotropic": 295.3962, "Anisotropy": 39.1188, "tensor": [[287.1117, 10.2998, 17.8781], [9.695, 313.3805, 9.1388], [15.5448, 5.0888, 285.6965]], "eigenvalues": [269.597, 295.1162, 321.4755]}, "12": {"type": "H", "Isotropic": 27.1142, "Anisotropy": 26.1195, "tensor": [[19.368, 2.2488, 1.1646]], "eigenvalues": [16.706, 20.1093, 44.5272]}, "13": {"type": "H", "Isotropic": 30.6841, "Anisotropy": 18.3144, "tensor": [[24.8698, 1.0762, 0.3042]], "eigenvalues": [23.6495, 25.5092, 42.8937]}, "14": {"type": "O", "Isotropic": 308.7268, "Anisotropy": 52.9279, "tensor": [[14.3156, 338.908, 0.3092]], "eigenvalues": [281.8544, 300.3138, 344.012]}, "15": {"type": "H", "Isotropic": 26.0099, "Anisotropy": 30.899, "tensor": [[19.9642, 10.6003, 3.6318], [10.3844, 36.8138, 9.8822], [3.9489, 10.8447, 21.2517]], "eigenvalues": [14.4593, 16.9611, 46.6093]}, "16": {"type": "H", "Isotropic": 25.6317, "Anisotropy": 29.3642, "tensor": [], "eigenvalues": [14.0385, 17.6489, 45.2078]}, "17": {"type": "H", "Isotropic": 25.1025, "Anisotropy": 34.1049, "tensor": [], "eigenvalues": [12.4471, 15.0214, 47.8391]}, "18": {"type": "O", "Isotropic": 281.4517, "Anisotropy": 34.7831, "tensor": [], "eigenvalues": [259.8592, 279.8556, 304.6405]}, "19": {"type": "H", "Isotropic": 24.0068, "Anisotropy": 34.3501, "tensor": [], "eigenvalues": [10.8414, 14.272, 46.9069]}, "20": {"type": "O", "Isotropic": 295.3891, "Anisotropy": 39.7549, "tensor": [[3.8518, 4.3815, 286.0644]], "eigenvalues": [275.2583, 289.0167, 321.8924]}, "21": {"type": "H", "Isotropic": 30.1077, "Anisotropy": 19.9672, "tensor": [], "eigenvalues": [22.7759, 24.1281, 43.4192]}, "22": {"type": "H", "Isotropic": 26.5217, "Anisotropy": 29.607, "tensor": [[43.4814, 2.6473, 7.6359], [4.1202, 18.536, 2.6016], [8.243, 1.9083, 17.5478]], "eigenvalues": [14.8242, 18.4812, 46.2597]}, "23": {"type": "O", "Isotropic": 308.7044, "Anisotropy": 52.7084, "tensor": [[18.6256, 2.7576, 292.6171]], "eigenvalues": [281.0249, 301.245, 343.8434]}, "24": {"type": "H", "Isotropic": 30.4971, "Anisotropy": 19.7049, "tensor": [], "eigenvalues": [23.4264, 24.4313, 43.6338]}, "25": {"type": "O", "Isotropic": 319.1953, "Anisotropy": 33.667, "tensor": [[3.3742, 11.2376, 329.1727]], "eigenvalues": [293.8564, 322.0895, 341.64]}, "26": {"type": "H", "Isotropic": 30.1455, "Anisotropy": 19.6312, "tensor": [[24.0294, 1.8727, 4.8627], [1.0794, 26.9454, 5.7413], [4.1018, 6.8477, 39.4616]], "eigenvalues": [22.7972, 24.4062, 43.2329]}, "27": {"type": "H", "Isotropic": 30.0836, "Anisotropy": 18.5839, "tensor": [], "eigenvalues": [22.5574, 25.2206, 42.4729]}, "28": {"type": "O", "Isotropic": 300.2166, "Anisotropy": 45.4762, "tensor": [[1.2577, 313.3724, 25.2252], [2.2225, 24.3666, 294.6606]], "eigenvalues": [277.4417, 292.6741, 330.5341]}, "29": {"type": "H", "Isotropic": 30.1314, "Anisotropy": 21.1676, "tensor": [[30.3176, 7.4742, 6.941], [6.6709, 30.4947, 7.1557], [6.5174, 7.5385, 29.582]], "eigenvalues": [22.674, 23.4771, 44.2432]}, "30": {"type": "H", "Isotropic": 25.1622, "Anisotropy": 29.5771, "tensor": [], "eigenvalues": [12.8449, 17.7615, 44.8803]}}}}, "functional": "PBE1PBE", "basis": "6-311++G**", "phase": "solution", "type": "scrf;nmr", "smiles": "O.O.O.O.O.O.O.O.O.O", "formula": "H20 O10", "formula_pretty": "H2O", "formula_anonymous": "AB2", "formula_alphabetical": "H20 O10", "chemsys": "H-O", "nsites": 30, "nelements": 2, "is_ordered": true, "is_valid": true, "tag": "unknown", "wall_time (s)": 63.61143019795418, "last_updated": "2021-02-11T20:54:27.590909", "_id": null}