{"input": {"molecule": {"charge": 0, "spin_multiplicity": 1, "sites": [{"name": "O", "species": [{"element": "O", "occu": 1}], "xyz": [-0.721868, 1.541307, -0.935003], "properties": {}}, {"name": "H", "species": [{"element": "H", "occu": 1}], "xyz": [-0.346782, 1.737142, -0.065658], "properties": {}}, {"name": "H", "species": [{"element": "H", "occu": 1}], "xyz": [-1.646382, 1.30864, -0.740014], "properties": {}}, {"name": "O", "species": [{"element": "O", "occu": 1}], "xyz": [-3.346717, 0.963445, -0.06263], "properties": {}}, {"name": "H", "species": [{"element": "H", "occu": 1}], "xyz": [-3.669631, 0.063374, -0.147722], "properties": {}}, {"name": "H", "species": [{"element": "H", "occu": 1}], "xyz": [-3.167236, 1.088456, 0.892111], "properties": {}}, {"name": "O", "species": [{"element": "O", "occu": 1}], "xyz": [-2.512083, 1.404634, 2.507645], "properties": {}}, {"name": "H", "species": [{"element": "H", "occu": 1}], "xyz": [-1.590595, 1.694822, 2.380363], "properties": {}}, {"name": "H", "species": [{"element": "H", "occu": 1}], "xyz": [-2.928215, 2.085213, 3.042255], "properties": {}}, {"name": "H", "species": [{"element": "H", "occu": 1}], "xyz": [0.394078, 3.002224, 1.979468], "properties": {}}, {"name": "O", "species": [{"element": "O", "occu": 1}], "xyz": [0.109559, 2.097629, 1.815676], "properties": {}}, {"name": "H", "species": [{"element": "H", "occu": 1}], "xyz": [0.805709, 1.542395, 2.18061], "properties": {}}]}, "functional": "PBE1PBE", "basis_set": "6-311++G**", "route_parameters": {"NMR": "GIAO", "iop(7/33=1)": null, "int": "ultrafine", "EmpiricalDispersion": "GD3", "NoSymmetry": null, "test": null, "SCRF": "(Solvent=Water)"}, "title": "H8 O4", "charge": 0, "spin_multiplicity": 1, "input_parameters": {}, "link0_parameters": {"%chk": "checkpoint.chk", "%mem": "100GB", "%NProcShared": "24"}, "dieze_tag": "#P", "nbasisfunctions": 144, "pcm_parameters": {}}, "output": {"has_gaussian_completed": true, "is_pcm": true, "errors": [], "Mulliken_charges": {"1": ["O", -0.687804], "2": ["H", 0.323316], "3": ["H", 0.349689], "4": ["O", -0.668289], "5": ["H", 0.292714], "6": ["H", 0.358724], "7": ["O", -0.642024], "8": ["H", 0.344846], "9": ["H", 0.301552], "10": ["H", 0.30248], "11": ["O", -0.578173], "12": ["H", 0.302967]}, "tensor": {"1": {"type": "O", "Isotropic": 317.164, "Anisotropy": 60.4921, "tensor": [[344.6605, 18.7681, 14.6259], [19.369, 288.5385, 7.2403], [15.2352, 7.9328, 318.2931]], "eigenvalues": [282.4159, 311.5841, 357.4921]}, "2": {"type": "H", "Isotropic": 28.8207, "Anisotropy": 27.5336, "tensor": [[25.6777, 3.2417, 8.5447], [3.2918, 18.8892, 5.0994], [9.3187, 5.3997, 41.8951]], "eigenvalues": [17.3998, 21.8858, 47.1764]}, "3": {"type": "H", "Isotropic": 27.3756, "Anisotropy": 30.3353, "tensor": [], "eigenvalues": [15.133, 19.3947, 47.5992]}, "4": {"type": "O", "Isotropic": 310.1778, "Anisotropy": 54.9187, "tensor": [[299.5062, 19.9404, 10.535], [15.8576, 304.0415, 17.8118], [11.2536, 23.8258, 326.9857]], "eigenvalues": [282.6983, 301.0448, 346.7902]}, "5": {"type": "H", "Isotropic": 30.7627, "Anisotropy": 19.0423, "tensor": [[27.2569, 7.2202, 1.7456], [7.1573, 39.3573, 3.6736], [1.4376, 2.9259, 25.674]], "eigenvalues": [23.9087, 24.9219, 43.4576]}, "6": {"type": "H", "Isotropic": 25.742, "Anisotropy": 32.5179, "tensor": [[17.6834, 2.8762, 7.1857], [2.7529, 15.468, 5.3787], [7.8491, 6.7346, 44.0745]], "eigenvalues": [13.512, 16.2934, 47.4205]}, "7": {"type": "O", "Isotropic": 310.5584, "Anisotropy": 47.871, "tensor": [[1.3048, 289.299, 10.2448]], "eigenvalues": [282.3083, 306.8945, 342.4724]}, "8": {"type": "H", "Isotropic": 26.5563, "Anisotropy": 30.8232, "tensor": [], "eigenvalues": [14.5134, 18.0504, 47.1051]}, "9": {"type": "H", "Isotropic": 30.5035, "Anisotropy": 19.2788, "tensor": [], "eigenvalues": [23.3609, 24.7936, 43.3561]}, "10": {"type": "H", "Isotropic": 29.7864, "Anisotropy": 19.3497, "tensor": [[25.4767, 6.0128, 1.5131], [4.6854, 40.3976, 2.5522], [1.5719, 3.3977, 23.4849]], "eigenvalues": [22.6444, 24.0286, 42.6862]}, "11": {"type": "O", "Isotropic": 313.8431, "Anisotropy": 26.1831, "tensor": [], "eigenvalues": [296.067, 314.1638, 331.2985]}, "12": {"type": "H", "Isotropic": 29.7217, "Anisotropy": 19.4861, "tensor": [], "eigenvalues": [22.5582, 23.8944, 42.7124]}}, "output": {"energies": [-305.552225219], "final_energy": -305.552225219, "final_energy_per_atom": -25.462685434916665, "molecule": {"charge": 0.0, "spin_multiplicity": 1, "sites": [{"name": "O", "species": [{"element": "O", "occu": 1}], "xyz": [-0.721868, 1.541307, -0.935003], "properties": {}}, {"name": "H", "species": [{"element": "H", "occu": 1}], "xyz": [-0.346782, 1.737142, -0.065658], "properties": {}}, {"name": "H", "species": [{"element": "H", "occu": 1}], "xyz": [-1.646382, 1.30864, -0.740014], "properties": {}}, {"name": "O", "species": [{"element": "O", "occu": 1}], "xyz": [-3.346717, 0.963445, -0.06263], "properties": {}}, {"name": "H", "species": [{"element": "H", "occu": 1}], "xyz": [-3.669631, 0.063374, -0.147722], "properties": {}}, {"name": "H", "species": [{"element": "H", "occu": 1}], "xyz": [-3.167236, 1.088456, 0.892111], "properties": {}}, {"name": "O", "species": [{"element": "O", "occu": 1}], "xyz": [-2.512083, 1.404634, 2.507645], "properties": {}}, {"name": "H", "species": [{"element": "H", "occu": 1}], "xyz": [-1.590595, 1.694822, 2.380363], "properties": {}}, {"name": "H", "species": [{"element": "H", "occu": 1}], "xyz": [-2.928215, 2.085213, 3.042255], "properties": {}}, {"name": "H", "species": [{"element": "H", "occu": 1}], "xyz": [0.394078, 3.002224, 1.979468], "properties": {}}, {"name": "O", "species": [{"element": "O", "occu": 1}], "xyz": [0.109559, 2.097629, 1.815676], "properties": {}}, {"name": "H", "species": [{"element": "H", "occu": 1}], "xyz": [0.805709, 1.542395, 2.18061], "properties": {}}]}, "stationary_type": "Minimum", "corrections": {}, "tensor": {"1": {"type": "O", "Isotropic": 317.164, "Anisotropy": 60.4921, "tensor": [[344.6605, 18.7681, 14.6259], [19.369, 288.5385, 7.2403], [15.2352, 7.9328, 318.2931]], "eigenvalues": [282.4159, 311.5841, 357.4921]}, "2": {"type": "H", "Isotropic": 28.8207, "Anisotropy": 27.5336, "tensor": [[25.6777, 3.2417, 8.5447], [3.2918, 18.8892, 5.0994], [9.3187, 5.3997, 41.8951]], "eigenvalues": [17.3998, 21.8858, 47.1764]}, "3": {"type": "H", "Isotropic": 27.3756, "Anisotropy": 30.3353, "tensor": [], "eigenvalues": [15.133, 19.3947, 47.5992]}, "4": {"type": "O", "Isotropic": 310.1778, "Anisotropy": 54.9187, "tensor": [[299.5062, 19.9404, 10.535], [15.8576, 304.0415, 17.8118], [11.2536, 23.8258, 326.9857]], "eigenvalues": [282.6983, 301.0448, 346.7902]}, "5": {"type": "H", "Isotropic": 30.7627, "Anisotropy": 19.0423, "tensor": [[27.2569, 7.2202, 1.7456], [7.1573, 39.3573, 3.6736], [1.4376, 2.9259, 25.674]], "eigenvalues": [23.9087, 24.9219, 43.4576]}, "6": {"type": "H", "Isotropic": 25.742, "Anisotropy": 32.5179, "tensor": [[17.6834, 2.8762, 7.1857], [2.7529, 15.468, 5.3787], [7.8491, 6.7346, 44.0745]], "eigenvalues": [13.512, 16.2934, 47.4205]}, "7": {"type": "O", "Isotropic": 310.5584, "Anisotropy": 47.871, "tensor": [[1.3048, 289.299, 10.2448]], "eigenvalues": [282.3083, 306.8945, 342.4724]}, "8": {"type": "H", "Isotropic": 26.5563, "Anisotropy": 30.8232, "tensor": [], "eigenvalues": [14.5134, 18.0504, 47.1051]}, "9": {"type": "H", "Isotropic": 30.5035, "Anisotropy": 19.2788, "tensor": [], "eigenvalues": [23.3609, 24.7936, 43.3561]}, "10": {"type": "H", "Isotropic": 29.7864, "Anisotropy": 19.3497, "tensor": [[25.4767, 6.0128, 1.5131], [4.6854, 40.3976, 2.5522], [1.5719, 3.3977, 23.4849]], "eigenvalues": [22.6444, 24.0286, 42.6862]}, "11": {"type": "O", "Isotropic": 313.8431, "Anisotropy": 26.1831, "tensor": [], "eigenvalues": [296.067, 314.1638, 331.2985]}, "12": {"type": "H", "Isotropic": 29.7217, "Anisotropy": 19.4861, "tensor": [], "eigenvalues": [22.5582, 23.8944, 42.7124]}}}}, "functional": "PBE1PBE", "basis": "6-311++G**", "phase": "solution", "type": "scrf;nmr", "smiles": "O.O.O.O", "formula": "H8 O4", "formula_pretty": "H2O", "formula_anonymous": "AB2", "formula_alphabetical": "H8 O4", "chemsys": "H-O", "nsites": 12, "nelements": 2, "is_ordered": true, "is_valid": true, "tag": "unknown", "wall_time (s)": 14.29167597182095, "last_updated": "2021-02-08T17:11:07.334015", "_id": null}