{"input": {"molecule": {"charge": 0, "spin_multiplicity": 1, "sites": [{"name": "O", "species": [{"element": "O", "occu": 1}], "xyz": [-0.662894, 1.773216, -0.437231], "properties": {}}, {"name": "H", "species": [{"element": "H", "occu": 1}], "xyz": [-1.091678, 2.225013, -1.168446], "properties": {}}, {"name": "H", "species": [{"element": "H", "occu": 1}], "xyz": [-1.374633, 1.330752, 0.076984], "properties": {}}, {"name": "O", "species": [{"element": "O", "occu": 1}], "xyz": [-2.428646, 0.551467, 1.211566], "properties": {}}, {"name": "H", "species": [{"element": "H", "occu": 1}], "xyz": [-3.01722, -0.12545, 0.866667], "properties": {}}, {"name": "H", "species": [{"element": "H", "occu": 1}], "xyz": [-1.926415, 0.128567, 1.947827], "properties": {}}, {"name": "O", "species": [{"element": "O", "occu": 1}], "xyz": [-0.948083, -0.546717, 3.18442], "properties": {}}, {"name": "H", "species": [{"element": "H", "occu": 1}], "xyz": [-1.058443, -1.495194, 3.295042], "properties": {}}, {"name": "H", "species": [{"element": "H", "occu": 1}], "xyz": [-1.08122, -0.143629, 4.08841], "properties": {}}, {"name": "H", "species": [{"element": "H", "occu": 1}], "xyz": [1.195763, 2.0044, 1.911857], "properties": {}}, {"name": "O", "species": [{"element": "O", "occu": 1}], "xyz": [0.896587, 2.901833, 1.649725], "properties": {}}, {"name": "H", "species": [{"element": "H", "occu": 1}], "xyz": [0.317381, 2.727321, 0.889958], "properties": {}}, {"name": "H", "species": [{"element": "H", "occu": 1}], "xyz": [-3.259517, 2.215568, 1.533919], "properties": {}}, {"name": "O", "species": [{"element": "O", "occu": 1}], "xyz": [-3.672467, 3.089897, 1.602198], "properties": {}}, {"name": "H", "species": [{"element": "H", "occu": 1}], "xyz": [-3.369354, 3.444041, 2.4528], "properties": {}}, {"name": "H", "species": [{"element": "H", "occu": 1}], "xyz": [-0.510371, 1.201101, 5.700224], "properties": {}}, {"name": "H", "species": [{"element": "H", "occu": 1}], "xyz": [-2.058487, 1.03295, 5.676119], "properties": {}}, {"name": "O", "species": [{"element": "O", "occu": 1}], "xyz": [-1.228595, 0.545158, 5.553079], "properties": {}}, {"name": "H", "species": [{"element": "H", "occu": 1}], "xyz": [-3.204803, 4.913093, 4.384065], "properties": {}}, {"name": "O", "species": [{"element": "O", "occu": 1}], "xyz": [-2.807204, 4.074569, 4.133406], "properties": {}}, {"name": "H", "species": [{"element": "H", "occu": 1}], "xyz": [-3.117472, 3.424523, 4.793374], "properties": {}}, {"name": "H", "species": [{"element": "H", "occu": 1}], "xyz": [0.615991, 0.534967, -0.697379], "properties": {}}, {"name": "O", "species": [{"element": "O", "occu": 1}], "xyz": [1.347358, -0.102835, -0.580593], "properties": {}}, {"name": "H", "species": [{"element": "H", "occu": 1}], "xyz": [1.041563, -0.923387, -0.974202], "properties": {}}, {"name": "O", "species": [{"element": "O", "occu": 1}], "xyz": [-3.62853, 2.057167, 5.848598], "properties": {}}, {"name": "H", "species": [{"element": "H", "occu": 1}], "xyz": [-4.414877, 1.608167, 5.521024], "properties": {}}, {"name": "H", "species": [{"element": "H", "occu": 1}], "xyz": [-3.830266, 2.293178, 6.759971], "properties": {}}, {"name": "O", "species": [{"element": "O", "occu": 1}], "xyz": [-0.012227, 4.098501, 3.905844], "properties": {}}, {"name": "H", "species": [{"element": "H", "occu": 1}], "xyz": [0.242354, 3.700045, 3.043931], "properties": {}}, {"name": "H", "species": [{"element": "H", "occu": 1}], "xyz": [-0.98523, 4.108664, 3.9301], "properties": {}}, {"name": "O", "species": [{"element": "O", "occu": 1}], "xyz": [0.759991, 2.365553, 5.781329], "properties": {}}, {"name": "H", "species": [{"element": "H", "occu": 1}], "xyz": [0.890563, 2.827219, 6.612711], "properties": {}}, {"name": "H", "species": [{"element": "H", "occu": 1}], "xyz": [0.514128, 3.059034, 5.118058], "properties": {}}, {"name": "O", "species": [{"element": "O", "occu": 1}], "xyz": [1.537295, 0.276754, 2.164273], "properties": {}}, {"name": "H", "species": [{"element": "H", "occu": 1}], "xyz": [0.71174, -0.076407, 2.542573], "properties": {}}, {"name": "H", "species": [{"element": "H", "occu": 1}], "xyz": [1.532727, -0.012631, 1.232099], "properties": {}}]}, "functional": "PBE1PBE", "basis_set": "6-311++G**", "route_parameters": {"NMR": "GIAO", "iop(7/33=1)": null, "int": "ultrafine", "EmpiricalDispersion": "GD3", "NoSymmetry": null, "test": null, "SCRF": "(Solvent=Water)"}, "title": "H24 O12", "charge": 0, "spin_multiplicity": 1, "input_parameters": {}, "link0_parameters": {"%chk": "checkpoint.chk", "%mem": "100GB", "%NProcShared": "28"}, "dieze_tag": "#P", "nbasisfunctions": 432, "pcm_parameters": {}}, "output": {"has_gaussian_completed": true, "is_pcm": true, "errors": [], "Mulliken_charges": {"1": ["O", -0.666735], "2": ["H", 0.321016], "3": ["H", 0.325032], "4": ["O", -0.600612], "5": ["H", 0.316058], "6": ["H", 0.292459], "7": ["O", -0.681404], "8": ["H", 0.308377], "9": ["H", 0.402581], "10": ["H", 0.342598], "11": ["O", -0.711862], "12": ["H", 0.338861], "13": ["H", 0.324529], "14": ["O", -0.695684], "15": ["H", 0.347339], "16": ["H", 0.373613], "17": ["H", 0.350041], "18": ["O", -0.719348], "19": ["H", 0.303051], "20": ["O", -0.622701], "21": ["H", 0.3204], "22": ["H", 0.343944], "23": ["O", -0.647784], "24": ["H", 0.299219], "25": ["O", -0.561444], "26": ["H", 0.307821], "27": ["H", 0.30938], "28": ["O", -0.747129], "29": ["H", 0.410065], "30": ["H", 0.347934], "31": ["O", -0.694826], "32": ["H", 0.30551], "33": ["H", 0.36196], "34": ["O", -0.696622], "35": ["H", 0.3389], "36": ["H", 0.355462]}, "tensor": {"1": {"type": "O", "Isotropic": 297.6749, "Anisotropy": 37.93, "tensor": [], "eigenvalues": [277.3289, 292.7343, 322.9616]}, "2": {"type": "H", "Isotropic": 30.0671, "Anisotropy": 19.8096, "tensor": [], "eigenvalues": [22.531, 24.3969, 43.2735]}, "3": {"type": "H", "Isotropic": 24.6189, "Anisotropy": 32.2471, "tensor": [], "eigenvalues": [12.9561, 14.7835, 46.1169]}, "4": {"type": "O", "Isotropic": 294.0042, "Anisotropy": 38.1548, "tensor": [[294.9385, 1.7309, 19.7827]], "eigenvalues": [274.1006, 288.4712, 319.4407]}, "5": {"type": "H", "Isotropic": 30.1102, "Anisotropy": 19.0234, "tensor": [[31.555, 7.7455, 5.1887], [8.2232, 32.0684, 5.0706], [4.9887, 4.3848, 26.7074]], "eigenvalues": [23.4282, 24.11, 42.7925]}, "6": {"type": "H", "Isotropic": 24.066, "Anisotropy": 33.6093, "tensor": [], "eigenvalues": [12.2584, 13.4673, 46.4722]}, "7": {"type": "O", "Isotropic": 287.4798, "Anisotropy": 41.247, "tensor": [], "eigenvalues": [269.4279, 278.0337, 314.9778]}, "8": {"type": "H", "Isotropic": 30.1655, "Anisotropy": 18.5202, "tensor": [], "eigenvalues": [23.0222, 24.9621, 42.5123]}, "9": {"type": "H", "Isotropic": 22.128, "Anisotropy": 38.1884, "tensor": [], "eigenvalues": [8.1098, 10.6871, 47.5869]}, "10": {"type": "H", "Isotropic": 25.4535, "Anisotropy": 29.7261, "tensor": [], "eigenvalues": [14.001, 17.0886, 45.2709]}, "11": {"type": "O", "Isotropic": 292.0193, "Anisotropy": 32.3028, "tensor": [], "eigenvalues": [263.4852, 299.0182, 313.5545]}, "12": {"type": "H", "Isotropic": 27.4873, "Anisotropy": 26.2343, "tensor": [[26.4167, 3.0006, 11.8062], [3.5855, 21.276, 5.5382], [12.2987, 5.0232, 34.7692]], "eigenvalues": [17.7655, 19.7196, 44.9769]}, "13": {"type": "H", "Isotropic": 27.9461, "Anisotropy": 29.7702, "tensor": [], "eigenvalues": [17.0342, 19.0112, 47.7929]}, "14": {"type": "O", "Isotropic": 316.8575, "Anisotropy": 69.6648, "tensor": [[4.4059, 32.6248, 322.8912]], "eigenvalues": [283.2851, 303.9867, 363.3007]}, "15": {"type": "H", "Isotropic": 27.8282, "Anisotropy": 30.2655, "tensor": [[20.0724, 1.9124, 7.6915], [1.6511, 22.623, 10.7497], [7.2726, 11.2477, 40.7891]], "eigenvalues": [16.1874, 19.2919, 48.0052]}, "16": {"type": "H", "Isotropic": 24.5742, "Anisotropy": 32.3677, "tensor": [[31.9992, 15.3801, 2.7016], [15.9591, 27.5724, 2.7594], [3.2283, 3.1121, 14.151]], "eigenvalues": [13.4632, 14.1068, 46.1527]}, "17": {"type": "H", "Isotropic": 27.2067, "Anisotropy": 28.3931, "tensor": [], "eigenvalues": [17.1838, 18.3009, 46.1354]}, "18": {"type": "O", "Isotropic": 290.8692, "Anisotropy": 38.2287, "tensor": [[8.2627, 281.1166, 13.7366]], "eigenvalues": [263.5304, 292.7223, 316.355]}, "19": {"type": "H", "Isotropic": 30.1042, "Anisotropy": 19.8035, "tensor": [], "eigenvalues": [22.9568, 24.0492, 43.3065]}, "20": {"type": "O", "Isotropic": 300.0539, "Anisotropy": 34.7269, "tensor": [], "eigenvalues": [283.1407, 293.8158, 323.2052]}, "21": {"type": "H", "Isotropic": 25.8108, "Anisotropy": 30.6951, "tensor": [], "eigenvalues": [14.0884, 17.0697, 46.2741]}, "22": {"type": "H", "Isotropic": 26.1082, "Anisotropy": 30.7506, "tensor": [[0.6623, 0.5486, 17.3669]], "eigenvalues": [14.0695, 17.6466, 46.6086]}, "23": {"type": "O", "Isotropic": 308.4982, "Anisotropy": 52.6407, "tensor": [[3.4702, 13.8788, 298.1573]], "eigenvalues": [281.6327, 300.27, 343.5921]}, "24": {"type": "H", "Isotropic": 30.6941, "Anisotropy": 19.1488, "tensor": [[25.1891, 2.8883, 1.3493], [2.0433, 38.7422, 7.7568], [1.1202, 8.2516, 28.1508]], "eigenvalues": [23.8424, 24.7799, 43.4599]}, "25": {"type": "O", "Isotropic": 310.6889, "Anisotropy": 23.6166, "tensor": [[309.3356, 8.0643, 2.9922], [7.5496, 301.8381, 8.317], [3.329, 9.2152, 320.8929]], "eigenvalues": [295.4673, 310.166, 326.4333]}, "26": {"type": "H", "Isotropic": 29.5328, "Anisotropy": 18.2547, "tensor": [[36.0006, 7.675, 4.8551], [7.0987, 26.3167, 3.3541], [3.4885, 2.8007, 26.2812]], "eigenvalues": [22.13, 24.7659, 41.7026]}, "27": {"type": "H", "Isotropic": 29.5971, "Anisotropy": 20.2001, "tensor": [], "eigenvalues": [22.2252, 23.5023, 43.0638]}, "28": {"type": "O", "Isotropic": 291.1808, "Anisotropy": 48.6776, "tensor": [], "eigenvalues": [264.3235, 285.5863, 323.6326]}, "29": {"type": "H", "Isotropic": 24.8248, "Anisotropy": 33.8105, "tensor": [], "eigenvalues": [12.9407, 14.1686, 47.3651]}, "30": {"type": "H", "Isotropic": 26.6979, "Anisotropy": 29.5786, "tensor": [], "eigenvalues": [16.2748, 17.4018, 46.417]}, "31": {"type": "O", "Isotropic": 300.3976, "Anisotropy": 52.5587, "tensor": [[281.9106, 4.7674, 19.7328]], "eigenvalues": [271.0872, 294.6689, 335.4368]}, "32": {"type": "H", "Isotropic": 30.7017, "Anisotropy": 19.6473, "tensor": [[24.9758, 1.7065, 4.2491], [1.8801, 27.3202, 6.893], [4.4297, 6.2475, 39.8092]], "eigenvalues": [23.7995, 24.5058, 43.8]}, "33": {"type": "H", "Isotropic": 23.6568, "Anisotropy": 34.9755, "tensor": [], "eigenvalues": [10.664, 13.3326, 46.9738]}, "34": {"type": "O", "Isotropic": 294.4833, "Anisotropy": 46.5427, "tensor": [], "eigenvalues": [274.6702, 283.2679, 325.5118]}, "35": {"type": "H", "Isotropic": 26.6792, "Anisotropy": 29.2001, "tensor": [], "eigenvalues": [16.6493, 17.2425, 46.146]}, "36": {"type": "H", "Isotropic": 26.5547, "Anisotropy": 29.5012, "tensor": [], "eigenvalues": [15.6196, 17.8222, 46.2221]}}, "output": {"energies": [-916.70471057], "final_energy": -916.70471057, "final_energy_per_atom": -25.464019738055555, "molecule": {"charge": 0.0, "spin_multiplicity": 1, "sites": [{"name": "O", "species": [{"element": "O", "occu": 1}], "xyz": [-0.662894, 1.773216, -0.437231], "properties": {}}, {"name": "H", "species": [{"element": "H", "occu": 1}], "xyz": [-1.091678, 2.225013, -1.168446], "properties": {}}, {"name": "H", "species": [{"element": "H", "occu": 1}], "xyz": [-1.374633, 1.330752, 0.076984], "properties": {}}, {"name": "O", "species": [{"element": "O", "occu": 1}], "xyz": [-2.428646, 0.551467, 1.211566], "properties": {}}, {"name": "H", "species": [{"element": "H", "occu": 1}], "xyz": [-3.01722, -0.12545, 0.866667], "properties": {}}, {"name": "H", "species": [{"element": "H", "occu": 1}], "xyz": [-1.926415, 0.128567, 1.947827], "properties": {}}, {"name": "O", "species": [{"element": "O", "occu": 1}], "xyz": [-0.948083, -0.546717, 3.18442], "properties": {}}, {"name": "H", "species": [{"element": "H", "occu": 1}], "xyz": [-1.058443, -1.495194, 3.295042], "properties": {}}, {"name": "H", "species": [{"element": "H", "occu": 1}], "xyz": [-1.08122, -0.143629, 4.08841], "properties": {}}, {"name": "H", "species": [{"element": "H", "occu": 1}], "xyz": [1.195763, 2.0044, 1.911857], "properties": {}}, {"name": "O", "species": [{"element": "O", "occu": 1}], "xyz": [0.896587, 2.901833, 1.649725], "properties": {}}, {"name": "H", "species": [{"element": "H", "occu": 1}], "xyz": [0.317381, 2.727321, 0.889958], "properties": {}}, {"name": "H", "species": [{"element": "H", "occu": 1}], "xyz": [-3.259517, 2.215568, 1.533919], "properties": {}}, {"name": "O", "species": [{"element": "O", "occu": 1}], "xyz": [-3.672467, 3.089897, 1.602198], "properties": {}}, {"name": "H", "species": [{"element": "H", "occu": 1}], "xyz": [-3.369354, 3.444041, 2.4528], "properties": {}}, {"name": "H", "species": [{"element": "H", "occu": 1}], "xyz": [-0.510371, 1.201101, 5.700224], "properties": {}}, {"name": "H", "species": [{"element": "H", "occu": 1}], "xyz": [-2.058487, 1.03295, 5.676119], "properties": {}}, {"name": "O", "species": [{"element": "O", "occu": 1}], "xyz": [-1.228595, 0.545158, 5.553079], "properties": {}}, {"name": "H", "species": [{"element": "H", "occu": 1}], "xyz": [-3.204803, 4.913093, 4.384065], "properties": {}}, {"name": "O", "species": [{"element": "O", "occu": 1}], "xyz": [-2.807204, 4.074569, 4.133406], "properties": {}}, {"name": "H", "species": [{"element": "H", "occu": 1}], "xyz": [-3.117472, 3.424523, 4.793374], "properties": {}}, {"name": "H", "species": [{"element": "H", "occu": 1}], "xyz": [0.615991, 0.534967, -0.697379], "properties": {}}, {"name": "O", "species": [{"element": "O", "occu": 1}], "xyz": [1.347358, -0.102835, -0.580593], "properties": {}}, {"name": "H", "species": [{"element": "H", "occu": 1}], "xyz": [1.041563, -0.923387, -0.974202], "properties": {}}, {"name": "O", "species": [{"element": "O", "occu": 1}], "xyz": [-3.62853, 2.057167, 5.848598], "properties": {}}, {"name": "H", "species": [{"element": "H", "occu": 1}], "xyz": [-4.414877, 1.608167, 5.521024], "properties": {}}, {"name": "H", "species": [{"element": "H", "occu": 1}], "xyz": [-3.830266, 2.293178, 6.759971], "properties": {}}, {"name": "O", "species": [{"element": "O", "occu": 1}], "xyz": [-0.012227, 4.098501, 3.905844], "properties": {}}, {"name": "H", "species": [{"element": "H", "occu": 1}], "xyz": [0.242354, 3.700045, 3.043931], "properties": {}}, {"name": "H", "species": [{"element": "H", "occu": 1}], "xyz": [-0.98523, 4.108664, 3.9301], "properties": {}}, {"name": "O", "species": [{"element": "O", "occu": 1}], "xyz": [0.759991, 2.365553, 5.781329], "properties": {}}, {"name": "H", "species": [{"element": "H", "occu": 1}], "xyz": [0.890563, 2.827219, 6.612711], "properties": {}}, {"name": "H", "species": [{"element": "H", "occu": 1}], "xyz": [0.514128, 3.059034, 5.118058], "properties": {}}, {"name": "O", "species": [{"element": "O", "occu": 1}], "xyz": [1.537295, 0.276754, 2.164273], "properties": {}}, {"name": "H", "species": [{"element": "H", "occu": 1}], "xyz": [0.71174, -0.076407, 2.542573], "properties": {}}, {"name": "H", "species": [{"element": "H", "occu": 1}], "xyz": [1.532727, -0.012631, 1.232099], "properties": {}}]}, "stationary_type": "Minimum", "corrections": {}, "tensor": {"1": {"type": "O", "Isotropic": 297.6749, "Anisotropy": 37.93, "tensor": [], "eigenvalues": [277.3289, 292.7343, 322.9616]}, "2": {"type": "H", "Isotropic": 30.0671, "Anisotropy": 19.8096, "tensor": [], "eigenvalues": [22.531, 24.3969, 43.2735]}, "3": {"type": "H", "Isotropic": 24.6189, "Anisotropy": 32.2471, "tensor": [], "eigenvalues": [12.9561, 14.7835, 46.1169]}, "4": {"type": "O", "Isotropic": 294.0042, "Anisotropy": 38.1548, "tensor": [[294.9385, 1.7309, 19.7827]], "eigenvalues": [274.1006, 288.4712, 319.4407]}, "5": {"type": "H", "Isotropic": 30.1102, "Anisotropy": 19.0234, "tensor": [[31.555, 7.7455, 5.1887], [8.2232, 32.0684, 5.0706], [4.9887, 4.3848, 26.7074]], "eigenvalues": [23.4282, 24.11, 42.7925]}, "6": {"type": "H", "Isotropic": 24.066, "Anisotropy": 33.6093, "tensor": [], "eigenvalues": [12.2584, 13.4673, 46.4722]}, "7": {"type": "O", "Isotropic": 287.4798, "Anisotropy": 41.247, "tensor": [], "eigenvalues": [269.4279, 278.0337, 314.9778]}, "8": {"type": "H", "Isotropic": 30.1655, "Anisotropy": 18.5202, "tensor": [], "eigenvalues": [23.0222, 24.9621, 42.5123]}, "9": {"type": "H", "Isotropic": 22.128, "Anisotropy": 38.1884, "tensor": [], "eigenvalues": [8.1098, 10.6871, 47.5869]}, "10": {"type": "H", "Isotropic": 25.4535, "Anisotropy": 29.7261, "tensor": [], "eigenvalues": [14.001, 17.0886, 45.2709]}, "11": {"type": "O", "Isotropic": 292.0193, "Anisotropy": 32.3028, "tensor": [], "eigenvalues": [263.4852, 299.0182, 313.5545]}, "12": {"type": "H", "Isotropic": 27.4873, "Anisotropy": 26.2343, "tensor": [[26.4167, 3.0006, 11.8062], [3.5855, 21.276, 5.5382], [12.2987, 5.0232, 34.7692]], "eigenvalues": [17.7655, 19.7196, 44.9769]}, "13": {"type": "H", "Isotropic": 27.9461, "Anisotropy": 29.7702, "tensor": [], "eigenvalues": [17.0342, 19.0112, 47.7929]}, "14": {"type": "O", "Isotropic": 316.8575, "Anisotropy": 69.6648, "tensor": [[4.4059, 32.6248, 322.8912]], "eigenvalues": [283.2851, 303.9867, 363.3007]}, "15": {"type": "H", "Isotropic": 27.8282, "Anisotropy": 30.2655, "tensor": [[20.0724, 1.9124, 7.6915], [1.6511, 22.623, 10.7497], [7.2726, 11.2477, 40.7891]], "eigenvalues": [16.1874, 19.2919, 48.0052]}, "16": {"type": "H", "Isotropic": 24.5742, "Anisotropy": 32.3677, "tensor": [[31.9992, 15.3801, 2.7016], [15.9591, 27.5724, 2.7594], [3.2283, 3.1121, 14.151]], "eigenvalues": [13.4632, 14.1068, 46.1527]}, "17": {"type": "H", "Isotropic": 27.2067, "Anisotropy": 28.3931, "tensor": [], "eigenvalues": [17.1838, 18.3009, 46.1354]}, "18": {"type": "O", "Isotropic": 290.8692, "Anisotropy": 38.2287, "tensor": [[8.2627, 281.1166, 13.7366]], "eigenvalues": [263.5304, 292.7223, 316.355]}, "19": {"type": "H", "Isotropic": 30.1042, "Anisotropy": 19.8035, "tensor": [], "eigenvalues": [22.9568, 24.0492, 43.3065]}, "20": {"type": "O", "Isotropic": 300.0539, "Anisotropy": 34.7269, "tensor": [], "eigenvalues": [283.1407, 293.8158, 323.2052]}, "21": {"type": "H", "Isotropic": 25.8108, "Anisotropy": 30.6951, "tensor": [], "eigenvalues": [14.0884, 17.0697, 46.2741]}, "22": {"type": "H", "Isotropic": 26.1082, "Anisotropy": 30.7506, "tensor": [[0.6623, 0.5486, 17.3669]], "eigenvalues": [14.0695, 17.6466, 46.6086]}, "23": {"type": "O", "Isotropic": 308.4982, "Anisotropy": 52.6407, "tensor": [[3.4702, 13.8788, 298.1573]], "eigenvalues": [281.6327, 300.27, 343.5921]}, "24": {"type": "H", "Isotropic": 30.6941, "Anisotropy": 19.1488, "tensor": [[25.1891, 2.8883, 1.3493], [2.0433, 38.7422, 7.7568], [1.1202, 8.2516, 28.1508]], "eigenvalues": [23.8424, 24.7799, 43.4599]}, "25": {"type": "O", "Isotropic": 310.6889, "Anisotropy": 23.6166, "tensor": [[309.3356, 8.0643, 2.9922], [7.5496, 301.8381, 8.317], [3.329, 9.2152, 320.8929]], "eigenvalues": [295.4673, 310.166, 326.4333]}, "26": {"type": "H", "Isotropic": 29.5328, "Anisotropy": 18.2547, "tensor": [[36.0006, 7.675, 4.8551], [7.0987, 26.3167, 3.3541], [3.4885, 2.8007, 26.2812]], "eigenvalues": [22.13, 24.7659, 41.7026]}, "27": {"type": "H", "Isotropic": 29.5971, "Anisotropy": 20.2001, "tensor": [], "eigenvalues": [22.2252, 23.5023, 43.0638]}, "28": {"type": "O", "Isotropic": 291.1808, "Anisotropy": 48.6776, "tensor": [], "eigenvalues": [264.3235, 285.5863, 323.6326]}, "29": {"type": "H", "Isotropic": 24.8248, "Anisotropy": 33.8105, "tensor": [], "eigenvalues": [12.9407, 14.1686, 47.3651]}, "30": {"type": "H", "Isotropic": 26.6979, "Anisotropy": 29.5786, "tensor": [], "eigenvalues": [16.2748, 17.4018, 46.417]}, "31": {"type": "O", "Isotropic": 300.3976, "Anisotropy": 52.5587, "tensor": [[281.9106, 4.7674, 19.7328]], "eigenvalues": [271.0872, 294.6689, 335.4368]}, "32": {"type": "H", "Isotropic": 30.7017, "Anisotropy": 19.6473, "tensor": [[24.9758, 1.7065, 4.2491], [1.8801, 27.3202, 6.893], [4.4297, 6.2475, 39.8092]], "eigenvalues": [23.7995, 24.5058, 43.8]}, "33": {"type": "H", "Isotropic": 23.6568, "Anisotropy": 34.9755, "tensor": [], "eigenvalues": [10.664, 13.3326, 46.9738]}, "34": {"type": "O", "Isotropic": 294.4833, "Anisotropy": 46.5427, "tensor": [], "eigenvalues": [274.6702, 283.2679, 325.5118]}, "35": {"type": "H", "Isotropic": 26.6792, "Anisotropy": 29.2001, "tensor": [], "eigenvalues": [16.6493, 17.2425, 46.146]}, "36": {"type": "H", "Isotropic": 26.5547, "Anisotropy": 29.5012, "tensor": [], "eigenvalues": [15.6196, 17.8222, 46.2221]}}}}, "functional": "PBE1PBE", "basis": "6-311++G**", "phase": "solution", "type": "scrf;nmr", "smiles": "O.O.O.O.O.O.O.O.O.O.O.O", "formula": "H24 O12", "formula_pretty": "H2O", "formula_anonymous": "AB2", "formula_alphabetical": "H24 O12", "chemsys": "H-O", "nsites": 36, "nelements": 2, "is_ordered": true, "is_valid": true, "tag": "unknown", "wall_time (s)": 105.20989297097549, "last_updated": "2021-02-16T20:33:45.519210", "_id": null}