{"input": {"molecule": {"charge": 2, "spin_multiplicity": 1, "sites": [{"name": "Mg", "species": [{"element": "Mg", "occu": 1}], "xyz": [15.271588, 13.787674, 31.370307], "properties": {}}, {"name": "O", "species": [{"element": "O", "occu": 1}], "xyz": [15.811817, 13.987207, 29.441893], "properties": {}}, {"name": "C", "species": [{"element": "C", "occu": 1}], "xyz": [15.054851, 13.609001, 28.283152], "properties": {}}, {"name": "C", "species": [{"element": "C", "occu": 1}], "xyz": [16.677598, 15.104182, 29.204501], "properties": {}}, {"name": "C", "species": [{"element": "C", "occu": 1}], "xyz": [17.594001, 15.213793, 30.396495], "properties": {}}, {"name": "O", "species": [{"element": "O", "occu": 1}], "xyz": [16.780537, 15.089168, 31.573869], "properties": {}}, {"name": "C", "species": [{"element": "C", "occu": 1}], "xyz": [17.408361, 15.587332, 32.764639], "properties": {}}, {"name": "H", "species": [{"element": "H", "occu": 1}], "xyz": [14.417217, 12.778798, 28.569468], "properties": {}}, {"name": "H", "species": [{"element": "H", "occu": 1}], "xyz": [15.740987, 13.300711, 27.495923], "properties": {}}, {"name": "H", "species": [{"element": "H", "occu": 1}], "xyz": [16.067395, 16.000561, 29.07881], "properties": {}}, {"name": "H", "species": [{"element": "H", "occu": 1}], "xyz": [17.259426, 14.9298, 28.299201], "properties": {}}, {"name": "H", "species": [{"element": "H", "occu": 1}], "xyz": [18.095189, 16.18164, 30.399692], "properties": {}}, {"name": "H", "species": [{"element": "H", "occu": 1}], "xyz": [18.339869, 14.415912, 30.402446], "properties": {}}, {"name": "H", "species": [{"element": "H", "occu": 1}], "xyz": [18.382857, 15.115929, 32.892796], "properties": {}}, {"name": "H", "species": [{"element": "H", "occu": 1}], "xyz": [16.759203, 15.341518, 33.600273], "properties": {}}, {"name": "H", "species": [{"element": "H", "occu": 1}], "xyz": [17.523427, 16.666563, 32.681407], "properties": {}}, {"name": "H", "species": [{"element": "H", "occu": 1}], "xyz": [14.451755, 14.453513, 27.948797], "properties": {}}, {"name": "O", "species": [{"element": "O", "occu": 1}], "xyz": [16.132373, 12.062636, 31.933238], "properties": {}}, {"name": "C", "species": [{"element": "C", "occu": 1}], "xyz": [17.545839, 11.832762, 31.993206], "properties": {}}, {"name": "C", "species": [{"element": "C", "occu": 1}], "xyz": [15.391611, 10.913975, 31.495698], "properties": {}}, {"name": "C", "species": [{"element": "C", "occu": 1}], "xyz": [13.927056, 11.249501, 31.627279], "properties": {}}, {"name": "O", "species": [{"element": "O", "occu": 1}], "xyz": [13.736667, 12.541552, 31.030527], "properties": {}}, {"name": "C", "species": [{"element": "C", "occu": 1}], "xyz": [12.358424, 12.870207, 30.798087], "properties": {}}, {"name": "H", "species": [{"element": "H", "occu": 1}], "xyz": [17.927397, 11.610988, 30.995689], "properties": {}}, {"name": "H", "species": [{"element": "H", "occu": 1}], "xyz": [17.74607, 11.002608, 32.668372], "properties": {}}, {"name": "H", "species": [{"element": "H", "occu": 1}], "xyz": [15.640652, 10.058038, 32.123144], "properties": {}}, {"name": "H", "species": [{"element": "H", "occu": 1}], "xyz": [15.65956, 10.69746, 30.45865], "properties": {}}, {"name": "H", "species": [{"element": "H", "occu": 1}], "xyz": [13.615465, 11.294734, 32.67269], "properties": {}}, {"name": "H", "species": [{"element": "H", "occu": 1}], "xyz": [13.324146, 10.512167, 31.097246], "properties": {}}, {"name": "H", "species": [{"element": "H", "occu": 1}], "xyz": [11.817345, 12.885074, 31.74349], "properties": {}}, {"name": "H", "species": [{"element": "H", "occu": 1}], "xyz": [11.92671, 12.129721, 30.126847], "properties": {}}, {"name": "H", "species": [{"element": "H", "occu": 1}], "xyz": [12.33173, 13.851412, 30.331455], "properties": {}}, {"name": "H", "species": [{"element": "H", "occu": 1}], "xyz": [18.00518, 12.736662, 32.382715], "properties": {}}]}, "functional": "M062X", "basis_set": "Def2TZVP", "route_parameters": {"NMR": "GIAO", "iop(7/33=1)": null, "int": "ultrafine", "EmpiricalDispersion": "GD3", "NoSymmetry": null, "test": null, "SCRF": "(Solvent=TetraHydroFuran)"}, "title": "Mg1 H20 C8 O4", "charge": 2, "spin_multiplicity": 1, "input_parameters": {}, "link0_parameters": {"%chk": "checkpoint.chk", "%mem": "100GB", "%NProcShared": "28"}, "dieze_tag": "#P", "nbasisfunctions": 524, "pcm_parameters": {}}, "output": {"has_gaussian_completed": true, "is_pcm": true, "errors": [], "Mulliken_charges": {"1": ["Mg", 1.202264], "2": ["O", -0.335272], "3": ["C", -0.278779], "4": ["C", -0.111854], "5": ["C", -0.143856], "6": ["O", -0.358723], "7": ["C", -0.263973], "8": ["H", 0.172521], "9": ["H", 0.183058], "10": ["H", 0.19174], "11": ["H", 0.194368], "12": ["H", 0.202217], "13": ["H", 0.214067], "14": ["H", 0.186949], "15": ["H", 0.171199], "16": ["H", 0.188368], "17": ["H", 0.185066], "18": ["O", -0.34165], "19": ["C", -0.264528], "20": ["C", -0.120268], "21": ["C", -0.106981], "22": ["O", -0.378484], "23": ["C", -0.259493], "24": ["H", 0.191154], "25": ["H", 0.187163], "26": ["H", 0.198237], "27": ["H", 0.203156], "28": ["H", 0.194798], "29": ["H", 0.200841], "30": ["H", 0.184142], "31": ["H", 0.18863], "32": ["H", 0.171622], "33": ["H", 0.152301]}, "tensor": {"1": {"type": "Mg", "Isotropic": 579.0161, "Anisotropy": 37.73, "tensor": [], "eigenvalues": [562.8146, 570.0642, 604.1694]}, "2": {"type": "O", "Isotropic": 322.7575, "Anisotropy": 39.4004, "tensor": [[312.8257, 12.8364, 11.5391]], "eigenvalues": [291.5764, 327.6716, 349.0244]}, "3": {"type": "C", "Isotropic": 122.1407, "Anisotropy": 95.4993, "tensor": [[118.7327, 18.8535, 36.8252], [15.7547, 97.3428, 21.8488], [41.1394, 23.6294, 150.3466]], "eigenvalues": [87.6348, 92.9804, 185.8069]}, "4": {"type": "C", "Isotropic": 110.6674, "Anisotropy": 70.8892, "tensor": [[112.5798, 41.8767, 0.8392], [37.968, 122.4277, 1.9898]], "eigenvalues": [77.1811, 96.8943, 157.9269]}, "5": {"type": "C", "Isotropic": 112.9136, "Anisotropy": 75.6644, "tensor": [], "eigenvalues": [78.6764, 96.7079, 163.3566]}, "6": {"type": "O", "Isotropic": 329.9083, "Anisotropy": 32.0512, "tensor": [[9.6154, 301.6883, 13.5193]], "eigenvalues": [297.4816, 340.9674, 351.2758]}, "7": {"type": "C", "Isotropic": 122.0015, "Anisotropy": 96.6608, "tensor": [[101.4701, 11.1445, 32.7216], [15.6404, 103.1886, 29.412], [29.5238, 27.4528, 161.3459]], "eigenvalues": [87.8663, 91.6963, 186.4421]}, "8": {"type": "H", "Isotropic": 27.9598, "Anisotropy": 6.3053, "tensor": [[27.6549, 4.6499, 0.1322], [2.4428, 1.835, 29.8474]], "eigenvalues": [22.7513, 28.9649, 32.1633]}, "9": {"type": "H", "Isotropic": 28.2396, "Anisotropy": 9.3187, "tensor": [[25.5185, 0.458, 1.5052], [0.002, 25.8584, 3.3118]], "eigenvalues": [24.6795, 25.5873, 34.4521]}, "10": {"type": "H", "Isotropic": 27.6739, "Anisotropy": 8.49, "tensor": [[24.8671, 2.0965, 1.0993]], "eigenvalues": [23.081, 26.6069, 33.334]}, "11": {"type": "H", "Isotropic": 28.0244, "Anisotropy": 7.2385, "tensor": [], "eigenvalues": [24.0572, 27.1659, 32.8501]}, "12": {"type": "H", "Isotropic": 28.2266, "Anisotropy": 7.3863, "tensor": [], "eigenvalues": [24.3218, 27.2071, 33.1508]}, "13": {"type": "H", "Isotropic": 27.7164, "Anisotropy": 7.0583, "tensor": [], "eigenvalues": [24.7775, 25.9499, 32.422]}, "14": {"type": "H", "Isotropic": 28.156, "Anisotropy": 9.4065, "tensor": [[1.2324, 26.0914, 1.143], [6.357, 0.2275, 29.0039]], "eigenvalues": [24.0487, 25.9924, 34.427]}, "15": {"type": "H", "Isotropic": 28.0383, "Anisotropy": 9.8988, "tensor": [[24.5459, 0.931, 1.1509], [0.9887, 25.5107, 2.9313]], "eigenvalues": [23.7464, 25.7309, 34.6374]}, "16": {"type": "H", "Isotropic": 28.2115, "Anisotropy": 9.9146, "tensor": [[25.2964, 2.2376, 1.5012], [1.4507, 31.4736, 2.6469], [2.5391, 5.4079, 27.8647]], "eigenvalues": [24.155, 25.6584, 34.8213]}, "17": {"type": "H", "Isotropic": 28.2331, "Anisotropy": 9.012, "tensor": [], "eigenvalues": [24.8405, 25.6177, 34.2411]}, "18": {"type": "O", "Isotropic": 324.6475, "Anisotropy": 29.742, "tensor": [[6.5563, 24.7688, 305.7398]], "eigenvalues": [295.2221, 334.2448, 344.4755]}, "19": {"type": "C", "Isotropic": 121.838, "Anisotropy": 93.9391, "tensor": [], "eigenvalues": [87.876, 93.1739, 184.4641]}, "20": {"type": "C", "Isotropic": 110.8285, "Anisotropy": 73.1018, "tensor": [[119.026, 22.7866, 14.332], [34.7181, 128.7927, 22.761], [15.8752, 9.4336, 84.6667]], "eigenvalues": [78.1052, 94.8172, 159.563]}, "21": {"type": "C", "Isotropic": 110.6021, "Anisotropy": 72.1211, "tensor": [], "eigenvalues": [78.3777, 94.7458, 158.6829]}, "22": {"type": "O", "Isotropic": 322.8693, "Anisotropy": 36.6993, "tensor": [], "eigenvalues": [293.42, 327.8525, 347.3355]}, "23": {"type": "C", "Isotropic": 123.0529, "Anisotropy": 96.6556, "tensor": [], "eigenvalues": [87.8802, 93.7886, 187.49]}, "24": {"type": "H", "Isotropic": 28.097, "Anisotropy": 8.2184, "tensor": [], "eigenvalues": [24.5506, 26.1644, 33.5759]}, "25": {"type": "H", "Isotropic": 28.1593, "Anisotropy": 9.6028, "tensor": [], "eigenvalues": [24.2351, 25.6817, 34.5612]}, "26": {"type": "H", "Isotropic": 28.4196, "Anisotropy": 7.5664, "tensor": [[27.2643, 1.6017, 0.0809]], "eigenvalues": [24.4367, 27.3583, 33.4639]}, "27": {"type": "H", "Isotropic": 27.747, "Anisotropy": 6.7208, "tensor": [[26.5259, 1.4752, 1.4117]], "eigenvalues": [24.618, 26.3954, 32.2275]}, "28": {"type": "H", "Isotropic": 27.7854, "Anisotropy": 8.2, "tensor": [], "eigenvalues": [23.5593, 26.5447, 33.2521]}, "29": {"type": "H", "Isotropic": 28.2212, "Anisotropy": 7.2627, "tensor": [[28.1341, 1.1948, 0.8183], [3.9287, 31.7183, 0.4403]], "eigenvalues": [24.5308, 27.0698, 33.063]}, "30": {"type": "H", "Isotropic": 28.2637, "Anisotropy": 9.9845, "tensor": [], "eigenvalues": [24.5812, 25.2899, 34.9201]}, "31": {"type": "H", "Isotropic": 28.18, "Anisotropy": 9.2447, "tensor": [[32.1636, 2.8609, 4.0444], [0.3693, 25.262, 0.4263], [3.0091, 1.2748, 27.1144]], "eigenvalues": [24.8943, 25.3026, 34.3431]}, "32": {"type": "H", "Isotropic": 28.1354, "Anisotropy": 9.3543, "tensor": [], "eigenvalues": [23.6504, 26.3842, 34.3716]}, "33": {"type": "H", "Isotropic": 28.1939, "Anisotropy": 7.319, "tensor": [[31.4187, 3.2405, 3.65]], "eigenvalues": [23.1215, 28.3869, 33.0732]}}, "output": {"energies": [-817.576683492], "final_energy": -817.576683492, "final_energy_per_atom": -24.775051014909092, "molecule": {"charge": 0.0, "spin_multiplicity": 1, "sites": [{"name": "Mg", "species": [{"element": "Mg", "occu": 1}], "xyz": [15.271588, 13.787674, 31.370307], "properties": {}}, {"name": "O", "species": [{"element": "O", "occu": 1}], "xyz": [15.811817, 13.987207, 29.441893], "properties": {}}, {"name": "C", "species": [{"element": "C", "occu": 1}], "xyz": [15.054851, 13.609001, 28.283152], "properties": {}}, {"name": "C", "species": [{"element": "C", "occu": 1}], "xyz": [16.677598, 15.104182, 29.204501], "properties": {}}, {"name": "C", "species": [{"element": "C", "occu": 1}], "xyz": [17.594001, 15.213793, 30.396495], "properties": {}}, {"name": "O", "species": [{"element": "O", "occu": 1}], "xyz": [16.780537, 15.089168, 31.573869], "properties": {}}, {"name": "C", "species": [{"element": "C", "occu": 1}], "xyz": [17.408361, 15.587332, 32.764639], "properties": {}}, {"name": "H", "species": [{"element": "H", "occu": 1}], "xyz": [14.417217, 12.778798, 28.569468], "properties": {}}, {"name": "H", "species": [{"element": "H", "occu": 1}], "xyz": [15.740987, 13.300711, 27.495923], "properties": {}}, {"name": "H", "species": [{"element": "H", "occu": 1}], "xyz": [16.067395, 16.000561, 29.07881], "properties": {}}, {"name": "H", "species": [{"element": "H", "occu": 1}], "xyz": [17.259426, 14.9298, 28.299201], "properties": {}}, {"name": "H", "species": [{"element": "H", "occu": 1}], "xyz": [18.095189, 16.18164, 30.399692], "properties": {}}, {"name": "H", "species": [{"element": "H", "occu": 1}], "xyz": [18.339869, 14.415912, 30.402446], "properties": {}}, {"name": "H", "species": [{"element": "H", "occu": 1}], "xyz": [18.382857, 15.115929, 32.892796], "properties": {}}, {"name": "H", "species": [{"element": "H", "occu": 1}], "xyz": [16.759203, 15.341518, 33.600273], "properties": {}}, {"name": "H", "species": [{"element": "H", "occu": 1}], "xyz": [17.523427, 16.666563, 32.681407], "properties": {}}, {"name": "H", "species": [{"element": "H", "occu": 1}], "xyz": [14.451755, 14.453513, 27.948797], "properties": {}}, {"name": "O", "species": [{"element": "O", "occu": 1}], "xyz": [16.132373, 12.062636, 31.933238], "properties": {}}, {"name": "C", "species": [{"element": "C", "occu": 1}], "xyz": [17.545839, 11.832762, 31.993206], "properties": {}}, {"name": "C", "species": [{"element": "C", "occu": 1}], "xyz": [15.391611, 10.913975, 31.495698], "properties": {}}, {"name": "C", "species": [{"element": "C", "occu": 1}], "xyz": [13.927056, 11.249501, 31.627279], "properties": {}}, {"name": "O", "species": [{"element": "O", "occu": 1}], "xyz": [13.736667, 12.541552, 31.030527], "properties": {}}, {"name": "C", "species": [{"element": "C", "occu": 1}], "xyz": [12.358424, 12.870207, 30.798087], "properties": {}}, {"name": "H", "species": [{"element": "H", "occu": 1}], "xyz": [17.927397, 11.610988, 30.995689], "properties": {}}, {"name": "H", "species": [{"element": "H", "occu": 1}], "xyz": [17.74607, 11.002608, 32.668372], "properties": {}}, {"name": "H", "species": [{"element": "H", "occu": 1}], "xyz": [15.640652, 10.058038, 32.123144], "properties": {}}, {"name": "H", "species": [{"element": "H", "occu": 1}], "xyz": [15.65956, 10.69746, 30.45865], "properties": {}}, {"name": "H", "species": [{"element": "H", "occu": 1}], "xyz": [13.615465, 11.294734, 32.67269], "properties": {}}, {"name": "H", "species": [{"element": "H", "occu": 1}], "xyz": [13.324146, 10.512167, 31.097246], "properties": {}}, {"name": "H", "species": [{"element": "H", "occu": 1}], "xyz": [11.817345, 12.885074, 31.74349], "properties": {}}, {"name": "H", "species": [{"element": "H", "occu": 1}], "xyz": [11.92671, 12.129721, 30.126847], "properties": {}}, {"name": "H", "species": [{"element": "H", "occu": 1}], "xyz": [12.33173, 13.851412, 30.331455], "properties": {}}, {"name": "H", "species": [{"element": "H", "occu": 1}], "xyz": [18.00518, 12.736662, 32.382715], "properties": {}}]}, "stationary_type": "Minimum", "corrections": {}, "tensor": {"1": {"type": "Mg", "Isotropic": 579.0161, "Anisotropy": 37.73, "tensor": [], "eigenvalues": [562.8146, 570.0642, 604.1694]}, "2": {"type": "O", "Isotropic": 322.7575, "Anisotropy": 39.4004, "tensor": [[312.8257, 12.8364, 11.5391]], "eigenvalues": [291.5764, 327.6716, 349.0244]}, "3": {"type": "C", "Isotropic": 122.1407, "Anisotropy": 95.4993, "tensor": [[118.7327, 18.8535, 36.8252], [15.7547, 97.3428, 21.8488], [41.1394, 23.6294, 150.3466]], "eigenvalues": [87.6348, 92.9804, 185.8069]}, "4": {"type": "C", "Isotropic": 110.6674, "Anisotropy": 70.8892, "tensor": [[112.5798, 41.8767, 0.8392], [37.968, 122.4277, 1.9898]], "eigenvalues": [77.1811, 96.8943, 157.9269]}, "5": {"type": "C", "Isotropic": 112.9136, "Anisotropy": 75.6644, "tensor": [], "eigenvalues": [78.6764, 96.7079, 163.3566]}, "6": {"type": "O", "Isotropic": 329.9083, "Anisotropy": 32.0512, "tensor": [[9.6154, 301.6883, 13.5193]], "eigenvalues": [297.4816, 340.9674, 351.2758]}, "7": {"type": "C", "Isotropic": 122.0015, "Anisotropy": 96.6608, "tensor": [[101.4701, 11.1445, 32.7216], [15.6404, 103.1886, 29.412], [29.5238, 27.4528, 161.3459]], "eigenvalues": [87.8663, 91.6963, 186.4421]}, "8": {"type": "H", "Isotropic": 27.9598, "Anisotropy": 6.3053, "tensor": [[27.6549, 4.6499, 0.1322], [2.4428, 1.835, 29.8474]], "eigenvalues": [22.7513, 28.9649, 32.1633]}, "9": {"type": "H", "Isotropic": 28.2396, "Anisotropy": 9.3187, "tensor": [[25.5185, 0.458, 1.5052], [0.002, 25.8584, 3.3118]], "eigenvalues": [24.6795, 25.5873, 34.4521]}, "10": {"type": "H", "Isotropic": 27.6739, "Anisotropy": 8.49, "tensor": [[24.8671, 2.0965, 1.0993]], "eigenvalues": [23.081, 26.6069, 33.334]}, "11": {"type": "H", "Isotropic": 28.0244, "Anisotropy": 7.2385, "tensor": [], "eigenvalues": [24.0572, 27.1659, 32.8501]}, "12": {"type": "H", "Isotropic": 28.2266, "Anisotropy": 7.3863, "tensor": [], "eigenvalues": [24.3218, 27.2071, 33.1508]}, "13": {"type": "H", "Isotropic": 27.7164, "Anisotropy": 7.0583, "tensor": [], "eigenvalues": [24.7775, 25.9499, 32.422]}, "14": {"type": "H", "Isotropic": 28.156, "Anisotropy": 9.4065, "tensor": [[1.2324, 26.0914, 1.143], [6.357, 0.2275, 29.0039]], "eigenvalues": [24.0487, 25.9924, 34.427]}, "15": {"type": "H", "Isotropic": 28.0383, "Anisotropy": 9.8988, "tensor": [[24.5459, 0.931, 1.1509], [0.9887, 25.5107, 2.9313]], "eigenvalues": [23.7464, 25.7309, 34.6374]}, "16": {"type": "H", "Isotropic": 28.2115, "Anisotropy": 9.9146, "tensor": [[25.2964, 2.2376, 1.5012], [1.4507, 31.4736, 2.6469], [2.5391, 5.4079, 27.8647]], "eigenvalues": [24.155, 25.6584, 34.8213]}, "17": {"type": "H", "Isotropic": 28.2331, "Anisotropy": 9.012, "tensor": [], "eigenvalues": [24.8405, 25.6177, 34.2411]}, "18": {"type": "O", "Isotropic": 324.6475, "Anisotropy": 29.742, "tensor": [[6.5563, 24.7688, 305.7398]], "eigenvalues": [295.2221, 334.2448, 344.4755]}, "19": {"type": "C", "Isotropic": 121.838, "Anisotropy": 93.9391, "tensor": [], "eigenvalues": [87.876, 93.1739, 184.4641]}, "20": {"type": "C", "Isotropic": 110.8285, "Anisotropy": 73.1018, "tensor": [[119.026, 22.7866, 14.332], [34.7181, 128.7927, 22.761], [15.8752, 9.4336, 84.6667]], "eigenvalues": [78.1052, 94.8172, 159.563]}, "21": {"type": "C", "Isotropic": 110.6021, "Anisotropy": 72.1211, "tensor": [], "eigenvalues": [78.3777, 94.7458, 158.6829]}, "22": {"type": "O", "Isotropic": 322.8693, "Anisotropy": 36.6993, "tensor": [], "eigenvalues": [293.42, 327.8525, 347.3355]}, "23": {"type": "C", "Isotropic": 123.0529, "Anisotropy": 96.6556, "tensor": [], "eigenvalues": [87.8802, 93.7886, 187.49]}, "24": {"type": "H", "Isotropic": 28.097, "Anisotropy": 8.2184, "tensor": [], "eigenvalues": [24.5506, 26.1644, 33.5759]}, "25": {"type": "H", "Isotropic": 28.1593, "Anisotropy": 9.6028, "tensor": [], "eigenvalues": [24.2351, 25.6817, 34.5612]}, "26": {"type": "H", "Isotropic": 28.4196, "Anisotropy": 7.5664, "tensor": [[27.2643, 1.6017, 0.0809]], "eigenvalues": [24.4367, 27.3583, 33.4639]}, "27": {"type": "H", "Isotropic": 27.747, "Anisotropy": 6.7208, "tensor": [[26.5259, 1.4752, 1.4117]], "eigenvalues": [24.618, 26.3954, 32.2275]}, "28": {"type": "H", "Isotropic": 27.7854, "Anisotropy": 8.2, "tensor": [], "eigenvalues": [23.5593, 26.5447, 33.2521]}, "29": {"type": "H", "Isotropic": 28.2212, "Anisotropy": 7.2627, "tensor": [[28.1341, 1.1948, 0.8183], [3.9287, 31.7183, 0.4403]], "eigenvalues": [24.5308, 27.0698, 33.063]}, "30": {"type": "H", "Isotropic": 28.2637, "Anisotropy": 9.9845, "tensor": [], "eigenvalues": [24.5812, 25.2899, 34.9201]}, "31": {"type": "H", "Isotropic": 28.18, "Anisotropy": 9.2447, "tensor": [[32.1636, 2.8609, 4.0444], [0.3693, 25.262, 0.4263], [3.0091, 1.2748, 27.1144]], "eigenvalues": [24.8943, 25.3026, 34.3431]}, "32": {"type": "H", "Isotropic": 28.1354, "Anisotropy": 9.3543, "tensor": [], "eigenvalues": [23.6504, 26.3842, 34.3716]}, "33": {"type": "H", "Isotropic": 28.1939, "Anisotropy": 7.319, "tensor": [[31.4187, 3.2405, 3.65]], "eigenvalues": [23.1215, 28.3869, 33.0732]}}}}, "functional": "M062X", "basis": "Def2TZVP", "phase": "solution", "type": "scrf;nmr", "smiles": "[Mg].O(C)CCOC.O(C)CCOC", "formula": "Mg1 H20 C8 O4", "formula_pretty": "MgH20(C2O)4", "formula_anonymous": "AB4C8D20", "formula_alphabetical": "C8 H20 Mg1 O4", "chemsys": "C-H-Mg-O", "nsites": 33, "nelements": 4, "is_ordered": true, "is_valid": true, "tag": "oplsd_4", "wall_time (s)": 285.2405422721058, "last_updated": "2020-12-27T07:10:47.999184", "_id": null}