{"input": {"molecule": {"charge": 0, "spin_multiplicity": 1, "sites": [{"name": "O", "species": [{"element": "O", "occu": 1}], "xyz": [1.421512, 0.343079, -2.325113], "properties": {}}, {"name": "C", "species": [{"element": "C", "occu": 1}], "xyz": [2.395004, 1.176623, -2.906704], "properties": {}}, {"name": "C", "species": [{"element": "C", "occu": 1}], "xyz": [0.623774, 1.041923, -1.401235], "properties": {}}, {"name": "C", "species": [{"element": "C", "occu": 1}], "xyz": [-0.311539, 0.055281, -0.741714], "properties": {}}, {"name": "O", "species": [{"element": "O", "occu": 1}], "xyz": [-1.082017, 0.765727, 0.195951], "properties": {}}, {"name": "C", "species": [{"element": "C", "occu": 1}], "xyz": [-2.069172, -0.035656, 0.80037], "properties": {}}, {"name": "H", "species": [{"element": "H", "occu": 1}], "xyz": [3.042465, 1.612447, -2.134804], "properties": {}}, {"name": "H", "species": [{"element": "H", "occu": 1}], "xyz": [1.929402, 1.990637, -3.473385], "properties": {}}, {"name": "H", "species": [{"element": "H", "occu": 1}], "xyz": [0.040649, 1.827406, -1.899961], "properties": {}}, {"name": "H", "species": [{"element": "H", "occu": 1}], "xyz": [1.25536, 1.527304, -0.641904], "properties": {}}, {"name": "H", "species": [{"element": "H", "occu": 1}], "xyz": [0.262244, -0.739892, -0.248313], "properties": {}}, {"name": "H", "species": [{"element": "H", "occu": 1}], "xyz": [-0.955016, -0.410862, -1.498214], "properties": {}}, {"name": "H", "species": [{"element": "H", "occu": 1}], "xyz": [-1.62005, -0.884778, 1.327359], "properties": {}}, {"name": "H", "species": [{"element": "H", "occu": 1}], "xyz": [-2.767337, -0.421014, 0.04831], "properties": {}}, {"name": "H", "species": [{"element": "H", "occu": 1}], "xyz": [-2.611461, 0.582176, 1.515362], "properties": {}}, {"name": "H", "species": [{"element": "H", "occu": 1}], "xyz": [2.997488, 0.568753, -3.5785], "properties": {}}, {"name": "H", "species": [{"element": "H", "occu": 1}], "xyz": [3.624696, 3.886064, -1.452238], "properties": {}}, {"name": "H", "species": [{"element": "H", "occu": 1}], "xyz": [-2.508403, 2.943198, -0.098132], "properties": {}}, {"name": "H", "species": [{"element": "H", "occu": 1}], "xyz": [1.222102, 3.808527, -1.76796], "properties": {}}, {"name": "H", "species": [{"element": "H", "occu": 1}], "xyz": [-0.129947, 3.104085, 0.279007], "properties": {}}, {"name": "C", "species": [{"element": "C", "occu": 1}], "xyz": [1.133742, 4.423143, -0.862497], "properties": {}}, {"name": "C", "species": [{"element": "C", "occu": 1}], "xyz": [-2.465779, 3.952671, -0.522852], "properties": {}}, {"name": "C", "species": [{"element": "C", "occu": 1}], "xyz": [3.446167, 4.471222, -0.542001], "properties": {}}, {"name": "C", "species": [{"element": "C", "occu": 1}], "xyz": [-0.16547, 4.110105, -0.154619], "properties": {}}, {"name": "O", "species": [{"element": "O", "occu": 1}], "xyz": [-1.203487, 4.199432, -1.101867], "properties": {}}, {"name": "O", "species": [{"element": "O", "occu": 1}], "xyz": [2.19372, 4.151278, 0.021223], "properties": {}}, {"name": "H", "species": [{"element": "H", "occu": 1}], "xyz": [-3.217315, 4.050275, -1.302993], "properties": {}}, {"name": "H", "species": [{"element": "H", "occu": 1}], "xyz": [4.209882, 4.236333, 0.196045], "properties": {}}, {"name": "H", "species": [{"element": "H", "occu": 1}], "xyz": [1.151378, 5.475397, -1.173038], "properties": {}}, {"name": "H", "species": [{"element": "H", "occu": 1}], "xyz": [-0.328505, 4.824687, 0.662486], "properties": {}}, {"name": "H", "species": [{"element": "H", "occu": 1}], "xyz": [3.496753, 5.534933, -0.799176], "properties": {}}, {"name": "H", "species": [{"element": "H", "occu": 1}], "xyz": [-2.677712, 4.678638, 0.268634], "properties": {}}, {"name": "H", "species": [{"element": "H", "occu": 1}], "xyz": [3.725779, -1.655823, 0.033242], "properties": {}}, {"name": "O", "species": [{"element": "O", "occu": 1}], "xyz": [4.412433, -0.012156, 0.996021], "properties": {}}, {"name": "H", "species": [{"element": "H", "occu": 1}], "xyz": [4.571827, 1.63065, 3.031763], "properties": {}}, {"name": "C", "species": [{"element": "C", "occu": 1}], "xyz": [3.766106, -0.579116, -0.118575], "properties": {}}, {"name": "H", "species": [{"element": "H", "occu": 1}], "xyz": [2.747883, -0.192381, -0.225088], "properties": {}}, {"name": "C", "species": [{"element": "C", "occu": 1}], "xyz": [5.188457, 1.879803, 2.159426], "properties": {}}, {"name": "H", "species": [{"element": "H", "occu": 1}], "xyz": [6.15889, 1.381341, 2.276966], "properties": {}}, {"name": "H", "species": [{"element": "H", "occu": 1}], "xyz": [5.333145, 3.647971, 4.090352], "properties": {}}, {"name": "C", "species": [{"element": "C", "occu": 1}], "xyz": [4.513634, 1.387117, 0.898475], "properties": {}}, {"name": "H", "species": [{"element": "H", "occu": 1}], "xyz": [4.31501, -0.366171, -1.043148], "properties": {}}, {"name": "C", "species": [{"element": "C", "occu": 1}], "xyz": [5.95227, 3.826201, 3.204911], "properties": {}}, {"name": "H", "species": [{"element": "H", "occu": 1}], "xyz": [6.945049, 3.397177, 3.377857], "properties": {}}, {"name": "H", "species": [{"element": "H", "occu": 1}], "xyz": [3.52031, 1.846039, 0.79506], "properties": {}}, {"name": "O", "species": [{"element": "O", "occu": 1}], "xyz": [5.357325, 3.272148, 2.054685], "properties": {}}, {"name": "H", "species": [{"element": "H", "occu": 1}], "xyz": [5.108631, 1.672527, 0.019937], "properties": {}}, {"name": "H", "species": [{"element": "H", "occu": 1}], "xyz": [6.04743, 4.897817, 3.043554], "properties": {}}, {"name": "H", "species": [{"element": "H", "occu": 1}], "xyz": [-5.948559, 5.633296, 1.994349], "properties": {}}, {"name": "H", "species": [{"element": "H", "occu": 1}], "xyz": [-5.37183, 6.011354, 0.351285], "properties": {}}, {"name": "C", "species": [{"element": "C", "occu": 1}], "xyz": [-5.188169, 5.409477, 1.238896], "properties": {}}, {"name": "H", "species": [{"element": "H", "occu": 1}], "xyz": [-5.487841, 3.431506, 2.812034], "properties": {}}, {"name": "O", "species": [{"element": "O", "occu": 1}], "xyz": [-5.244057, 4.054855, 0.856479], "properties": {}}, {"name": "H", "species": [{"element": "H", "occu": 1}], "xyz": [-4.205085, 5.665296, 1.649309], "properties": {}}, {"name": "C", "species": [{"element": "C", "occu": 1}], "xyz": [-4.908545, 3.188879, 1.912705], "properties": {}}, {"name": "H", "species": [{"element": "H", "occu": 1}], "xyz": [-6.294828, 1.68901, 1.252192], "properties": {}}, {"name": "C", "species": [{"element": "C", "occu": 1}], "xyz": [-5.224373, 1.776743, 1.474543], "properties": {}}, {"name": "H", "species": [{"element": "H", "occu": 1}], "xyz": [-3.842356, 3.278721, 2.16226], "properties": {}}, {"name": "O", "species": [{"element": "O", "occu": 1}], "xyz": [-4.862825, 0.911472, 2.523353], "properties": {}}, {"name": "H", "species": [{"element": "H", "occu": 1}], "xyz": [-6.323559, -0.514753, 2.181449], "properties": {}}, {"name": "H", "species": [{"element": "H", "occu": 1}], "xyz": [-4.668483, 1.531112, 0.559037], "properties": {}}, {"name": "C", "species": [{"element": "C", "occu": 1}], "xyz": [-5.236015, -0.42298, 2.268633], "properties": {}}, {"name": "H", "species": [{"element": "H", "occu": 1}], "xyz": [-4.888621, -1.027974, 3.103406], "properties": {}}, {"name": "H", "species": [{"element": "H", "occu": 1}], "xyz": [-4.780335, -0.789894, 1.342644], "properties": {}}]}, "functional": "M062X", "basis_set": "Def2TZVP", "route_parameters": {"NMR": "GIAO", "iop(7/33=1)": null, "int": "ultrafine", "EmpiricalDispersion": "GD3", "NoSymmetry": null, "test": null, "SCRF": "(Solvent=TetraHydroFuran)"}, "title": "H40 C16 O8", "charge": 0, "spin_multiplicity": 1, "input_parameters": {}, "link0_parameters": {"%chk": "checkpoint.chk", "%mem": "100GB", "%NProcShared": "28"}, "dieze_tag": "#P", "nbasisfunctions": 984, "pcm_parameters": {}}, "output": {"has_gaussian_completed": true, "is_pcm": true, "errors": [], "Mulliken_charges": {"1": ["O", -0.330101], "2": ["C", -0.282358], "3": ["C", -0.228147], "4": ["C", -0.042058], "5": ["O", -0.326222], "6": ["C", -0.310425], "7": ["H", 0.121214], "8": ["H", 0.160148], "9": ["H", 0.18068], "10": ["H", 0.155259], "11": ["H", 0.130817], "12": ["H", 0.136894], "13": ["H", 0.149646], "14": ["H", 0.152864], "15": ["H", 0.182082], "16": ["H", 0.163737], "17": ["H", 0.145234], "18": ["H", 0.12285], "19": ["H", 0.138107], "20": ["H", 0.149234], "21": ["C", -0.120105], "22": ["C", -0.246981], "23": ["C", -0.28355], "24": ["C", -0.12734], "25": ["O", -0.342657], "26": ["O", -0.324905], "27": ["H", 0.15868], "28": ["H", 0.14509], "29": ["H", 0.143438], "30": ["H", 0.14081], "31": ["H", 0.146054], "32": ["H", 0.130819], "33": ["H", 0.149103], "34": ["O", -0.337614], "35": ["H", 0.13072], "36": ["C", -0.264179], "37": ["H", 0.114787], "38": ["C", -0.060545], "39": ["H", 0.130059], "40": ["H", 0.137375], "41": ["C", -0.120351], "42": ["H", 0.156464], "43": ["C", -0.248959], "44": ["H", 0.135924], "45": ["H", 0.14165], "46": ["O", -0.335101], "47": ["H", 0.14246], "48": ["H", 0.144179], "49": ["H", 0.148223], "50": ["H", 0.15572], "51": ["C", -0.284163], "52": ["H", 0.14496], "53": ["O", -0.337388], "54": ["H", 0.147553], "55": ["C", -0.140724], "56": ["H", 0.146836], "57": ["C", -0.142826], "58": ["H", 0.166601], "59": ["O", -0.341285], "60": ["H", 0.147562], "61": ["H", 0.159458], "62": ["C", -0.261556], "63": ["H", 0.153475], "64": ["H", 0.132772]}, "tensor": {"1": {"type": "O", "Isotropic": 323.4569, "Anisotropy": 28.1809, "tensor": [], "eigenvalues": [302.1294, 325.9971, 342.2442]}, "2": {"type": "C", "Isotropic": 124.1055, "Anisotropy": 83.3301, "tensor": [], "eigenvalues": [93.8486, 98.8091, 179.659]}, "3": {"type": "C", "Isotropic": 111.0476, "Anisotropy": 78.7078, "tensor": [], "eigenvalues": [78.106, 91.5173, 163.5194]}, "4": {"type": "C", "Isotropic": 111.789, "Anisotropy": 82.4708, "tensor": [], "eigenvalues": [77.7199, 90.8776, 166.7696]}, "5": {"type": "O", "Isotropic": 319.2181, "Anisotropy": 34.7503, "tensor": [[0.5502, 339.1534, 10.5879]], "eigenvalues": [297.6179, 317.6515, 342.3849]}, "6": {"type": "C", "Isotropic": 125.8843, "Anisotropy": 91.9819, "tensor": [], "eigenvalues": [94.8811, 95.5662, 187.2056]}, "7": {"type": "H", "Isotropic": 28.668, "Anisotropy": 5.6146, "tensor": [[30.7791, 2.551, 2.3265], [2.2023, 28.2869, 1.2843]], "eigenvalues": [26.1841, 27.4089, 32.4111]}, "8": {"type": "H", "Isotropic": 28.5934, "Anisotropy": 7.0186, "tensor": [], "eigenvalues": [25.7884, 26.7194, 33.2725]}, "9": {"type": "H", "Isotropic": 28.3119, "Anisotropy": 6.5987, "tensor": [], "eigenvalues": [25.4589, 26.7657, 32.711]}, "10": {"type": "H", "Isotropic": 28.3657, "Anisotropy": 3.7082, "tensor": [[0.4323, 29.1607, 2.1876], [0.664, 2.5507, 26.8794]], "eigenvalues": [25.3891, 28.8702, 30.8379]}, "11": {"type": "H", "Isotropic": 28.5098, "Anisotropy": 5.5663, "tensor": [], "eigenvalues": [25.1847, 28.1241, 32.2207]}, "12": {"type": "H", "Isotropic": 28.6334, "Anisotropy": 4.3973, "tensor": [[1.7911, 27.6683, 2.437], [0.2508, 3.0388, 29.6342]], "eigenvalues": [25.2535, 29.0818, 31.565]}, "13": {"type": "H", "Isotropic": 28.7073, "Anisotropy": 8.2263, "tensor": [], "eigenvalues": [24.3282, 27.6023, 34.1916]}, "14": {"type": "H", "Isotropic": 28.6799, "Anisotropy": 9.0591, "tensor": [[3.0497, 27.6194, 1.1869]], "eigenvalues": [24.9271, 26.3932, 34.7193]}, "15": {"type": "H", "Isotropic": 28.1016, "Anisotropy": 13.0516, "tensor": [], "eigenvalues": [22.3955, 25.1066, 36.8026]}, "16": {"type": "H", "Isotropic": 28.3929, "Anisotropy": 9.3589, "tensor": [[0.8117, 25.3469, 0.0946]], "eigenvalues": [24.9017, 25.6449, 34.6322]}, "17": {"type": "H", "Isotropic": 28.9366, "Anisotropy": 5.736, "tensor": [[0.3041, 28.168, 0.2417]], "eigenvalues": [25.7986, 28.2505, 32.7606]}, "18": {"type": "H", "Isotropic": 28.5436, "Anisotropy": 8.7836, "tensor": [], "eigenvalues": [21.4697, 29.7618, 34.3994]}, "19": {"type": "H", "Isotropic": 28.4736, "Anisotropy": 3.2798, "tensor": [[28.5032, 0.2971, 2.6997], [0.4985, 2.1528, 28.1518]], "eigenvalues": [26.1093, 28.6513, 30.6601]}, "20": {"type": "H", "Isotropic": 28.388, "Anisotropy": 4.2406, "tensor": [], "eigenvalues": [24.6835, 29.2654, 31.215]}, "21": {"type": "C", "Isotropic": 111.3303, "Anisotropy": 83.0877, "tensor": [], "eigenvalues": [78.3766, 88.8923, 166.7222]}, "22": {"type": "C", "Isotropic": 123.8737, "Anisotropy": 92.8261, "tensor": [], "eigenvalues": [91.8552, 94.0081, 185.7577]}, "23": {"type": "C", "Isotropic": 125.0563, "Anisotropy": 85.373, "tensor": [], "eigenvalues": [95.2984, 97.8988, 181.9716]}, "24": {"type": "C", "Isotropic": 113.4966, "Anisotropy": 81.5438, "tensor": [], "eigenvalues": [81.0909, 91.5397, 167.8591]}, "25": {"type": "O", "Isotropic": 324.8129, "Anisotropy": 24.0069, "tensor": [], "eigenvalues": [296.4779, 337.1434, 340.8175]}, "26": {"type": "O", "Isotropic": 324.6218, "Anisotropy": 27.2399, "tensor": [[332.7743, 2.4877, 2.4736]], "eigenvalues": [300.0568, 331.0269, 342.7818]}, "27": {"type": "H", "Isotropic": 28.5109, "Anisotropy": 8.8208, "tensor": [], "eigenvalues": [24.0947, 27.0465, 34.3914]}, "28": {"type": "H", "Isotropic": 27.8683, "Anisotropy": 10.0821, "tensor": [], "eigenvalues": [22.6066, 26.4086, 34.5897]}, "29": {"type": "H", "Isotropic": 28.5737, "Anisotropy": 5.2184, "tensor": [], "eigenvalues": [24.9856, 28.6828, 32.0526]}, "30": {"type": "H", "Isotropic": 28.7059, "Anisotropy": 3.8772, "tensor": [[29.9424, 0.906, 1.8293]], "eigenvalues": [25.306, 29.5209, 31.2907]}, "31": {"type": "H", "Isotropic": 28.9458, "Anisotropy": 8.8535, "tensor": [], "eigenvalues": [25.3964, 26.5929, 34.8481]}, "32": {"type": "H", "Isotropic": 29.0474, "Anisotropy": 12.5889, "tensor": [], "eigenvalues": [23.0815, 26.6206, 37.44]}, "33": {"type": "H", "Isotropic": 28.3479, "Anisotropy": 7.809, "tensor": [[26.1776, 1.6107, 1.9367], [0.4307, 32.5123, 0.9068], [2.229, 3.3968, 26.354]], "eigenvalues": [24.1026, 27.3873, 33.554]}, "34": {"type": "O", "Isotropic": 323.7561, "Anisotropy": 33.9294, "tensor": [], "eigenvalues": [298.8494, 326.0432, 346.3757]}, "35": {"type": "H", "Isotropic": 28.5522, "Anisotropy": 3.6068, "tensor": [], "eigenvalues": [26.0669, 28.633, 30.9568]}, "36": {"type": "C", "Isotropic": 124.33, "Anisotropy": 89.0036, "tensor": [[114.2701, 17.0799, 31.1924], [15.8243, 112.7852, 28.9412], [32.2507, 34.9102, 145.9346]], "eigenvalues": [92.1611, 97.1631, 183.6657]}, "37": {"type": "H", "Isotropic": 28.8601, "Anisotropy": 11.3997, "tensor": [[0.3709, 25.2127, 0.0769]], "eigenvalues": [24.6811, 25.4394, 36.4599]}, "38": {"type": "C", "Isotropic": 110.8726, "Anisotropy": 81.8057, "tensor": [[82.7443, 16.2228, 7.6307], [14.619, 161.7356, 3.659], [8.0874, 9.0313, 88.1378]], "eigenvalues": [76.0761, 91.1319, 165.4097]}, "39": {"type": "H", "Isotropic": 28.5756, "Anisotropy": 4.6653, "tensor": [[1.7732, 1.0228, 26.0276]], "eigenvalues": [24.9591, 29.0819, 31.6858]}, "40": {"type": "H", "Isotropic": 28.7486, "Anisotropy": 8.7568, "tensor": [[26.7801, 0.1055, 1.317], [0.0909, 25.7026, 3.7257]], "eigenvalues": [24.8837, 26.7757, 34.5865]}, "41": {"type": "C", "Isotropic": 110.95, "Anisotropy": 77.7298, "tensor": [[84.3611, 13.3034, 5.3907], [10.2972, 160.397, 3.7531], [6.5384, 7.7647, 88.092]], "eigenvalues": [79.4502, 90.63, 162.7699]}, "42": {"type": "H", "Isotropic": 28.7375, "Anisotropy": 6.2946, "tensor": [], "eigenvalues": [24.4881, 28.7905, 32.9339]}, "43": {"type": "C", "Isotropic": 125.9476, "Anisotropy": 91.1347, "tensor": [[112.6703, 18.8028, 29.5743], [17.2148, 114.6136, 31.4696], [29.689, 35.2158, 150.5589]], "eigenvalues": [94.6731, 96.4656, 186.7041]}, "44": {"type": "H", "Isotropic": 28.7554, "Anisotropy": 9.5877, "tensor": [[32.0824, 0.1235, 3.3424], [2.0167, 25.4285, 2.1255], [4.9759, 0.2575, 28.7555]], "eigenvalues": [25.0212, 26.0979, 35.1473]}, "45": {"type": "H", "Isotropic": 28.1866, "Anisotropy": 6.8611, "tensor": [[3.0191, 0.2767, 25.1821]], "eigenvalues": [23.4153, 28.3838, 32.7607]}, "46": {"type": "O", "Isotropic": 322.7745, "Anisotropy": 36.1446, "tensor": [], "eigenvalues": [297.9672, 323.4853, 346.8708]}, "47": {"type": "H", "Isotropic": 28.4973, "Anisotropy": 2.9923, "tensor": [[0.1178, 0.5295, 27.614]], "eigenvalues": [27.3333, 27.6665, 30.4922]}, "48": {"type": "H", "Isotropic": 28.336, "Anisotropy": 9.5803, "tensor": [[26.1504, 3.2923, 2.2165], [2.1605, 31.6282, 1.9372], [2.6036, 4.3229, 27.2294]], "eigenvalues": [24.2127, 26.0724, 34.7229]}, "49": {"type": "H", "Isotropic": 28.7801, "Anisotropy": 9.478, "tensor": [], "eigenvalues": [24.6759, 26.5655, 35.0988]}, "50": {"type": "H", "Isotropic": 28.5069, "Anisotropy": 9.2259, "tensor": [], "eigenvalues": [24.9368, 25.9264, 34.6575]}, "51": {"type": "C", "Isotropic": 125.5972, "Anisotropy": 87.9458, "tensor": [[0.4943, 181.0759, 14.0109]], "eigenvalues": [94.3492, 98.2146, 184.2277]}, "52": {"type": "H", "Isotropic": 28.7834, "Anisotropy": 4.8209, "tensor": [], "eigenvalues": [25.4088, 28.9441, 31.9974]}, "53": {"type": "O", "Isotropic": 327.7485, "Anisotropy": 28.6787, "tensor": [[306.7766, 2.4059, 9.6552]], "eigenvalues": [303.6452, 332.7326, 346.8676]}, "54": {"type": "H", "Isotropic": 28.8635, "Anisotropy": 6.6793, "tensor": [[3.5031, 31.5204, 3.4128], [0.0107, 2.0615, 25.9205]], "eigenvalues": [24.4957, 28.7783, 33.3163]}, "55": {"type": "C", "Isotropic": 111.8846, "Anisotropy": 81.2541, "tensor": [], "eigenvalues": [79.6395, 89.9603, 166.054]}, "56": {"type": "H", "Isotropic": 28.7649, "Anisotropy": 4.5701, "tensor": [[30.9913, 0.4138, 0.8655]], "eigenvalues": [25.472, 29.0111, 31.8117]}, "57": {"type": "C", "Isotropic": 112.5063, "Anisotropy": 80.7264, "tensor": [], "eigenvalues": [79.963, 91.232, 166.3239]}, "58": {"type": "H", "Isotropic": 28.6536, "Anisotropy": 2.9379, "tensor": [], "eigenvalues": [26.1075, 29.2412, 30.6122]}, "59": {"type": "O", "Isotropic": 324.852, "Anisotropy": 24.835, "tensor": [], "eigenvalues": [303.356, 329.7915, 341.4087]}, "60": {"type": "H", "Isotropic": 28.8504, "Anisotropy": 9.4039, "tensor": [[5.8724, 30.0684, 0.7382]], "eigenvalues": [24.8599, 26.5715, 35.1196]}, "61": {"type": "H", "Isotropic": 28.569, "Anisotropy": 3.7432, "tensor": [], "eigenvalues": [25.7704, 28.8721, 31.0645]}, "62": {"type": "C", "Isotropic": 126.5651, "Anisotropy": 89.3328, "tensor": [[103.1217, 20.9058, 2.4152], [19.5558, 180.3946, 5.8344], [1.791, 10.0411, 96.179]], "eigenvalues": [95.4217, 98.1533, 186.1203]}, "63": {"type": "H", "Isotropic": 28.5773, "Anisotropy": 9.4065, "tensor": [], "eigenvalues": [25.141, 25.7426, 34.8483]}, "64": {"type": "H", "Isotropic": 29.0982, "Anisotropy": 6.2667, "tensor": [[0.4268, 31.8235, 4.4812]], "eigenvalues": [24.0193, 29.9992, 33.276]}}, "output": {"energies": [-1235.39214801], "final_energy": -1235.39214801, "final_energy_per_atom": -19.30300231265625, "molecule": {"charge": 0.0, "spin_multiplicity": 1, "sites": [{"name": "O", "species": [{"element": "O", "occu": 1}], "xyz": [1.421512, 0.343079, -2.325113], "properties": {}}, {"name": "C", "species": [{"element": "C", "occu": 1}], "xyz": [2.395004, 1.176623, -2.906704], "properties": {}}, {"name": "C", "species": [{"element": "C", "occu": 1}], "xyz": [0.623774, 1.041923, -1.401235], "properties": {}}, {"name": "C", "species": [{"element": "C", "occu": 1}], "xyz": [-0.311539, 0.055281, -0.741714], "properties": {}}, {"name": "O", "species": [{"element": "O", "occu": 1}], "xyz": [-1.082017, 0.765727, 0.195951], "properties": {}}, {"name": "C", "species": [{"element": "C", "occu": 1}], "xyz": [-2.069172, -0.035656, 0.80037], "properties": {}}, {"name": "H", "species": [{"element": "H", "occu": 1}], "xyz": [3.042465, 1.612447, -2.134804], "properties": {}}, {"name": "H", "species": [{"element": "H", "occu": 1}], "xyz": [1.929402, 1.990637, -3.473385], "properties": {}}, {"name": "H", "species": [{"element": "H", "occu": 1}], "xyz": [0.040649, 1.827406, -1.899961], "properties": {}}, {"name": "H", "species": [{"element": "H", "occu": 1}], "xyz": [1.25536, 1.527304, -0.641904], "properties": {}}, {"name": "H", "species": [{"element": "H", "occu": 1}], "xyz": [0.262244, -0.739892, -0.248313], "properties": {}}, {"name": "H", "species": [{"element": "H", "occu": 1}], "xyz": [-0.955016, -0.410862, -1.498214], "properties": {}}, {"name": "H", "species": [{"element": "H", "occu": 1}], "xyz": [-1.62005, -0.884778, 1.327359], "properties": {}}, {"name": "H", "species": [{"element": "H", "occu": 1}], "xyz": [-2.767337, -0.421014, 0.04831], "properties": {}}, {"name": "H", "species": [{"element": "H", "occu": 1}], "xyz": [-2.611461, 0.582176, 1.515362], "properties": {}}, {"name": "H", "species": [{"element": "H", "occu": 1}], "xyz": [2.997488, 0.568753, -3.5785], "properties": {}}, {"name": "H", "species": [{"element": "H", "occu": 1}], "xyz": [3.624696, 3.886064, -1.452238], "properties": {}}, {"name": "H", "species": [{"element": "H", "occu": 1}], "xyz": [-2.508403, 2.943198, -0.098132], "properties": {}}, {"name": "H", "species": [{"element": "H", "occu": 1}], "xyz": [1.222102, 3.808527, -1.76796], "properties": {}}, {"name": "H", "species": [{"element": "H", "occu": 1}], "xyz": [-0.129947, 3.104085, 0.279007], "properties": {}}, {"name": "C", "species": [{"element": "C", "occu": 1}], "xyz": [1.133742, 4.423143, -0.862497], "properties": {}}, {"name": "C", "species": [{"element": "C", "occu": 1}], "xyz": [-2.465779, 3.952671, -0.522852], "properties": {}}, {"name": "C", "species": [{"element": "C", "occu": 1}], "xyz": [3.446167, 4.471222, -0.542001], "properties": {}}, {"name": "C", "species": [{"element": "C", "occu": 1}], "xyz": [-0.16547, 4.110105, -0.154619], "properties": {}}, {"name": "O", "species": [{"element": "O", "occu": 1}], "xyz": [-1.203487, 4.199432, -1.101867], "properties": {}}, {"name": "O", "species": [{"element": "O", "occu": 1}], "xyz": [2.19372, 4.151278, 0.021223], "properties": {}}, {"name": "H", "species": [{"element": "H", "occu": 1}], "xyz": [-3.217315, 4.050275, -1.302993], "properties": {}}, {"name": "H", "species": [{"element": "H", "occu": 1}], "xyz": [4.209882, 4.236333, 0.196045], "properties": {}}, {"name": "H", "species": [{"element": "H", "occu": 1}], "xyz": [1.151378, 5.475397, -1.173038], "properties": {}}, {"name": "H", "species": [{"element": "H", "occu": 1}], "xyz": [-0.328505, 4.824687, 0.662486], "properties": {}}, {"name": "H", "species": [{"element": "H", "occu": 1}], "xyz": [3.496753, 5.534933, -0.799176], "properties": {}}, {"name": "H", "species": [{"element": "H", "occu": 1}], "xyz": [-2.677712, 4.678638, 0.268634], "properties": {}}, {"name": "H", "species": [{"element": "H", "occu": 1}], "xyz": [3.725779, -1.655823, 0.033242], "properties": {}}, {"name": "O", "species": [{"element": "O", "occu": 1}], "xyz": [4.412433, -0.012156, 0.996021], "properties": {}}, {"name": "H", "species": [{"element": "H", "occu": 1}], "xyz": [4.571827, 1.63065, 3.031763], "properties": {}}, {"name": "C", "species": [{"element": "C", "occu": 1}], "xyz": [3.766106, -0.579116, -0.118575], "properties": {}}, {"name": "H", "species": [{"element": "H", "occu": 1}], "xyz": [2.747883, -0.192381, -0.225088], "properties": {}}, {"name": "C", "species": [{"element": "C", "occu": 1}], "xyz": [5.188457, 1.879803, 2.159426], "properties": {}}, {"name": "H", "species": [{"element": "H", "occu": 1}], "xyz": [6.15889, 1.381341, 2.276966], "properties": {}}, {"name": "H", "species": [{"element": "H", "occu": 1}], "xyz": [5.333145, 3.647971, 4.090352], "properties": {}}, {"name": "C", "species": [{"element": "C", "occu": 1}], "xyz": [4.513634, 1.387117, 0.898475], "properties": {}}, {"name": "H", "species": [{"element": "H", "occu": 1}], "xyz": [4.31501, -0.366171, -1.043148], "properties": {}}, {"name": "C", "species": [{"element": "C", "occu": 1}], "xyz": [5.95227, 3.826201, 3.204911], "properties": {}}, {"name": "H", "species": [{"element": "H", "occu": 1}], "xyz": [6.945049, 3.397177, 3.377857], "properties": {}}, {"name": "H", "species": [{"element": "H", "occu": 1}], "xyz": [3.52031, 1.846039, 0.79506], "properties": {}}, {"name": "O", "species": [{"element": "O", "occu": 1}], "xyz": [5.357325, 3.272148, 2.054685], "properties": {}}, {"name": "H", "species": [{"element": "H", "occu": 1}], "xyz": [5.108631, 1.672527, 0.019937], "properties": {}}, {"name": "H", "species": [{"element": "H", "occu": 1}], "xyz": [6.04743, 4.897817, 3.043554], "properties": {}}, {"name": "H", "species": [{"element": "H", "occu": 1}], "xyz": [-5.948559, 5.633296, 1.994349], "properties": {}}, {"name": "H", "species": [{"element": "H", "occu": 1}], "xyz": [-5.37183, 6.011354, 0.351285], "properties": {}}, {"name": "C", "species": [{"element": "C", "occu": 1}], "xyz": [-5.188169, 5.409477, 1.238896], "properties": {}}, {"name": "H", "species": [{"element": "H", "occu": 1}], "xyz": [-5.487841, 3.431506, 2.812034], "properties": {}}, {"name": "O", "species": [{"element": "O", "occu": 1}], "xyz": [-5.244057, 4.054855, 0.856479], "properties": {}}, {"name": "H", "species": [{"element": "H", "occu": 1}], "xyz": [-4.205085, 5.665296, 1.649309], "properties": {}}, {"name": "C", "species": [{"element": "C", "occu": 1}], "xyz": [-4.908545, 3.188879, 1.912705], "properties": {}}, {"name": "H", "species": [{"element": "H", "occu": 1}], "xyz": [-6.294828, 1.68901, 1.252192], "properties": {}}, {"name": "C", "species": [{"element": "C", "occu": 1}], "xyz": [-5.224373, 1.776743, 1.474543], "properties": {}}, {"name": "H", "species": [{"element": "H", "occu": 1}], "xyz": [-3.842356, 3.278721, 2.16226], "properties": {}}, {"name": "O", "species": [{"element": "O", "occu": 1}], "xyz": [-4.862825, 0.911472, 2.523353], "properties": {}}, {"name": "H", "species": [{"element": "H", "occu": 1}], "xyz": [-6.323559, -0.514753, 2.181449], "properties": {}}, {"name": "H", "species": [{"element": "H", "occu": 1}], "xyz": [-4.668483, 1.531112, 0.559037], "properties": {}}, {"name": "C", "species": [{"element": "C", "occu": 1}], "xyz": [-5.236015, -0.42298, 2.268633], "properties": {}}, {"name": "H", "species": [{"element": "H", "occu": 1}], "xyz": [-4.888621, -1.027974, 3.103406], "properties": {}}, {"name": "H", "species": [{"element": "H", "occu": 1}], "xyz": [-4.780335, -0.789894, 1.342644], "properties": {}}]}, "stationary_type": "Minimum", "corrections": {}, "tensor": {"1": {"type": "O", "Isotropic": 323.4569, "Anisotropy": 28.1809, "tensor": [], "eigenvalues": [302.1294, 325.9971, 342.2442]}, "2": {"type": "C", "Isotropic": 124.1055, "Anisotropy": 83.3301, "tensor": [], "eigenvalues": [93.8486, 98.8091, 179.659]}, "3": {"type": "C", "Isotropic": 111.0476, "Anisotropy": 78.7078, "tensor": [], "eigenvalues": [78.106, 91.5173, 163.5194]}, "4": {"type": "C", "Isotropic": 111.789, "Anisotropy": 82.4708, "tensor": [], "eigenvalues": [77.7199, 90.8776, 166.7696]}, "5": {"type": "O", "Isotropic": 319.2181, "Anisotropy": 34.7503, "tensor": [[0.5502, 339.1534, 10.5879]], "eigenvalues": [297.6179, 317.6515, 342.3849]}, "6": {"type": "C", "Isotropic": 125.8843, "Anisotropy": 91.9819, "tensor": [], "eigenvalues": [94.8811, 95.5662, 187.2056]}, "7": {"type": "H", "Isotropic": 28.668, "Anisotropy": 5.6146, "tensor": [[30.7791, 2.551, 2.3265], [2.2023, 28.2869, 1.2843]], "eigenvalues": [26.1841, 27.4089, 32.4111]}, "8": {"type": "H", "Isotropic": 28.5934, "Anisotropy": 7.0186, "tensor": [], "eigenvalues": [25.7884, 26.7194, 33.2725]}, "9": {"type": "H", "Isotropic": 28.3119, "Anisotropy": 6.5987, "tensor": [], "eigenvalues": [25.4589, 26.7657, 32.711]}, "10": {"type": "H", "Isotropic": 28.3657, "Anisotropy": 3.7082, "tensor": [[0.4323, 29.1607, 2.1876], [0.664, 2.5507, 26.8794]], "eigenvalues": [25.3891, 28.8702, 30.8379]}, "11": {"type": "H", "Isotropic": 28.5098, "Anisotropy": 5.5663, "tensor": [], "eigenvalues": [25.1847, 28.1241, 32.2207]}, "12": {"type": "H", "Isotropic": 28.6334, "Anisotropy": 4.3973, "tensor": [[1.7911, 27.6683, 2.437], [0.2508, 3.0388, 29.6342]], "eigenvalues": [25.2535, 29.0818, 31.565]}, "13": {"type": "H", "Isotropic": 28.7073, "Anisotropy": 8.2263, "tensor": [], "eigenvalues": [24.3282, 27.6023, 34.1916]}, "14": {"type": "H", "Isotropic": 28.6799, "Anisotropy": 9.0591, "tensor": [[3.0497, 27.6194, 1.1869]], "eigenvalues": [24.9271, 26.3932, 34.7193]}, "15": {"type": "H", "Isotropic": 28.1016, "Anisotropy": 13.0516, "tensor": [], "eigenvalues": [22.3955, 25.1066, 36.8026]}, "16": {"type": "H", "Isotropic": 28.3929, "Anisotropy": 9.3589, "tensor": [[0.8117, 25.3469, 0.0946]], "eigenvalues": [24.9017, 25.6449, 34.6322]}, "17": {"type": "H", "Isotropic": 28.9366, "Anisotropy": 5.736, "tensor": [[0.3041, 28.168, 0.2417]], "eigenvalues": [25.7986, 28.2505, 32.7606]}, "18": {"type": "H", "Isotropic": 28.5436, "Anisotropy": 8.7836, "tensor": [], "eigenvalues": [21.4697, 29.7618, 34.3994]}, "19": {"type": "H", "Isotropic": 28.4736, "Anisotropy": 3.2798, "tensor": [[28.5032, 0.2971, 2.6997], [0.4985, 2.1528, 28.1518]], "eigenvalues": [26.1093, 28.6513, 30.6601]}, "20": {"type": "H", "Isotropic": 28.388, "Anisotropy": 4.2406, "tensor": [], "eigenvalues": [24.6835, 29.2654, 31.215]}, "21": {"type": "C", "Isotropic": 111.3303, "Anisotropy": 83.0877, "tensor": [], "eigenvalues": [78.3766, 88.8923, 166.7222]}, "22": {"type": "C", "Isotropic": 123.8737, "Anisotropy": 92.8261, "tensor": [], "eigenvalues": [91.8552, 94.0081, 185.7577]}, "23": {"type": "C", "Isotropic": 125.0563, "Anisotropy": 85.373, "tensor": [], "eigenvalues": [95.2984, 97.8988, 181.9716]}, "24": {"type": "C", "Isotropic": 113.4966, "Anisotropy": 81.5438, "tensor": [], "eigenvalues": [81.0909, 91.5397, 167.8591]}, "25": {"type": "O", "Isotropic": 324.8129, "Anisotropy": 24.0069, "tensor": [], "eigenvalues": [296.4779, 337.1434, 340.8175]}, "26": {"type": "O", "Isotropic": 324.6218, "Anisotropy": 27.2399, "tensor": [[332.7743, 2.4877, 2.4736]], "eigenvalues": [300.0568, 331.0269, 342.7818]}, "27": {"type": "H", "Isotropic": 28.5109, "Anisotropy": 8.8208, "tensor": [], "eigenvalues": [24.0947, 27.0465, 34.3914]}, "28": {"type": "H", "Isotropic": 27.8683, "Anisotropy": 10.0821, "tensor": [], "eigenvalues": [22.6066, 26.4086, 34.5897]}, "29": {"type": "H", "Isotropic": 28.5737, "Anisotropy": 5.2184, "tensor": [], "eigenvalues": [24.9856, 28.6828, 32.0526]}, "30": {"type": "H", "Isotropic": 28.7059, "Anisotropy": 3.8772, "tensor": [[29.9424, 0.906, 1.8293]], "eigenvalues": [25.306, 29.5209, 31.2907]}, "31": {"type": "H", "Isotropic": 28.9458, "Anisotropy": 8.8535, "tensor": [], "eigenvalues": [25.3964, 26.5929, 34.8481]}, "32": {"type": "H", "Isotropic": 29.0474, "Anisotropy": 12.5889, "tensor": [], "eigenvalues": [23.0815, 26.6206, 37.44]}, "33": {"type": "H", "Isotropic": 28.3479, "Anisotropy": 7.809, "tensor": [[26.1776, 1.6107, 1.9367], [0.4307, 32.5123, 0.9068], [2.229, 3.3968, 26.354]], "eigenvalues": [24.1026, 27.3873, 33.554]}, "34": {"type": "O", "Isotropic": 323.7561, "Anisotropy": 33.9294, "tensor": [], "eigenvalues": [298.8494, 326.0432, 346.3757]}, "35": {"type": "H", "Isotropic": 28.5522, "Anisotropy": 3.6068, "tensor": [], "eigenvalues": [26.0669, 28.633, 30.9568]}, "36": {"type": "C", "Isotropic": 124.33, "Anisotropy": 89.0036, "tensor": [[114.2701, 17.0799, 31.1924], [15.8243, 112.7852, 28.9412], [32.2507, 34.9102, 145.9346]], "eigenvalues": [92.1611, 97.1631, 183.6657]}, "37": {"type": "H", "Isotropic": 28.8601, "Anisotropy": 11.3997, "tensor": [[0.3709, 25.2127, 0.0769]], "eigenvalues": [24.6811, 25.4394, 36.4599]}, "38": {"type": "C", "Isotropic": 110.8726, "Anisotropy": 81.8057, "tensor": [[82.7443, 16.2228, 7.6307], [14.619, 161.7356, 3.659], [8.0874, 9.0313, 88.1378]], "eigenvalues": [76.0761, 91.1319, 165.4097]}, "39": {"type": "H", "Isotropic": 28.5756, "Anisotropy": 4.6653, "tensor": [[1.7732, 1.0228, 26.0276]], "eigenvalues": [24.9591, 29.0819, 31.6858]}, "40": {"type": "H", "Isotropic": 28.7486, "Anisotropy": 8.7568, "tensor": [[26.7801, 0.1055, 1.317], [0.0909, 25.7026, 3.7257]], "eigenvalues": [24.8837, 26.7757, 34.5865]}, "41": {"type": "C", "Isotropic": 110.95, "Anisotropy": 77.7298, "tensor": [[84.3611, 13.3034, 5.3907], [10.2972, 160.397, 3.7531], [6.5384, 7.7647, 88.092]], "eigenvalues": [79.4502, 90.63, 162.7699]}, "42": {"type": "H", "Isotropic": 28.7375, "Anisotropy": 6.2946, "tensor": [], "eigenvalues": [24.4881, 28.7905, 32.9339]}, "43": {"type": "C", "Isotropic": 125.9476, "Anisotropy": 91.1347, "tensor": [[112.6703, 18.8028, 29.5743], [17.2148, 114.6136, 31.4696], [29.689, 35.2158, 150.5589]], "eigenvalues": [94.6731, 96.4656, 186.7041]}, "44": {"type": "H", "Isotropic": 28.7554, "Anisotropy": 9.5877, "tensor": [[32.0824, 0.1235, 3.3424], [2.0167, 25.4285, 2.1255], [4.9759, 0.2575, 28.7555]], "eigenvalues": [25.0212, 26.0979, 35.1473]}, "45": {"type": "H", "Isotropic": 28.1866, "Anisotropy": 6.8611, "tensor": [[3.0191, 0.2767, 25.1821]], "eigenvalues": [23.4153, 28.3838, 32.7607]}, "46": {"type": "O", "Isotropic": 322.7745, "Anisotropy": 36.1446, "tensor": [], "eigenvalues": [297.9672, 323.4853, 346.8708]}, "47": {"type": "H", "Isotropic": 28.4973, "Anisotropy": 2.9923, "tensor": [[0.1178, 0.5295, 27.614]], "eigenvalues": [27.3333, 27.6665, 30.4922]}, "48": {"type": "H", "Isotropic": 28.336, "Anisotropy": 9.5803, "tensor": [[26.1504, 3.2923, 2.2165], [2.1605, 31.6282, 1.9372], [2.6036, 4.3229, 27.2294]], "eigenvalues": [24.2127, 26.0724, 34.7229]}, "49": {"type": "H", "Isotropic": 28.7801, "Anisotropy": 9.478, "tensor": [], "eigenvalues": [24.6759, 26.5655, 35.0988]}, "50": {"type": "H", "Isotropic": 28.5069, "Anisotropy": 9.2259, "tensor": [], "eigenvalues": [24.9368, 25.9264, 34.6575]}, "51": {"type": "C", "Isotropic": 125.5972, "Anisotropy": 87.9458, "tensor": [[0.4943, 181.0759, 14.0109]], "eigenvalues": [94.3492, 98.2146, 184.2277]}, "52": {"type": "H", "Isotropic": 28.7834, "Anisotropy": 4.8209, "tensor": [], "eigenvalues": [25.4088, 28.9441, 31.9974]}, "53": {"type": "O", "Isotropic": 327.7485, "Anisotropy": 28.6787, "tensor": [[306.7766, 2.4059, 9.6552]], "eigenvalues": [303.6452, 332.7326, 346.8676]}, "54": {"type": "H", "Isotropic": 28.8635, "Anisotropy": 6.6793, "tensor": [[3.5031, 31.5204, 3.4128], [0.0107, 2.0615, 25.9205]], "eigenvalues": [24.4957, 28.7783, 33.3163]}, "55": {"type": "C", "Isotropic": 111.8846, "Anisotropy": 81.2541, "tensor": [], "eigenvalues": [79.6395, 89.9603, 166.054]}, "56": {"type": "H", "Isotropic": 28.7649, "Anisotropy": 4.5701, "tensor": [[30.9913, 0.4138, 0.8655]], "eigenvalues": [25.472, 29.0111, 31.8117]}, "57": {"type": "C", "Isotropic": 112.5063, "Anisotropy": 80.7264, "tensor": [], "eigenvalues": [79.963, 91.232, 166.3239]}, "58": {"type": "H", "Isotropic": 28.6536, "Anisotropy": 2.9379, "tensor": [], "eigenvalues": [26.1075, 29.2412, 30.6122]}, "59": {"type": "O", "Isotropic": 324.852, "Anisotropy": 24.835, "tensor": [], "eigenvalues": [303.356, 329.7915, 341.4087]}, "60": {"type": "H", "Isotropic": 28.8504, "Anisotropy": 9.4039, "tensor": [[5.8724, 30.0684, 0.7382]], "eigenvalues": [24.8599, 26.5715, 35.1196]}, "61": {"type": "H", "Isotropic": 28.569, "Anisotropy": 3.7432, "tensor": [], "eigenvalues": [25.7704, 28.8721, 31.0645]}, "62": {"type": "C", "Isotropic": 126.5651, "Anisotropy": 89.3328, "tensor": [[103.1217, 20.9058, 2.4152], [19.5558, 180.3946, 5.8344], [1.791, 10.0411, 96.179]], "eigenvalues": [95.4217, 98.1533, 186.1203]}, "63": {"type": "H", "Isotropic": 28.5773, "Anisotropy": 9.4065, "tensor": [], "eigenvalues": [25.141, 25.7426, 34.8483]}, "64": {"type": "H", "Isotropic": 29.0982, "Anisotropy": 6.2667, "tensor": [[0.4268, 31.8235, 4.4812]], "eigenvalues": [24.0193, 29.9992, 33.276]}}}}, "functional": "M062X", "basis": "Def2TZVP", "phase": "solution", "type": "nmr;scrf", "smiles": "O(C)CCOC.C(COC)OC.O(C)CCOC.COCCOC", "formula": "H40 C16 O8", "formula_pretty": "H5C2O", "formula_anonymous": "AB2C5", "formula_alphabetical": "C16 H40 O8", "chemsys": "C-H-O", "nsites": 64, "nelements": 3, "is_ordered": true, "is_valid": true, "tag": "oplsd_ref", "wall_time (s)": 850.4048347021453, "last_updated": "2021-01-24T20:11:05.214764", "_id": null}