{"input": {"molecule": {"charge": 0, "spin_multiplicity": 1, "sites": [{"name": "S", "species": [{"element": "S", "occu": 1}], "xyz": [1.051965, -0.715867, 0.499765], "properties": {}}, {"name": "O", "species": [{"element": "O", "occu": 1}], "xyz": [0.86778, -0.12834, 1.873012], "properties": {}}, {"name": "C", "species": [{"element": "C", "occu": 1}], "xyz": [-0.389346, -0.227656, -0.442767], "properties": {}}, {"name": "C", "species": [{"element": "C", "occu": 1}], "xyz": [0.656052, -2.457083, 0.655057], "properties": {}}, {"name": "H", "species": [{"element": "H", "occu": 1}], "xyz": [-0.375226, 0.857673, -0.521089], "properties": {}}, {"name": "H", "species": [{"element": "H", "occu": 1}], "xyz": [-1.282883, -0.547552, 0.094188], "properties": {}}, {"name": "H", "species": [{"element": "H", "occu": 1}], "xyz": [-0.340018, -0.68191, -1.431288], "properties": {}}, {"name": "H", "species": [{"element": "H", "occu": 1}], "xyz": [0.572147, -2.894063, -0.338924], "properties": {}}, {"name": "H", "species": [{"element": "H", "occu": 1}], "xyz": [-0.276174, -2.55654, 1.214133], "properties": {}}, {"name": "H", "species": [{"element": "H", "occu": 1}], "xyz": [1.472427, -2.928744, 1.198498], "properties": {}}, {"name": "S", "species": [{"element": "S", "occu": 1}], "xyz": [-0.815991, -1.084765, 4.594355], "properties": {}}, {"name": "O", "species": [{"element": "O", "occu": 1}], "xyz": [-0.15064, 0.022632, 5.362638], "properties": {}}, {"name": "C", "species": [{"element": "C", "occu": 1}], "xyz": [-1.717954, -2.057604, 5.802477], "properties": {}}, {"name": "C", "species": [{"element": "C", "occu": 1}], "xyz": [0.456617, -2.291994, 4.241518], "properties": {}}, {"name": "H", "species": [{"element": "H", "occu": 1}], "xyz": [-2.499588, -1.419323, 6.21065], "properties": {}}, {"name": "H", "species": [{"element": "H", "occu": 1}], "xyz": [-1.034851, -2.368746, 6.591819], "properties": {}}, {"name": "H", "species": [{"element": "H", "occu": 1}], "xyz": [-2.155564, -2.913544, 5.290759], "properties": {}}, {"name": "H", "species": [{"element": "H", "occu": 1}], "xyz": [-0.014931, -3.148665, 3.762508], "properties": {}}, {"name": "H", "species": [{"element": "H", "occu": 1}], "xyz": [0.94516, -2.567739, 5.17543], "properties": {}}, {"name": "H", "species": [{"element": "H", "occu": 1}], "xyz": [1.149005, -1.804613, 3.558979], "properties": {}}, {"name": "O", "species": [{"element": "O", "occu": 1}], "xyz": [-2.331928, -3.084621, 2.671263], "properties": {}}, {"name": "S", "species": [{"element": "S", "occu": 1}], "xyz": [-2.901107, -1.851687, 2.025261], "properties": {}}, {"name": "H", "species": [{"element": "H", "occu": 1}], "xyz": [-3.141416, -2.842794, -0.091724], "properties": {}}, {"name": "C", "species": [{"element": "C", "occu": 1}], "xyz": [-3.85102, -2.420864, 0.61782], "properties": {}}, {"name": "H", "species": [{"element": "H", "occu": 1}], "xyz": [-4.560179, -3.178903, 0.946828], "properties": {}}, {"name": "C", "species": [{"element": "C", "occu": 1}], "xyz": [-4.278997, -1.343991, 3.051373], "properties": {}}, {"name": "H", "species": [{"element": "H", "occu": 1}], "xyz": [-3.867141, -0.966938, 3.98554], "properties": {}}, {"name": "H", "species": [{"element": "H", "occu": 1}], "xyz": [-4.909842, -2.212689, 3.236125], "properties": {}}, {"name": "H", "species": [{"element": "H", "occu": 1}], "xyz": [-4.361255, -1.568345, 0.171133], "properties": {}}, {"name": "H", "species": [{"element": "H", "occu": 1}], "xyz": [-4.835129, -0.558822, 2.541036], "properties": {}}, {"name": "O", "species": [{"element": "O", "occu": 1}], "xyz": [-2.265241, 2.478942, 0.088365], "properties": {}}, {"name": "H", "species": [{"element": "H", "occu": 1}], "xyz": [-1.069644, 1.035752, 2.333995], "properties": {}}, {"name": "S", "species": [{"element": "S", "occu": 1}], "xyz": [-2.99938, 1.725621, 1.159686], "properties": {}}, {"name": "C", "species": [{"element": "C", "occu": 1}], "xyz": [-1.913652, 1.682451, 2.581478], "properties": {}}, {"name": "H", "species": [{"element": "H", "occu": 1}], "xyz": [-1.579677, 2.698528, 2.791055], "properties": {}}, {"name": "C", "species": [{"element": "C", "occu": 1}], "xyz": [-4.212807, 2.86702, 1.820659], "properties": {}}, {"name": "H", "species": [{"element": "H", "occu": 1}], "xyz": [-3.705276, 3.790339, 2.096974], "properties": {}}, {"name": "H", "species": [{"element": "H", "occu": 1}], "xyz": [-4.94148, 3.050367, 1.034273], "properties": {}}, {"name": "H", "species": [{"element": "H", "occu": 1}], "xyz": [-2.458496, 1.26963, 3.430994], "properties": {}}, {"name": "H", "species": [{"element": "H", "occu": 1}], "xyz": [-4.699488, 2.414546, 2.683476], "properties": {}}]}, "functional": "M062X", "basis_set": "Def2TZVP", "route_parameters": {"NMR": "GIAO", "iop(7/33=1)": null, "int": "ultrafine", "EmpiricalDispersion": "GD3", "NoSymmetry": null, "test": null, "SCRF": "(Solvent=DiMethylSulfoxide)"}, "title": "H24 C8 S4 O4", "charge": 0, "spin_multiplicity": 1, "input_parameters": {}, "link0_parameters": {"%chk": "checkpoint.chk", "%mem": "100GB", "%NProcShared": "28"}, "dieze_tag": "#P", "nbasisfunctions": 664, "pcm_parameters": {}}, "output": {"has_gaussian_completed": true, "is_pcm": true, "errors": [], "Mulliken_charges": {"1": ["S", 0.536626], "2": ["O", -0.6438], "3": ["C", -0.443344], "4": ["C", -0.462863], "5": ["H", 0.193607], "6": ["H", 0.100781], "7": ["H", 0.195809], "8": ["H", 0.194676], "9": ["H", 0.136228], "10": ["H", 0.192604], "11": ["S", 0.51045], "12": ["O", -0.686844], "13": ["C", -0.472094], "14": ["C", -0.462259], "15": ["H", 0.18207], "16": ["H", 0.177833], "17": ["H", 0.18752], "18": ["H", 0.183989], "19": ["H", 0.183168], "20": ["H", 0.169861], "21": ["O", -0.649345], "22": ["S", 0.441201], "23": ["H", 0.185799], "24": ["C", -0.418633], "25": ["H", 0.185215], "26": ["C", -0.471082], "27": ["H", 0.185917], "28": ["H", 0.197062], "29": ["H", 0.18198], "30": ["H", 0.191783], "31": ["O", -0.664738], "32": ["H", 0.154205], "33": ["S", 0.497742], "34": ["C", -0.461386], "35": ["H", 0.195846], "36": ["C", -0.431309], "37": ["H", 0.174693], "38": ["H", 0.18015], "39": ["H", 0.176856], "40": ["H", 0.174024]}, "tensor": {"1": {"type": "S", "Isotropic": 151.5801, "Anisotropy": 424.9687, "tensor": [], "eigenvalues": [8.7287, 11.1189, 434.8926]}, "2": {"type": "O", "Isotropic": 287.6688, "Anisotropy": 248.7716, "tensor": [], "eigenvalues": [118.2285, 291.2614, 453.5165]}, "3": {"type": "C", "Isotropic": 140.8437, "Anisotropy": 57.9009, "tensor": [], "eigenvalues": [112.5446, 130.5422, 179.4442]}, "4": {"type": "C", "Isotropic": 141.3571, "Anisotropy": 55.8188, "tensor": [[9.8089, 176.1614, 0.2412]], "eigenvalues": [112.8587, 132.643, 178.5697]}, "5": {"type": "H", "Isotropic": 28.8211, "Anisotropy": 7.3857, "tensor": [], "eigenvalues": [24.1675, 28.5509, 33.7449]}, "6": {"type": "H", "Isotropic": 28.9407, "Anisotropy": 5.0375, "tensor": [], "eigenvalues": [26.1294, 28.3937, 32.299]}, "7": {"type": "H", "Isotropic": 29.8406, "Anisotropy": 8.7904, "tensor": [[0.0904, 27.2864, 1.1848], [0.7889, 0.8301, 35.4869]], "eigenvalues": [26.6262, 27.1948, 35.7009]}, "8": {"type": "H", "Isotropic": 29.8258, "Anisotropy": 9.0173, "tensor": [], "eigenvalues": [26.2391, 27.4009, 35.8373]}, "9": {"type": "H", "Isotropic": 29.0555, "Anisotropy": 7.2885, "tensor": [], "eigenvalues": [25.9624, 27.2896, 33.9144]}, "10": {"type": "H", "Isotropic": 29.1271, "Anisotropy": 6.5638, "tensor": [], "eigenvalues": [26.0011, 27.8772, 33.5029]}, "11": {"type": "S", "Isotropic": 147.0301, "Anisotropy": 438.2605, "tensor": [[103.4316, 169.7929, 115.5257], [108.0282, 184.7804, 131.079], [119.3761, 211.2942, 152.8784]]}, "12": {"type": "O", "Isotropic": 302.1437, "Anisotropy": 240.2272, "tensor": [], "eigenvalues": [153.3394, 290.7966, 462.2952]}, "13": {"type": "C", "Isotropic": 142.5393, "Anisotropy": 60.2562, "tensor": [], "eigenvalues": [114.7183, 130.1895, 182.7101]}, "14": {"type": "C", "Isotropic": 140.4482, "Anisotropy": 57.123, "tensor": [], "eigenvalues": [114.5876, 128.2268, 178.5302]}, "15": {"type": "H", "Isotropic": 29.6014, "Anisotropy": 6.3529, "tensor": [], "eigenvalues": [25.815, 29.1526, 33.8367]}, "16": {"type": "H", "Isotropic": 29.8024, "Anisotropy": 6.857, "tensor": [], "eigenvalues": [26.2832, 28.7503, 34.3738]}, "17": {"type": "H", "Isotropic": 29.5287, "Anisotropy": 5.7609, "tensor": [[28.3688, 3.4665, 1.1461], [0.9973, 0.0227, 29.7663]], "eigenvalues": [25.3662, 29.8506, 33.3693]}, "18": {"type": "H", "Isotropic": 29.4646, "Anisotropy": 4.735, "tensor": [[1.0985, 1.9943, 29.4698]], "eigenvalues": [26.7314, 29.0412, 32.6213]}, "19": {"type": "H", "Isotropic": 29.9541, "Anisotropy": 6.5509, "tensor": [], "eigenvalues": [26.3896, 29.1513, 34.3213]}, "20": {"type": "H", "Isotropic": 28.7213, "Anisotropy": 8.228, "tensor": [], "eigenvalues": [23.6249, 28.3323, 34.2066]}, "21": {"type": "O", "Isotropic": 289.6596, "Anisotropy": 237.2681, "tensor": [[35.3508, 231.8266, 98.6001]], "eigenvalues": [133.9299, 287.2105, 447.8383]}, "22": {"type": "S", "Isotropic": 158.8195, "Anisotropy": 410.5376, "tensor": [], "eigenvalues": [12.9691, 30.9783, 432.5113]}, "23": {"type": "H", "Isotropic": 29.3083, "Anisotropy": 6.3535, "tensor": [], "eigenvalues": [25.3721, 29.0087, 33.5439]}, "24": {"type": "C", "Isotropic": 143.6678, "Anisotropy": 60.3665, "tensor": [[135.1502, 2.1532, 31.6595], [6.4763, 135.4427, 16.5299], [28.4139, 9.1649, 160.4105]], "eigenvalues": [114.5218, 132.5695, 183.9121]}, "25": {"type": "H", "Isotropic": 29.5417, "Anisotropy": 6.7763, "tensor": [[3.6455, 29.9373, 0.6897], [1.0993, 2.2455, 28.182]], "eigenvalues": [26.2914, 28.2745, 34.0593]}, "26": {"type": "C", "Isotropic": 143.3114, "Anisotropy": 57.8265, "tensor": [], "eigenvalues": [114.3952, 133.6766, 181.8623]}, "27": {"type": "H", "Isotropic": 29.3066, "Anisotropy": 4.9546, "tensor": [[0.8535, 27.15, 1.4962], [1.7625, 1.5866, 31.9685]], "eigenvalues": [26.6447, 28.6656, 32.6097]}, "28": {"type": "H", "Isotropic": 29.6798, "Anisotropy": 6.3826, "tensor": [[2.4967, 28.6218, 0.1878]], "eigenvalues": [26.5923, 28.5122, 33.9349]}, "29": {"type": "H", "Isotropic": 29.7376, "Anisotropy": 8.1088, "tensor": [], "eigenvalues": [26.424, 27.6452, 35.1435]}, "30": {"type": "H", "Isotropic": 29.9707, "Anisotropy": 8.0468, "tensor": [], "eigenvalues": [26.1872, 28.3896, 35.3352]}, "31": {"type": "O", "Isotropic": 297.4427, "Anisotropy": 242.1367, "tensor": [[101.5093, 39.6928, 197.0379]], "eigenvalues": [140.6892, 292.7716, 458.8672]}, "32": {"type": "H", "Isotropic": 27.7243, "Anisotropy": 11.4274, "tensor": [], "eigenvalues": [23.295, 24.5354, 35.3426]}, "33": {"type": "S", "Isotropic": 157.1838, "Anisotropy": 418.2306, "tensor": [], "eigenvalues": [10.1632, 25.384, 436.0042]}, "34": {"type": "C", "Isotropic": 139.5947, "Anisotropy": 56.0345, "tensor": [], "eigenvalues": [111.2747, 130.5584, 176.951]}, "35": {"type": "H", "Isotropic": 29.6855, "Anisotropy": 4.5196, "tensor": [[29.2662, 1.1818, 1.4556], [1.4962, 2.188, 27.8666]], "eigenvalues": [26.6512, 29.7067, 32.6985]}, "36": {"type": "C", "Isotropic": 142.0647, "Anisotropy": 63.7621, "tensor": [], "eigenvalues": [110.7298, 130.8916, 184.5727]}, "37": {"type": "H", "Isotropic": 29.6075, "Anisotropy": 6.073, "tensor": [[1.0234, 1.2773, 27.3349]], "eigenvalues": [26.4072, 28.7591, 33.6561]}, "38": {"type": "H", "Isotropic": 29.3801, "Anisotropy": 8.2739, "tensor": [], "eigenvalues": [25.8984, 27.3458, 34.8961]}, "39": {"type": "H", "Isotropic": 29.8917, "Anisotropy": 7.6404, "tensor": [], "eigenvalues": [26.1844, 28.5054, 34.9853]}, "40": {"type": "H", "Isotropic": 29.8948, "Anisotropy": 7.5724, "tensor": [], "eigenvalues": [26.043, 28.6983, 34.943]}}, "output": {"energies": [-2212.83167236], "final_energy": -2212.83167236, "final_energy_per_atom": -55.320791809, "molecule": {"charge": 0.0, "spin_multiplicity": 1, "sites": [{"name": "S", "species": [{"element": "S", "occu": 1}], "xyz": [1.051965, -0.715867, 0.499765], "properties": {}}, {"name": "O", "species": [{"element": "O", "occu": 1}], "xyz": [0.86778, -0.12834, 1.873012], "properties": {}}, {"name": "C", "species": [{"element": "C", "occu": 1}], "xyz": [-0.389346, -0.227656, -0.442767], "properties": {}}, {"name": "C", "species": [{"element": "C", "occu": 1}], "xyz": [0.656052, -2.457083, 0.655057], "properties": {}}, {"name": "H", "species": [{"element": "H", "occu": 1}], "xyz": [-0.375226, 0.857673, -0.521089], "properties": {}}, {"name": "H", "species": [{"element": "H", "occu": 1}], "xyz": [-1.282883, -0.547552, 0.094188], "properties": {}}, {"name": "H", "species": [{"element": "H", "occu": 1}], "xyz": [-0.340018, -0.68191, -1.431288], "properties": {}}, {"name": "H", "species": [{"element": "H", "occu": 1}], "xyz": [0.572147, -2.894063, -0.338924], "properties": {}}, {"name": "H", "species": [{"element": "H", "occu": 1}], "xyz": [-0.276174, -2.55654, 1.214133], "properties": {}}, {"name": "H", "species": [{"element": "H", "occu": 1}], "xyz": [1.472427, -2.928744, 1.198498], "properties": {}}, {"name": "S", "species": [{"element": "S", "occu": 1}], "xyz": [-0.815991, -1.084765, 4.594355], "properties": {}}, {"name": "O", "species": [{"element": "O", "occu": 1}], "xyz": [-0.15064, 0.022632, 5.362638], "properties": {}}, {"name": "C", "species": [{"element": "C", "occu": 1}], "xyz": [-1.717954, -2.057604, 5.802477], "properties": {}}, {"name": "C", "species": [{"element": "C", "occu": 1}], "xyz": [0.456617, -2.291994, 4.241518], "properties": {}}, {"name": "H", "species": [{"element": "H", "occu": 1}], "xyz": [-2.499588, -1.419323, 6.21065], "properties": {}}, {"name": "H", "species": [{"element": "H", "occu": 1}], "xyz": [-1.034851, -2.368746, 6.591819], "properties": {}}, {"name": "H", "species": [{"element": "H", "occu": 1}], "xyz": [-2.155564, -2.913544, 5.290759], "properties": {}}, {"name": "H", "species": [{"element": "H", "occu": 1}], "xyz": [-0.014931, -3.148665, 3.762508], "properties": {}}, {"name": "H", "species": [{"element": "H", "occu": 1}], "xyz": [0.94516, -2.567739, 5.17543], "properties": {}}, {"name": "H", "species": [{"element": "H", "occu": 1}], "xyz": [1.149005, -1.804613, 3.558979], "properties": {}}, {"name": "O", "species": [{"element": "O", "occu": 1}], "xyz": [-2.331928, -3.084621, 2.671263], "properties": {}}, {"name": "S", "species": [{"element": "S", "occu": 1}], "xyz": [-2.901107, -1.851687, 2.025261], "properties": {}}, {"name": "H", "species": [{"element": "H", "occu": 1}], "xyz": [-3.141416, -2.842794, -0.091724], "properties": {}}, {"name": "C", "species": [{"element": "C", "occu": 1}], "xyz": [-3.85102, -2.420864, 0.61782], "properties": {}}, {"name": "H", "species": [{"element": "H", "occu": 1}], "xyz": [-4.560179, -3.178903, 0.946828], "properties": {}}, {"name": "C", "species": [{"element": "C", "occu": 1}], "xyz": [-4.278997, -1.343991, 3.051373], "properties": {}}, {"name": "H", "species": [{"element": "H", "occu": 1}], "xyz": [-3.867141, -0.966938, 3.98554], "properties": {}}, {"name": "H", "species": [{"element": "H", "occu": 1}], "xyz": [-4.909842, -2.212689, 3.236125], "properties": {}}, {"name": "H", "species": [{"element": "H", "occu": 1}], "xyz": [-4.361255, -1.568345, 0.171133], "properties": {}}, {"name": "H", "species": [{"element": "H", "occu": 1}], "xyz": [-4.835129, -0.558822, 2.541036], "properties": {}}, {"name": "O", "species": [{"element": "O", "occu": 1}], "xyz": [-2.265241, 2.478942, 0.088365], "properties": {}}, {"name": "H", "species": [{"element": "H", "occu": 1}], "xyz": [-1.069644, 1.035752, 2.333995], "properties": {}}, {"name": "S", "species": [{"element": "S", "occu": 1}], "xyz": [-2.99938, 1.725621, 1.159686], "properties": {}}, {"name": "C", "species": [{"element": "C", "occu": 1}], "xyz": [-1.913652, 1.682451, 2.581478], "properties": {}}, {"name": "H", "species": [{"element": "H", "occu": 1}], "xyz": [-1.579677, 2.698528, 2.791055], "properties": {}}, {"name": "C", "species": [{"element": "C", "occu": 1}], "xyz": [-4.212807, 2.86702, 1.820659], "properties": {}}, {"name": "H", "species": [{"element": "H", "occu": 1}], "xyz": [-3.705276, 3.790339, 2.096974], "properties": {}}, {"name": "H", "species": [{"element": "H", "occu": 1}], "xyz": [-4.94148, 3.050367, 1.034273], "properties": {}}, {"name": "H", "species": [{"element": "H", "occu": 1}], "xyz": [-2.458496, 1.26963, 3.430994], "properties": {}}, {"name": "H", "species": [{"element": "H", "occu": 1}], "xyz": [-4.699488, 2.414546, 2.683476], "properties": {}}]}, "stationary_type": "Minimum", "corrections": {}, "tensor": {"1": {"type": "S", "Isotropic": 151.5801, "Anisotropy": 424.9687, "tensor": [], "eigenvalues": [8.7287, 11.1189, 434.8926]}, "2": {"type": "O", "Isotropic": 287.6688, "Anisotropy": 248.7716, "tensor": [], "eigenvalues": [118.2285, 291.2614, 453.5165]}, "3": {"type": "C", "Isotropic": 140.8437, "Anisotropy": 57.9009, "tensor": [], "eigenvalues": [112.5446, 130.5422, 179.4442]}, "4": {"type": "C", "Isotropic": 141.3571, "Anisotropy": 55.8188, "tensor": [[9.8089, 176.1614, 0.2412]], "eigenvalues": [112.8587, 132.643, 178.5697]}, "5": {"type": "H", "Isotropic": 28.8211, "Anisotropy": 7.3857, "tensor": [], "eigenvalues": [24.1675, 28.5509, 33.7449]}, "6": {"type": "H", "Isotropic": 28.9407, "Anisotropy": 5.0375, "tensor": [], "eigenvalues": [26.1294, 28.3937, 32.299]}, "7": {"type": "H", "Isotropic": 29.8406, "Anisotropy": 8.7904, "tensor": [[0.0904, 27.2864, 1.1848], [0.7889, 0.8301, 35.4869]], "eigenvalues": [26.6262, 27.1948, 35.7009]}, "8": {"type": "H", "Isotropic": 29.8258, "Anisotropy": 9.0173, "tensor": [], "eigenvalues": [26.2391, 27.4009, 35.8373]}, "9": {"type": "H", "Isotropic": 29.0555, "Anisotropy": 7.2885, "tensor": [], "eigenvalues": [25.9624, 27.2896, 33.9144]}, "10": {"type": "H", "Isotropic": 29.1271, "Anisotropy": 6.5638, "tensor": [], "eigenvalues": [26.0011, 27.8772, 33.5029]}, "11": {"type": "S", "Isotropic": 147.0301, "Anisotropy": 438.2605, "tensor": [[103.4316, 169.7929, 115.5257], [108.0282, 184.7804, 131.079], [119.3761, 211.2942, 152.8784]]}, "12": {"type": "O", "Isotropic": 302.1437, "Anisotropy": 240.2272, "tensor": [], "eigenvalues": [153.3394, 290.7966, 462.2952]}, "13": {"type": "C", "Isotropic": 142.5393, "Anisotropy": 60.2562, "tensor": [], "eigenvalues": [114.7183, 130.1895, 182.7101]}, "14": {"type": "C", "Isotropic": 140.4482, "Anisotropy": 57.123, "tensor": [], "eigenvalues": [114.5876, 128.2268, 178.5302]}, "15": {"type": "H", "Isotropic": 29.6014, "Anisotropy": 6.3529, "tensor": [], "eigenvalues": [25.815, 29.1526, 33.8367]}, "16": {"type": "H", "Isotropic": 29.8024, "Anisotropy": 6.857, "tensor": [], "eigenvalues": [26.2832, 28.7503, 34.3738]}, "17": {"type": "H", "Isotropic": 29.5287, "Anisotropy": 5.7609, "tensor": [[28.3688, 3.4665, 1.1461], [0.9973, 0.0227, 29.7663]], "eigenvalues": [25.3662, 29.8506, 33.3693]}, "18": {"type": "H", "Isotropic": 29.4646, "Anisotropy": 4.735, "tensor": [[1.0985, 1.9943, 29.4698]], "eigenvalues": [26.7314, 29.0412, 32.6213]}, "19": {"type": "H", "Isotropic": 29.9541, "Anisotropy": 6.5509, "tensor": [], "eigenvalues": [26.3896, 29.1513, 34.3213]}, "20": {"type": "H", "Isotropic": 28.7213, "Anisotropy": 8.228, "tensor": [], "eigenvalues": [23.6249, 28.3323, 34.2066]}, "21": {"type": "O", "Isotropic": 289.6596, "Anisotropy": 237.2681, "tensor": [[35.3508, 231.8266, 98.6001]], "eigenvalues": [133.9299, 287.2105, 447.8383]}, "22": {"type": "S", "Isotropic": 158.8195, "Anisotropy": 410.5376, "tensor": [], "eigenvalues": [12.9691, 30.9783, 432.5113]}, "23": {"type": "H", "Isotropic": 29.3083, "Anisotropy": 6.3535, "tensor": [], "eigenvalues": [25.3721, 29.0087, 33.5439]}, "24": {"type": "C", "Isotropic": 143.6678, "Anisotropy": 60.3665, "tensor": [[135.1502, 2.1532, 31.6595], [6.4763, 135.4427, 16.5299], [28.4139, 9.1649, 160.4105]], "eigenvalues": [114.5218, 132.5695, 183.9121]}, "25": {"type": "H", "Isotropic": 29.5417, "Anisotropy": 6.7763, "tensor": [[3.6455, 29.9373, 0.6897], [1.0993, 2.2455, 28.182]], "eigenvalues": [26.2914, 28.2745, 34.0593]}, "26": {"type": "C", "Isotropic": 143.3114, "Anisotropy": 57.8265, "tensor": [], "eigenvalues": [114.3952, 133.6766, 181.8623]}, "27": {"type": "H", "Isotropic": 29.3066, "Anisotropy": 4.9546, "tensor": [[0.8535, 27.15, 1.4962], [1.7625, 1.5866, 31.9685]], "eigenvalues": [26.6447, 28.6656, 32.6097]}, "28": {"type": "H", "Isotropic": 29.6798, "Anisotropy": 6.3826, "tensor": [[2.4967, 28.6218, 0.1878]], "eigenvalues": [26.5923, 28.5122, 33.9349]}, "29": {"type": "H", "Isotropic": 29.7376, "Anisotropy": 8.1088, "tensor": [], "eigenvalues": [26.424, 27.6452, 35.1435]}, "30": {"type": "H", "Isotropic": 29.9707, "Anisotropy": 8.0468, "tensor": [], "eigenvalues": [26.1872, 28.3896, 35.3352]}, "31": {"type": "O", "Isotropic": 297.4427, "Anisotropy": 242.1367, "tensor": [[101.5093, 39.6928, 197.0379]], "eigenvalues": [140.6892, 292.7716, 458.8672]}, "32": {"type": "H", "Isotropic": 27.7243, "Anisotropy": 11.4274, "tensor": [], "eigenvalues": [23.295, 24.5354, 35.3426]}, "33": {"type": "S", "Isotropic": 157.1838, "Anisotropy": 418.2306, "tensor": [], "eigenvalues": [10.1632, 25.384, 436.0042]}, "34": {"type": "C", "Isotropic": 139.5947, "Anisotropy": 56.0345, "tensor": [], "eigenvalues": [111.2747, 130.5584, 176.951]}, "35": {"type": "H", "Isotropic": 29.6855, "Anisotropy": 4.5196, "tensor": [[29.2662, 1.1818, 1.4556], [1.4962, 2.188, 27.8666]], "eigenvalues": [26.6512, 29.7067, 32.6985]}, "36": {"type": "C", "Isotropic": 142.0647, "Anisotropy": 63.7621, "tensor": [], "eigenvalues": [110.7298, 130.8916, 184.5727]}, "37": {"type": "H", "Isotropic": 29.6075, "Anisotropy": 6.073, "tensor": [[1.0234, 1.2773, 27.3349]], "eigenvalues": [26.4072, 28.7591, 33.6561]}, "38": {"type": "H", "Isotropic": 29.3801, "Anisotropy": 8.2739, "tensor": [], "eigenvalues": [25.8984, 27.3458, 34.8961]}, "39": {"type": "H", "Isotropic": 29.8917, "Anisotropy": 7.6404, "tensor": [], "eigenvalues": [26.1844, 28.5054, 34.9853]}, "40": {"type": "H", "Isotropic": 29.8948, "Anisotropy": 7.5724, "tensor": [], "eigenvalues": [26.043, 28.6983, 34.943]}}}}, "functional": "M062X", "basis": "Def2TZVP", "phase": "solution", "type": "nmr;scrf", "smiles": "S(=O)(C)C.S(=O)(C)C.O=S(C)C.O=S(C)C", "formula": "H24 C8 S4 O4", "formula_pretty": "H6C2SO", "formula_anonymous": "ABC2D6", "formula_alphabetical": "C8 H24 O4 S4", "chemsys": "C-H-O-S", "nsites": 40, "nelements": 4, "is_ordered": true, "is_valid": true, "tag": "oplsd_ref", "wall_time (s)": 419.8319919416681, "last_updated": "2021-01-19T08:56:37.546392", "_id": null}