{"input": {"molecule": {"charge": 0, "spin_multiplicity": 1, "sites": [{"name": "O", "species": [{"element": "O", "occu": 1}], "xyz": [-0.579561, 0.659362, -0.049748], "properties": {}}, {"name": "H", "species": [{"element": "H", "occu": 1}], "xyz": [-0.550705, -0.256074, -0.343142], "properties": {}}, {"name": "H", "species": [{"element": "H", "occu": 1}], "xyz": [-1.489379, 1.001441, -0.23501], "properties": {}}, {"name": "O", "species": [{"element": "O", "occu": 1}], "xyz": [-3.027487, 1.740245, -0.222655], "properties": {}}, {"name": "H", "species": [{"element": "H", "occu": 1}], "xyz": [-3.612993, 1.147191, 0.287188], "properties": {}}, {"name": "H", "species": [{"element": "H", "occu": 1}], "xyz": [-2.906688, 2.504258, 0.374697], "properties": {}}, {"name": "O", "species": [{"element": "O", "occu": 1}], "xyz": [-2.580217, 3.551643, 1.867369], "properties": {}}, {"name": "H", "species": [{"element": "H", "occu": 1}], "xyz": [-1.735811, 3.135362, 2.113955], "properties": {}}, {"name": "H", "species": [{"element": "H", "occu": 1}], "xyz": [-3.215737, 3.199748, 2.513142], "properties": {}}, {"name": "H", "species": [{"element": "H", "occu": 1}], "xyz": [0.506202, 2.275264, 2.130215], "properties": {}}, {"name": "O", "species": [{"element": "O", "occu": 1}], "xyz": [-0.330161, 1.88716, 2.437693], "properties": {}}, {"name": "H", "species": [{"element": "H", "occu": 1}], "xyz": [-0.521302, 1.22777, 1.74481], "properties": {}}, {"name": "H", "species": [{"element": "H", "occu": 1}], "xyz": [-4.349937, -0.61683, 1.778908], "properties": {}}, {"name": "O", "species": [{"element": "O", "occu": 1}], "xyz": [-4.59145, 0.29218, 1.577572], "properties": {}}, {"name": "H", "species": [{"element": "H", "occu": 1}], "xyz": [-4.445277, 0.799861, 2.398872], "properties": {}}, {"name": "H", "species": [{"element": "H", "occu": 1}], "xyz": [-1.016499, 1.543701, 4.063002], "properties": {}}, {"name": "H", "species": [{"element": "H", "occu": 1}], "xyz": [-1.301993, 1.874118, 5.553757], "properties": {}}, {"name": "O", "species": [{"element": "O", "occu": 1}], "xyz": [-1.620499, 1.356665, 4.807857], "properties": {}}, {"name": "H", "species": [{"element": "H", "occu": 1}], "xyz": [-3.222052, 1.726506, 4.243301], "properties": {}}, {"name": "O", "species": [{"element": "O", "occu": 1}], "xyz": [-4.030527, 1.961111, 3.732709], "properties": {}}, {"name": "H", "species": [{"element": "H", "occu": 1}], "xyz": [-4.706616, 2.215344, 4.36846], "properties": {}}, {"name": "H", "species": [{"element": "H", "occu": 1}], "xyz": [0.969465, 1.775654, 0.040757], "properties": {}}, {"name": "O", "species": [{"element": "O", "occu": 1}], "xyz": [1.647044, 2.297683, 0.50376], "properties": {}}, {"name": "H", "species": [{"element": "H", "occu": 1}], "xyz": [1.768447, 3.099053, -0.01384], "properties": {}}]}, "functional": "M062X", "basis_set": "Def2TZVP", "route_parameters": {"NMR": "GIAO", "iop(7/33=1)": null, "int": "ultrafine", "EmpiricalDispersion": "GD3", "NoSymmetry": null, "test": null, "SCRF": "(Solvent=Water)"}, "title": "H16 O8", "charge": 0, "spin_multiplicity": 1, "input_parameters": {}, "link0_parameters": {"%chk": "checkpoint.chk", "%mem": "100GB", "%NProcShared": "24"}, "dieze_tag": "#P", "nbasisfunctions": 344, "pcm_parameters": {}}, "output": {"has_gaussian_completed": true, "is_pcm": true, "errors": [], "Mulliken_charges": {"1": ["O", -0.79242], "2": ["H", 0.378189], "3": ["H", 0.409612], "4": ["O", -0.787467], "5": ["H", 0.392315], "6": ["H", 0.385178], "7": ["O", -0.769743], "8": ["H", 0.371113], "9": ["H", 0.381028], "10": ["H", 0.401177], "11": ["O", -0.787471], "12": ["H", 0.387641], "13": ["H", 0.367748], "14": ["O", -0.758673], "15": ["H", 0.391475], "16": ["H", 0.403931], "17": ["H", 0.372168], "18": ["O", -0.75414], "19": ["H", 0.407371], "20": ["O", -0.782186], "21": ["H", 0.382017], "22": ["H", 0.385716], "23": ["O", -0.750506], "24": ["H", 0.365926]}, "tensor": {"1": {"type": "O", "Isotropic": 301.3655, "Anisotropy": 43.0593, "tensor": [[6.2292, 15.2652, 283.8742]], "eigenvalues": [272.9562, 301.0686, 330.0717]}, "2": {"type": "H", "Isotropic": 30.1175, "Anisotropy": 20.1507, "tensor": [], "eigenvalues": [22.502, 24.2991, 43.5513]}, "3": {"type": "H", "Isotropic": 23.6397, "Anisotropy": 35.0231, "tensor": [[3.5462, 0.233, 12.8534]], "eigenvalues": [10.1722, 13.7585, 46.9885]}, "4": {"type": "O", "Isotropic": 297.4809, "Anisotropy": 35.7955, "tensor": [[14.6754, 311.1952, 8.707]], "eigenvalues": [275.4055, 295.6926, 321.3445]}, "5": {"type": "H", "Isotropic": 26.4169, "Anisotropy": 29.3295, "tensor": [], "eigenvalues": [15.0762, 18.2046, 45.9699]}, "6": {"type": "H", "Isotropic": 26.6178, "Anisotropy": 28.0622, "tensor": [[17.5233, 3.1778, 2.4687], [3.4986, 32.3111, 13.3051], [2.9549, 13.5933, 30.019]], "eigenvalues": [16.7852, 17.7423, 45.3259]}, "7": {"type": "O", "Isotropic": 303.2687, "Anisotropy": 38.9467, "tensor": [], "eigenvalues": [286.093, 294.4799, 329.2332]}, "8": {"type": "H", "Isotropic": 27.4621, "Anisotropy": 27.2545, "tensor": [], "eigenvalues": [17.6358, 19.1187, 45.6317]}, "9": {"type": "H", "Isotropic": 27.7073, "Anisotropy": 26.5055, "tensor": [], "eigenvalues": [17.9496, 19.7947, 45.3777]}, "10": {"type": "H", "Isotropic": 27.4733, "Anisotropy": 24.9759, "tensor": [], "eigenvalues": [16.3387, 21.9573, 44.1239]}, "11": {"type": "O", "Isotropic": 288.1858, "Anisotropy": 27.0866, "tensor": [[16.6536, 274.0446, 10.8307]], "eigenvalues": [257.6078, 300.706, 306.2435]}, "12": {"type": "H", "Isotropic": 26.8005, "Anisotropy": 25.9923, "tensor": [[20.1823, 3.3287, 1.6433], [3.8062, 25.2617, 12.4011], [2.4736, 12.6694, 34.9575]], "eigenvalues": [15.8454, 20.4274, 44.1287]}, "13": {"type": "H", "Isotropic": 30.5293, "Anisotropy": 18.885, "tensor": [], "eigenvalues": [23.9845, 24.484, 43.1192]}, "14": {"type": "O", "Isotropic": 316.7892, "Anisotropy": 48.9964, "tensor": [[2.8662, 340.1804, 14.0143]], "eigenvalues": [287.333, 313.581, 349.4534]}, "15": {"type": "H", "Isotropic": 26.1211, "Anisotropy": 31.7293, "tensor": [[16.2685, 4.4596, 3.5327], [4.1135, 26.101, 14.0416], [3.3544, 14.9582, 35.9938]], "eigenvalues": [14.0723, 17.017, 47.274]}, "16": {"type": "H", "Isotropic": 25.91, "Anisotropy": 32.3679, "tensor": [], "eigenvalues": [13.3558, 16.8857, 47.4887]}, "17": {"type": "H", "Isotropic": 30.333, "Anisotropy": 20.3601, "tensor": [[25.5777, 3.0885, 5.1238], [2.735, 26.8145, 7.5071], [4.6879, 7.2182, 38.6069]], "eigenvalues": [22.9975, 24.0951, 43.9064]}, "18": {"type": "O", "Isotropic": 314.254, "Anisotropy": 49.2245, "tensor": [[1.2628, 283.6412, 0.1404]], "eigenvalues": [283.1261, 312.5656, 347.0703]}, "19": {"type": "H", "Isotropic": 24.457, "Anisotropy": 33.1256, "tensor": [], "eigenvalues": [11.3425, 15.4879, 46.5407]}, "20": {"type": "O", "Isotropic": 302.5187, "Anisotropy": 40.2917, "tensor": [[3.6706, 0.6114, 299.7402]], "eigenvalues": [278.472, 299.7043, 329.3799]}, "21": {"type": "H", "Isotropic": 29.9893, "Anisotropy": 21.1474, "tensor": [], "eigenvalues": [22.1987, 23.6816, 44.0875]}, "22": {"type": "H", "Isotropic": 27.4958, "Anisotropy": 27.8306, "tensor": [[33.909, 13.4244, 4.9136], [12.8033, 26.0439, 5.0938], [5.4923, 5.9654, 22.5345]], "eigenvalues": [15.9026, 20.5353, 46.0495]}, "23": {"type": "O", "Isotropic": 319.5384, "Anisotropy": 61.054, "tensor": [], "eigenvalues": [288.5203, 309.8538, 360.241]}, "24": {"type": "H", "Isotropic": 30.4952, "Anisotropy": 20.1122, "tensor": [], "eigenvalues": [23.2664, 24.3159, 43.9034]}}, "output": {"energies": [-611.551508531], "final_energy": -611.551508531, "final_energy_per_atom": -25.48131285545833, "molecule": {"charge": 0.0, "spin_multiplicity": 1, "sites": [{"name": "O", "species": [{"element": "O", "occu": 1}], "xyz": [-0.579561, 0.659362, -0.049748], "properties": {}}, {"name": "H", "species": [{"element": "H", "occu": 1}], "xyz": [-0.550705, -0.256074, -0.343142], "properties": {}}, {"name": "H", "species": [{"element": "H", "occu": 1}], "xyz": [-1.489379, 1.001441, -0.23501], "properties": {}}, {"name": "O", "species": [{"element": "O", "occu": 1}], "xyz": [-3.027487, 1.740245, -0.222655], "properties": {}}, {"name": "H", "species": [{"element": "H", "occu": 1}], "xyz": [-3.612993, 1.147191, 0.287188], "properties": {}}, {"name": "H", "species": [{"element": "H", "occu": 1}], "xyz": [-2.906688, 2.504258, 0.374697], "properties": {}}, {"name": "O", "species": [{"element": "O", "occu": 1}], "xyz": [-2.580217, 3.551643, 1.867369], "properties": {}}, {"name": "H", "species": [{"element": "H", "occu": 1}], "xyz": [-1.735811, 3.135362, 2.113955], "properties": {}}, {"name": "H", "species": [{"element": "H", "occu": 1}], "xyz": [-3.215737, 3.199748, 2.513142], "properties": {}}, {"name": "H", "species": [{"element": "H", "occu": 1}], "xyz": [0.506202, 2.275264, 2.130215], "properties": {}}, {"name": "O", "species": [{"element": "O", "occu": 1}], "xyz": [-0.330161, 1.88716, 2.437693], "properties": {}}, {"name": "H", "species": [{"element": "H", "occu": 1}], "xyz": [-0.521302, 1.22777, 1.74481], "properties": {}}, {"name": "H", "species": [{"element": "H", "occu": 1}], "xyz": [-4.349937, -0.61683, 1.778908], "properties": {}}, {"name": "O", "species": [{"element": "O", "occu": 1}], "xyz": [-4.59145, 0.29218, 1.577572], "properties": {}}, {"name": "H", "species": [{"element": "H", "occu": 1}], "xyz": [-4.445277, 0.799861, 2.398872], "properties": {}}, {"name": "H", "species": [{"element": "H", "occu": 1}], "xyz": [-1.016499, 1.543701, 4.063002], "properties": {}}, {"name": "H", "species": [{"element": "H", "occu": 1}], "xyz": [-1.301993, 1.874118, 5.553757], "properties": {}}, {"name": "O", "species": [{"element": "O", "occu": 1}], "xyz": [-1.620499, 1.356665, 4.807857], "properties": {}}, {"name": "H", "species": [{"element": "H", "occu": 1}], "xyz": [-3.222052, 1.726506, 4.243301], "properties": {}}, {"name": "O", "species": [{"element": "O", "occu": 1}], "xyz": [-4.030527, 1.961111, 3.732709], "properties": {}}, {"name": "H", "species": [{"element": "H", "occu": 1}], "xyz": [-4.706616, 2.215344, 4.36846], "properties": {}}, {"name": "H", "species": [{"element": "H", "occu": 1}], "xyz": [0.969465, 1.775654, 0.040757], "properties": {}}, {"name": "O", "species": [{"element": "O", "occu": 1}], "xyz": [1.647044, 2.297683, 0.50376], "properties": {}}, {"name": "H", "species": [{"element": "H", "occu": 1}], "xyz": [1.768447, 3.099053, -0.01384], "properties": {}}]}, "stationary_type": "Minimum", "corrections": {}, "tensor": {"1": {"type": "O", "Isotropic": 301.3655, "Anisotropy": 43.0593, "tensor": [[6.2292, 15.2652, 283.8742]], "eigenvalues": [272.9562, 301.0686, 330.0717]}, "2": {"type": "H", "Isotropic": 30.1175, "Anisotropy": 20.1507, "tensor": [], "eigenvalues": [22.502, 24.2991, 43.5513]}, "3": {"type": "H", "Isotropic": 23.6397, "Anisotropy": 35.0231, "tensor": [[3.5462, 0.233, 12.8534]], "eigenvalues": [10.1722, 13.7585, 46.9885]}, "4": {"type": "O", "Isotropic": 297.4809, "Anisotropy": 35.7955, "tensor": [[14.6754, 311.1952, 8.707]], "eigenvalues": [275.4055, 295.6926, 321.3445]}, "5": {"type": "H", "Isotropic": 26.4169, "Anisotropy": 29.3295, "tensor": [], "eigenvalues": [15.0762, 18.2046, 45.9699]}, "6": {"type": "H", "Isotropic": 26.6178, "Anisotropy": 28.0622, "tensor": [[17.5233, 3.1778, 2.4687], [3.4986, 32.3111, 13.3051], [2.9549, 13.5933, 30.019]], "eigenvalues": [16.7852, 17.7423, 45.3259]}, "7": {"type": "O", "Isotropic": 303.2687, "Anisotropy": 38.9467, "tensor": [], "eigenvalues": [286.093, 294.4799, 329.2332]}, "8": {"type": "H", "Isotropic": 27.4621, "Anisotropy": 27.2545, "tensor": [], "eigenvalues": [17.6358, 19.1187, 45.6317]}, "9": {"type": "H", "Isotropic": 27.7073, "Anisotropy": 26.5055, "tensor": [], "eigenvalues": [17.9496, 19.7947, 45.3777]}, "10": {"type": "H", "Isotropic": 27.4733, "Anisotropy": 24.9759, "tensor": [], "eigenvalues": [16.3387, 21.9573, 44.1239]}, "11": {"type": "O", "Isotropic": 288.1858, "Anisotropy": 27.0866, "tensor": [[16.6536, 274.0446, 10.8307]], "eigenvalues": [257.6078, 300.706, 306.2435]}, "12": {"type": "H", "Isotropic": 26.8005, "Anisotropy": 25.9923, "tensor": [[20.1823, 3.3287, 1.6433], [3.8062, 25.2617, 12.4011], [2.4736, 12.6694, 34.9575]], "eigenvalues": [15.8454, 20.4274, 44.1287]}, "13": {"type": "H", "Isotropic": 30.5293, "Anisotropy": 18.885, "tensor": [], "eigenvalues": [23.9845, 24.484, 43.1192]}, "14": {"type": "O", "Isotropic": 316.7892, "Anisotropy": 48.9964, "tensor": [[2.8662, 340.1804, 14.0143]], "eigenvalues": [287.333, 313.581, 349.4534]}, "15": {"type": "H", "Isotropic": 26.1211, "Anisotropy": 31.7293, "tensor": [[16.2685, 4.4596, 3.5327], [4.1135, 26.101, 14.0416], [3.3544, 14.9582, 35.9938]], "eigenvalues": [14.0723, 17.017, 47.274]}, "16": {"type": "H", "Isotropic": 25.91, "Anisotropy": 32.3679, "tensor": [], "eigenvalues": [13.3558, 16.8857, 47.4887]}, "17": {"type": "H", "Isotropic": 30.333, "Anisotropy": 20.3601, "tensor": [[25.5777, 3.0885, 5.1238], [2.735, 26.8145, 7.5071], [4.6879, 7.2182, 38.6069]], "eigenvalues": [22.9975, 24.0951, 43.9064]}, "18": {"type": "O", "Isotropic": 314.254, "Anisotropy": 49.2245, "tensor": [[1.2628, 283.6412, 0.1404]], "eigenvalues": [283.1261, 312.5656, 347.0703]}, "19": {"type": "H", "Isotropic": 24.457, "Anisotropy": 33.1256, "tensor": [], "eigenvalues": [11.3425, 15.4879, 46.5407]}, "20": {"type": "O", "Isotropic": 302.5187, "Anisotropy": 40.2917, "tensor": [[3.6706, 0.6114, 299.7402]], "eigenvalues": [278.472, 299.7043, 329.3799]}, "21": {"type": "H", "Isotropic": 29.9893, "Anisotropy": 21.1474, "tensor": [], "eigenvalues": [22.1987, 23.6816, 44.0875]}, "22": {"type": "H", "Isotropic": 27.4958, "Anisotropy": 27.8306, "tensor": [[33.909, 13.4244, 4.9136], [12.8033, 26.0439, 5.0938], [5.4923, 5.9654, 22.5345]], "eigenvalues": [15.9026, 20.5353, 46.0495]}, "23": {"type": "O", "Isotropic": 319.5384, "Anisotropy": 61.054, "tensor": [], "eigenvalues": [288.5203, 309.8538, 360.241]}, "24": {"type": "H", "Isotropic": 30.4952, "Anisotropy": 20.1122, "tensor": [], "eigenvalues": [23.2664, 24.3159, 43.9034]}}}}, "functional": "M062X", "basis": "Def2TZVP", "phase": "solution", "type": "nmr;scrf", "smiles": "O.O.O.O.O.O.O.O", "formula": "H16 O8", "formula_pretty": "H2O", "formula_anonymous": "AB2", "formula_alphabetical": "H16 O8", "chemsys": "H-O", "nsites": 24, "nelements": 2, "is_ordered": true, "is_valid": true, "tag": "unknown", "wall_time (s)": 52.66690566390753, "last_updated": "2021-02-10T02:04:41.192624", "_id": null}