{"input": {"molecule": {"charge": 0, "spin_multiplicity": 1, "sites": [{"name": "O", "species": [{"element": "O", "occu": 1}], "xyz": [-1.116185, 0.952456, -0.01105], "properties": {}}, {"name": "H", "species": [{"element": "H", "occu": 1}], "xyz": [-0.155016, 0.977912, 0.018551], "properties": {}}, {"name": "H", "species": [{"element": "H", "occu": 1}], "xyz": [-1.399758, 1.551712, 0.68598], "properties": {}}]}, "functional": "M062X", "basis_set": "Def2TZVP", "route_parameters": {"NMR": "GIAO", "iop(7/33=1)": null, "int": "ultrafine", "EmpiricalDispersion": "GD3", "NoSymmetry": null, "test": null, "SCRF": "(Solvent=Water)"}, "title": "H2 O1", "charge": 0, "spin_multiplicity": 1, "input_parameters": {}, "link0_parameters": {"%chk": "checkpoint.chk", "%mem": "100GB", "%NProcShared": "24"}, "dieze_tag": "#P", "nbasisfunctions": 43, "pcm_parameters": {}}, "output": {"has_gaussian_completed": true, "is_pcm": true, "errors": [], "Mulliken_charges": {"1": ["O", -0.720214], "2": ["H", 0.360109], "3": ["H", 0.360104]}, "tensor": {"1": {"type": "O", "Isotropic": 337.9336, "Anisotropy": 47.3048, "tensor": [], "eigenvalues": [312.9405, 331.3901, 369.4701]}, "2": {"type": "H", "Isotropic": 30.6988, "Anisotropy": 19.9484, "tensor": [], "eigenvalues": [23.4291, 24.6696, 43.9977]}, "3": {"type": "H", "Isotropic": 30.7026, "Anisotropy": 19.9428, "tensor": [], "eigenvalues": [23.4346, 24.6755, 43.9978]}}, "output": {"energies": [-76.4337074428], "final_energy": -76.4337074428, "final_energy_per_atom": -25.477902480933334, "molecule": {"charge": 0.0, "spin_multiplicity": 1, "sites": [{"name": "O", "species": [{"element": "O", "occu": 1}], "xyz": [-1.116185, 0.952456, -0.01105], "properties": {}}, {"name": "H", "species": [{"element": "H", "occu": 1}], "xyz": [-0.155016, 0.977912, 0.018551], "properties": {}}, {"name": "H", "species": [{"element": "H", "occu": 1}], "xyz": [-1.399758, 1.551712, 0.68598], "properties": {}}]}, "stationary_type": "Minimum", "corrections": {}, "tensor": {"1": {"type": "O", "Isotropic": 337.9336, "Anisotropy": 47.3048, "tensor": [], "eigenvalues": [312.9405, 331.3901, 369.4701]}, "2": {"type": "H", "Isotropic": 30.6988, "Anisotropy": 19.9484, "tensor": [], "eigenvalues": [23.4291, 24.6696, 43.9977]}, "3": {"type": "H", "Isotropic": 30.7026, "Anisotropy": 19.9428, "tensor": [], "eigenvalues": [23.4346, 24.6755, 43.9978]}}}}, "functional": "M062X", "basis": "Def2TZVP", "phase": "solution", "type": "scrf;nmr", "smiles": "O", "formula": "H2 O1", "formula_pretty": "H2O", "formula_anonymous": "AB2", "formula_alphabetical": "H2 O1", "chemsys": "H-O", "nsites": 3, "nelements": 2, "is_ordered": true, "is_valid": true, "tag": "unknown", "wall_time (s)": 12.829557329416275, "last_updated": "2021-01-31T07:44:01.125921", "_id": null}