{"input": {"molecule": {"charge": 0, "spin_multiplicity": 1, "sites": [{"name": "O", "species": [{"element": "O", "occu": 1}], "xyz": [-0.609575, 1.304448, -0.229074], "properties": {}}, {"name": "H", "species": [{"element": "H", "occu": 1}], "xyz": [-0.229767, 0.913814, -1.022026], "properties": {}}, {"name": "H", "species": [{"element": "H", "occu": 1}], "xyz": [-1.599707, 1.280962, -0.319006], "properties": {}}, {"name": "O", "species": [{"element": "O", "occu": 1}], "xyz": [-3.254409, 1.465687, -0.194158], "properties": {}}, {"name": "H", "species": [{"element": "H", "occu": 1}], "xyz": [-3.633004, 0.770079, 0.376849], "properties": {}}, {"name": "H", "species": [{"element": "H", "occu": 1}], "xyz": [-3.275191, 2.272831, 0.361144], "properties": {}}, {"name": "O", "species": [{"element": "O", "occu": 1}], "xyz": [-2.936339, 3.522915, 1.637609], "properties": {}}, {"name": "H", "species": [{"element": "H", "occu": 1}], "xyz": [-2.02842, 3.798498, 1.404401], "properties": {}}, {"name": "H", "species": [{"element": "H", "occu": 1}], "xyz": [-2.822378, 2.884427, 2.363969], "properties": {}}, {"name": "H", "species": [{"element": "H", "occu": 1}], "xyz": [0.266273, 3.749895, 1.644991], "properties": {}}, {"name": "O", "species": [{"element": "O", "occu": 1}], "xyz": [-0.27827, 3.915405, 0.856647], "properties": {}}, {"name": "H", "species": [{"element": "H", "occu": 1}], "xyz": [-0.241551, 3.088977, 0.345905], "properties": {}}, {"name": "H", "species": [{"element": "H", "occu": 1}], "xyz": [-3.969028, -1.149941, 1.85907], "properties": {}}, {"name": "O", "species": [{"element": "O", "occu": 1}], "xyz": [-4.202882, -0.217829, 1.820032], "properties": {}}, {"name": "H", "species": [{"element": "H", "occu": 1}], "xyz": [-3.664193, 0.228123, 2.503011], "properties": {}}, {"name": "H", "species": [{"element": "H", "occu": 1}], "xyz": [-0.330018, 3.785372, 4.344966], "properties": {}}, {"name": "H", "species": [{"element": "H", "occu": 1}], "xyz": [-1.491785, 3.526212, 5.326318], "properties": {}}, {"name": "O", "species": [{"element": "O", "occu": 1}], "xyz": [-1.022583, 4.229991, 4.858103], "properties": {}}, {"name": "H", "species": [{"element": "H", "occu": 1}], "xyz": [-1.627156, 1.022402, 3.122431], "properties": {}}, {"name": "O", "species": [{"element": "O", "occu": 1}], "xyz": [-2.521817, 1.319321, 3.376299], "properties": {}}, {"name": "H", "species": [{"element": "H", "occu": 1}], "xyz": [-2.522034, 1.458835, 4.339591], "properties": {}}, {"name": "H", "species": [{"element": "H", "occu": 1}], "xyz": [-0.178011, 0.722952, 1.345415], "properties": {}}, {"name": "O", "species": [{"element": "O", "occu": 1}], "xyz": [-0.044868, 0.606075, 2.314031], "properties": {}}, {"name": "H", "species": [{"element": "H", "occu": 1}], "xyz": [0.309344, -0.278193, 2.45309], "properties": {}}, {"name": "O", "species": [{"element": "O", "occu": 1}], "xyz": [-2.47955, 2.004756, 6.101045], "properties": {}}, {"name": "H", "species": [{"element": "H", "occu": 1}], "xyz": [-3.330613, 2.199661, 6.509468], "properties": {}}, {"name": "H", "species": [{"element": "H", "occu": 1}], "xyz": [-2.003975, 1.452866, 6.731909], "properties": {}}, {"name": "O", "species": [{"element": "O", "occu": 1}], "xyz": [0.971325, 2.984805, 3.220549], "properties": {}}, {"name": "H", "species": [{"element": "H", "occu": 1}], "xyz": [1.905205, 3.03442, 3.447255], "properties": {}}, {"name": "H", "species": [{"element": "H", "occu": 1}], "xyz": [0.777145, 2.053122, 2.996337], "properties": {}}]}, "functional": "M062X", "basis_set": "Def2TZVP", "route_parameters": {"NMR": "GIAO", "iop(7/33=1)": null, "int": "ultrafine", "EmpiricalDispersion": "GD3", "NoSymmetry": null, "test": null, "SCRF": "(Solvent=Water)"}, "title": "H20 O10", "charge": 0, "spin_multiplicity": 1, "input_parameters": {}, "link0_parameters": {"%chk": "checkpoint.chk", "%mem": "100GB", "%NProcShared": "24"}, "dieze_tag": "#P", "nbasisfunctions": 430, "pcm_parameters": {}}, "output": {"has_gaussian_completed": true, "is_pcm": true, "errors": [], "Mulliken_charges": {"1": ["O", -0.791413], "2": ["H", 0.384965], "3": ["H", 0.407217], "4": ["O", -0.783251], "5": ["H", 0.391982], "6": ["H", 0.387136], "7": ["O", -0.787943], "8": ["H", 0.386578], "9": ["H", 0.372395], "10": ["H", 0.384814], "11": ["O", -0.770364], "12": ["H", 0.377278], "13": ["H", 0.366533], "14": ["O", -0.758701], "15": ["H", 0.394416], "16": ["H", 0.370402], "17": ["H", 0.362601], "18": ["O", -0.765203], "19": ["H", 0.390584], "20": ["O", -0.795734], "21": ["H", 0.403693], "22": ["H", 0.40464], "23": ["O", -0.777024], "24": ["H", 0.390573], "25": ["O", -0.740707], "26": ["H", 0.39198], "27": ["H", 0.390727], "28": ["O", -0.768186], "29": ["H", 0.382197], "30": ["H", 0.397815]}, "tensor": {"1": {"type": "O", "Isotropic": 295.145, "Anisotropy": 38.7422, "tensor": [], "eigenvalues": [271.1233, 293.3386, 320.9731]}, "2": {"type": "H", "Isotropic": 29.9103, "Anisotropy": 21.3706, "tensor": [], "eigenvalues": [22.1619, 23.4116, 44.1574]}, "3": {"type": "H", "Isotropic": 22.812, "Anisotropy": 35.2078, "tensor": [[0.4348, 1.6715, 12.5963]], "eigenvalues": [8.7906, 13.3615, 46.2839]}, "4": {"type": "O", "Isotropic": 293.9213, "Anisotropy": 37.7288, "tensor": [[11.557, 313.0123, 4.9151]], "eigenvalues": [273.4428, 289.2472, 319.0738]}, "5": {"type": "H", "Isotropic": 26.3825, "Anisotropy": 28.7431, "tensor": [], "eigenvalues": [14.8376, 18.7654, 45.5446]}, "6": {"type": "H", "Isotropic": 26.0538, "Anisotropy": 28.9504, "tensor": [[16.434, 1.5019, 1.571], [1.9445, 35.0628, 13.459], [1.9993, 13.8453, 26.6645]], "eigenvalues": [15.9567, 16.8506, 45.3541]}, "7": {"type": "O", "Isotropic": 297.7482, "Anisotropy": 38.8792, "tensor": [], "eigenvalues": [281.0946, 288.4822, 323.6676]}, "8": {"type": "H", "Isotropic": 26.4645, "Anisotropy": 28.5654, "tensor": [], "eigenvalues": [16.2322, 17.6532, 45.5081]}, "9": {"type": "H", "Isotropic": 27.3457, "Anisotropy": 27.0055, "tensor": [], "eigenvalues": [17.7605, 18.9272, 45.3494]}, "10": {"type": "H", "Isotropic": 27.2795, "Anisotropy": 27.5379, "tensor": [], "eigenvalues": [16.8976, 19.3027, 45.6381]}, "11": {"type": "O", "Isotropic": 304.2988, "Anisotropy": 40.1371, "tensor": [[298.1433, 5.012, 15.0003], [5.817, 300.5543, 17.3217], [13.0767, 13.9419, 314.1989]], "eigenvalues": [287.9676, 293.872, 331.0569]}, "12": {"type": "H", "Isotropic": 27.5837, "Anisotropy": 26.4018, "tensor": [[18.1854, 1.5897, 0.3307], [2.1983, 38.1819, 11.662], [0.6775, 10.9918, 26.3838]], "eigenvalues": [17.87, 19.6962, 45.1849]}, "13": {"type": "H", "Isotropic": 30.5247, "Anisotropy": 19.6551, "tensor": [], "eigenvalues": [23.2743, 24.6716, 43.6281]}, "14": {"type": "O", "Isotropic": 314.9583, "Anisotropy": 54.9396, "tensor": [[294.7111, 25.9077, 12.513], [15.3088, 336.6829, 12.3637], [11.7353, 11.3497, 313.4808]], "eigenvalues": [284.4712, 308.819, 351.5846]}, "15": {"type": "H", "Isotropic": 26.0456, "Anisotropy": 32.5272, "tensor": [[24.9347, 11.3803, 11.237], [10.8463, 24.8788, 9.5977], [11.4743, 10.2958, 28.3233]], "eigenvalues": [13.5867, 16.8197, 47.7304]}, "16": {"type": "H", "Isotropic": 27.7924, "Anisotropy": 29.7027, "tensor": [], "eigenvalues": [16.8938, 18.8892, 47.5942]}, "17": {"type": "H", "Isotropic": 28.6914, "Anisotropy": 27.5749, "tensor": [], "eigenvalues": [17.3753, 21.6242, 47.0746]}, "18": {"type": "O", "Isotropic": 327.1558, "Anisotropy": 51.9649, "tensor": [], "eigenvalues": [299.8821, 319.7862, 361.799]}, "19": {"type": "H", "Isotropic": 26.1395, "Anisotropy": 28.8443, "tensor": [], "eigenvalues": [15.4808, 17.5687, 45.369]}, "20": {"type": "O", "Isotropic": 291.2306, "Anisotropy": 38.1632, "tensor": [], "eigenvalues": [271.2039, 285.8152, 316.6727]}, "21": {"type": "H", "Isotropic": 26.3295, "Anisotropy": 32.2433, "tensor": [[0.9881, 16.6367, 5.9384]], "eigenvalues": [14.2981, 16.8654, 47.8251]}, "22": {"type": "H", "Isotropic": 24.2486, "Anisotropy": 32.3849, "tensor": [], "eigenvalues": [12.0964, 14.8107, 45.8385]}, "23": {"type": "O", "Isotropic": 297.8535, "Anisotropy": 33.891, "tensor": [], "eigenvalues": [278.6897, 294.4234, 320.4475]}, "24": {"type": "H", "Isotropic": 29.7816, "Anisotropy": 20.7056, "tensor": [], "eigenvalues": [22.5037, 23.2559, 43.5854]}, "25": {"type": "O", "Isotropic": 314.9566, "Anisotropy": 22.6519, "tensor": [], "eigenvalues": [294.9073, 319.9046, 330.0578]}, "26": {"type": "H", "Isotropic": 29.4815, "Anisotropy": 20.3295, "tensor": [], "eigenvalues": [21.7776, 23.6323, 43.0345]}, "27": {"type": "H", "Isotropic": 29.5551, "Anisotropy": 19.8364, "tensor": [], "eigenvalues": [21.8775, 24.0085, 42.7794]}, "28": {"type": "O", "Isotropic": 304.5975, "Anisotropy": 42.7826, "tensor": [[309.6935, 10.8122, 11.5215], [16.5603, 313.0647, 12.0254], [16.7072, 11.7283, 291.0344]], "eigenvalues": [282.7025, 297.9709, 333.1193]}, "29": {"type": "H", "Isotropic": 29.9445, "Anisotropy": 21.6228, "tensor": [[42.5152, 2.9821, 5.3983], [2.1048, 23.2791, 1.0883], [5.4732, 1.3102, 24.0393]], "eigenvalues": [22.2207, 23.2532, 44.3597]}, "30": {"type": "H", "Isotropic": 25.6743, "Anisotropy": 30.2773, "tensor": [[19.7508, 7.7378, 3.7629], [8.758, 39.9682, 8.5313], [3.9774, 8.1992, 17.3037]], "eigenvalues": [14.1163, 17.0474, 45.8591]}}, "output": {"energies": [-764.446300749], "final_energy": -764.446300749, "final_energy_per_atom": -25.481543358299998, "molecule": {"charge": 0.0, "spin_multiplicity": 1, "sites": [{"name": "O", "species": [{"element": "O", "occu": 1}], "xyz": [-0.609575, 1.304448, -0.229074], "properties": {}}, {"name": "H", "species": [{"element": "H", "occu": 1}], "xyz": [-0.229767, 0.913814, -1.022026], "properties": {}}, {"name": "H", "species": [{"element": "H", "occu": 1}], "xyz": [-1.599707, 1.280962, -0.319006], "properties": {}}, {"name": "O", "species": [{"element": "O", "occu": 1}], "xyz": [-3.254409, 1.465687, -0.194158], "properties": {}}, {"name": "H", "species": [{"element": "H", "occu": 1}], "xyz": [-3.633004, 0.770079, 0.376849], "properties": {}}, {"name": "H", "species": [{"element": "H", "occu": 1}], "xyz": [-3.275191, 2.272831, 0.361144], "properties": {}}, {"name": "O", "species": [{"element": "O", "occu": 1}], "xyz": [-2.936339, 3.522915, 1.637609], "properties": {}}, {"name": "H", "species": [{"element": "H", "occu": 1}], "xyz": [-2.02842, 3.798498, 1.404401], "properties": {}}, {"name": "H", "species": [{"element": "H", "occu": 1}], "xyz": [-2.822378, 2.884427, 2.363969], "properties": {}}, {"name": "H", "species": [{"element": "H", "occu": 1}], "xyz": [0.266273, 3.749895, 1.644991], "properties": {}}, {"name": "O", "species": [{"element": "O", "occu": 1}], "xyz": [-0.27827, 3.915405, 0.856647], "properties": {}}, {"name": "H", "species": [{"element": "H", "occu": 1}], "xyz": [-0.241551, 3.088977, 0.345905], "properties": {}}, {"name": "H", "species": [{"element": "H", "occu": 1}], "xyz": [-3.969028, -1.149941, 1.85907], "properties": {}}, {"name": "O", "species": [{"element": "O", "occu": 1}], "xyz": [-4.202882, -0.217829, 1.820032], "properties": {}}, {"name": "H", "species": [{"element": "H", "occu": 1}], "xyz": [-3.664193, 0.228123, 2.503011], "properties": {}}, {"name": "H", "species": [{"element": "H", "occu": 1}], "xyz": [-0.330018, 3.785372, 4.344966], "properties": {}}, {"name": "H", "species": [{"element": "H", "occu": 1}], "xyz": [-1.491785, 3.526212, 5.326318], "properties": {}}, {"name": "O", "species": [{"element": "O", "occu": 1}], "xyz": [-1.022583, 4.229991, 4.858103], "properties": {}}, {"name": "H", "species": [{"element": "H", "occu": 1}], "xyz": [-1.627156, 1.022402, 3.122431], "properties": {}}, {"name": "O", "species": [{"element": "O", "occu": 1}], "xyz": [-2.521817, 1.319321, 3.376299], "properties": {}}, {"name": "H", "species": [{"element": "H", "occu": 1}], "xyz": [-2.522034, 1.458835, 4.339591], "properties": {}}, {"name": "H", "species": [{"element": "H", "occu": 1}], "xyz": [-0.178011, 0.722952, 1.345415], "properties": {}}, {"name": "O", "species": [{"element": "O", "occu": 1}], "xyz": [-0.044868, 0.606075, 2.314031], "properties": {}}, {"name": "H", "species": [{"element": "H", "occu": 1}], "xyz": [0.309344, -0.278193, 2.45309], "properties": {}}, {"name": "O", "species": [{"element": "O", "occu": 1}], "xyz": [-2.47955, 2.004756, 6.101045], "properties": {}}, {"name": "H", "species": [{"element": "H", "occu": 1}], "xyz": [-3.330613, 2.199661, 6.509468], "properties": {}}, {"name": "H", "species": [{"element": "H", "occu": 1}], "xyz": [-2.003975, 1.452866, 6.731909], "properties": {}}, {"name": "O", "species": [{"element": "O", "occu": 1}], "xyz": [0.971325, 2.984805, 3.220549], "properties": {}}, {"name": "H", "species": [{"element": "H", "occu": 1}], "xyz": [1.905205, 3.03442, 3.447255], "properties": {}}, {"name": "H", "species": [{"element": "H", "occu": 1}], "xyz": [0.777145, 2.053122, 2.996337], "properties": {}}]}, "stationary_type": "Minimum", "corrections": {}, "tensor": {"1": {"type": "O", "Isotropic": 295.145, "Anisotropy": 38.7422, "tensor": [], "eigenvalues": [271.1233, 293.3386, 320.9731]}, "2": {"type": "H", "Isotropic": 29.9103, "Anisotropy": 21.3706, "tensor": [], "eigenvalues": [22.1619, 23.4116, 44.1574]}, "3": {"type": "H", "Isotropic": 22.812, "Anisotropy": 35.2078, "tensor": [[0.4348, 1.6715, 12.5963]], "eigenvalues": [8.7906, 13.3615, 46.2839]}, "4": {"type": "O", "Isotropic": 293.9213, "Anisotropy": 37.7288, "tensor": [[11.557, 313.0123, 4.9151]], "eigenvalues": [273.4428, 289.2472, 319.0738]}, "5": {"type": "H", "Isotropic": 26.3825, "Anisotropy": 28.7431, "tensor": [], "eigenvalues": [14.8376, 18.7654, 45.5446]}, "6": {"type": "H", "Isotropic": 26.0538, "Anisotropy": 28.9504, "tensor": [[16.434, 1.5019, 1.571], [1.9445, 35.0628, 13.459], [1.9993, 13.8453, 26.6645]], "eigenvalues": [15.9567, 16.8506, 45.3541]}, "7": {"type": "O", "Isotropic": 297.7482, "Anisotropy": 38.8792, "tensor": [], "eigenvalues": [281.0946, 288.4822, 323.6676]}, "8": {"type": "H", "Isotropic": 26.4645, "Anisotropy": 28.5654, "tensor": [], "eigenvalues": [16.2322, 17.6532, 45.5081]}, "9": {"type": "H", "Isotropic": 27.3457, "Anisotropy": 27.0055, "tensor": [], "eigenvalues": [17.7605, 18.9272, 45.3494]}, "10": {"type": "H", "Isotropic": 27.2795, "Anisotropy": 27.5379, "tensor": [], "eigenvalues": [16.8976, 19.3027, 45.6381]}, "11": {"type": "O", "Isotropic": 304.2988, "Anisotropy": 40.1371, "tensor": [[298.1433, 5.012, 15.0003], [5.817, 300.5543, 17.3217], [13.0767, 13.9419, 314.1989]], "eigenvalues": [287.9676, 293.872, 331.0569]}, "12": {"type": "H", "Isotropic": 27.5837, "Anisotropy": 26.4018, "tensor": [[18.1854, 1.5897, 0.3307], [2.1983, 38.1819, 11.662], [0.6775, 10.9918, 26.3838]], "eigenvalues": [17.87, 19.6962, 45.1849]}, "13": {"type": "H", "Isotropic": 30.5247, "Anisotropy": 19.6551, "tensor": [], "eigenvalues": [23.2743, 24.6716, 43.6281]}, "14": {"type": "O", "Isotropic": 314.9583, "Anisotropy": 54.9396, "tensor": [[294.7111, 25.9077, 12.513], [15.3088, 336.6829, 12.3637], [11.7353, 11.3497, 313.4808]], "eigenvalues": [284.4712, 308.819, 351.5846]}, "15": {"type": "H", "Isotropic": 26.0456, "Anisotropy": 32.5272, "tensor": [[24.9347, 11.3803, 11.237], [10.8463, 24.8788, 9.5977], [11.4743, 10.2958, 28.3233]], "eigenvalues": [13.5867, 16.8197, 47.7304]}, "16": {"type": "H", "Isotropic": 27.7924, "Anisotropy": 29.7027, "tensor": [], "eigenvalues": [16.8938, 18.8892, 47.5942]}, "17": {"type": "H", "Isotropic": 28.6914, "Anisotropy": 27.5749, "tensor": [], "eigenvalues": [17.3753, 21.6242, 47.0746]}, "18": {"type": "O", "Isotropic": 327.1558, "Anisotropy": 51.9649, "tensor": [], "eigenvalues": [299.8821, 319.7862, 361.799]}, "19": {"type": "H", "Isotropic": 26.1395, "Anisotropy": 28.8443, "tensor": [], "eigenvalues": [15.4808, 17.5687, 45.369]}, "20": {"type": "O", "Isotropic": 291.2306, "Anisotropy": 38.1632, "tensor": [], "eigenvalues": [271.2039, 285.8152, 316.6727]}, "21": {"type": "H", "Isotropic": 26.3295, "Anisotropy": 32.2433, "tensor": [[0.9881, 16.6367, 5.9384]], "eigenvalues": [14.2981, 16.8654, 47.8251]}, "22": {"type": "H", "Isotropic": 24.2486, "Anisotropy": 32.3849, "tensor": [], "eigenvalues": [12.0964, 14.8107, 45.8385]}, "23": {"type": "O", "Isotropic": 297.8535, "Anisotropy": 33.891, "tensor": [], "eigenvalues": [278.6897, 294.4234, 320.4475]}, "24": {"type": "H", "Isotropic": 29.7816, "Anisotropy": 20.7056, "tensor": [], "eigenvalues": [22.5037, 23.2559, 43.5854]}, "25": {"type": "O", "Isotropic": 314.9566, "Anisotropy": 22.6519, "tensor": [], "eigenvalues": [294.9073, 319.9046, 330.0578]}, "26": {"type": "H", "Isotropic": 29.4815, "Anisotropy": 20.3295, "tensor": [], "eigenvalues": [21.7776, 23.6323, 43.0345]}, "27": {"type": "H", "Isotropic": 29.5551, "Anisotropy": 19.8364, "tensor": [], "eigenvalues": [21.8775, 24.0085, 42.7794]}, "28": {"type": "O", "Isotropic": 304.5975, "Anisotropy": 42.7826, "tensor": [[309.6935, 10.8122, 11.5215], [16.5603, 313.0647, 12.0254], [16.7072, 11.7283, 291.0344]], "eigenvalues": [282.7025, 297.9709, 333.1193]}, "29": {"type": "H", "Isotropic": 29.9445, "Anisotropy": 21.6228, "tensor": [[42.5152, 2.9821, 5.3983], [2.1048, 23.2791, 1.0883], [5.4732, 1.3102, 24.0393]], "eigenvalues": [22.2207, 23.2532, 44.3597]}, "30": {"type": "H", "Isotropic": 25.6743, "Anisotropy": 30.2773, "tensor": [[19.7508, 7.7378, 3.7629], [8.758, 39.9682, 8.5313], [3.9774, 8.1992, 17.3037]], "eigenvalues": [14.1163, 17.0474, 45.8591]}}}}, "functional": "M062X", "basis": "Def2TZVP", "phase": "solution", "type": "scrf;nmr", "smiles": "O.O.O.O.O.O.O.O.O.O", "formula": "H20 O10", "formula_pretty": "H2O", "formula_anonymous": "AB2", "formula_alphabetical": "H20 O10", "chemsys": "H-O", "nsites": 30, "nelements": 2, "is_ordered": true, "is_valid": true, "tag": "unknown", "wall_time (s)": 87.19462516810745, "last_updated": "2021-02-11T20:54:51.116178", "_id": null}