{"input": {"molecule": {"charge": 2, "spin_multiplicity": 1, "sites": [{"name": "Mg", "species": [{"element": "Mg", "occu": 1}], "xyz": [15.301526, 13.782273, 31.37204], "properties": {}}, {"name": "O", "species": [{"element": "O", "occu": 1}], "xyz": [15.826193, 14.010047, 29.407206], "properties": {}}, {"name": "C", "species": [{"element": "C", "occu": 1}], "xyz": [15.064743, 13.60584, 28.260027], "properties": {}}, {"name": "C", "species": [{"element": "C", "occu": 1}], "xyz": [16.609873, 15.188348, 29.170394], "properties": {}}, {"name": "C", "species": [{"element": "C", "occu": 1}], "xyz": [17.568394, 15.333496, 30.321768], "properties": {}}, {"name": "O", "species": [{"element": "O", "occu": 1}], "xyz": [16.823003, 15.136359, 31.532782], "properties": {}}, {"name": "C", "species": [{"element": "C", "occu": 1}], "xyz": [17.525443, 15.564546, 32.70919], "properties": {}}, {"name": "H", "species": [{"element": "H", "occu": 1}], "xyz": [14.475278, 12.740273, 28.548804], "properties": {}}, {"name": "H", "species": [{"element": "H", "occu": 1}], "xyz": [15.745555, 13.341015, 27.451357], "properties": {}}, {"name": "H", "species": [{"element": "H", "occu": 1}], "xyz": [15.936387, 16.047037, 29.095868], "properties": {}}, {"name": "H", "species": [{"element": "H", "occu": 1}], "xyz": [17.163025, 15.082266, 28.235794], "properties": {}}, {"name": "H", "species": [{"element": "H", "occu": 1}], "xyz": [18.003526, 16.33431, 30.318796], "properties": {}}, {"name": "H", "species": [{"element": "H", "occu": 1}], "xyz": [18.369103, 14.590836, 30.275746], "properties": {}}, {"name": "H", "species": [{"element": "H", "occu": 1}], "xyz": [18.506895, 15.088396, 32.748771], "properties": {}}, {"name": "H", "species": [{"element": "H", "occu": 1}], "xyz": [16.932446, 15.266649, 33.571724], "properties": {}}, {"name": "H", "species": [{"element": "H", "occu": 1}], "xyz": [17.637961, 16.64837, 32.689531], "properties": {}}, {"name": "H", "species": [{"element": "H", "occu": 1}], "xyz": [14.409818, 14.42023, 27.944915], "properties": {}}, {"name": "O", "species": [{"element": "O", "occu": 1}], "xyz": [16.105546, 12.010129, 32.04133], "properties": {}}, {"name": "C", "species": [{"element": "C", "occu": 1}], "xyz": [17.510623, 11.74944, 32.175017], "properties": {}}, {"name": "C", "species": [{"element": "C", "occu": 1}], "xyz": [15.375023, 10.885239, 31.529793], "properties": {}}, {"name": "C", "species": [{"element": "C", "occu": 1}], "xyz": [13.909837, 11.225181, 31.604605], "properties": {}}, {"name": "O", "species": [{"element": "O", "occu": 1}], "xyz": [13.738213, 12.521961, 31.010593], "properties": {}}, {"name": "C", "species": [{"element": "C", "occu": 1}], "xyz": [12.363793, 12.862376, 30.773298], "properties": {}}, {"name": "H", "species": [{"element": "H", "occu": 1}], "xyz": [17.950711, 11.562043, 31.193604], "properties": {}}, {"name": "H", "species": [{"element": "H", "occu": 1}], "xyz": [17.657549, 10.886285, 32.823852], "properties": {}}, {"name": "H", "species": [{"element": "H", "occu": 1}], "xyz": [15.586138, 10.003682, 32.137283], "properties": {}}, {"name": "H", "species": [{"element": "H", "occu": 1}], "xyz": [15.69033, 10.697094, 30.498938], "properties": {}}, {"name": "H", "species": [{"element": "H", "occu": 1}], "xyz": [13.557901, 11.258645, 32.638802], "properties": {}}, {"name": "H", "species": [{"element": "H", "occu": 1}], "xyz": [13.327814, 10.489286, 31.047482], "properties": {}}, {"name": "H", "species": [{"element": "H", "occu": 1}], "xyz": [11.816718, 12.885873, 31.716661], "properties": {}}, {"name": "H", "species": [{"element": "H", "occu": 1}], "xyz": [11.922873, 12.125113, 30.10235], "properties": {}}, {"name": "H", "species": [{"element": "H", "occu": 1}], "xyz": [12.346044, 13.843245, 30.303522], "properties": {}}, {"name": "H", "species": [{"element": "H", "occu": 1}], "xyz": [17.964018, 12.626919, 32.630156], "properties": {}}]}, "functional": "wB97X", "basis_set": "Def2TZVP", "route_parameters": {"NMR": "GIAO", "iop(7/33=1)": null, "int": "ultrafine", "NoSymmetry": null, "test": null, "SCRF": "(Solvent=TetraHydroFuran)"}, "title": "Mg1 H20 C8 O4", "charge": 2, "spin_multiplicity": 1, "input_parameters": {}, "link0_parameters": {"%chk": "checkpoint.chk", "%mem": "100GB", "%NProcShared": "24"}, "dieze_tag": "#P", "nbasisfunctions": 524, "pcm_parameters": {}}, "output": {"has_gaussian_completed": true, "is_pcm": true, "errors": [], "Mulliken_charges": {"1": ["Mg", 1.204398], "2": ["O", -0.336935], "3": ["C", -0.226703], "4": ["C", -0.084274], "5": ["C", -0.063613], "6": ["O", -0.357899], "7": ["C", -0.22685], "8": ["H", 0.158649], "9": ["H", 0.168307], "10": ["H", 0.16578], "11": ["H", 0.174348], "12": ["H", 0.178084], "13": ["H", 0.172684], "14": ["H", 0.16833], "15": ["H", 0.163671], "16": ["H", 0.175303], "17": ["H", 0.164283], "18": ["O", -0.353974], "19": ["C", -0.205854], "20": ["C", -0.062398], "21": ["C", -0.069449], "22": ["O", -0.36983], "23": ["C", -0.211794], "24": ["H", 0.165295], "25": ["H", 0.169207], "26": ["H", 0.17909], "27": ["H", 0.171851], "28": ["H", 0.169228], "29": ["H", 0.179705], "30": ["H", 0.166711], "31": ["H", 0.171257], "32": ["H", 0.159839], "33": ["H", 0.143552]}, "tensor": {"1": {"type": "Mg", "Isotropic": 592.0085, "Anisotropy": 33.9214, "tensor": [], "eigenvalues": [576.5394, 584.8633, 614.6228]}, "2": {"type": "O", "Isotropic": 323.9517, "Anisotropy": 35.0389, "tensor": [[313.0128, 12.6856, 11.814]], "eigenvalues": [293.2036, 331.3405, 347.311]}, "3": {"type": "C", "Isotropic": 127.1948, "Anisotropy": 93.1145, "tensor": [[124.2132, 19.6381, 35.9787], [16.0875, 103.6857, 21.7176], [39.4207, 24.1688, 153.6854]], "eigenvalues": [93.2763, 99.0369, 189.2711]}, "4": {"type": "C", "Isotropic": 116.8754, "Anisotropy": 71.5004, "tensor": [[113.09, 40.2825, 1.96], [34.7786, 136.9043, 2.7948]], "eigenvalues": [85.0357, 101.0482, 164.5423]}, "5": {"type": "C", "Isotropic": 116.6835, "Anisotropy": 71.2279, "tensor": [], "eigenvalues": [84.4233, 101.4585, 164.1688]}, "6": {"type": "O", "Isotropic": 329.6244, "Anisotropy": 31.619, "tensor": [[9.6336, 300.4393, 11.2717]], "eigenvalues": [296.8174, 341.3522, 350.7038]}, "7": {"type": "C", "Isotropic": 126.8406, "Anisotropy": 94.3444, "tensor": [[111.352, 11.4964, 36.8664], [14.1047, 104.9204, 22.1907], [34.2331, 21.8652, 164.2495]], "eigenvalues": [92.9794, 97.8056, 189.7369]}, "8": {"type": "H", "Isotropic": 27.7712, "Anisotropy": 6.3491, "tensor": [[27.3194, 4.7712, 0.1979], [2.1823, 1.9319, 29.3547]], "eigenvalues": [22.7841, 28.5255, 32.0039]}, "9": {"type": "H", "Isotropic": 28.1442, "Anisotropy": 9.3631, "tensor": [[25.3817, 0.361, 1.2617]], "eigenvalues": [24.6653, 25.381, 34.3862]}, "10": {"type": "H", "Isotropic": 27.6775, "Anisotropy": 8.497, "tensor": [[25.0386, 1.4355, 1.0459]], "eigenvalues": [23.3109, 26.3794, 33.3421]}, "11": {"type": "H", "Isotropic": 28.0419, "Anisotropy": 7.2556, "tensor": [], "eigenvalues": [24.2108, 27.0359, 32.879]}, "12": {"type": "H", "Isotropic": 27.9726, "Anisotropy": 7.3226, "tensor": [[27.2698, 4.0339, 0.0383]], "eigenvalues": [24.007, 27.0565, 32.8544]}, "13": {"type": "H", "Isotropic": 27.6138, "Anisotropy": 7.0631, "tensor": [], "eigenvalues": [24.4619, 26.0569, 32.3225]}, "14": {"type": "H", "Isotropic": 28.079, "Anisotropy": 8.8542, "tensor": [[1.0121, 26.1302, 0.8163]], "eigenvalues": [24.1539, 26.1012, 33.9818]}, "15": {"type": "H", "Isotropic": 28.0103, "Anisotropy": 9.4633, "tensor": [[24.5193, 0.9662, 1.7196], [1.2155, 25.5034, 2.1571]], "eigenvalues": [23.7882, 25.9235, 34.3192]}, "16": {"type": "H", "Isotropic": 28.0161, "Anisotropy": 9.9559, "tensor": [[25.3231, 2.6423, 1.8283], [1.5625, 30.9389, 2.7376], [2.7044, 5.2898, 27.7863]], "eigenvalues": [23.9556, 25.4393, 34.6534]}, "17": {"type": "H", "Isotropic": 28.1344, "Anisotropy": 9.1352, "tensor": [], "eigenvalues": [24.6482, 25.5303, 34.2245]}, "18": {"type": "O", "Isotropic": 323.5695, "Anisotropy": 33.8224, "tensor": [[12.6696, 23.0883, 304.7388]], "eigenvalues": [293.0074, 331.5833, 346.1178]}, "19": {"type": "C", "Isotropic": 126.8912, "Anisotropy": 94.3393, "tensor": [], "eigenvalues": [93.3828, 97.5066, 189.7841]}, "20": {"type": "C", "Isotropic": 117.1847, "Anisotropy": 71.7778, "tensor": [[123.8281, 22.4079, 16.6559], [31.7511, 134.0689, 24.6133], [18.1968, 10.5593, 93.657]], "eigenvalues": [84.875, 101.6424, 165.0366]}, "21": {"type": "C", "Isotropic": 115.9076, "Anisotropy": 72.2452, "tensor": [], "eigenvalues": [83.1625, 100.4893, 164.0711]}, "22": {"type": "O", "Isotropic": 324.6542, "Anisotropy": 36.1274, "tensor": [], "eigenvalues": [292.7239, 332.4996, 348.7391]}, "23": {"type": "C", "Isotropic": 128.2747, "Anisotropy": 92.9241, "tensor": [], "eigenvalues": [96.038, 98.562, 190.2241]}, "24": {"type": "H", "Isotropic": 28.0861, "Anisotropy": 7.8801, "tensor": [], "eigenvalues": [24.4234, 26.4954, 33.3395]}, "25": {"type": "H", "Isotropic": 28.1094, "Anisotropy": 9.6127, "tensor": [], "eigenvalues": [24.2124, 25.5979, 34.5178]}, "26": {"type": "H", "Isotropic": 27.9658, "Anisotropy": 7.5488, "tensor": [[26.5635, 1.7596, 0.6285]], "eigenvalues": [23.975, 26.9241, 32.9984]}, "27": {"type": "H", "Isotropic": 27.7198, "Anisotropy": 6.8047, "tensor": [[25.9737, 1.0753, 1.4141]], "eigenvalues": [24.9768, 25.9264, 32.2563]}, "28": {"type": "H", "Isotropic": 27.6138, "Anisotropy": 8.2935, "tensor": [], "eigenvalues": [23.3663, 26.3322, 33.1428]}, "29": {"type": "H", "Isotropic": 28.0155, "Anisotropy": 7.2386, "tensor": [[27.8415, 1.0761, 1.0947], [3.9773, 31.4959, 0.7818]], "eigenvalues": [24.3212, 26.884, 32.8413]}, "30": {"type": "H", "Isotropic": 28.017, "Anisotropy": 9.9393, "tensor": [], "eigenvalues": [24.2283, 25.1796, 34.6432]}, "31": {"type": "H", "Isotropic": 28.1461, "Anisotropy": 9.3794, "tensor": [[32.3393, 2.8137, 4.04], [0.1379, 25.0662, 0.4314], [2.9816, 1.3014, 27.0329]], "eigenvalues": [24.7297, 25.3097, 34.399]}, "32": {"type": "H", "Isotropic": 27.9682, "Anisotropy": 9.1416, "tensor": [], "eigenvalues": [23.4948, 26.3471, 34.0626]}, "33": {"type": "H", "Isotropic": 27.9984, "Anisotropy": 7.7158, "tensor": [[31.1662, 3.0928, 3.9664], [2.8266, 0.324, 24.6723]], "eigenvalues": [23.1591, 27.6938, 33.1423]}}, "output": {"energies": [-817.705450889], "final_energy": -817.705450889, "final_energy_per_atom": -24.778953057242422, "molecule": {"charge": 0.0, "spin_multiplicity": 1, "sites": [{"name": "Mg", "species": [{"element": "Mg", "occu": 1}], "xyz": [15.301526, 13.782273, 31.37204], "properties": {}}, {"name": "O", "species": [{"element": "O", "occu": 1}], "xyz": [15.826193, 14.010047, 29.407206], "properties": {}}, {"name": "C", "species": [{"element": "C", "occu": 1}], "xyz": [15.064743, 13.60584, 28.260027], "properties": {}}, {"name": "C", "species": [{"element": "C", "occu": 1}], "xyz": [16.609873, 15.188348, 29.170394], "properties": {}}, {"name": "C", "species": [{"element": "C", "occu": 1}], "xyz": [17.568394, 15.333496, 30.321768], "properties": {}}, {"name": "O", "species": [{"element": "O", "occu": 1}], "xyz": [16.823003, 15.136359, 31.532782], "properties": {}}, {"name": "C", "species": [{"element": "C", "occu": 1}], "xyz": [17.525443, 15.564546, 32.70919], "properties": {}}, {"name": "H", "species": [{"element": "H", "occu": 1}], "xyz": [14.475278, 12.740273, 28.548804], "properties": {}}, {"name": "H", "species": [{"element": "H", "occu": 1}], "xyz": [15.745555, 13.341015, 27.451357], "properties": {}}, {"name": "H", "species": [{"element": "H", "occu": 1}], "xyz": [15.936387, 16.047037, 29.095868], "properties": {}}, {"name": "H", "species": [{"element": "H", "occu": 1}], "xyz": [17.163025, 15.082266, 28.235794], "properties": {}}, {"name": "H", "species": [{"element": "H", "occu": 1}], "xyz": [18.003526, 16.33431, 30.318796], "properties": {}}, {"name": "H", "species": [{"element": "H", "occu": 1}], "xyz": [18.369103, 14.590836, 30.275746], "properties": {}}, {"name": "H", "species": [{"element": "H", "occu": 1}], "xyz": [18.506895, 15.088396, 32.748771], "properties": {}}, {"name": "H", "species": [{"element": "H", "occu": 1}], "xyz": [16.932446, 15.266649, 33.571724], "properties": {}}, {"name": "H", "species": [{"element": "H", "occu": 1}], "xyz": [17.637961, 16.64837, 32.689531], "properties": {}}, {"name": "H", "species": [{"element": "H", "occu": 1}], "xyz": [14.409818, 14.42023, 27.944915], "properties": {}}, {"name": "O", "species": [{"element": "O", "occu": 1}], "xyz": [16.105546, 12.010129, 32.04133], "properties": {}}, {"name": "C", "species": [{"element": "C", "occu": 1}], "xyz": [17.510623, 11.74944, 32.175017], "properties": {}}, {"name": "C", "species": [{"element": "C", "occu": 1}], "xyz": [15.375023, 10.885239, 31.529793], "properties": {}}, {"name": "C", "species": [{"element": "C", "occu": 1}], "xyz": [13.909837, 11.225181, 31.604605], "properties": {}}, {"name": "O", "species": [{"element": "O", "occu": 1}], "xyz": [13.738213, 12.521961, 31.010593], "properties": {}}, {"name": "C", "species": [{"element": "C", "occu": 1}], "xyz": [12.363793, 12.862376, 30.773298], "properties": {}}, {"name": "H", "species": [{"element": "H", "occu": 1}], "xyz": [17.950711, 11.562043, 31.193604], "properties": {}}, {"name": "H", "species": [{"element": "H", "occu": 1}], "xyz": [17.657549, 10.886285, 32.823852], "properties": {}}, {"name": "H", "species": [{"element": "H", "occu": 1}], "xyz": [15.586138, 10.003682, 32.137283], "properties": {}}, {"name": "H", "species": [{"element": "H", "occu": 1}], "xyz": [15.69033, 10.697094, 30.498938], "properties": {}}, {"name": "H", "species": [{"element": "H", "occu": 1}], "xyz": [13.557901, 11.258645, 32.638802], "properties": {}}, {"name": "H", "species": [{"element": "H", "occu": 1}], "xyz": [13.327814, 10.489286, 31.047482], "properties": {}}, {"name": "H", "species": [{"element": "H", "occu": 1}], "xyz": [11.816718, 12.885873, 31.716661], "properties": {}}, {"name": "H", "species": [{"element": "H", "occu": 1}], "xyz": [11.922873, 12.125113, 30.10235], "properties": {}}, {"name": "H", "species": [{"element": "H", "occu": 1}], "xyz": [12.346044, 13.843245, 30.303522], "properties": {}}, {"name": "H", "species": [{"element": "H", "occu": 1}], "xyz": [17.964018, 12.626919, 32.630156], "properties": {}}]}, "stationary_type": "Minimum", "corrections": {}, "tensor": {"1": {"type": "Mg", "Isotropic": 592.0085, "Anisotropy": 33.9214, "tensor": [], "eigenvalues": [576.5394, 584.8633, 614.6228]}, "2": {"type": "O", "Isotropic": 323.9517, "Anisotropy": 35.0389, "tensor": [[313.0128, 12.6856, 11.814]], "eigenvalues": [293.2036, 331.3405, 347.311]}, "3": {"type": "C", "Isotropic": 127.1948, "Anisotropy": 93.1145, "tensor": [[124.2132, 19.6381, 35.9787], [16.0875, 103.6857, 21.7176], [39.4207, 24.1688, 153.6854]], "eigenvalues": [93.2763, 99.0369, 189.2711]}, "4": {"type": "C", "Isotropic": 116.8754, "Anisotropy": 71.5004, "tensor": [[113.09, 40.2825, 1.96], [34.7786, 136.9043, 2.7948]], "eigenvalues": [85.0357, 101.0482, 164.5423]}, "5": {"type": "C", "Isotropic": 116.6835, "Anisotropy": 71.2279, "tensor": [], "eigenvalues": [84.4233, 101.4585, 164.1688]}, "6": {"type": "O", "Isotropic": 329.6244, "Anisotropy": 31.619, "tensor": [[9.6336, 300.4393, 11.2717]], "eigenvalues": [296.8174, 341.3522, 350.7038]}, "7": {"type": "C", "Isotropic": 126.8406, "Anisotropy": 94.3444, "tensor": [[111.352, 11.4964, 36.8664], [14.1047, 104.9204, 22.1907], [34.2331, 21.8652, 164.2495]], "eigenvalues": [92.9794, 97.8056, 189.7369]}, "8": {"type": "H", "Isotropic": 27.7712, "Anisotropy": 6.3491, "tensor": [[27.3194, 4.7712, 0.1979], [2.1823, 1.9319, 29.3547]], "eigenvalues": [22.7841, 28.5255, 32.0039]}, "9": {"type": "H", "Isotropic": 28.1442, "Anisotropy": 9.3631, "tensor": [[25.3817, 0.361, 1.2617]], "eigenvalues": [24.6653, 25.381, 34.3862]}, "10": {"type": "H", "Isotropic": 27.6775, "Anisotropy": 8.497, "tensor": [[25.0386, 1.4355, 1.0459]], "eigenvalues": [23.3109, 26.3794, 33.3421]}, "11": {"type": "H", "Isotropic": 28.0419, "Anisotropy": 7.2556, "tensor": [], "eigenvalues": [24.2108, 27.0359, 32.879]}, "12": {"type": "H", "Isotropic": 27.9726, "Anisotropy": 7.3226, "tensor": [[27.2698, 4.0339, 0.0383]], "eigenvalues": [24.007, 27.0565, 32.8544]}, "13": {"type": "H", "Isotropic": 27.6138, "Anisotropy": 7.0631, "tensor": [], "eigenvalues": [24.4619, 26.0569, 32.3225]}, "14": {"type": "H", "Isotropic": 28.079, "Anisotropy": 8.8542, "tensor": [[1.0121, 26.1302, 0.8163]], "eigenvalues": [24.1539, 26.1012, 33.9818]}, "15": {"type": "H", "Isotropic": 28.0103, "Anisotropy": 9.4633, "tensor": [[24.5193, 0.9662, 1.7196], [1.2155, 25.5034, 2.1571]], "eigenvalues": [23.7882, 25.9235, 34.3192]}, "16": {"type": "H", "Isotropic": 28.0161, "Anisotropy": 9.9559, "tensor": [[25.3231, 2.6423, 1.8283], [1.5625, 30.9389, 2.7376], [2.7044, 5.2898, 27.7863]], "eigenvalues": [23.9556, 25.4393, 34.6534]}, "17": {"type": "H", "Isotropic": 28.1344, "Anisotropy": 9.1352, "tensor": [], "eigenvalues": [24.6482, 25.5303, 34.2245]}, "18": {"type": "O", "Isotropic": 323.5695, "Anisotropy": 33.8224, "tensor": [[12.6696, 23.0883, 304.7388]], "eigenvalues": [293.0074, 331.5833, 346.1178]}, "19": {"type": "C", "Isotropic": 126.8912, "Anisotropy": 94.3393, "tensor": [], "eigenvalues": [93.3828, 97.5066, 189.7841]}, "20": {"type": "C", "Isotropic": 117.1847, "Anisotropy": 71.7778, "tensor": [[123.8281, 22.4079, 16.6559], [31.7511, 134.0689, 24.6133], [18.1968, 10.5593, 93.657]], "eigenvalues": [84.875, 101.6424, 165.0366]}, "21": {"type": "C", "Isotropic": 115.9076, "Anisotropy": 72.2452, "tensor": [], "eigenvalues": [83.1625, 100.4893, 164.0711]}, "22": {"type": "O", "Isotropic": 324.6542, "Anisotropy": 36.1274, "tensor": [], "eigenvalues": [292.7239, 332.4996, 348.7391]}, "23": {"type": "C", "Isotropic": 128.2747, "Anisotropy": 92.9241, "tensor": [], "eigenvalues": [96.038, 98.562, 190.2241]}, "24": {"type": "H", "Isotropic": 28.0861, "Anisotropy": 7.8801, "tensor": [], "eigenvalues": [24.4234, 26.4954, 33.3395]}, "25": {"type": "H", "Isotropic": 28.1094, "Anisotropy": 9.6127, "tensor": [], "eigenvalues": [24.2124, 25.5979, 34.5178]}, "26": {"type": "H", "Isotropic": 27.9658, "Anisotropy": 7.5488, "tensor": [[26.5635, 1.7596, 0.6285]], "eigenvalues": [23.975, 26.9241, 32.9984]}, "27": {"type": "H", "Isotropic": 27.7198, "Anisotropy": 6.8047, "tensor": [[25.9737, 1.0753, 1.4141]], "eigenvalues": [24.9768, 25.9264, 32.2563]}, "28": {"type": "H", "Isotropic": 27.6138, "Anisotropy": 8.2935, "tensor": [], "eigenvalues": [23.3663, 26.3322, 33.1428]}, "29": {"type": "H", "Isotropic": 28.0155, "Anisotropy": 7.2386, "tensor": [[27.8415, 1.0761, 1.0947], [3.9773, 31.4959, 0.7818]], "eigenvalues": [24.3212, 26.884, 32.8413]}, "30": {"type": "H", "Isotropic": 28.017, "Anisotropy": 9.9393, "tensor": [], "eigenvalues": [24.2283, 25.1796, 34.6432]}, "31": {"type": "H", "Isotropic": 28.1461, "Anisotropy": 9.3794, "tensor": [[32.3393, 2.8137, 4.04], [0.1379, 25.0662, 0.4314], [2.9816, 1.3014, 27.0329]], "eigenvalues": [24.7297, 25.3097, 34.399]}, "32": {"type": "H", "Isotropic": 27.9682, "Anisotropy": 9.1416, "tensor": [], "eigenvalues": [23.4948, 26.3471, 34.0626]}, "33": {"type": "H", "Isotropic": 27.9984, "Anisotropy": 7.7158, "tensor": [[31.1662, 3.0928, 3.9664], [2.8266, 0.324, 24.6723]], "eigenvalues": [23.1591, 27.6938, 33.1423]}}}}, "functional": "wB97X", "basis": "Def2TZVP", "phase": "solution", "type": "scrf;nmr", "smiles": "[Mg].O(C)CCOC.O(C)CCOC", "formula": "Mg1 H20 C8 O4", "formula_pretty": "MgH20(C2O)4", "formula_anonymous": "AB4C8D20", "formula_alphabetical": "C8 H20 Mg1 O4", "chemsys": "C-H-Mg-O", "nsites": 33, "nelements": 4, "is_ordered": true, "is_valid": true, "tag": "oplsd_4", "wall_time (s)": 346.57784587703645, "last_updated": "2020-12-27T00:22:15.606526", "_id": null}