{"input": {"molecule": {"charge": 1, "spin_multiplicity": 1, "sites": [{"name": "Mg", "species": [{"element": "Mg", "occu": 1}], "xyz": [10.935382, 43.427696, 25.123954], "properties": {}}, {"name": "O", "species": [{"element": "O", "occu": 1}], "xyz": [9.814029, 42.104655, 26.309735], "properties": {}}, {"name": "C", "species": [{"element": "C", "occu": 1}], "xyz": [8.490944, 41.604396, 26.079508], "properties": {}}, {"name": "C", "species": [{"element": "C", "occu": 1}], "xyz": [10.116542, 42.291112, 27.696748], "properties": {}}, {"name": "C", "species": [{"element": "C", "occu": 1}], "xyz": [11.613068, 42.397659, 27.821413], "properties": {}}, {"name": "O", "species": [{"element": "O", "occu": 1}], "xyz": [12.060951, 43.37334, 26.877367], "properties": {}}, {"name": "C", "species": [{"element": "C", "occu": 1}], "xyz": [13.457656, 43.649203, 26.987732], "properties": {}}, {"name": "H", "species": [{"element": "H", "occu": 1}], "xyz": [8.377525, 40.642398, 26.581132], "properties": {}}, {"name": "H", "species": [{"element": "H", "occu": 1}], "xyz": [8.376122, 41.473997, 25.005339], "properties": {}}, {"name": "H", "species": [{"element": "H", "occu": 1}], "xyz": [9.760941, 41.432974, 28.270129], "properties": {}}, {"name": "H", "species": [{"element": "H", "occu": 1}], "xyz": [9.617787, 43.196771, 28.053485], "properties": {}}, {"name": "H", "species": [{"element": "H", "occu": 1}], "xyz": [12.096858, 41.441162, 27.600163], "properties": {}}, {"name": "H", "species": [{"element": "H", "occu": 1}], "xyz": [11.881956, 42.712061, 28.83235], "properties": {}}, {"name": "H", "species": [{"element": "H", "occu": 1}], "xyz": [14.038594, 42.748215, 26.775811], "properties": {}}, {"name": "H", "species": [{"element": "H", "occu": 1}], "xyz": [13.681801, 44.00857, 27.992912], "properties": {}}, {"name": "H", "species": [{"element": "H", "occu": 1}], "xyz": [13.697958, 44.426713, 26.266503], "properties": {}}, {"name": "H", "species": [{"element": "H", "occu": 1}], "xyz": [7.747658, 42.312099, 26.452481], "properties": {}}, {"name": "O", "species": [{"element": "O", "occu": 1}], "xyz": [11.891862, 41.845693, 24.144477], "properties": {}}, {"name": "C", "species": [{"element": "C", "occu": 1}], "xyz": [11.408035, 40.498225, 24.068397], "properties": {}}, {"name": "C", "species": [{"element": "C", "occu": 1}], "xyz": [12.561853, 42.255836, 22.948923], "properties": {}}, {"name": "C", "species": [{"element": "C", "occu": 1}], "xyz": [13.242681, 43.570398, 23.235165], "properties": {}}, {"name": "O", "species": [{"element": "O", "occu": 1}], "xyz": [12.314883, 44.406599, 23.934305], "properties": {}}, {"name": "C", "species": [{"element": "C", "occu": 1}], "xyz": [12.693612, 45.786719, 23.946192], "properties": {}}, {"name": "H", "species": [{"element": "H", "occu": 1}], "xyz": [10.670826, 40.412995, 23.267211], "properties": {}}, {"name": "H", "species": [{"element": "H", "occu": 1}], "xyz": [10.94946, 40.264455, 25.025414], "properties": {}}, {"name": "H", "species": [{"element": "H", "occu": 1}], "xyz": [11.827704, 42.348962, 22.143658], "properties": {}}, {"name": "H", "species": [{"element": "H", "occu": 1}], "xyz": [13.306451, 41.508435, 22.667477], "properties": {}}, {"name": "H", "species": [{"element": "H", "occu": 1}], "xyz": [13.5337, 44.047691, 22.296975], "properties": {}}, {"name": "H", "species": [{"element": "H", "occu": 1}], "xyz": [14.131526, 43.433433, 23.857976], "properties": {}}, {"name": "H", "species": [{"element": "H", "occu": 1}], "xyz": [12.612538, 46.195962, 22.938282], "properties": {}}, {"name": "H", "species": [{"element": "H", "occu": 1}], "xyz": [13.719287, 45.890564, 24.307317], "properties": {}}, {"name": "H", "species": [{"element": "H", "occu": 1}], "xyz": [12.013117, 46.307878, 24.615644], "properties": {}}, {"name": "H", "species": [{"element": "H", "occu": 1}], "xyz": [12.246912, 39.825521, 23.884904], "properties": {}}, {"name": "N", "species": [{"element": "N", "occu": 1}], "xyz": [9.162154, 44.104019, 23.874328], "properties": {}}, {"name": "S", "species": [{"element": "S", "occu": 1}], "xyz": [8.323526, 43.451857, 22.667331], "properties": {}}, {"name": "O", "species": [{"element": "O", "occu": 1}], "xyz": [8.755807, 42.098772, 22.520082], "properties": {}}, {"name": "O", "species": [{"element": "O", "occu": 1}], "xyz": [6.94006, 43.78558, 22.692334], "properties": {}}, {"name": "C", "species": [{"element": "C", "occu": 1}], "xyz": [9.036421, 44.328049, 21.205051], "properties": {}}, {"name": "F", "species": [{"element": "F", "occu": 1}], "xyz": [8.519905, 43.79873, 20.106486], "properties": {}}, {"name": "F", "species": [{"element": "F", "occu": 1}], "xyz": [10.359596, 44.1871, 21.178025], "properties": {}}, {"name": "F", "species": [{"element": "F", "occu": 1}], "xyz": [8.744616, 45.621175, 21.249239], "properties": {}}, {"name": "S", "species": [{"element": "S", "occu": 1}], "xyz": [8.634044, 45.084332, 25.001167], "properties": {}}, {"name": "O", "species": [{"element": "O", "occu": 1}], "xyz": [9.779033, 45.109905, 25.903929], "properties": {}}, {"name": "O", "species": [{"element": "O", "occu": 1}], "xyz": [7.340305, 44.832898, 25.529486], "properties": {}}, {"name": "C", "species": [{"element": "C", "occu": 1}], "xyz": [8.554883, 46.799672, 24.310415], "properties": {}}, {"name": "F", "species": [{"element": "F", "occu": 1}], "xyz": [7.53166, 46.900315, 23.480037], "properties": {}}, {"name": "F", "species": [{"element": "F", "occu": 1}], "xyz": [8.39315, 47.639162, 25.320845], "properties": {}}, {"name": "F", "species": [{"element": "F", "occu": 1}], "xyz": [9.678814, 47.093448, 23.669567], "properties": {}}]}, "functional": "wB97X", "basis_set": "Def2TZVP", "route_parameters": {"NMR": "GIAO", "iop(7/33=1)": null, "int": "ultrafine", "NoSymmetry": null, "test": null, "SCRF": "(Solvent=TetraHydroFuran)"}, "title": "Mg1 H20 C10 S2 N1 O8 F6", "charge": 1, "spin_multiplicity": 1, "input_parameters": {}, "link0_parameters": {"%chk": "checkpoint.chk", "%mem": "100GB", "%NProcShared": "24"}, "dieze_tag": "#P", "nbasisfunctions": 1001, "pcm_parameters": {}}, "output": {"has_gaussian_completed": true, "is_pcm": true, "errors": [], "Mulliken_charges": {"1": ["Mg", 0.877304], "2": ["O", -0.351037], "3": ["C", -0.254715], "4": ["C", -0.072284], "5": ["C", -0.06742], "6": ["O", -0.320674], "7": ["C", -0.21365], "8": ["H", 0.168557], "9": ["H", 0.150838], "10": ["H", 0.171644], "11": ["H", 0.172471], "12": ["H", 0.155731], "13": ["H", 0.168938], "14": ["H", 0.159729], "15": ["H", 0.167451], "16": ["H", 0.130855], "17": ["H", 0.172402], "18": ["O", -0.314676], "19": ["C", -0.225509], "20": ["C", -0.08814], "21": ["C", -0.095227], "22": ["O", -0.337648], "23": ["C", -0.252774], "24": ["H", 0.164585], "25": ["H", 0.158135], "26": ["H", 0.15711], "27": ["H", 0.170483], "28": ["H", 0.177771], "29": ["H", 0.166671], "30": ["H", 0.173476], "31": ["H", 0.166751], "32": ["H", 0.167946], "33": ["H", 0.159813], "34": ["N", -0.474471], "35": ["S", 0.791182], "36": ["O", -0.45155], "37": ["O", -0.420885], "38": ["C", 0.436969], "39": ["F", -0.135192], "40": ["F", -0.148015], "41": ["F", -0.143582], "42": ["S", 0.814822], "43": ["O", -0.477385], "44": ["O", -0.401624], "45": ["C", 0.444439], "46": ["F", -0.128184], "47": ["F", -0.131226], "48": ["F", -0.140203]}, "tensor": {"1": {"type": "Mg", "Isotropic": 582.8998, "Anisotropy": 18.9259, "tensor": [], "eigenvalues": [570.003, 583.1794, 595.5171]}, "2": {"type": "O", "Isotropic": 325.8351, "Anisotropy": 29.2807, "tensor": [[337.7958, 0.6382, 4.1584]], "eigenvalues": [297.8328, 334.317, 345.3556]}, "3": {"type": "C", "Isotropic": 126.4035, "Anisotropy": 86.6436, "tensor": [[167.0972, 30.5712, 21.3771], [30.8684, 109.4146, 2.5407], [14.6729, 2.2932, 102.6985]], "eigenvalues": [92.4883, 102.5562, 184.1659]}, "4": {"type": "C", "Isotropic": 117.813, "Anisotropy": 74.5983, "tensor": [[105.5538, 7.2168, 19.4596], [10.3232, 88.8771, 0.3238], [23.3044, 12.5968, 159.0082]], "eigenvalues": [84.9984, 100.8954, 167.5452]}, "5": {"type": "C", "Isotropic": 116.2971, "Anisotropy": 66.5849, "tensor": [], "eigenvalues": [87.2747, 100.9295, 160.687]}, "6": {"type": "O", "Isotropic": 322.1241, "Anisotropy": 37.759, "tensor": [], "eigenvalues": [292.0377, 327.0379, 347.2968]}, "7": {"type": "C", "Isotropic": 128.7181, "Anisotropy": 91.2918, "tensor": [[183.7797, 23.5192, 2.9474], [21.1102, 99.2195, 0.3893], [5.7641, 4.7821, 103.155]], "eigenvalues": [93.4657, 103.1093, 189.5793]}, "8": {"type": "H", "Isotropic": 28.2447, "Anisotropy": 9.9462, "tensor": [], "eigenvalues": [24.2375, 25.6211, 34.8754]}, "9": {"type": "H", "Isotropic": 27.5108, "Anisotropy": 6.6965, "tensor": [[27.3375, 2.8448, 4.6553]], "eigenvalues": [22.8227, 27.7345, 31.9751]}, "10": {"type": "H", "Isotropic": 28.2916, "Anisotropy": 8.5742, "tensor": [[26.6005, 1.1461, 0.3778]], "eigenvalues": [23.9777, 26.8894, 34.0078]}, "11": {"type": "H", "Isotropic": 27.4639, "Anisotropy": 7.4122, "tensor": [], "eigenvalues": [23.9065, 26.08, 32.4054]}, "12": {"type": "H", "Isotropic": 27.921, "Anisotropy": 7.9823, "tensor": [], "eigenvalues": [24.536, 25.9845, 33.2426]}, "13": {"type": "H", "Isotropic": 28.0469, "Anisotropy": 8.6481, "tensor": [[26.1683, 1.2086, 0.2835]], "eigenvalues": [23.7911, 26.5373, 33.8122]}, "14": {"type": "H", "Isotropic": 28.351, "Anisotropy": 8.7593, "tensor": [[1.0593, 0.1135, 26.4985]], "eigenvalues": [24.3752, 26.4873, 34.1905]}, "15": {"type": "H", "Isotropic": 28.1543, "Anisotropy": 10.5897, "tensor": [[30.3786, 2.7208, 5.7918], [2.6215, 25.4656, 2.7163], [2.8618, 1.9973, 28.6188]], "eigenvalues": [24.1486, 25.1003, 35.2141]}, "16": {"type": "H", "Isotropic": 28.1895, "Anisotropy": 7.1314, "tensor": [], "eigenvalues": [22.9368, 28.688, 32.9438]}, "17": {"type": "H", "Isotropic": 27.8233, "Anisotropy": 7.1035, "tensor": [], "eigenvalues": [23.1366, 27.7745, 32.559]}, "18": {"type": "O", "Isotropic": 324.2895, "Anisotropy": 32.3211, "tensor": [[13.4423, 324.9776, 6.7983]], "eigenvalues": [296.7754, 330.2562, 345.8369]}, "19": {"type": "C", "Isotropic": 127.0438, "Anisotropy": 92.3697, "tensor": [[0.1088, 2.1021, 93.9116]], "eigenvalues": [93.2044, 99.3033, 188.6236]}, "20": {"type": "C", "Isotropic": 117.7132, "Anisotropy": 69.8675, "tensor": [], "eigenvalues": [86.9801, 101.8679, 164.2915]}, "21": {"type": "C", "Isotropic": 117.5766, "Anisotropy": 71.454, "tensor": [], "eigenvalues": [85.8834, 101.6338, 165.2126]}, "22": {"type": "O", "Isotropic": 326.6262, "Anisotropy": 37.605, "tensor": [[3.3231, 335.4316, 13.9229]], "eigenvalues": [292.6369, 335.5456, 351.6962]}, "23": {"type": "C", "Isotropic": 127.8726, "Anisotropy": 89.4729, "tensor": [[100.683, 19.9581, 0.6273], [17.5136, 183.3602, 4.0388]], "eigenvalues": [96.3241, 99.7725, 187.5212]}, "24": {"type": "H", "Isotropic": 27.8131, "Anisotropy": 7.1067, "tensor": [[27.8077, 0.7322, 2.9768], [2.2368, 30.3742, 3.4834], [2.0399, 1.3389, 25.2573]], "eigenvalues": [23.4392, 27.4491, 32.5509]}, "25": {"type": "H", "Isotropic": 27.6833, "Anisotropy": 6.5369, "tensor": [], "eigenvalues": [22.7929, 28.2158, 32.0413]}, "26": {"type": "H", "Isotropic": 27.6972, "Anisotropy": 6.4906, "tensor": [], "eigenvalues": [24.4219, 26.6454, 32.0243]}, "27": {"type": "H", "Isotropic": 28.2974, "Anisotropy": 8.1376, "tensor": [], "eigenvalues": [24.547, 26.6228, 33.7225]}, "28": {"type": "H", "Isotropic": 28.1687, "Anisotropy": 7.5601, "tensor": [], "eigenvalues": [25.0045, 26.293, 33.2088]}, "29": {"type": "H", "Isotropic": 27.8054, "Anisotropy": 8.4429, "tensor": [], "eigenvalues": [24.4322, 25.5501, 33.434]}, "30": {"type": "H", "Isotropic": 28.1275, "Anisotropy": 8.5247, "tensor": [], "eigenvalues": [24.1441, 26.4278, 33.8107]}, "31": {"type": "H", "Isotropic": 28.2625, "Anisotropy": 9.8558, "tensor": [[29.5441, 3.2218, 1.4582], [6.319, 30.1743, 0.8685]], "eigenvalues": [24.1492, 25.8054, 34.833]}, "32": {"type": "H", "Isotropic": 27.9445, "Anisotropy": 6.9342, "tensor": [], "eigenvalues": [23.4757, 27.7905, 32.5673]}, "33": {"type": "H", "Isotropic": 28.2662, "Anisotropy": 10.6302, "tensor": [], "eigenvalues": [24.3265, 25.1191, 35.3529]}, "34": {"type": "N", "Isotropic": 108.8306, "Anisotropy": 85.5233, "tensor": [[80.9021, 3.4547, 17.1057], [4.3165, 116.2054, 38.5803], [16.4657, 40.864, 129.3845]], "eigenvalues": [72.2572, 88.3885, 165.8462]}, "35": {"type": "S", "Isotropic": 174.5741, "Anisotropy": 271.7914, "tensor": [], "eigenvalues": [7.0034, 160.9505, 355.7683]}, "36": {"type": "O", "Isotropic": 130.256, "Anisotropy": 62.4057, "tensor": [[4.9562, 30.4334, 105.4352]], "eigenvalues": [89.9711, 128.937, 171.8598]}, "37": {"type": "O", "Isotropic": 140.4029, "Anisotropy": 78.9492, "tensor": [], "eigenvalues": [94.2944, 133.8785, 193.0357]}, "38": {"type": "C", "Isotropic": 59.8117, "Anisotropy": 12.57, "tensor": [[5.1657, 5.0314, 54.1084]], "eigenvalues": [47.6107, 63.6326, 68.1917]}, "39": {"type": "F", "Isotropic": 270.7858, "Anisotropy": 119.2641, "tensor": [[46.3633, 51.6889, 305.415]], "eigenvalues": [200.0146, 262.0476, 350.2952]}, "40": {"type": "F", "Isotropic": 267.2967, "Anisotropy": 123.9233, "tensor": [[0.0767, 21.9109, 215.4576]], "eigenvalues": [200.7322, 251.2456, 349.9122]}, "41": {"type": "F", "Isotropic": 269.4656, "Anisotropy": 116.3796, "tensor": [[21.4337, 10.9208, 215.2599]], "eigenvalues": [202.2169, 259.1278, 347.052]}, "42": {"type": "S", "Isotropic": 163.5732, "Anisotropy": 234.5434, "tensor": [], "eigenvalues": [15.8364, 154.9478, 319.9355]}, "43": {"type": "O", "Isotropic": 141.8851, "Anisotropy": 98.2879, "tensor": [[192.8977, 9.341, 33.8761], [21.2931, 92.7208, 29.3681], [16.3178, 14.8549, 140.0367]], "eigenvalues": [83.7328, 134.512, 207.4103]}, "44": {"type": "O", "Isotropic": 127.1858, "Anisotropy": 22.4148, "tensor": [], "eigenvalues": [109.0192, 130.4091, 142.129]}, "45": {"type": "C", "Isotropic": 58.4382, "Anisotropy": 8.6047, "tensor": [[62.8714, 1.0072, 1.1783], [0.0767, 51.8124, 6.8898], [0.1543, 5.0264, 60.6309]], "eigenvalues": [48.807, 62.3329, 64.1747]}, "46": {"type": "F", "Isotropic": 262.4819, "Anisotropy": 113.4817, "tensor": [[50.9853, 0.2271, 289.9131]], "eigenvalues": [199.1504, 250.159, 338.1364]}, "47": {"type": "F", "Isotropic": 265.9803, "Anisotropy": 120.9896, "tensor": [], "eigenvalues": [200.1013, 251.1995, 346.64]}, "48": {"type": "F", "Isotropic": 264.5264, "Anisotropy": 116.8283, "tensor": [], "eigenvalues": [202.7798, 248.3875, 342.4119]}}, "output": {"energies": [-2645.43583733], "final_energy": -2645.43583733, "final_energy_per_atom": -55.11324661104167, "molecule": {"charge": 0.0, "spin_multiplicity": 2, "sites": [{"name": "Mg", "species": [{"element": "Mg", "occu": 1}], "xyz": [10.935382, 43.427696, 25.123954], "properties": {}}, {"name": "O", "species": [{"element": "O", "occu": 1}], "xyz": [9.814029, 42.104655, 26.309735], "properties": {}}, {"name": "C", "species": [{"element": "C", "occu": 1}], "xyz": [8.490944, 41.604396, 26.079508], "properties": {}}, {"name": "C", "species": [{"element": "C", "occu": 1}], "xyz": [10.116542, 42.291112, 27.696748], "properties": {}}, {"name": "C", "species": [{"element": "C", "occu": 1}], "xyz": [11.613068, 42.397659, 27.821413], "properties": {}}, {"name": "O", "species": [{"element": "O", "occu": 1}], "xyz": [12.060951, 43.37334, 26.877367], "properties": {}}, {"name": "C", "species": [{"element": "C", "occu": 1}], "xyz": [13.457656, 43.649203, 26.987732], "properties": {}}, {"name": "H", "species": [{"element": "H", "occu": 1}], "xyz": [8.377525, 40.642398, 26.581132], "properties": {}}, {"name": "H", "species": [{"element": "H", "occu": 1}], "xyz": [8.376122, 41.473997, 25.005339], "properties": {}}, {"name": "H", "species": [{"element": "H", "occu": 1}], "xyz": [9.760941, 41.432974, 28.270129], "properties": {}}, {"name": "H", "species": [{"element": "H", "occu": 1}], "xyz": [9.617787, 43.196771, 28.053485], "properties": {}}, {"name": "H", "species": [{"element": "H", "occu": 1}], "xyz": [12.096858, 41.441162, 27.600163], "properties": {}}, {"name": "H", "species": [{"element": "H", "occu": 1}], "xyz": [11.881956, 42.712061, 28.83235], "properties": {}}, {"name": "H", "species": [{"element": "H", "occu": 1}], "xyz": [14.038594, 42.748215, 26.775811], "properties": {}}, {"name": "H", "species": [{"element": "H", "occu": 1}], "xyz": [13.681801, 44.00857, 27.992912], "properties": {}}, {"name": "H", "species": [{"element": "H", "occu": 1}], "xyz": [13.697958, 44.426713, 26.266503], "properties": {}}, {"name": "H", "species": [{"element": "H", "occu": 1}], "xyz": [7.747658, 42.312099, 26.452481], "properties": {}}, {"name": "O", "species": [{"element": "O", "occu": 1}], "xyz": [11.891862, 41.845693, 24.144477], "properties": {}}, {"name": "C", "species": [{"element": "C", "occu": 1}], "xyz": [11.408035, 40.498225, 24.068397], "properties": {}}, {"name": "C", "species": [{"element": "C", "occu": 1}], "xyz": [12.561853, 42.255836, 22.948923], "properties": {}}, {"name": "C", "species": [{"element": "C", "occu": 1}], "xyz": [13.242681, 43.570398, 23.235165], "properties": {}}, {"name": "O", "species": [{"element": "O", "occu": 1}], "xyz": [12.314883, 44.406599, 23.934305], "properties": {}}, {"name": "C", "species": [{"element": "C", "occu": 1}], "xyz": [12.693612, 45.786719, 23.946192], "properties": {}}, {"name": "H", "species": [{"element": "H", "occu": 1}], "xyz": [10.670826, 40.412995, 23.267211], "properties": {}}, {"name": "H", "species": [{"element": "H", "occu": 1}], "xyz": [10.94946, 40.264455, 25.025414], "properties": {}}, {"name": "H", "species": [{"element": "H", "occu": 1}], "xyz": [11.827704, 42.348962, 22.143658], "properties": {}}, {"name": "H", "species": [{"element": "H", "occu": 1}], "xyz": [13.306451, 41.508435, 22.667477], "properties": {}}, {"name": "H", "species": [{"element": "H", "occu": 1}], "xyz": [13.5337, 44.047691, 22.296975], "properties": {}}, {"name": "H", "species": [{"element": "H", "occu": 1}], "xyz": [14.131526, 43.433433, 23.857976], "properties": {}}, {"name": "H", "species": [{"element": "H", "occu": 1}], "xyz": [12.612538, 46.195962, 22.938282], "properties": {}}, {"name": "H", "species": [{"element": "H", "occu": 1}], "xyz": [13.719287, 45.890564, 24.307317], "properties": {}}, {"name": "H", "species": [{"element": "H", "occu": 1}], "xyz": [12.013117, 46.307878, 24.615644], "properties": {}}, {"name": "H", "species": [{"element": "H", "occu": 1}], "xyz": [12.246912, 39.825521, 23.884904], "properties": {}}, {"name": "N", "species": [{"element": "N", "occu": 1}], "xyz": [9.162154, 44.104019, 23.874328], "properties": {}}, {"name": "S", "species": [{"element": "S", "occu": 1}], "xyz": [8.323526, 43.451857, 22.667331], "properties": {}}, {"name": "O", "species": [{"element": "O", "occu": 1}], "xyz": [8.755807, 42.098772, 22.520082], "properties": {}}, {"name": "O", "species": [{"element": "O", "occu": 1}], "xyz": [6.94006, 43.78558, 22.692334], "properties": {}}, {"name": "C", "species": [{"element": "C", "occu": 1}], "xyz": [9.036421, 44.328049, 21.205051], "properties": {}}, {"name": "F", "species": [{"element": "F", "occu": 1}], "xyz": [8.519905, 43.79873, 20.106486], "properties": {}}, {"name": "F", "species": [{"element": "F", "occu": 1}], "xyz": [10.359596, 44.1871, 21.178025], "properties": {}}, {"name": "F", "species": [{"element": "F", "occu": 1}], "xyz": [8.744616, 45.621175, 21.249239], "properties": {}}, {"name": "S", "species": [{"element": "S", "occu": 1}], "xyz": [8.634044, 45.084332, 25.001167], "properties": {}}, {"name": "O", "species": [{"element": "O", "occu": 1}], "xyz": [9.779033, 45.109905, 25.903929], "properties": {}}, {"name": "O", "species": [{"element": "O", "occu": 1}], "xyz": [7.340305, 44.832898, 25.529486], "properties": {}}, {"name": "C", "species": [{"element": "C", "occu": 1}], "xyz": [8.554883, 46.799672, 24.310415], "properties": {}}, {"name": "F", "species": [{"element": "F", "occu": 1}], "xyz": [7.53166, 46.900315, 23.480037], "properties": {}}, {"name": "F", "species": [{"element": "F", "occu": 1}], "xyz": [8.39315, 47.639162, 25.320845], "properties": {}}, {"name": "F", "species": [{"element": "F", "occu": 1}], "xyz": [9.678814, 47.093448, 23.669567], "properties": {}}]}, "stationary_type": "Minimum", "corrections": {}, "tensor": {"1": {"type": "Mg", "Isotropic": 582.8998, "Anisotropy": 18.9259, "tensor": [], "eigenvalues": [570.003, 583.1794, 595.5171]}, "2": {"type": "O", "Isotropic": 325.8351, "Anisotropy": 29.2807, "tensor": [[337.7958, 0.6382, 4.1584]], "eigenvalues": [297.8328, 334.317, 345.3556]}, "3": {"type": "C", "Isotropic": 126.4035, "Anisotropy": 86.6436, "tensor": [[167.0972, 30.5712, 21.3771], [30.8684, 109.4146, 2.5407], [14.6729, 2.2932, 102.6985]], "eigenvalues": [92.4883, 102.5562, 184.1659]}, "4": {"type": "C", "Isotropic": 117.813, "Anisotropy": 74.5983, "tensor": [[105.5538, 7.2168, 19.4596], [10.3232, 88.8771, 0.3238], [23.3044, 12.5968, 159.0082]], "eigenvalues": [84.9984, 100.8954, 167.5452]}, "5": {"type": "C", "Isotropic": 116.2971, "Anisotropy": 66.5849, "tensor": [], "eigenvalues": [87.2747, 100.9295, 160.687]}, "6": {"type": "O", "Isotropic": 322.1241, "Anisotropy": 37.759, "tensor": [], "eigenvalues": [292.0377, 327.0379, 347.2968]}, "7": {"type": "C", "Isotropic": 128.7181, "Anisotropy": 91.2918, "tensor": [[183.7797, 23.5192, 2.9474], [21.1102, 99.2195, 0.3893], [5.7641, 4.7821, 103.155]], "eigenvalues": [93.4657, 103.1093, 189.5793]}, "8": {"type": "H", "Isotropic": 28.2447, "Anisotropy": 9.9462, "tensor": [], "eigenvalues": [24.2375, 25.6211, 34.8754]}, "9": {"type": "H", "Isotropic": 27.5108, "Anisotropy": 6.6965, "tensor": [[27.3375, 2.8448, 4.6553]], "eigenvalues": [22.8227, 27.7345, 31.9751]}, "10": {"type": "H", "Isotropic": 28.2916, "Anisotropy": 8.5742, "tensor": [[26.6005, 1.1461, 0.3778]], "eigenvalues": [23.9777, 26.8894, 34.0078]}, "11": {"type": "H", "Isotropic": 27.4639, "Anisotropy": 7.4122, "tensor": [], "eigenvalues": [23.9065, 26.08, 32.4054]}, "12": {"type": "H", "Isotropic": 27.921, "Anisotropy": 7.9823, "tensor": [], "eigenvalues": [24.536, 25.9845, 33.2426]}, "13": {"type": "H", "Isotropic": 28.0469, "Anisotropy": 8.6481, "tensor": [[26.1683, 1.2086, 0.2835]], "eigenvalues": [23.7911, 26.5373, 33.8122]}, "14": {"type": "H", "Isotropic": 28.351, "Anisotropy": 8.7593, "tensor": [[1.0593, 0.1135, 26.4985]], "eigenvalues": [24.3752, 26.4873, 34.1905]}, "15": {"type": "H", "Isotropic": 28.1543, "Anisotropy": 10.5897, "tensor": [[30.3786, 2.7208, 5.7918], [2.6215, 25.4656, 2.7163], [2.8618, 1.9973, 28.6188]], "eigenvalues": [24.1486, 25.1003, 35.2141]}, "16": {"type": "H", "Isotropic": 28.1895, "Anisotropy": 7.1314, "tensor": [], "eigenvalues": [22.9368, 28.688, 32.9438]}, "17": {"type": "H", "Isotropic": 27.8233, "Anisotropy": 7.1035, "tensor": [], "eigenvalues": [23.1366, 27.7745, 32.559]}, "18": {"type": "O", "Isotropic": 324.2895, "Anisotropy": 32.3211, "tensor": [[13.4423, 324.9776, 6.7983]], "eigenvalues": [296.7754, 330.2562, 345.8369]}, "19": {"type": "C", "Isotropic": 127.0438, "Anisotropy": 92.3697, "tensor": [[0.1088, 2.1021, 93.9116]], "eigenvalues": [93.2044, 99.3033, 188.6236]}, "20": {"type": "C", "Isotropic": 117.7132, "Anisotropy": 69.8675, "tensor": [], "eigenvalues": [86.9801, 101.8679, 164.2915]}, "21": {"type": "C", "Isotropic": 117.5766, "Anisotropy": 71.454, "tensor": [], "eigenvalues": [85.8834, 101.6338, 165.2126]}, "22": {"type": "O", "Isotropic": 326.6262, "Anisotropy": 37.605, "tensor": [[3.3231, 335.4316, 13.9229]], "eigenvalues": [292.6369, 335.5456, 351.6962]}, "23": {"type": "C", "Isotropic": 127.8726, "Anisotropy": 89.4729, "tensor": [[100.683, 19.9581, 0.6273], [17.5136, 183.3602, 4.0388]], "eigenvalues": [96.3241, 99.7725, 187.5212]}, "24": {"type": "H", "Isotropic": 27.8131, "Anisotropy": 7.1067, "tensor": [[27.8077, 0.7322, 2.9768], [2.2368, 30.3742, 3.4834], [2.0399, 1.3389, 25.2573]], "eigenvalues": [23.4392, 27.4491, 32.5509]}, "25": {"type": "H", "Isotropic": 27.6833, "Anisotropy": 6.5369, "tensor": [], "eigenvalues": [22.7929, 28.2158, 32.0413]}, "26": {"type": "H", "Isotropic": 27.6972, "Anisotropy": 6.4906, "tensor": [], "eigenvalues": [24.4219, 26.6454, 32.0243]}, "27": {"type": "H", "Isotropic": 28.2974, "Anisotropy": 8.1376, "tensor": [], "eigenvalues": [24.547, 26.6228, 33.7225]}, "28": {"type": "H", "Isotropic": 28.1687, "Anisotropy": 7.5601, "tensor": [], "eigenvalues": [25.0045, 26.293, 33.2088]}, "29": {"type": "H", "Isotropic": 27.8054, "Anisotropy": 8.4429, "tensor": [], "eigenvalues": [24.4322, 25.5501, 33.434]}, "30": {"type": "H", "Isotropic": 28.1275, "Anisotropy": 8.5247, "tensor": [], "eigenvalues": [24.1441, 26.4278, 33.8107]}, "31": {"type": "H", "Isotropic": 28.2625, "Anisotropy": 9.8558, "tensor": [[29.5441, 3.2218, 1.4582], [6.319, 30.1743, 0.8685]], "eigenvalues": [24.1492, 25.8054, 34.833]}, "32": {"type": "H", "Isotropic": 27.9445, "Anisotropy": 6.9342, "tensor": [], "eigenvalues": [23.4757, 27.7905, 32.5673]}, "33": {"type": "H", "Isotropic": 28.2662, "Anisotropy": 10.6302, "tensor": [], "eigenvalues": [24.3265, 25.1191, 35.3529]}, "34": {"type": "N", "Isotropic": 108.8306, "Anisotropy": 85.5233, "tensor": [[80.9021, 3.4547, 17.1057], [4.3165, 116.2054, 38.5803], [16.4657, 40.864, 129.3845]], "eigenvalues": [72.2572, 88.3885, 165.8462]}, "35": {"type": "S", "Isotropic": 174.5741, "Anisotropy": 271.7914, "tensor": [], "eigenvalues": [7.0034, 160.9505, 355.7683]}, "36": {"type": "O", "Isotropic": 130.256, "Anisotropy": 62.4057, "tensor": [[4.9562, 30.4334, 105.4352]], "eigenvalues": [89.9711, 128.937, 171.8598]}, "37": {"type": "O", "Isotropic": 140.4029, "Anisotropy": 78.9492, "tensor": [], "eigenvalues": [94.2944, 133.8785, 193.0357]}, "38": {"type": "C", "Isotropic": 59.8117, "Anisotropy": 12.57, "tensor": [[5.1657, 5.0314, 54.1084]], "eigenvalues": [47.6107, 63.6326, 68.1917]}, "39": {"type": "F", "Isotropic": 270.7858, "Anisotropy": 119.2641, "tensor": [[46.3633, 51.6889, 305.415]], "eigenvalues": [200.0146, 262.0476, 350.2952]}, "40": {"type": "F", "Isotropic": 267.2967, "Anisotropy": 123.9233, "tensor": [[0.0767, 21.9109, 215.4576]], "eigenvalues": [200.7322, 251.2456, 349.9122]}, "41": {"type": "F", "Isotropic": 269.4656, "Anisotropy": 116.3796, "tensor": [[21.4337, 10.9208, 215.2599]], "eigenvalues": [202.2169, 259.1278, 347.052]}, "42": {"type": "S", "Isotropic": 163.5732, "Anisotropy": 234.5434, "tensor": [], "eigenvalues": [15.8364, 154.9478, 319.9355]}, "43": {"type": "O", "Isotropic": 141.8851, "Anisotropy": 98.2879, "tensor": [[192.8977, 9.341, 33.8761], [21.2931, 92.7208, 29.3681], [16.3178, 14.8549, 140.0367]], "eigenvalues": [83.7328, 134.512, 207.4103]}, "44": {"type": "O", "Isotropic": 127.1858, "Anisotropy": 22.4148, "tensor": [], "eigenvalues": [109.0192, 130.4091, 142.129]}, "45": {"type": "C", "Isotropic": 58.4382, "Anisotropy": 8.6047, "tensor": [[62.8714, 1.0072, 1.1783], [0.0767, 51.8124, 6.8898], [0.1543, 5.0264, 60.6309]], "eigenvalues": [48.807, 62.3329, 64.1747]}, "46": {"type": "F", "Isotropic": 262.4819, "Anisotropy": 113.4817, "tensor": [[50.9853, 0.2271, 289.9131]], "eigenvalues": [199.1504, 250.159, 338.1364]}, "47": {"type": "F", "Isotropic": 265.9803, "Anisotropy": 120.9896, "tensor": [], "eigenvalues": [200.1013, 251.1995, 346.64]}, "48": {"type": "F", "Isotropic": 264.5264, "Anisotropy": 116.8283, "tensor": [], "eigenvalues": [202.7798, 248.3875, 342.4119]}}}}, "functional": "wB97X", "basis": "Def2TZVP", "phase": "solution", "type": "nmr;scrf", "smiles": "[Mg].O(C)CCOC.O(C)CCOC.[N](S(=O)(=O)C(F)(F)F)S(=O)(=O)C(F)(F)F", "formula": "Mg1 H20 C10 S2 N1 O8 F6", "formula_pretty": "MgH20C10S2N(O4F3)2", "formula_anonymous": "ABC2D6E8F10G20", "formula_alphabetical": "C10 F6 H20 Mg1 N1 O8 S2", "chemsys": "C-F-H-Mg-N-O-S", "nsites": 48, "nelements": 7, "is_ordered": true, "is_valid": true, "tag": "oplsd_6", "wall_time (s)": 2079.9036652632058, "last_updated": "2020-12-27T00:58:37.416438", "_id": null}