{"input": {"molecule": {"charge": 0, "spin_multiplicity": 1, "sites": [{"name": "Mg", "species": [{"element": "Mg", "occu": 1}], "xyz": [14.977312, 12.202557, 33.021262], "properties": {}}, {"name": "O", "species": [{"element": "O", "occu": 1}], "xyz": [15.567214, 11.392518, 31.147752], "properties": {}}, {"name": "C", "species": [{"element": "C", "occu": 1}], "xyz": [14.61291, 10.822785, 30.244685], "properties": {}}, {"name": "C", "species": [{"element": "C", "occu": 1}], "xyz": [16.472273, 12.279882, 30.491288], "properties": {}}, {"name": "C", "species": [{"element": "C", "occu": 1}], "xyz": [17.509892, 12.703299, 31.496684], "properties": {}}, {"name": "O", "species": [{"element": "O", "occu": 1}], "xyz": [16.826141, 13.142378, 32.670589], "properties": {}}, {"name": "C", "species": [{"element": "C", "occu": 1}], "xyz": [17.660186, 13.885855, 33.56097], "properties": {}}, {"name": "H", "species": [{"element": "H", "occu": 1}], "xyz": [15.139057, 10.277089, 29.459507], "properties": {}}, {"name": "H", "species": [{"element": "H", "occu": 1}], "xyz": [13.986419, 11.606562, 29.812601], "properties": {}}, {"name": "H", "species": [{"element": "H", "occu": 1}], "xyz": [15.916135, 13.143942, 30.115799], "properties": {}}, {"name": "H", "species": [{"element": "H", "occu": 1}], "xyz": [16.952187, 11.769026, 29.653025], "properties": {}}, {"name": "H", "species": [{"element": "H", "occu": 1}], "xyz": [18.106287, 13.5217, 31.086294], "properties": {}}, {"name": "H", "species": [{"element": "H", "occu": 1}], "xyz": [18.175699, 11.874647, 31.758797], "properties": {}}, {"name": "H", "species": [{"element": "H", "occu": 1}], "xyz": [18.532009, 13.291029, 33.846316], "properties": {}}, {"name": "H", "species": [{"element": "H", "occu": 1}], "xyz": [17.072669, 14.119908, 34.444012], "properties": {}}, {"name": "H", "species": [{"element": "H", "occu": 1}], "xyz": [17.986198, 14.805596, 33.072285], "properties": {}}, {"name": "H", "species": [{"element": "H", "occu": 1}], "xyz": [13.993169, 10.139794, 30.820162], "properties": {}}, {"name": "O", "species": [{"element": "O", "occu": 1}], "xyz": [15.796164, 10.525133, 34.027795], "properties": {}}, {"name": "C", "species": [{"element": "C", "occu": 1}], "xyz": [17.181173, 10.189855, 34.072299], "properties": {}}, {"name": "C", "species": [{"element": "C", "occu": 1}], "xyz": [14.950242, 9.378404, 33.975816], "properties": {}}, {"name": "C", "species": [{"element": "C", "occu": 1}], "xyz": [13.531963, 9.856488, 34.134455], "properties": {}}, {"name": "O", "species": [{"element": "O", "occu": 1}], "xyz": [13.325543, 10.909083, 33.188289], "properties": {}}, {"name": "C", "species": [{"element": "C", "occu": 1}], "xyz": [11.965633, 11.357422, 33.144564], "properties": {}}, {"name": "H", "species": [{"element": "H", "occu": 1}], "xyz": [17.374298, 9.55379, 34.936813], "properties": {}}, {"name": "H", "species": [{"element": "H", "occu": 1}], "xyz": [17.73737, 11.117669, 34.186628], "properties": {}}, {"name": "H", "species": [{"element": "H", "occu": 1}], "xyz": [15.204222, 8.695078, 34.789919], "properties": {}}, {"name": "H", "species": [{"element": "H", "occu": 1}], "xyz": [15.095569, 8.866643, 33.017795], "properties": {}}, {"name": "H", "species": [{"element": "H", "occu": 1}], "xyz": [13.354372, 10.239063, 35.143861], "properties": {}}, {"name": "H", "species": [{"element": "H", "occu": 1}], "xyz": [12.83831, 9.0377, 33.929664], "properties": {}}, {"name": "H", "species": [{"element": "H", "occu": 1}], "xyz": [11.714986, 11.887027, 34.066872], "properties": {}}, {"name": "H", "species": [{"element": "H", "occu": 1}], "xyz": [11.306595, 10.496878, 33.01866], "properties": {}}, {"name": "H", "species": [{"element": "H", "occu": 1}], "xyz": [11.869501, 12.016716, 32.285208], "properties": {}}, {"name": "H", "species": [{"element": "H", "occu": 1}], "xyz": [17.476346, 9.681273, 33.150204], "properties": {}}, {"name": "N", "species": [{"element": "N", "occu": 1}], "xyz": [16.273143, 12.574663, 36.556258], "properties": {}}, {"name": "S", "species": [{"element": "S", "occu": 1}], "xyz": [16.737978, 11.608919, 37.728042], "properties": {}}, {"name": "O", "species": [{"element": "O", "occu": 1}], "xyz": [16.217738, 11.948255, 39.016134], "properties": {}}, {"name": "O", "species": [{"element": "O", "occu": 1}], "xyz": [16.744376, 10.232481, 37.332665], "properties": {}}, {"name": "C", "species": [{"element": "C", "occu": 1}], "xyz": [18.510316, 12.115969, 37.75434], "properties": {}}, {"name": "F", "species": [{"element": "F", "occu": 1}], "xyz": [19.132459, 11.399788, 38.686137], "properties": {}}, {"name": "F", "species": [{"element": "F", "occu": 1}], "xyz": [18.633035, 13.404644, 38.047424], "properties": {}}, {"name": "F", "species": [{"element": "F", "occu": 1}], "xyz": [19.091766, 11.88443, 36.578987], "properties": {}}, {"name": "S", "species": [{"element": "S", "occu": 1}], "xyz": [14.799756, 12.89414, 36.217798], "properties": {}}, {"name": "O", "species": [{"element": "O", "occu": 1}], "xyz": [13.806336, 12.036291, 36.783182], "properties": {}}, {"name": "O", "species": [{"element": "O", "occu": 1}], "xyz": [14.697264, 13.170984, 34.790736], "properties": {}}, {"name": "C", "species": [{"element": "C", "occu": 1}], "xyz": [14.493492, 14.567243, 36.931325], "properties": {}}, {"name": "F", "species": [{"element": "F", "occu": 1}], "xyz": [15.348665, 15.446483, 36.418504], "properties": {}}, {"name": "F", "species": [{"element": "F", "occu": 1}], "xyz": [13.255185, 14.950203, 36.652144], "properties": {}}, {"name": "F", "species": [{"element": "F", "occu": 1}], "xyz": [14.652131, 14.525061, 38.247278], "properties": {}}, {"name": "N", "species": [{"element": "N", "occu": 1}], "xyz": [12.340551, 15.251121, 30.873532], "properties": {}}, {"name": "S", "species": [{"element": "S", "occu": 1}], "xyz": [11.776574, 14.332643, 29.728712], "properties": {}}, {"name": "O", "species": [{"element": "O", "occu": 1}], "xyz": [11.876, 12.928317, 29.996222], "properties": {}}, {"name": "O", "species": [{"element": "O", "occu": 1}], "xyz": [10.543667, 14.867017, 29.25127], "properties": {}}, {"name": "C", "species": [{"element": "C", "occu": 1}], "xyz": [12.962148, 14.635301, 28.349672], "properties": {}}, {"name": "F", "species": [{"element": "F", "occu": 1}], "xyz": [14.187393, 14.221086, 28.684229], "properties": {}}, {"name": "F", "species": [{"element": "F", "occu": 1}], "xyz": [13.02045, 15.926785, 28.048838], "properties": {}}, {"name": "F", "species": [{"element": "F", "occu": 1}], "xyz": [12.567526, 13.958279, 27.275638], "properties": {}}, {"name": "S", "species": [{"element": "S", "occu": 1}], "xyz": [13.194465, 14.883414, 32.109216], "properties": {}}, {"name": "O", "species": [{"element": "O", "occu": 1}], "xyz": [13.928617, 13.627573, 31.979553], "properties": {}}, {"name": "O", "species": [{"element": "O", "occu": 1}], "xyz": [12.533988, 15.106194, 33.351547], "properties": {}}, {"name": "C", "species": [{"element": "C", "occu": 1}], "xyz": [14.519625, 16.162448, 32.021327], "properties": {}}, {"name": "F", "species": [{"element": "F", "occu": 1}], "xyz": [13.995144, 17.377187, 32.06085], "properties": {}}, {"name": "F", "species": [{"element": "F", "occu": 1}], "xyz": [15.333882, 16.006037, 33.062538], "properties": {}}, {"name": "F", "species": [{"element": "F", "occu": 1}], "xyz": [15.225303, 16.026442, 30.902327], "properties": {}}]}, "functional": "wB97X", "basis_set": "Def2TZVP", "route_parameters": {"NMR": "GIAO", "iop(7/33=1)": null, "int": "ultrafine", "NoSymmetry": null, "test": null, "SCRF": "(Solvent=TetraHydroFuran)"}, "title": "Mg1 H20 C12 S4 N2 O12 F12", "charge": 0, "spin_multiplicity": 1, "input_parameters": {}, "link0_parameters": {"%chk": "checkpoint.chk", "%mem": "100GB", "%NProcShared": "24"}, "dieze_tag": "#P", "nbasisfunctions": 1478, "pcm_parameters": {}}, "output": {"has_gaussian_completed": true, "is_pcm": true, "errors": [], "Mulliken_charges": {"1": ["Mg", 0.917272], "2": ["O", -0.315379], "3": ["C", -0.197864], "4": ["C", -0.054518], "5": ["C", -0.0964], "6": ["O", -0.341121], "7": ["C", -0.232336], "8": ["H", 0.156653], "9": ["H", 0.133847], "10": ["H", 0.134731], "11": ["H", 0.164135], "12": ["H", 0.167521], "13": ["H", 0.155978], "14": ["H", 0.155351], "15": ["H", 0.139887], "16": ["H", 0.16583], "17": ["H", 0.149319], "18": ["O", -0.32441], "19": ["C", -0.245152], "20": ["C", -0.104234], "21": ["C", -0.083277], "22": ["O", -0.343846], "23": ["C", -0.206582], "24": ["H", 0.172812], "25": ["H", 0.119317], "26": ["H", 0.173342], "27": ["H", 0.154028], "28": ["H", 0.162402], "29": ["H", 0.166008], "30": ["H", 0.161166], "31": ["H", 0.149773], "32": ["H", 0.126922], "33": ["H", 0.160581], "34": ["N", -0.431384], "35": ["S", 0.803141], "36": ["O", -0.459923], "37": ["O", -0.465303], "38": ["C", 0.410518], "39": ["F", -0.148059], "40": ["F", -0.148331], "41": ["F", -0.154686], "42": ["S", 0.852239], "43": ["O", -0.46199], "44": ["O", -0.502232], "45": ["C", 0.41981], "46": ["F", -0.148357], "47": ["F", -0.140213], "48": ["F", -0.140193], "49": ["N", -0.444001], "50": ["S", 0.802468], "51": ["O", -0.472101], "52": ["O", -0.456252], "53": ["C", 0.403237], "54": ["F", -0.157855], "55": ["F", -0.147899], "56": ["F", -0.151161], "57": ["S", 0.808332], "58": ["O", -0.497155], "59": ["O", -0.432643], "60": ["C", 0.455678], "61": ["F", -0.137624], "62": ["F", -0.145529], "63": ["F", -0.154283]}, "tensor": {"1": {"type": "Mg", "Isotropic": 583.2343, "Anisotropy": 4.9491, "tensor": [], "eigenvalues": [579.4344, 583.7348, 586.5336]}, "2": {"type": "O", "Isotropic": 320.755, "Anisotropy": 28.0579, "tensor": [[318.309, 14.1518, 8.4973]], "eigenvalues": [295.5371, 327.2677, 339.4602]}, "3": {"type": "C", "Isotropic": 127.6519, "Anisotropy": 88.798, "tensor": [[138.1144, 27.5411, 32.6131], [25.1093, 114.7794, 23.4751], [36.9936, 24.891, 130.062]], "eigenvalues": [96.9409, 99.1643, 186.8506]}, "4": {"type": "C", "Isotropic": 117.8347, "Anisotropy": 68.0681, "tensor": [], "eigenvalues": [86.9156, 103.375, 163.2135]}, "5": {"type": "C", "Isotropic": 117.7919, "Anisotropy": 70.7058, "tensor": [[0.7425, 97.4519, 21.6951]], "eigenvalues": [85.6601, 102.7864, 164.9291]}, "6": {"type": "O", "Isotropic": 326.0411, "Anisotropy": 33.8947, "tensor": [], "eigenvalues": [300.114, 329.3717, 348.6375]}, "7": {"type": "C", "Isotropic": 126.696, "Anisotropy": 87.1831, "tensor": [[121.6164, 27.4525, 32.0306], [27.5677, 120.4016, 28.6878], [26.9705, 28.8035, 138.0699]], "eigenvalues": [93.4917, 101.7782, 184.818]}, "8": {"type": "H", "Isotropic": 28.4626, "Anisotropy": 10.1526, "tensor": [[25.2517, 0.4929, 2.4608]], "eigenvalues": [24.183, 25.9739, 35.231]}, "9": {"type": "H", "Isotropic": 27.7419, "Anisotropy": 8.7529, "tensor": [], "eigenvalues": [22.7588, 26.8898, 33.5772]}, "10": {"type": "H", "Isotropic": 27.7109, "Anisotropy": 7.0352, "tensor": [], "eigenvalues": [24.5404, 26.1912, 32.401]}, "11": {"type": "H", "Isotropic": 28.2707, "Anisotropy": 8.2325, "tensor": [[0.2853, 25.3717, 0.2736]], "eigenvalues": [25.0087, 26.0444, 33.759]}, "12": {"type": "H", "Isotropic": 28.2509, "Anisotropy": 7.9032, "tensor": [], "eigenvalues": [24.7796, 26.4534, 33.5197]}, "13": {"type": "H", "Isotropic": 27.8044, "Anisotropy": 8.0253, "tensor": [], "eigenvalues": [23.9139, 26.3448, 33.1546]}, "14": {"type": "H", "Isotropic": 28.4399, "Anisotropy": 8.7918, "tensor": [[31.0026, 0.0957, 3.2929]], "eigenvalues": [24.1114, 26.9072, 34.3011]}, "15": {"type": "H", "Isotropic": 27.7455, "Anisotropy": 6.7929, "tensor": [[26.0146, 1.5376, 1.1093], [0.899, 25.4153, 2.0786]], "eigenvalues": [24.1407, 26.8216, 32.2741]}, "16": {"type": "H", "Isotropic": 28.3694, "Anisotropy": 8.0448, "tensor": [[28.8041, 3.8802, 0.58], [2.4079, 1.1862, 25.4529]], "eigenvalues": [24.4958, 26.8798, 33.7327]}, "17": {"type": "H", "Isotropic": 27.9085, "Anisotropy": 6.1326, "tensor": [[3.2978, 28.0776, 0.6925], [1.7167, 2.4672, 28.3257]], "eigenvalues": [23.99, 27.7386, 31.997]}, "18": {"type": "O", "Isotropic": 316.0628, "Anisotropy": 33.1111, "tensor": [[4.0941, 336.3409, 4.0723], [6.3511, 13.0103, 297.296]], "eigenvalues": [295.4875, 314.5642, 338.1369]}, "19": {"type": "C", "Isotropic": 128.0475, "Anisotropy": 86.6355, "tensor": [], "eigenvalues": [97.4383, 100.8997, 185.8045]}, "20": {"type": "C", "Isotropic": 118.3045, "Anisotropy": 70.7288, "tensor": [[130.5441, 26.9788, 6.4184], [36.7347, 136.3347, 1.8697]], "eigenvalues": [86.2269, 103.2295, 165.457]}, "21": {"type": "C", "Isotropic": 118.77, "Anisotropy": 69.6537, "tensor": [], "eigenvalues": [85.3637, 105.7406, 165.2058]}, "22": {"type": "O", "Isotropic": 319.4176, "Anisotropy": 37.0428, "tensor": [], "eigenvalues": [291.2372, 322.9028, 344.1128]}, "23": {"type": "C", "Isotropic": 127.4257, "Anisotropy": 86.3484, "tensor": [], "eigenvalues": [93.6217, 103.6641, 184.9913]}, "24": {"type": "H", "Isotropic": 28.0685, "Anisotropy": 7.8555, "tensor": [], "eigenvalues": [23.523, 27.377, 33.3055]}, "25": {"type": "H", "Isotropic": 28.3104, "Anisotropy": 5.429, "tensor": [[31.291, 2.5482, 1.6074]], "eigenvalues": [25.4441, 27.5573, 31.9297]}, "26": {"type": "H", "Isotropic": 28.0755, "Anisotropy": 7.6872, "tensor": [[25.7351, 1.8933, 0.4229]], "eigenvalues": [24.1766, 26.8497, 33.2003]}, "27": {"type": "H", "Isotropic": 27.9783, "Anisotropy": 8.3391, "tensor": [[25.3712, 1.721, 1.642], [0.6428, 32.0745, 3.688], [0.3667, 2.004, 26.4893]], "eigenvalues": [24.7278, 25.6695, 33.5377]}, "28": {"type": "H", "Isotropic": 27.1857, "Anisotropy": 6.2621, "tensor": [[24.5037, 0.8988, 0.5596]], "eigenvalues": [23.8108, 26.3858, 31.3604]}, "29": {"type": "H", "Isotropic": 28.2665, "Anisotropy": 8.7916, "tensor": [[27.9035, 2.217, 0.818]], "eigenvalues": [23.9888, 26.6833, 34.1276]}, "30": {"type": "H", "Isotropic": 28.0446, "Anisotropy": 6.8489, "tensor": [], "eigenvalues": [24.9208, 26.6024, 32.6105]}, "31": {"type": "H", "Isotropic": 28.4153, "Anisotropy": 9.867, "tensor": [[33.8776, 4.2535, 1.5075]], "eigenvalues": [24.4145, 25.8382, 34.9933]}, "32": {"type": "H", "Isotropic": 27.1402, "Anisotropy": 8.9904, "tensor": [], "eigenvalues": [21.4893, 26.7976, 33.1338]}, "33": {"type": "H", "Isotropic": 28.4058, "Anisotropy": 8.1137, "tensor": [], "eigenvalues": [24.2996, 27.103, 33.8149]}, "34": {"type": "N", "Isotropic": 107.9959, "Anisotropy": 62.375, "tensor": [], "eigenvalues": [78.0561, 96.3524, 149.5792]}, "35": {"type": "S", "Isotropic": 171.701, "Anisotropy": 282.3432, "tensor": [], "eigenvalues": [12.5815, 142.5917, 359.9298]}, "36": {"type": "O", "Isotropic": 137.0916, "Anisotropy": 84.8373, "tensor": [[84.0698, 4.3411, 13.7838]], "eigenvalues": [84.0524, 133.5726, 193.6498]}, "37": {"type": "O", "Isotropic": 126.4028, "Anisotropy": 59.2972, "tensor": [], "eigenvalues": [81.6343, 131.6398, 165.9342]}, "38": {"type": "C", "Isotropic": 61.098, "Anisotropy": 8.6988, "tensor": [[0.899, 0.3294, 66.6689]], "eigenvalues": [51.0863, 65.3105, 66.8972]}, "39": {"type": "F", "Isotropic": 276.3609, "Anisotropy": 121.6947, "tensor": [], "eigenvalues": [200.6452, 270.9469, 357.4908]}, "40": {"type": "F", "Isotropic": 269.2122, "Anisotropy": 123.7982, "tensor": [[200.6736, 15.595, 5.6361], [13.058, 345.5881, 19.4735], [6.3221, 20.9819, 261.3749]], "eigenvalues": [199.0046, 256.8877, 351.7443]}, "41": {"type": "F", "Isotropic": 268.2095, "Anisotropy": 125.7817, "tensor": [], "eigenvalues": [198.5004, 254.0641, 352.064]}, "42": {"type": "S", "Isotropic": 169.4883, "Anisotropy": 173.7133, "tensor": [], "eigenvalues": [35.1354, 188.0323, 285.2972]}, "43": {"type": "O", "Isotropic": 132.6572, "Anisotropy": 62.0471, "tensor": [], "eigenvalues": [88.7449, 135.2049, 174.022]}, "44": {"type": "O", "Isotropic": 152.8082, "Anisotropy": 92.5428, "tensor": [[142.3789, 7.3621, 1.7565]], "eigenvalues": [101.0771, 142.8441, 214.5034]}, "45": {"type": "C", "Isotropic": 60.403, "Anisotropy": 8.9444, "tensor": [[64.1318, 0.4122, 1.1854]], "eigenvalues": [50.9415, 63.9016, 66.3659]}, "46": {"type": "F", "Isotropic": 268.8344, "Anisotropy": 124.6931, "tensor": [], "eigenvalues": [199.5471, 254.993, 351.9631]}, "47": {"type": "F", "Isotropic": 269.1436, "Anisotropy": 120.1465, "tensor": [], "eigenvalues": [198.8777, 259.3118, 349.2413]}, "48": {"type": "F", "Isotropic": 271.0817, "Anisotropy": 119.3076, "tensor": [[259.0944, 11.9028, 12.9808]], "eigenvalues": [202.1399, 260.485, 350.6201]}, "49": {"type": "N", "Isotropic": 121.0459, "Anisotropy": 63.6344, "tensor": [[114.5253, 0.0674, 16.8711], [0.984, 94.6412, 10.9235], [21.357, 12.3228, 153.9713]], "eigenvalues": [91.9071, 107.7618, 163.4689]}, "50": {"type": "S", "Isotropic": 181.4152, "Anisotropy": 253.0999, "tensor": [], "eigenvalues": [24.0958, 170.0012, 350.1484]}, "51": {"type": "O", "Isotropic": 130.5077, "Anisotropy": 71.4983, "tensor": [[15.1678, 13.4584, 103.2441]], "eigenvalues": [93.9846, 119.3652, 178.1732]}, "52": {"type": "O", "Isotropic": 130.284, "Anisotropy": 73.6937, "tensor": [], "eigenvalues": [83.1814, 128.2574, 179.4131]}, "53": {"type": "C", "Isotropic": 59.8444, "Anisotropy": 9.5159, "tensor": [[7.2431, 1.3957, 60.2399]], "eigenvalues": [52.3917, 60.9532, 66.1884]}, "54": {"type": "F", "Isotropic": 268.4579, "Anisotropy": 126.4544, "tensor": [[44.8062, 4.7033, 216.0075]], "eigenvalues": [195.1753, 257.4375, 352.7608]}, "55": {"type": "F", "Isotropic": 268.603, "Anisotropy": 124.4151, "tensor": [[231.9533, 14.9095, 28.8289]], "eigenvalues": [196.025, 258.2377, 351.5465]}, "56": {"type": "F", "Isotropic": 271.7541, "Anisotropy": 123.298, "tensor": [[50.0147, 48.8676, 306.7259]], "eigenvalues": [196.0352, 265.2744, 353.9528]}, "57": {"type": "S", "Isotropic": 179.5499, "Anisotropy": 230.5315, "tensor": [], "eigenvalues": [34.1757, 171.2365, 333.2376]}, "58": {"type": "O", "Isotropic": 165.1139, "Anisotropy": 107.2771, "tensor": [], "eigenvalues": [111.8214, 146.8884, 236.632]}, "59": {"type": "O", "Isotropic": 125.6701, "Anisotropy": 50.5156, "tensor": [], "eigenvalues": [85.9073, 131.7559, 159.3472]}, "60": {"type": "C", "Isotropic": 61.6151, "Anisotropy": 9.3948, "tensor": [], "eigenvalues": [51.2131, 65.7539, 67.8783]}, "61": {"type": "F", "Isotropic": 270.0347, "Anisotropy": 124.0814, "tensor": [[1.9413, 4.8799, 256.9398]], "eigenvalues": [200.2678, 257.0806, 352.7556]}, "62": {"type": "F", "Isotropic": 270.5319, "Anisotropy": 120.4996, "tensor": [[52.4714, 4.3471, 311.4293]], "eigenvalues": [197.9898, 262.7408, 350.8649]}, "63": {"type": "F", "Isotropic": 267.7581, "Anisotropy": 123.0217, "tensor": [], "eigenvalues": [198.747, 254.7548, 349.7726]}}, "output": {"energies": [-4473.14573335], "final_energy": -4473.14573335, "final_energy_per_atom": -71.00231322777778, "molecule": {"charge": 0.0, "spin_multiplicity": 1, "sites": [{"name": "Mg", "species": [{"element": "Mg", "occu": 1}], "xyz": [14.977312, 12.202557, 33.021262], "properties": {}}, {"name": "O", "species": [{"element": "O", "occu": 1}], "xyz": [15.567214, 11.392518, 31.147752], "properties": {}}, {"name": "C", "species": [{"element": "C", "occu": 1}], "xyz": [14.61291, 10.822785, 30.244685], "properties": {}}, {"name": "C", "species": [{"element": "C", "occu": 1}], "xyz": [16.472273, 12.279882, 30.491288], "properties": {}}, {"name": "C", "species": [{"element": "C", "occu": 1}], "xyz": [17.509892, 12.703299, 31.496684], "properties": {}}, {"name": "O", "species": [{"element": "O", "occu": 1}], "xyz": [16.826141, 13.142378, 32.670589], "properties": {}}, {"name": "C", "species": [{"element": "C", "occu": 1}], "xyz": [17.660186, 13.885855, 33.56097], "properties": {}}, {"name": "H", "species": [{"element": "H", "occu": 1}], "xyz": [15.139057, 10.277089, 29.459507], "properties": {}}, {"name": "H", "species": [{"element": "H", "occu": 1}], "xyz": [13.986419, 11.606562, 29.812601], "properties": {}}, {"name": "H", "species": [{"element": "H", "occu": 1}], "xyz": [15.916135, 13.143942, 30.115799], "properties": {}}, {"name": "H", "species": [{"element": "H", "occu": 1}], "xyz": [16.952187, 11.769026, 29.653025], "properties": {}}, {"name": "H", "species": [{"element": "H", "occu": 1}], "xyz": [18.106287, 13.5217, 31.086294], "properties": {}}, {"name": "H", "species": [{"element": "H", "occu": 1}], "xyz": [18.175699, 11.874647, 31.758797], "properties": {}}, {"name": "H", "species": [{"element": "H", "occu": 1}], "xyz": [18.532009, 13.291029, 33.846316], "properties": {}}, {"name": "H", "species": [{"element": "H", "occu": 1}], "xyz": [17.072669, 14.119908, 34.444012], "properties": {}}, {"name": "H", "species": [{"element": "H", "occu": 1}], "xyz": [17.986198, 14.805596, 33.072285], "properties": {}}, {"name": "H", "species": [{"element": "H", "occu": 1}], "xyz": [13.993169, 10.139794, 30.820162], "properties": {}}, {"name": "O", "species": [{"element": "O", "occu": 1}], "xyz": [15.796164, 10.525133, 34.027795], "properties": {}}, {"name": "C", "species": [{"element": "C", "occu": 1}], "xyz": [17.181173, 10.189855, 34.072299], "properties": {}}, {"name": "C", "species": [{"element": "C", "occu": 1}], "xyz": [14.950242, 9.378404, 33.975816], "properties": {}}, {"name": "C", "species": [{"element": "C", "occu": 1}], "xyz": [13.531963, 9.856488, 34.134455], "properties": {}}, {"name": "O", "species": [{"element": "O", "occu": 1}], "xyz": [13.325543, 10.909083, 33.188289], "properties": {}}, {"name": "C", "species": [{"element": "C", "occu": 1}], "xyz": [11.965633, 11.357422, 33.144564], "properties": {}}, {"name": "H", "species": [{"element": "H", "occu": 1}], "xyz": [17.374298, 9.55379, 34.936813], "properties": {}}, {"name": "H", "species": [{"element": "H", "occu": 1}], "xyz": [17.73737, 11.117669, 34.186628], "properties": {}}, {"name": "H", "species": [{"element": "H", "occu": 1}], "xyz": [15.204222, 8.695078, 34.789919], "properties": {}}, {"name": "H", "species": [{"element": "H", "occu": 1}], "xyz": [15.095569, 8.866643, 33.017795], "properties": {}}, {"name": "H", "species": [{"element": "H", "occu": 1}], "xyz": [13.354372, 10.239063, 35.143861], "properties": {}}, {"name": "H", "species": [{"element": "H", "occu": 1}], "xyz": [12.83831, 9.0377, 33.929664], "properties": {}}, {"name": "H", "species": [{"element": "H", "occu": 1}], "xyz": [11.714986, 11.887027, 34.066872], "properties": {}}, {"name": "H", "species": [{"element": "H", "occu": 1}], "xyz": [11.306595, 10.496878, 33.01866], "properties": {}}, {"name": "H", "species": [{"element": "H", "occu": 1}], "xyz": [11.869501, 12.016716, 32.285208], "properties": {}}, {"name": "H", "species": [{"element": "H", "occu": 1}], "xyz": [17.476346, 9.681273, 33.150204], "properties": {}}, {"name": "N", "species": [{"element": "N", "occu": 1}], "xyz": [16.273143, 12.574663, 36.556258], "properties": {}}, {"name": "S", "species": [{"element": "S", "occu": 1}], "xyz": [16.737978, 11.608919, 37.728042], "properties": {}}, {"name": "O", "species": [{"element": "O", "occu": 1}], "xyz": [16.217738, 11.948255, 39.016134], "properties": {}}, {"name": "O", "species": [{"element": "O", "occu": 1}], "xyz": [16.744376, 10.232481, 37.332665], "properties": {}}, {"name": "C", "species": [{"element": "C", "occu": 1}], "xyz": [18.510316, 12.115969, 37.75434], "properties": {}}, {"name": "F", "species": [{"element": "F", "occu": 1}], "xyz": [19.132459, 11.399788, 38.686137], "properties": {}}, {"name": "F", "species": [{"element": "F", "occu": 1}], "xyz": [18.633035, 13.404644, 38.047424], "properties": {}}, {"name": "F", "species": [{"element": "F", "occu": 1}], "xyz": [19.091766, 11.88443, 36.578987], "properties": {}}, {"name": "S", "species": [{"element": "S", "occu": 1}], "xyz": [14.799756, 12.89414, 36.217798], "properties": {}}, {"name": "O", "species": [{"element": "O", "occu": 1}], "xyz": [13.806336, 12.036291, 36.783182], "properties": {}}, {"name": "O", "species": [{"element": "O", "occu": 1}], "xyz": [14.697264, 13.170984, 34.790736], "properties": {}}, {"name": "C", "species": [{"element": "C", "occu": 1}], "xyz": [14.493492, 14.567243, 36.931325], "properties": {}}, {"name": "F", "species": [{"element": "F", "occu": 1}], "xyz": [15.348665, 15.446483, 36.418504], "properties": {}}, {"name": "F", "species": [{"element": "F", "occu": 1}], "xyz": [13.255185, 14.950203, 36.652144], "properties": {}}, {"name": "F", "species": [{"element": "F", "occu": 1}], "xyz": [14.652131, 14.525061, 38.247278], "properties": {}}, {"name": "N", "species": [{"element": "N", "occu": 1}], "xyz": [12.340551, 15.251121, 30.873532], "properties": {}}, {"name": "S", "species": [{"element": "S", "occu": 1}], "xyz": [11.776574, 14.332643, 29.728712], "properties": {}}, {"name": "O", "species": [{"element": "O", "occu": 1}], "xyz": [11.876, 12.928317, 29.996222], "properties": {}}, {"name": "O", "species": [{"element": "O", "occu": 1}], "xyz": [10.543667, 14.867017, 29.25127], "properties": {}}, {"name": "C", "species": [{"element": "C", "occu": 1}], "xyz": [12.962148, 14.635301, 28.349672], "properties": {}}, {"name": "F", "species": [{"element": "F", "occu": 1}], "xyz": [14.187393, 14.221086, 28.684229], "properties": {}}, {"name": "F", "species": [{"element": "F", "occu": 1}], "xyz": [13.02045, 15.926785, 28.048838], "properties": {}}, {"name": "F", "species": [{"element": "F", "occu": 1}], "xyz": [12.567526, 13.958279, 27.275638], "properties": {}}, {"name": "S", "species": [{"element": "S", "occu": 1}], "xyz": [13.194465, 14.883414, 32.109216], "properties": {}}, {"name": "O", "species": [{"element": "O", "occu": 1}], "xyz": [13.928617, 13.627573, 31.979553], "properties": {}}, {"name": "O", "species": [{"element": "O", "occu": 1}], "xyz": [12.533988, 15.106194, 33.351547], "properties": {}}, {"name": "C", "species": [{"element": "C", "occu": 1}], "xyz": [14.519625, 16.162448, 32.021327], "properties": {}}, {"name": "F", "species": [{"element": "F", "occu": 1}], "xyz": [13.995144, 17.377187, 32.06085], "properties": {}}, {"name": "F", "species": [{"element": "F", "occu": 1}], "xyz": [15.333882, 16.006037, 33.062538], "properties": {}}, {"name": "F", "species": [{"element": "F", "occu": 1}], "xyz": [15.225303, 16.026442, 30.902327], "properties": {}}]}, "stationary_type": "Minimum", "corrections": {}, "tensor": {"1": {"type": "Mg", "Isotropic": 583.2343, "Anisotropy": 4.9491, "tensor": [], "eigenvalues": [579.4344, 583.7348, 586.5336]}, "2": {"type": "O", "Isotropic": 320.755, "Anisotropy": 28.0579, "tensor": [[318.309, 14.1518, 8.4973]], "eigenvalues": [295.5371, 327.2677, 339.4602]}, "3": {"type": "C", "Isotropic": 127.6519, "Anisotropy": 88.798, "tensor": [[138.1144, 27.5411, 32.6131], [25.1093, 114.7794, 23.4751], [36.9936, 24.891, 130.062]], "eigenvalues": [96.9409, 99.1643, 186.8506]}, "4": {"type": "C", "Isotropic": 117.8347, "Anisotropy": 68.0681, "tensor": [], "eigenvalues": [86.9156, 103.375, 163.2135]}, "5": {"type": "C", "Isotropic": 117.7919, "Anisotropy": 70.7058, "tensor": [[0.7425, 97.4519, 21.6951]], "eigenvalues": [85.6601, 102.7864, 164.9291]}, "6": {"type": "O", "Isotropic": 326.0411, "Anisotropy": 33.8947, "tensor": [], "eigenvalues": [300.114, 329.3717, 348.6375]}, "7": {"type": "C", "Isotropic": 126.696, "Anisotropy": 87.1831, "tensor": [[121.6164, 27.4525, 32.0306], [27.5677, 120.4016, 28.6878], [26.9705, 28.8035, 138.0699]], "eigenvalues": [93.4917, 101.7782, 184.818]}, "8": {"type": "H", "Isotropic": 28.4626, "Anisotropy": 10.1526, "tensor": [[25.2517, 0.4929, 2.4608]], "eigenvalues": [24.183, 25.9739, 35.231]}, "9": {"type": "H", "Isotropic": 27.7419, "Anisotropy": 8.7529, "tensor": [], "eigenvalues": [22.7588, 26.8898, 33.5772]}, "10": {"type": "H", "Isotropic": 27.7109, "Anisotropy": 7.0352, "tensor": [], "eigenvalues": [24.5404, 26.1912, 32.401]}, "11": {"type": "H", "Isotropic": 28.2707, "Anisotropy": 8.2325, "tensor": [[0.2853, 25.3717, 0.2736]], "eigenvalues": [25.0087, 26.0444, 33.759]}, "12": {"type": "H", "Isotropic": 28.2509, "Anisotropy": 7.9032, "tensor": [], "eigenvalues": [24.7796, 26.4534, 33.5197]}, "13": {"type": "H", "Isotropic": 27.8044, "Anisotropy": 8.0253, "tensor": [], "eigenvalues": [23.9139, 26.3448, 33.1546]}, "14": {"type": "H", "Isotropic": 28.4399, "Anisotropy": 8.7918, "tensor": [[31.0026, 0.0957, 3.2929]], "eigenvalues": [24.1114, 26.9072, 34.3011]}, "15": {"type": "H", "Isotropic": 27.7455, "Anisotropy": 6.7929, "tensor": [[26.0146, 1.5376, 1.1093], [0.899, 25.4153, 2.0786]], "eigenvalues": [24.1407, 26.8216, 32.2741]}, "16": {"type": "H", "Isotropic": 28.3694, "Anisotropy": 8.0448, "tensor": [[28.8041, 3.8802, 0.58], [2.4079, 1.1862, 25.4529]], "eigenvalues": [24.4958, 26.8798, 33.7327]}, "17": {"type": "H", "Isotropic": 27.9085, "Anisotropy": 6.1326, "tensor": [[3.2978, 28.0776, 0.6925], [1.7167, 2.4672, 28.3257]], "eigenvalues": [23.99, 27.7386, 31.997]}, "18": {"type": "O", "Isotropic": 316.0628, "Anisotropy": 33.1111, "tensor": [[4.0941, 336.3409, 4.0723], [6.3511, 13.0103, 297.296]], "eigenvalues": [295.4875, 314.5642, 338.1369]}, "19": {"type": "C", "Isotropic": 128.0475, "Anisotropy": 86.6355, "tensor": [], "eigenvalues": [97.4383, 100.8997, 185.8045]}, "20": {"type": "C", "Isotropic": 118.3045, "Anisotropy": 70.7288, "tensor": [[130.5441, 26.9788, 6.4184], [36.7347, 136.3347, 1.8697]], "eigenvalues": [86.2269, 103.2295, 165.457]}, "21": {"type": "C", "Isotropic": 118.77, "Anisotropy": 69.6537, "tensor": [], "eigenvalues": [85.3637, 105.7406, 165.2058]}, "22": {"type": "O", "Isotropic": 319.4176, "Anisotropy": 37.0428, "tensor": [], "eigenvalues": [291.2372, 322.9028, 344.1128]}, "23": {"type": "C", "Isotropic": 127.4257, "Anisotropy": 86.3484, "tensor": [], "eigenvalues": [93.6217, 103.6641, 184.9913]}, "24": {"type": "H", "Isotropic": 28.0685, "Anisotropy": 7.8555, "tensor": [], "eigenvalues": [23.523, 27.377, 33.3055]}, "25": {"type": "H", "Isotropic": 28.3104, "Anisotropy": 5.429, "tensor": [[31.291, 2.5482, 1.6074]], "eigenvalues": [25.4441, 27.5573, 31.9297]}, "26": {"type": "H", "Isotropic": 28.0755, "Anisotropy": 7.6872, "tensor": [[25.7351, 1.8933, 0.4229]], "eigenvalues": [24.1766, 26.8497, 33.2003]}, "27": {"type": "H", "Isotropic": 27.9783, "Anisotropy": 8.3391, "tensor": [[25.3712, 1.721, 1.642], [0.6428, 32.0745, 3.688], [0.3667, 2.004, 26.4893]], "eigenvalues": [24.7278, 25.6695, 33.5377]}, "28": {"type": "H", "Isotropic": 27.1857, "Anisotropy": 6.2621, "tensor": [[24.5037, 0.8988, 0.5596]], "eigenvalues": [23.8108, 26.3858, 31.3604]}, "29": {"type": "H", "Isotropic": 28.2665, "Anisotropy": 8.7916, "tensor": [[27.9035, 2.217, 0.818]], "eigenvalues": [23.9888, 26.6833, 34.1276]}, "30": {"type": "H", "Isotropic": 28.0446, "Anisotropy": 6.8489, "tensor": [], "eigenvalues": [24.9208, 26.6024, 32.6105]}, "31": {"type": "H", "Isotropic": 28.4153, "Anisotropy": 9.867, "tensor": [[33.8776, 4.2535, 1.5075]], "eigenvalues": [24.4145, 25.8382, 34.9933]}, "32": {"type": "H", "Isotropic": 27.1402, "Anisotropy": 8.9904, "tensor": [], "eigenvalues": [21.4893, 26.7976, 33.1338]}, "33": {"type": "H", "Isotropic": 28.4058, "Anisotropy": 8.1137, "tensor": [], "eigenvalues": [24.2996, 27.103, 33.8149]}, "34": {"type": "N", "Isotropic": 107.9959, "Anisotropy": 62.375, "tensor": [], "eigenvalues": [78.0561, 96.3524, 149.5792]}, "35": {"type": "S", "Isotropic": 171.701, "Anisotropy": 282.3432, "tensor": [], "eigenvalues": [12.5815, 142.5917, 359.9298]}, "36": {"type": "O", "Isotropic": 137.0916, "Anisotropy": 84.8373, "tensor": [[84.0698, 4.3411, 13.7838]], "eigenvalues": [84.0524, 133.5726, 193.6498]}, "37": {"type": "O", "Isotropic": 126.4028, "Anisotropy": 59.2972, "tensor": [], "eigenvalues": [81.6343, 131.6398, 165.9342]}, "38": {"type": "C", "Isotropic": 61.098, "Anisotropy": 8.6988, "tensor": [[0.899, 0.3294, 66.6689]], "eigenvalues": [51.0863, 65.3105, 66.8972]}, "39": {"type": "F", "Isotropic": 276.3609, "Anisotropy": 121.6947, "tensor": [], "eigenvalues": [200.6452, 270.9469, 357.4908]}, "40": {"type": "F", "Isotropic": 269.2122, "Anisotropy": 123.7982, "tensor": [[200.6736, 15.595, 5.6361], [13.058, 345.5881, 19.4735], [6.3221, 20.9819, 261.3749]], "eigenvalues": [199.0046, 256.8877, 351.7443]}, "41": {"type": "F", "Isotropic": 268.2095, "Anisotropy": 125.7817, "tensor": [], "eigenvalues": [198.5004, 254.0641, 352.064]}, "42": {"type": "S", "Isotropic": 169.4883, "Anisotropy": 173.7133, "tensor": [], "eigenvalues": [35.1354, 188.0323, 285.2972]}, "43": {"type": "O", "Isotropic": 132.6572, "Anisotropy": 62.0471, "tensor": [], "eigenvalues": [88.7449, 135.2049, 174.022]}, "44": {"type": "O", "Isotropic": 152.8082, "Anisotropy": 92.5428, "tensor": [[142.3789, 7.3621, 1.7565]], "eigenvalues": [101.0771, 142.8441, 214.5034]}, "45": {"type": "C", "Isotropic": 60.403, "Anisotropy": 8.9444, "tensor": [[64.1318, 0.4122, 1.1854]], "eigenvalues": [50.9415, 63.9016, 66.3659]}, "46": {"type": "F", "Isotropic": 268.8344, "Anisotropy": 124.6931, "tensor": [], "eigenvalues": [199.5471, 254.993, 351.9631]}, "47": {"type": "F", "Isotropic": 269.1436, "Anisotropy": 120.1465, "tensor": [], "eigenvalues": [198.8777, 259.3118, 349.2413]}, "48": {"type": "F", "Isotropic": 271.0817, "Anisotropy": 119.3076, "tensor": [[259.0944, 11.9028, 12.9808]], "eigenvalues": [202.1399, 260.485, 350.6201]}, "49": {"type": "N", "Isotropic": 121.0459, "Anisotropy": 63.6344, "tensor": [[114.5253, 0.0674, 16.8711], [0.984, 94.6412, 10.9235], [21.357, 12.3228, 153.9713]], "eigenvalues": [91.9071, 107.7618, 163.4689]}, "50": {"type": "S", "Isotropic": 181.4152, "Anisotropy": 253.0999, "tensor": [], "eigenvalues": [24.0958, 170.0012, 350.1484]}, "51": {"type": "O", "Isotropic": 130.5077, "Anisotropy": 71.4983, "tensor": [[15.1678, 13.4584, 103.2441]], "eigenvalues": [93.9846, 119.3652, 178.1732]}, "52": {"type": "O", "Isotropic": 130.284, "Anisotropy": 73.6937, "tensor": [], "eigenvalues": [83.1814, 128.2574, 179.4131]}, "53": {"type": "C", "Isotropic": 59.8444, "Anisotropy": 9.5159, "tensor": [[7.2431, 1.3957, 60.2399]], "eigenvalues": [52.3917, 60.9532, 66.1884]}, "54": {"type": "F", "Isotropic": 268.4579, "Anisotropy": 126.4544, "tensor": [[44.8062, 4.7033, 216.0075]], "eigenvalues": [195.1753, 257.4375, 352.7608]}, "55": {"type": "F", "Isotropic": 268.603, "Anisotropy": 124.4151, "tensor": [[231.9533, 14.9095, 28.8289]], "eigenvalues": [196.025, 258.2377, 351.5465]}, "56": {"type": "F", "Isotropic": 271.7541, "Anisotropy": 123.298, "tensor": [[50.0147, 48.8676, 306.7259]], "eigenvalues": [196.0352, 265.2744, 353.9528]}, "57": {"type": "S", "Isotropic": 179.5499, "Anisotropy": 230.5315, "tensor": [], "eigenvalues": [34.1757, 171.2365, 333.2376]}, "58": {"type": "O", "Isotropic": 165.1139, "Anisotropy": 107.2771, "tensor": [], "eigenvalues": [111.8214, 146.8884, 236.632]}, "59": {"type": "O", "Isotropic": 125.6701, "Anisotropy": 50.5156, "tensor": [], "eigenvalues": [85.9073, 131.7559, 159.3472]}, "60": {"type": "C", "Isotropic": 61.6151, "Anisotropy": 9.3948, "tensor": [], "eigenvalues": [51.2131, 65.7539, 67.8783]}, "61": {"type": "F", "Isotropic": 270.0347, "Anisotropy": 124.0814, "tensor": [[1.9413, 4.8799, 256.9398]], "eigenvalues": [200.2678, 257.0806, 352.7556]}, "62": {"type": "F", "Isotropic": 270.5319, "Anisotropy": 120.4996, "tensor": [[52.4714, 4.3471, 311.4293]], "eigenvalues": [197.9898, 262.7408, 350.8649]}, "63": {"type": "F", "Isotropic": 267.7581, "Anisotropy": 123.0217, "tensor": [], "eigenvalues": [198.747, 254.7548, 349.7726]}}}}, "functional": "wB97X", "basis": "Def2TZVP", "phase": "solution", "type": "nmr;scrf", "smiles": "[Mg](O[S@]([N]S(=O)(=O)C(F)(F)F)([O])C(F)(F)F)O[S@@]([N]S(=O)(=O)C(F)(F)F)([O])C(F)(F)F.O(C)CCOC.O(C)CCOC", "formula": "Mg1 H20 C12 S4 N2 O12 F12", "formula_pretty": "MgH20C12S4N2(OF)12", "formula_anonymous": "AB2C4D12E12F12G20", "formula_alphabetical": "C12 F12 H20 Mg1 N2 O12 S4", "chemsys": "C-F-H-Mg-N-O-S", "nsites": 63, "nelements": 7, "is_ordered": true, "is_valid": true, "tag": "oplsd_5", "wall_time (s)": 4044.3431949922815, "last_updated": "2021-01-10T21:26:56.874283", "_id": null}