{"input": {"molecule": {"charge": 0, "spin_multiplicity": 1, "sites": [{"name": "O", "species": [{"element": "O", "occu": 1}], "xyz": [1.711597, -0.527046, 0.000122], "properties": {}}, {"name": "C", "species": [{"element": "C", "occu": 1}], "xyz": [2.967108, 0.11041, 7.5e-05], "properties": {}}, {"name": "C", "species": [{"element": "C", "occu": 1}], "xyz": [0.646476, 0.391802, 0.000165], "properties": {}}, {"name": "C", "species": [{"element": "C", "occu": 1}], "xyz": [-0.646477, -0.391552, 0.000211], "properties": {}}, {"name": "O", "species": [{"element": "O", "occu": 1}], "xyz": [-1.711597, 0.527296, 0.000251], "properties": {}}, {"name": "C", "species": [{"element": "C", "occu": 1}], "xyz": [-2.967108, -0.11016, 0.000299], "properties": {}}, {"name": "H", "species": [{"element": "H", "occu": 1}], "xyz": [3.092195, 0.738332, 0.890695], "properties": {}}, {"name": "H", "species": [{"element": "H", "occu": 1}], "xyz": [3.092126, 0.738337, -0.89055], "properties": {}}, {"name": "H", "species": [{"element": "H", "occu": 1}], "xyz": [0.691523, 1.037335, -0.88773], "properties": {}}, {"name": "H", "species": [{"element": "H", "occu": 1}], "xyz": [0.69159, 1.03733, 0.88806], "properties": {}}, {"name": "H", "species": [{"element": "H", "occu": 1}], "xyz": [-0.691524, -1.037083, 0.888107], "properties": {}}, {"name": "H", "species": [{"element": "H", "occu": 1}], "xyz": [-0.691589, -1.037082, -0.887682], "properties": {}}, {"name": "H", "species": [{"element": "H", "occu": 1}], "xyz": [-3.092128, -0.738083, 0.890927], "properties": {}}, {"name": "H", "species": [{"element": "H", "occu": 1}], "xyz": [-3.092193, -0.738086, -0.890318], "properties": {}}, {"name": "H", "species": [{"element": "H", "occu": 1}], "xyz": [-3.731485, 0.665491, 0.000325], "properties": {}}, {"name": "H", "species": [{"element": "H", "occu": 1}], "xyz": [3.731485, -0.665241, 4.3e-05], "properties": {}}]}, "functional": "wB97X", "basis_set": "Def2TZVP", "route_parameters": {"NMR": "GIAO", "iop(7/33=1)": null, "int": "ultrafine", "NoSymmetry": null, "test": null, "SCRF": "(Solvent=TetraHydroFuran)"}, "title": "H10 C4 O2", "charge": 0, "spin_multiplicity": 1, "input_parameters": {}, "link0_parameters": {"%chk": "checkpoint.chk", "%mem": "100GB", "%NProcShared": "28"}, "dieze_tag": "#P", "nbasisfunctions": 246, "pcm_parameters": {}}, "output": {"has_gaussian_completed": true, "is_pcm": true, "errors": [], "Mulliken_charges": {"1": ["O", -0.345036], "2": ["C", -0.180907], "3": ["C", -0.012376], "4": ["C", -0.012375], "5": ["O", -0.345036], "6": ["C", -0.180907], "7": ["H", 0.110128], "8": ["H", 0.110128], "9": ["H", 0.093543], "10": ["H", 0.093543], "11": ["H", 0.093542], "12": ["H", 0.093543], "13": ["H", 0.110128], "14": ["H", 0.110128], "15": ["H", 0.130976], "16": ["H", 0.130976]}, "tensor": {"1": {"type": "O", "Isotropic": 327.4637, "Anisotropy": 31.6176, "tensor": [], "eigenvalues": [301.6646, 332.1843, 348.5421]}, "2": {"type": "C", "Isotropic": 130.0387, "Anisotropy": 89.1015, "tensor": [], "eigenvalues": [99.5545, 101.122, 189.4397]}, "3": {"type": "C", "Isotropic": 116.4887, "Anisotropy": 80.1231, "tensor": [], "eigenvalues": [84.0779, 95.4841, 169.9041]}, "4": {"type": "C", "Isotropic": 116.4889, "Anisotropy": 80.1231, "tensor": [], "eigenvalues": [84.0781, 95.4842, 169.9043]}, "5": {"type": "O", "Isotropic": 327.4639, "Anisotropy": 31.6173, "tensor": [], "eigenvalues": [301.6649, 332.1846, 348.5421]}, "6": {"type": "C", "Isotropic": 130.0387, "Anisotropy": 89.1015, "tensor": [], "eigenvalues": [99.5545, 101.122, 189.4397]}, "7": {"type": "H", "Isotropic": 28.5806, "Anisotropy": 8.4404, "tensor": [[30.1564, 4.4166, 3.675], [2.2058, 27.3581, 2.4969], [1.6938, 1.4592, 28.2272]], "eigenvalues": [25.1449, 26.3893, 34.2075]}, "8": {"type": "H", "Isotropic": 28.5806, "Anisotropy": 8.4404, "tensor": [], "eigenvalues": [25.145, 26.3893, 34.2076]}, "9": {"type": "H", "Isotropic": 28.4395, "Anisotropy": 4.5125, "tensor": [], "eigenvalues": [25.4267, 28.444, 31.4478]}, "10": {"type": "H", "Isotropic": 28.4395, "Anisotropy": 4.5125, "tensor": [[0.1835, 2.0259, 27.8034]], "eigenvalues": [25.4267, 28.444, 31.4478]}, "11": {"type": "H", "Isotropic": 28.4395, "Anisotropy": 4.5125, "tensor": [], "eigenvalues": [25.4267, 28.444, 31.4478]}, "12": {"type": "H", "Isotropic": 28.4395, "Anisotropy": 4.5125, "tensor": [[0.1835, 2.0259, 27.8034]], "eigenvalues": [25.4267, 28.444, 31.4479]}, "13": {"type": "H", "Isotropic": 28.5806, "Anisotropy": 8.4404, "tensor": [], "eigenvalues": [25.1449, 26.3893, 34.2075]}, "14": {"type": "H", "Isotropic": 28.5806, "Anisotropy": 8.4404, "tensor": [[30.1564, 4.4166, 3.675], [2.2058, 27.3582, 2.4969], [1.6938, 1.4592, 28.2272]], "eigenvalues": [25.1449, 26.3893, 34.2075]}, "15": {"type": "H", "Isotropic": 28.2105, "Anisotropy": 9.1386, "tensor": [], "eigenvalues": [24.4938, 25.8348, 34.3029]}, "16": {"type": "H", "Isotropic": 28.2105, "Anisotropy": 9.1386, "tensor": [], "eigenvalues": [24.4938, 25.8348, 34.3029]}}, "output": {"energies": [-308.90234121], "final_energy": -308.90234121, "final_energy_per_atom": -19.306396325625, "molecule": {"charge": 0.0, "spin_multiplicity": 1, "sites": [{"name": "O", "species": [{"element": "O", "occu": 1}], "xyz": [1.711597, -0.527046, 0.000122], "properties": {}}, {"name": "C", "species": [{"element": "C", "occu": 1}], "xyz": [2.967108, 0.11041, 7.5e-05], "properties": {}}, {"name": "C", "species": [{"element": "C", "occu": 1}], "xyz": [0.646476, 0.391802, 0.000165], "properties": {}}, {"name": "C", "species": [{"element": "C", "occu": 1}], "xyz": [-0.646477, -0.391552, 0.000211], "properties": {}}, {"name": "O", "species": [{"element": "O", "occu": 1}], "xyz": [-1.711597, 0.527296, 0.000251], "properties": {}}, {"name": "C", "species": [{"element": "C", "occu": 1}], "xyz": [-2.967108, -0.11016, 0.000299], "properties": {}}, {"name": "H", "species": [{"element": "H", "occu": 1}], "xyz": [3.092195, 0.738332, 0.890695], "properties": {}}, {"name": "H", "species": [{"element": "H", "occu": 1}], "xyz": [3.092126, 0.738337, -0.89055], "properties": {}}, {"name": "H", "species": [{"element": "H", "occu": 1}], "xyz": [0.691523, 1.037335, -0.88773], "properties": {}}, {"name": "H", "species": [{"element": "H", "occu": 1}], "xyz": [0.69159, 1.03733, 0.88806], "properties": {}}, {"name": "H", "species": [{"element": "H", "occu": 1}], "xyz": [-0.691524, -1.037083, 0.888107], "properties": {}}, {"name": "H", "species": [{"element": "H", "occu": 1}], "xyz": [-0.691589, -1.037082, -0.887682], "properties": {}}, {"name": "H", "species": [{"element": "H", "occu": 1}], "xyz": [-3.092128, -0.738083, 0.890927], "properties": {}}, {"name": "H", "species": [{"element": "H", "occu": 1}], "xyz": [-3.092193, -0.738086, -0.890318], "properties": {}}, {"name": "H", "species": [{"element": "H", "occu": 1}], "xyz": [-3.731485, 0.665491, 0.000325], "properties": {}}, {"name": "H", "species": [{"element": "H", "occu": 1}], "xyz": [3.731485, -0.665241, 4.3e-05], "properties": {}}]}, "stationary_type": "Minimum", "corrections": {}, "tensor": {"1": {"type": "O", "Isotropic": 327.4637, "Anisotropy": 31.6176, "tensor": [], "eigenvalues": [301.6646, 332.1843, 348.5421]}, "2": {"type": "C", "Isotropic": 130.0387, "Anisotropy": 89.1015, "tensor": [], "eigenvalues": [99.5545, 101.122, 189.4397]}, "3": {"type": "C", "Isotropic": 116.4887, "Anisotropy": 80.1231, "tensor": [], "eigenvalues": [84.0779, 95.4841, 169.9041]}, "4": {"type": "C", "Isotropic": 116.4889, "Anisotropy": 80.1231, "tensor": [], "eigenvalues": [84.0781, 95.4842, 169.9043]}, "5": {"type": "O", "Isotropic": 327.4639, "Anisotropy": 31.6173, "tensor": [], "eigenvalues": [301.6649, 332.1846, 348.5421]}, "6": {"type": "C", "Isotropic": 130.0387, "Anisotropy": 89.1015, "tensor": [], "eigenvalues": [99.5545, 101.122, 189.4397]}, "7": {"type": "H", "Isotropic": 28.5806, "Anisotropy": 8.4404, "tensor": [[30.1564, 4.4166, 3.675], [2.2058, 27.3581, 2.4969], [1.6938, 1.4592, 28.2272]], "eigenvalues": [25.1449, 26.3893, 34.2075]}, "8": {"type": "H", "Isotropic": 28.5806, "Anisotropy": 8.4404, "tensor": [], "eigenvalues": [25.145, 26.3893, 34.2076]}, "9": {"type": "H", "Isotropic": 28.4395, "Anisotropy": 4.5125, "tensor": [], "eigenvalues": [25.4267, 28.444, 31.4478]}, "10": {"type": "H", "Isotropic": 28.4395, "Anisotropy": 4.5125, "tensor": [[0.1835, 2.0259, 27.8034]], "eigenvalues": [25.4267, 28.444, 31.4478]}, "11": {"type": "H", "Isotropic": 28.4395, "Anisotropy": 4.5125, "tensor": [], "eigenvalues": [25.4267, 28.444, 31.4478]}, "12": {"type": "H", "Isotropic": 28.4395, "Anisotropy": 4.5125, "tensor": [[0.1835, 2.0259, 27.8034]], "eigenvalues": [25.4267, 28.444, 31.4479]}, "13": {"type": "H", "Isotropic": 28.5806, "Anisotropy": 8.4404, "tensor": [], "eigenvalues": [25.1449, 26.3893, 34.2075]}, "14": {"type": "H", "Isotropic": 28.5806, "Anisotropy": 8.4404, "tensor": [[30.1564, 4.4166, 3.675], [2.2058, 27.3582, 2.4969], [1.6938, 1.4592, 28.2272]], "eigenvalues": [25.1449, 26.3893, 34.2075]}, "15": {"type": "H", "Isotropic": 28.2105, "Anisotropy": 9.1386, "tensor": [], "eigenvalues": [24.4938, 25.8348, 34.3029]}, "16": {"type": "H", "Isotropic": 28.2105, "Anisotropy": 9.1386, "tensor": [], "eigenvalues": [24.4938, 25.8348, 34.3029]}}}}, "functional": "wB97X", "basis": "Def2TZVP", "phase": "solution", "type": "scrf;nmr", "smiles": "O(C)CCOC", "formula": "H10 C4 O2", "formula_pretty": "H5C2O", "formula_anonymous": "AB2C5", "formula_alphabetical": "C4 H10 O2", "chemsys": "C-H-O", "nsites": 16, "nelements": 3, "is_ordered": true, "is_valid": true, "tag": "oplsd_ref", "wall_time (s)": 48.34957089833915, "last_updated": "2021-01-20T10:22:53.897349", "_id": null}