{"input": {"molecule": {"charge": 0, "spin_multiplicity": 1, "sites": [{"name": "O", "species": [{"element": "O", "occu": 1}], "xyz": [1.28393, 0.351582, -2.158643], "properties": {}}, {"name": "C", "species": [{"element": "C", "occu": 1}], "xyz": [1.998056, 1.316396, -2.894258], "properties": {}}, {"name": "C", "species": [{"element": "C", "occu": 1}], "xyz": [0.692331, 0.895623, -1.004124], "properties": {}}, {"name": "C", "species": [{"element": "C", "occu": 1}], "xyz": [0.018488, -0.225102, -0.245885], "properties": {}}, {"name": "O", "species": [{"element": "O", "occu": 1}], "xyz": [-0.597718, 0.332468, 0.88943], "properties": {}}, {"name": "C", "species": [{"element": "C", "occu": 1}], "xyz": [-1.25273, -0.634492, 1.676907], "properties": {}}, {"name": "H", "species": [{"element": "H", "occu": 1}], "xyz": [2.811487, 1.747374, -2.294041], "properties": {}}, {"name": "H", "species": [{"element": "H", "occu": 1}], "xyz": [1.340192, 2.129314, -3.225862], "properties": {}}, {"name": "H", "species": [{"element": "H", "occu": 1}], "xyz": [-0.047297, 1.664909, -1.268157], "properties": {}}, {"name": "H", "species": [{"element": "H", "occu": 1}], "xyz": [1.455412, 1.371432, -0.369197], "properties": {}}, {"name": "H", "species": [{"element": "H", "occu": 1}], "xyz": [0.761464, -0.979594, 0.04871], "properties": {}}, {"name": "H", "species": [{"element": "H", "occu": 1}], "xyz": [-0.724388, -0.71675, -0.888545], "properties": {}}, {"name": "H", "species": [{"element": "H", "occu": 1}], "xyz": [-0.545753, -1.384661, 2.050913], "properties": {}}, {"name": "H", "species": [{"element": "H", "occu": 1}], "xyz": [-2.036584, -1.145313, 1.104829], "properties": {}}, {"name": "H", "species": [{"element": "H", "occu": 1}], "xyz": [-1.705963, -0.118387, 2.522282], "properties": {}}, {"name": "H", "species": [{"element": "H", "occu": 1}], "xyz": [2.422598, 0.821518, -3.766469], "properties": {}}, {"name": "H", "species": [{"element": "H", "occu": 1}], "xyz": [3.485302, 4.037043, -1.396291], "properties": {}}, {"name": "H", "species": [{"element": "H", "occu": 1}], "xyz": [-2.049345, 2.499496, 1.173101], "properties": {}}, {"name": "H", "species": [{"element": "H", "occu": 1}], "xyz": [1.081318, 3.84621, -1.141916], "properties": {}}, {"name": "H", "species": [{"element": "H", "occu": 1}], "xyz": [0.298832, 2.869694, 1.055346], "properties": {}}, {"name": "C", "species": [{"element": "C", "occu": 1}], "xyz": [1.178012, 4.388043, -0.189923], "properties": {}}, {"name": "C", "species": [{"element": "C", "occu": 1}], "xyz": [-2.190682, 3.561057, 0.937775], "properties": {}}, {"name": "C", "species": [{"element": "C", "occu": 1}], "xyz": [3.496169, 4.572929, -0.43731], "properties": {}}, {"name": "C", "species": [{"element": "C", "occu": 1}], "xyz": [0.114136, 3.914995, 0.774635], "properties": {}}, {"name": "O", "species": [{"element": "O", "occu": 1}], "xyz": [-1.13431, 4.038772, 0.134994], "properties": {}}, {"name": "O", "species": [{"element": "O", "occu": 1}], "xyz": [2.436834, 4.14741, 0.389484], "properties": {}}, {"name": "H", "species": [{"element": "H", "occu": 1}], "xyz": [-3.114763, 3.687939, 0.375171], "properties": {}}, {"name": "H", "species": [{"element": "H", "occu": 1}], "xyz": [4.427088, 4.357935, 0.086114], "properties": {}}, {"name": "H", "species": [{"element": "H", "occu": 1}], "xyz": [1.048128, 5.458069, -0.402562], "properties": {}}, {"name": "H", "species": [{"element": "H", "occu": 1}], "xyz": [0.140166, 4.519946, 1.691566], "properties": {}}, {"name": "H", "species": [{"element": "H", "occu": 1}], "xyz": [3.428503, 5.648689, -0.641073], "properties": {}}, {"name": "H", "species": [{"element": "H", "occu": 1}], "xyz": [-2.261389, 4.128128, 1.874302], "properties": {}}, {"name": "H", "species": [{"element": "H", "occu": 1}], "xyz": [4.362156, -1.625803, -0.535008], "properties": {}}, {"name": "O", "species": [{"element": "O", "occu": 1}], "xyz": [5.012764, -0.007415, 0.492688], "properties": {}}, {"name": "H", "species": [{"element": "H", "occu": 1}], "xyz": [5.336116, 1.499857, 2.621741], "properties": {}}, {"name": "C", "species": [{"element": "C", "occu": 1}], "xyz": [4.303055, -0.540229, -0.600281], "properties": {}}, {"name": "H", "species": [{"element": "H", "occu": 1}], "xyz": [3.249034, -0.237829, -0.583081], "properties": {}}, {"name": "C", "species": [{"element": "C", "occu": 1}], "xyz": [5.81618, 1.852163, 1.698833], "properties": {}}, {"name": "H", "species": [{"element": "H", "occu": 1}], "xyz": [6.824529, 1.418023, 1.656156], "properties": {}}, {"name": "H", "species": [{"element": "H", "occu": 1}], "xyz": [6.101346, 3.496056, 3.728968], "properties": {}}, {"name": "C", "species": [{"element": "C", "occu": 1}], "xyz": [5.015766, 1.399184, 0.49814], "properties": {}}, {"name": "H", "species": [{"element": "H", "occu": 1}], "xyz": [4.740248, -0.214437, -1.553017], "properties": {}}, {"name": "C", "species": [{"element": "C", "occu": 1}], "xyz": [6.585286, 3.77613, 2.785651], "properties": {}}, {"name": "H", "species": [{"element": "H", "occu": 1}], "xyz": [7.620132, 3.413035, 2.801091], "properties": {}}, {"name": "H", "species": [{"element": "H", "occu": 1}], "xyz": [3.991119, 1.794877, 0.556608], "properties": {}}, {"name": "O", "species": [{"element": "O", "occu": 1}], "xyz": [5.881888, 3.257614, 1.681141], "properties": {}}, {"name": "H", "species": [{"element": "H", "occu": 1}], "xyz": [5.473911, 1.788521, -0.422706], "properties": {}}, {"name": "H", "species": [{"element": "H", "occu": 1}], "xyz": [6.588765, 4.861291, 2.694723], "properties": {}}]}, "functional": "wB97X", "basis_set": "Def2TZVP", "route_parameters": {"NMR": "GIAO", "iop(7/33=1)": null, "int": "ultrafine", "NoSymmetry": null, "test": null, "SCRF": "(Solvent=TetraHydroFuran)"}, "title": "H30 C12 O6", "charge": 0, "spin_multiplicity": 1, "input_parameters": {}, "link0_parameters": {"%chk": "checkpoint.chk", "%mem": "100GB", "%NProcShared": "24"}, "dieze_tag": "#P", "nbasisfunctions": 738, "pcm_parameters": {}}, "output": {"has_gaussian_completed": true, "is_pcm": true, "errors": [], "Mulliken_charges": {"1": ["O", -0.33954], "2": ["C", -0.199335], "3": ["C", -0.06076], "4": ["C", -0.012164], "5": ["O", -0.328045], "6": ["C", -0.18719], "7": ["H", 0.095192], "8": ["H", 0.128687], "9": ["H", 0.124016], "10": ["H", 0.094775], "11": ["H", 0.100328], "12": ["H", 0.101702], "13": ["H", 0.117062], "14": ["H", 0.1144], "15": ["H", 0.13228], "16": ["H", 0.145534], "17": ["H", 0.103475], "18": ["H", 0.101571], "19": ["H", 0.081234], "20": ["H", 0.09399], "21": ["C", -0.025472], "22": ["C", -0.176867], "23": ["C", -0.191453], "24": ["C", -0.035129], "25": ["O", -0.347548], "26": ["O", -0.333717], "27": ["H", 0.128471], "28": ["H", 0.123155], "29": ["H", 0.106489], "30": ["H", 0.107041], "31": ["H", 0.120802], "32": ["H", 0.111918], "33": ["H", 0.133347], "34": ["O", -0.339929], "35": ["H", 0.096755], "36": ["C", -0.15987], "37": ["H", 0.062199], "38": ["C", -0.009625], "39": ["H", 0.096197], "40": ["H", 0.111594], "41": ["C", -0.01731], "42": ["H", 0.1208], "43": ["C", -0.179371], "44": ["H", 0.109883], "45": ["H", 0.092091], "46": ["O", -0.334442], "47": ["H", 0.092501], "48": ["H", 0.130282]}, "tensor": {"1": {"type": "O", "Isotropic": 324.9623, "Anisotropy": 27.5454, "tensor": [[0.1976, 333.693, 13.3091]], "eigenvalues": [301.8148, 329.7463, 343.3259]}, "2": {"type": "C", "Isotropic": 129.3522, "Anisotropy": 83.4028, "tensor": [], "eigenvalues": [100.0807, 103.0218, 184.9541]}, "3": {"type": "C", "Isotropic": 116.3744, "Anisotropy": 76.2552, "tensor": [], "eigenvalues": [85.0517, 96.8604, 167.2112]}, "4": {"type": "C", "Isotropic": 116.8055, "Anisotropy": 79.1775, "tensor": [], "eigenvalues": [84.3683, 96.4578, 169.5905]}, "5": {"type": "O", "Isotropic": 321.4306, "Anisotropy": 36.7935, "tensor": [], "eigenvalues": [297.3241, 321.0082, 345.9596]}, "6": {"type": "C", "Isotropic": 130.376, "Anisotropy": 89.2576, "tensor": [], "eigenvalues": [99.5307, 101.7163, 189.8811]}, "7": {"type": "H", "Isotropic": 28.4586, "Anisotropy": 5.9746, "tensor": [[30.5156, 2.4826, 1.3636], [3.0281, 28.4987, 0.8368]], "eigenvalues": [25.8211, 27.1131, 32.4417]}, "8": {"type": "H", "Isotropic": 28.4471, "Anisotropy": 7.2111, "tensor": [[25.694, 1.2529, 0.064]], "eigenvalues": [25.4945, 26.5923, 33.2544]}, "9": {"type": "H", "Isotropic": 28.254, "Anisotropy": 5.9361, "tensor": [], "eigenvalues": [25.9801, 26.5704, 32.2114]}, "10": {"type": "H", "Isotropic": 28.2137, "Anisotropy": 3.7015, "tensor": [[1.0642, 28.4289, 2.0437], [0.7039, 2.979, 27.8676]], "eigenvalues": [25.5684, 28.3914, 30.6814]}, "11": {"type": "H", "Isotropic": 28.3405, "Anisotropy": 4.8251, "tensor": [], "eigenvalues": [25.3703, 28.0939, 31.5572]}, "12": {"type": "H", "Isotropic": 28.3983, "Anisotropy": 4.6387, "tensor": [[2.4906, 27.3804, 1.5844], [1.043, 2.7186, 30.0064]], "eigenvalues": [25.1588, 28.5454, 31.4908]}, "13": {"type": "H", "Isotropic": 28.5094, "Anisotropy": 9.0354, "tensor": [], "eigenvalues": [24.5852, 26.41, 34.533]}, "14": {"type": "H", "Isotropic": 28.5752, "Anisotropy": 9.5479, "tensor": [[30.9055, 4.4482, 0.2304]], "eigenvalues": [24.7968, 25.9883, 34.9405]}, "15": {"type": "H", "Isotropic": 28.1391, "Anisotropy": 9.2831, "tensor": [], "eigenvalues": [23.9677, 26.1219, 34.3279]}, "16": {"type": "H", "Isotropic": 28.2227, "Anisotropy": 9.096, "tensor": [], "eigenvalues": [24.7331, 25.6482, 34.2867]}, "17": {"type": "H", "Isotropic": 28.7314, "Anisotropy": 5.7099, "tensor": [], "eigenvalues": [25.691, 27.9652, 32.538]}, "18": {"type": "H", "Isotropic": 28.2866, "Anisotropy": 7.2798, "tensor": [], "eigenvalues": [22.8434, 28.8767, 33.1398]}, "19": {"type": "H", "Isotropic": 28.3504, "Anisotropy": 3.9011, "tensor": [[28.9561, 0.7068, 2.7859], [0.0046, 28.36, 1.5638], [0.4631, 2.232, 27.7353]], "eigenvalues": [25.7588, 28.3414, 30.9512]}, "20": {"type": "H", "Isotropic": 28.3514, "Anisotropy": 4.5879, "tensor": [[0.2129, 30.9348, 0.3396]], "eigenvalues": [25.034, 28.6101, 31.41]}, "21": {"type": "C", "Isotropic": 116.5106, "Anisotropy": 80.6926, "tensor": [], "eigenvalues": [84.9912, 94.235, 170.3057]}, "22": {"type": "C", "Isotropic": 130.7041, "Anisotropy": 88.0892, "tensor": [], "eigenvalues": [99.9497, 102.7325, 189.4302]}, "23": {"type": "C", "Isotropic": 129.5307, "Anisotropy": 84.0543, "tensor": [], "eigenvalues": [100.8487, 102.1765, 185.5669]}, "24": {"type": "C", "Isotropic": 118.3515, "Anisotropy": 79.7737, "tensor": [], "eigenvalues": [87.1158, 96.4048, 171.534]}, "25": {"type": "O", "Isotropic": 328.4827, "Anisotropy": 29.7672, "tensor": [[341.9345, 0.8182, 3.1287]], "eigenvalues": [301.1277, 335.993, 348.3276]}, "26": {"type": "O", "Isotropic": 325.5271, "Anisotropy": 27.7931, "tensor": [[336.5448, 0.238, 2.787]], "eigenvalues": [301.0377, 331.4878, 344.0559]}, "27": {"type": "H", "Isotropic": 28.3626, "Anisotropy": 9.512, "tensor": [], "eigenvalues": [24.6905, 25.6934, 34.7039]}, "28": {"type": "H", "Isotropic": 27.7175, "Anisotropy": 9.1407, "tensor": [], "eigenvalues": [22.8451, 26.496, 33.8113]}, "29": {"type": "H", "Isotropic": 28.3829, "Anisotropy": 5.5768, "tensor": [], "eigenvalues": [24.86, 28.1879, 32.1007]}, "30": {"type": "H", "Isotropic": 28.467, "Anisotropy": 4.5496, "tensor": [[29.3388, 1.0253, 2.1359], [0.1535, 27.1875, 2.5306]], "eigenvalues": [25.1575, 28.7434, 31.5001]}, "31": {"type": "H", "Isotropic": 28.7259, "Anisotropy": 8.737, "tensor": [], "eigenvalues": [25.3116, 26.3155, 34.5506]}, "32": {"type": "H", "Isotropic": 28.6845, "Anisotropy": 9.0648, "tensor": [], "eigenvalues": [24.7722, 26.5537, 34.7277]}, "33": {"type": "H", "Isotropic": 28.1861, "Anisotropy": 8.1206, "tensor": [[26.2208, 1.5088, 1.8063], [1.8386, 4.052, 26.1692]], "eigenvalues": [24.0101, 26.9483, 33.5999]}, "34": {"type": "O", "Isotropic": 325.8983, "Anisotropy": 32.8295, "tensor": [], "eigenvalues": [299.9997, 329.9106, 347.7847]}, "35": {"type": "H", "Isotropic": 28.3885, "Anisotropy": 3.7584, "tensor": [[0.2222, 0.1342, 28.6725]], "eigenvalues": [25.9666, 28.3048, 30.8941]}, "36": {"type": "C", "Isotropic": 129.6086, "Anisotropy": 87.847, "tensor": [[122.3964, 19.0834, 32.1188], [16.9218, 116.699, 27.8751], [32.4173, 32.0464, 149.7303]], "eigenvalues": [98.7822, 101.8703, 188.1732]}, "37": {"type": "H", "Isotropic": 28.5897, "Anisotropy": 11.2009, "tensor": [[0.5315, 25.0339, 0.5566]], "eigenvalues": [24.682, 25.03, 36.057]}, "38": {"type": "C", "Isotropic": 116.2788, "Anisotropy": 79.4919, "tensor": [[89.3055, 10.7963, 7.8646], [8.8235, 166.4244, 7.7138], [8.0439, 12.6093, 93.1065]], "eigenvalues": [83.0002, 96.5628, 169.2735]}, "39": {"type": "H", "Isotropic": 28.3876, "Anisotropy": 4.8807, "tensor": [[0.9168, 1.5391, 25.526]], "eigenvalues": [24.762, 28.7594, 31.6414]}, "40": {"type": "H", "Isotropic": 28.5872, "Anisotropy": 8.7302, "tensor": [[26.693, 0.1679, 1.992], [0.566, 25.2435, 3.1469]], "eigenvalues": [24.7682, 26.5861, 34.4074]}, "41": {"type": "C", "Isotropic": 116.3294, "Anisotropy": 77.3631, "tensor": [[89.5771, 9.1325, 5.7577], [5.9166, 165.665, 8.2078], [6.5343, 11.7545, 93.746]], "eigenvalues": [85.1704, 95.913, 167.9047]}, "42": {"type": "H", "Isotropic": 28.5579, "Anisotropy": 6.7104, "tensor": [], "eigenvalues": [24.4925, 28.1496, 33.0315]}, "43": {"type": "C", "Isotropic": 130.0328, "Anisotropy": 89.7945, "tensor": [[122.6095, 20.6135, 32.4798], [18.6215, 116.0901, 28.2525], [32.5291, 31.5851, 151.3988]], "eigenvalues": [98.7433, 101.4594, 189.8958]}, "44": {"type": "H", "Isotropic": 28.576, "Anisotropy": 9.547, "tensor": [[32.7616, 0.3925, 2.6037], [2.3131, 25.1939, 1.8631], [4.578, 0.3535, 27.7724]], "eigenvalues": [24.7829, 26.0044, 34.9406]}, "45": {"type": "H", "Isotropic": 28.0236, "Anisotropy": 7.0549, "tensor": [[1.7566, 1.202, 24.0933]], "eigenvalues": [23.2009, 28.1431, 32.7269]}, "46": {"type": "O", "Isotropic": 324.2977, "Anisotropy": 34.8301, "tensor": [], "eigenvalues": [298.0764, 327.2989, 347.5178]}, "47": {"type": "H", "Isotropic": 28.3596, "Anisotropy": 3.2807, "tensor": [], "eigenvalues": [27.1312, 27.4008, 30.5467]}, "48": {"type": "H", "Isotropic": 28.1828, "Anisotropy": 9.4581, "tensor": [[26.227, 3.2333, 2.3913], [1.8654, 31.4232, 2.0912], [2.4895, 4.3145, 26.8982]], "eigenvalues": [24.0908, 25.9695, 34.4882]}}, "output": {"energies": [-926.717945206], "final_energy": -926.717945206, "final_energy_per_atom": -19.306623858458334, "molecule": {"charge": 0.0, "spin_multiplicity": 1, "sites": [{"name": "O", "species": [{"element": "O", "occu": 1}], "xyz": [1.28393, 0.351582, -2.158643], "properties": {}}, {"name": "C", "species": [{"element": "C", "occu": 1}], "xyz": [1.998056, 1.316396, -2.894258], "properties": {}}, {"name": "C", "species": [{"element": "C", "occu": 1}], "xyz": [0.692331, 0.895623, -1.004124], "properties": {}}, {"name": "C", "species": [{"element": "C", "occu": 1}], "xyz": [0.018488, -0.225102, -0.245885], "properties": {}}, {"name": "O", "species": [{"element": "O", "occu": 1}], "xyz": [-0.597718, 0.332468, 0.88943], "properties": {}}, {"name": "C", "species": [{"element": "C", "occu": 1}], "xyz": [-1.25273, -0.634492, 1.676907], "properties": {}}, {"name": "H", "species": [{"element": "H", "occu": 1}], "xyz": [2.811487, 1.747374, -2.294041], "properties": {}}, {"name": "H", "species": [{"element": "H", "occu": 1}], "xyz": [1.340192, 2.129314, -3.225862], "properties": {}}, {"name": "H", "species": [{"element": "H", "occu": 1}], "xyz": [-0.047297, 1.664909, -1.268157], "properties": {}}, {"name": "H", "species": [{"element": "H", "occu": 1}], "xyz": [1.455412, 1.371432, -0.369197], "properties": {}}, {"name": "H", "species": [{"element": "H", "occu": 1}], "xyz": [0.761464, -0.979594, 0.04871], "properties": {}}, {"name": "H", "species": [{"element": "H", "occu": 1}], "xyz": [-0.724388, -0.71675, -0.888545], "properties": {}}, {"name": "H", "species": [{"element": "H", "occu": 1}], "xyz": [-0.545753, -1.384661, 2.050913], "properties": {}}, {"name": "H", "species": [{"element": "H", "occu": 1}], "xyz": [-2.036584, -1.145313, 1.104829], "properties": {}}, {"name": "H", "species": [{"element": "H", "occu": 1}], "xyz": [-1.705963, -0.118387, 2.522282], "properties": {}}, {"name": "H", "species": [{"element": "H", "occu": 1}], "xyz": [2.422598, 0.821518, -3.766469], "properties": {}}, {"name": "H", "species": [{"element": "H", "occu": 1}], "xyz": [3.485302, 4.037043, -1.396291], "properties": {}}, {"name": "H", "species": [{"element": "H", "occu": 1}], "xyz": [-2.049345, 2.499496, 1.173101], "properties": {}}, {"name": "H", "species": [{"element": "H", "occu": 1}], "xyz": [1.081318, 3.84621, -1.141916], "properties": {}}, {"name": "H", "species": [{"element": "H", "occu": 1}], "xyz": [0.298832, 2.869694, 1.055346], "properties": {}}, {"name": "C", "species": [{"element": "C", "occu": 1}], "xyz": [1.178012, 4.388043, -0.189923], "properties": {}}, {"name": "C", "species": [{"element": "C", "occu": 1}], "xyz": [-2.190682, 3.561057, 0.937775], "properties": {}}, {"name": "C", "species": [{"element": "C", "occu": 1}], "xyz": [3.496169, 4.572929, -0.43731], "properties": {}}, {"name": "C", "species": [{"element": "C", "occu": 1}], "xyz": [0.114136, 3.914995, 0.774635], "properties": {}}, {"name": "O", "species": [{"element": "O", "occu": 1}], "xyz": [-1.13431, 4.038772, 0.134994], "properties": {}}, {"name": "O", "species": [{"element": "O", "occu": 1}], "xyz": [2.436834, 4.14741, 0.389484], "properties": {}}, {"name": "H", "species": [{"element": "H", "occu": 1}], "xyz": [-3.114763, 3.687939, 0.375171], "properties": {}}, {"name": "H", "species": [{"element": "H", "occu": 1}], "xyz": [4.427088, 4.357935, 0.086114], "properties": {}}, {"name": "H", "species": [{"element": "H", "occu": 1}], "xyz": [1.048128, 5.458069, -0.402562], "properties": {}}, {"name": "H", "species": [{"element": "H", "occu": 1}], "xyz": [0.140166, 4.519946, 1.691566], "properties": {}}, {"name": "H", "species": [{"element": "H", "occu": 1}], "xyz": [3.428503, 5.648689, -0.641073], "properties": {}}, {"name": "H", "species": [{"element": "H", "occu": 1}], "xyz": [-2.261389, 4.128128, 1.874302], "properties": {}}, {"name": "H", "species": [{"element": "H", "occu": 1}], "xyz": [4.362156, -1.625803, -0.535008], "properties": {}}, {"name": "O", "species": [{"element": "O", "occu": 1}], "xyz": [5.012764, -0.007415, 0.492688], "properties": {}}, {"name": "H", "species": [{"element": "H", "occu": 1}], "xyz": [5.336116, 1.499857, 2.621741], "properties": {}}, {"name": "C", "species": [{"element": "C", "occu": 1}], "xyz": [4.303055, -0.540229, -0.600281], "properties": {}}, {"name": "H", "species": [{"element": "H", "occu": 1}], "xyz": [3.249034, -0.237829, -0.583081], "properties": {}}, {"name": "C", "species": [{"element": "C", "occu": 1}], "xyz": [5.81618, 1.852163, 1.698833], "properties": {}}, {"name": "H", "species": [{"element": "H", "occu": 1}], "xyz": [6.824529, 1.418023, 1.656156], "properties": {}}, {"name": "H", "species": [{"element": "H", "occu": 1}], "xyz": [6.101346, 3.496056, 3.728968], "properties": {}}, {"name": "C", "species": [{"element": "C", "occu": 1}], "xyz": [5.015766, 1.399184, 0.49814], "properties": {}}, {"name": "H", "species": [{"element": "H", "occu": 1}], "xyz": [4.740248, -0.214437, -1.553017], "properties": {}}, {"name": "C", "species": [{"element": "C", "occu": 1}], "xyz": [6.585286, 3.77613, 2.785651], "properties": {}}, {"name": "H", "species": [{"element": "H", "occu": 1}], "xyz": [7.620132, 3.413035, 2.801091], "properties": {}}, {"name": "H", "species": [{"element": "H", "occu": 1}], "xyz": [3.991119, 1.794877, 0.556608], "properties": {}}, {"name": "O", "species": [{"element": "O", "occu": 1}], "xyz": [5.881888, 3.257614, 1.681141], "properties": {}}, {"name": "H", "species": [{"element": "H", "occu": 1}], "xyz": [5.473911, 1.788521, -0.422706], "properties": {}}, {"name": "H", "species": [{"element": "H", "occu": 1}], "xyz": [6.588765, 4.861291, 2.694723], "properties": {}}]}, "stationary_type": "Minimum", "corrections": {}, "tensor": {"1": {"type": "O", "Isotropic": 324.9623, "Anisotropy": 27.5454, "tensor": [[0.1976, 333.693, 13.3091]], "eigenvalues": [301.8148, 329.7463, 343.3259]}, "2": {"type": "C", "Isotropic": 129.3522, "Anisotropy": 83.4028, "tensor": [], "eigenvalues": [100.0807, 103.0218, 184.9541]}, "3": {"type": "C", "Isotropic": 116.3744, "Anisotropy": 76.2552, "tensor": [], "eigenvalues": [85.0517, 96.8604, 167.2112]}, "4": {"type": "C", "Isotropic": 116.8055, "Anisotropy": 79.1775, "tensor": [], "eigenvalues": [84.3683, 96.4578, 169.5905]}, "5": {"type": "O", "Isotropic": 321.4306, "Anisotropy": 36.7935, "tensor": [], "eigenvalues": [297.3241, 321.0082, 345.9596]}, "6": {"type": "C", "Isotropic": 130.376, "Anisotropy": 89.2576, "tensor": [], "eigenvalues": [99.5307, 101.7163, 189.8811]}, "7": {"type": "H", "Isotropic": 28.4586, "Anisotropy": 5.9746, "tensor": [[30.5156, 2.4826, 1.3636], [3.0281, 28.4987, 0.8368]], "eigenvalues": [25.8211, 27.1131, 32.4417]}, "8": {"type": "H", "Isotropic": 28.4471, "Anisotropy": 7.2111, "tensor": [[25.694, 1.2529, 0.064]], "eigenvalues": [25.4945, 26.5923, 33.2544]}, "9": {"type": "H", "Isotropic": 28.254, "Anisotropy": 5.9361, "tensor": [], "eigenvalues": [25.9801, 26.5704, 32.2114]}, "10": {"type": "H", "Isotropic": 28.2137, "Anisotropy": 3.7015, "tensor": [[1.0642, 28.4289, 2.0437], [0.7039, 2.979, 27.8676]], "eigenvalues": [25.5684, 28.3914, 30.6814]}, "11": {"type": "H", "Isotropic": 28.3405, "Anisotropy": 4.8251, "tensor": [], "eigenvalues": [25.3703, 28.0939, 31.5572]}, "12": {"type": "H", "Isotropic": 28.3983, "Anisotropy": 4.6387, "tensor": [[2.4906, 27.3804, 1.5844], [1.043, 2.7186, 30.0064]], "eigenvalues": [25.1588, 28.5454, 31.4908]}, "13": {"type": "H", "Isotropic": 28.5094, "Anisotropy": 9.0354, "tensor": [], "eigenvalues": [24.5852, 26.41, 34.533]}, "14": {"type": "H", "Isotropic": 28.5752, "Anisotropy": 9.5479, "tensor": [[30.9055, 4.4482, 0.2304]], "eigenvalues": [24.7968, 25.9883, 34.9405]}, "15": {"type": "H", "Isotropic": 28.1391, "Anisotropy": 9.2831, "tensor": [], "eigenvalues": [23.9677, 26.1219, 34.3279]}, "16": {"type": "H", "Isotropic": 28.2227, "Anisotropy": 9.096, "tensor": [], "eigenvalues": [24.7331, 25.6482, 34.2867]}, "17": {"type": "H", "Isotropic": 28.7314, "Anisotropy": 5.7099, "tensor": [], "eigenvalues": [25.691, 27.9652, 32.538]}, "18": {"type": "H", "Isotropic": 28.2866, "Anisotropy": 7.2798, "tensor": [], "eigenvalues": [22.8434, 28.8767, 33.1398]}, "19": {"type": "H", "Isotropic": 28.3504, "Anisotropy": 3.9011, "tensor": [[28.9561, 0.7068, 2.7859], [0.0046, 28.36, 1.5638], [0.4631, 2.232, 27.7353]], "eigenvalues": [25.7588, 28.3414, 30.9512]}, "20": {"type": "H", "Isotropic": 28.3514, "Anisotropy": 4.5879, "tensor": [[0.2129, 30.9348, 0.3396]], "eigenvalues": [25.034, 28.6101, 31.41]}, "21": {"type": "C", "Isotropic": 116.5106, "Anisotropy": 80.6926, "tensor": [], "eigenvalues": [84.9912, 94.235, 170.3057]}, "22": {"type": "C", "Isotropic": 130.7041, "Anisotropy": 88.0892, "tensor": [], "eigenvalues": [99.9497, 102.7325, 189.4302]}, "23": {"type": "C", "Isotropic": 129.5307, "Anisotropy": 84.0543, "tensor": [], "eigenvalues": [100.8487, 102.1765, 185.5669]}, "24": {"type": "C", "Isotropic": 118.3515, "Anisotropy": 79.7737, "tensor": [], "eigenvalues": [87.1158, 96.4048, 171.534]}, "25": {"type": "O", "Isotropic": 328.4827, "Anisotropy": 29.7672, "tensor": [[341.9345, 0.8182, 3.1287]], "eigenvalues": [301.1277, 335.993, 348.3276]}, "26": {"type": "O", "Isotropic": 325.5271, "Anisotropy": 27.7931, "tensor": [[336.5448, 0.238, 2.787]], "eigenvalues": [301.0377, 331.4878, 344.0559]}, "27": {"type": "H", "Isotropic": 28.3626, "Anisotropy": 9.512, "tensor": [], "eigenvalues": [24.6905, 25.6934, 34.7039]}, "28": {"type": "H", "Isotropic": 27.7175, "Anisotropy": 9.1407, "tensor": [], "eigenvalues": [22.8451, 26.496, 33.8113]}, "29": {"type": "H", "Isotropic": 28.3829, "Anisotropy": 5.5768, "tensor": [], "eigenvalues": [24.86, 28.1879, 32.1007]}, "30": {"type": "H", "Isotropic": 28.467, "Anisotropy": 4.5496, "tensor": [[29.3388, 1.0253, 2.1359], [0.1535, 27.1875, 2.5306]], "eigenvalues": [25.1575, 28.7434, 31.5001]}, "31": {"type": "H", "Isotropic": 28.7259, "Anisotropy": 8.737, "tensor": [], "eigenvalues": [25.3116, 26.3155, 34.5506]}, "32": {"type": "H", "Isotropic": 28.6845, "Anisotropy": 9.0648, "tensor": [], "eigenvalues": [24.7722, 26.5537, 34.7277]}, "33": {"type": "H", "Isotropic": 28.1861, "Anisotropy": 8.1206, "tensor": [[26.2208, 1.5088, 1.8063], [1.8386, 4.052, 26.1692]], "eigenvalues": [24.0101, 26.9483, 33.5999]}, "34": {"type": "O", "Isotropic": 325.8983, "Anisotropy": 32.8295, "tensor": [], "eigenvalues": [299.9997, 329.9106, 347.7847]}, "35": {"type": "H", "Isotropic": 28.3885, "Anisotropy": 3.7584, "tensor": [[0.2222, 0.1342, 28.6725]], "eigenvalues": [25.9666, 28.3048, 30.8941]}, "36": {"type": "C", "Isotropic": 129.6086, "Anisotropy": 87.847, "tensor": [[122.3964, 19.0834, 32.1188], [16.9218, 116.699, 27.8751], [32.4173, 32.0464, 149.7303]], "eigenvalues": [98.7822, 101.8703, 188.1732]}, "37": {"type": "H", "Isotropic": 28.5897, "Anisotropy": 11.2009, "tensor": [[0.5315, 25.0339, 0.5566]], "eigenvalues": [24.682, 25.03, 36.057]}, "38": {"type": "C", "Isotropic": 116.2788, "Anisotropy": 79.4919, "tensor": [[89.3055, 10.7963, 7.8646], [8.8235, 166.4244, 7.7138], [8.0439, 12.6093, 93.1065]], "eigenvalues": [83.0002, 96.5628, 169.2735]}, "39": {"type": "H", "Isotropic": 28.3876, "Anisotropy": 4.8807, "tensor": [[0.9168, 1.5391, 25.526]], "eigenvalues": [24.762, 28.7594, 31.6414]}, "40": {"type": "H", "Isotropic": 28.5872, "Anisotropy": 8.7302, "tensor": [[26.693, 0.1679, 1.992], [0.566, 25.2435, 3.1469]], "eigenvalues": [24.7682, 26.5861, 34.4074]}, "41": {"type": "C", "Isotropic": 116.3294, "Anisotropy": 77.3631, "tensor": [[89.5771, 9.1325, 5.7577], [5.9166, 165.665, 8.2078], [6.5343, 11.7545, 93.746]], "eigenvalues": [85.1704, 95.913, 167.9047]}, "42": {"type": "H", "Isotropic": 28.5579, "Anisotropy": 6.7104, "tensor": [], "eigenvalues": [24.4925, 28.1496, 33.0315]}, "43": {"type": "C", "Isotropic": 130.0328, "Anisotropy": 89.7945, "tensor": [[122.6095, 20.6135, 32.4798], [18.6215, 116.0901, 28.2525], [32.5291, 31.5851, 151.3988]], "eigenvalues": [98.7433, 101.4594, 189.8958]}, "44": {"type": "H", "Isotropic": 28.576, "Anisotropy": 9.547, "tensor": [[32.7616, 0.3925, 2.6037], [2.3131, 25.1939, 1.8631], [4.578, 0.3535, 27.7724]], "eigenvalues": [24.7829, 26.0044, 34.9406]}, "45": {"type": "H", "Isotropic": 28.0236, "Anisotropy": 7.0549, "tensor": [[1.7566, 1.202, 24.0933]], "eigenvalues": [23.2009, 28.1431, 32.7269]}, "46": {"type": "O", "Isotropic": 324.2977, "Anisotropy": 34.8301, "tensor": [], "eigenvalues": [298.0764, 327.2989, 347.5178]}, "47": {"type": "H", "Isotropic": 28.3596, "Anisotropy": 3.2807, "tensor": [], "eigenvalues": [27.1312, 27.4008, 30.5467]}, "48": {"type": "H", "Isotropic": 28.1828, "Anisotropy": 9.4581, "tensor": [[26.227, 3.2333, 2.3913], [1.8654, 31.4232, 2.0912], [2.4895, 4.3145, 26.8982]], "eigenvalues": [24.0908, 25.9695, 34.4882]}}}}, "functional": "wB97X", "basis": "Def2TZVP", "phase": "solution", "type": "nmr;scrf", "smiles": "O(C)CCOC.C(COC)OC.O(C)CCOC", "formula": "H30 C12 O6", "formula_pretty": "H5C2O", "formula_anonymous": "AB2C5", "formula_alphabetical": "C12 H30 O6", "chemsys": "C-H-O", "nsites": 48, "nelements": 3, "is_ordered": true, "is_valid": true, "tag": "oplsd_ref", "wall_time (s)": 612.695354999043, "last_updated": "2021-01-23T10:50:32.219728", "_id": null}