{"input": {"molecule": {"charge": 0, "spin_multiplicity": 1, "sites": [{"name": "S", "species": [{"element": "S", "occu": 1}], "xyz": [0.800386, -0.32117, -0.162036], "properties": {}}, {"name": "O", "species": [{"element": "O", "occu": 1}], "xyz": [0.622298, 1.152575, 0.032515], "properties": {}}, {"name": "C", "species": [{"element": "C", "occu": 1}], "xyz": [-0.674216, -0.90543, -0.983], "properties": {}}, {"name": "C", "species": [{"element": "C", "occu": 1}], "xyz": [0.513622, -1.089102, 1.424303], "properties": {}}, {"name": "H", "species": [{"element": "H", "occu": 1}], "xyz": [-0.677325, -0.477223, -1.984466], "properties": {}}, {"name": "H", "species": [{"element": "H", "occu": 1}], "xyz": [-1.547715, -0.56932, -0.422494], "properties": {}}, {"name": "H", "species": [{"element": "H", "occu": 1}], "xyz": [-0.643101, -1.993235, -1.048211], "properties": {}}, {"name": "H", "species": [{"element": "H", "occu": 1}], "xyz": [0.517926, -2.172697, 1.297398], "properties": {}}, {"name": "H", "species": [{"element": "H", "occu": 1}], "xyz": [-0.434469, -0.751333, 1.848066], "properties": {}}, {"name": "H", "species": [{"element": "H", "occu": 1}], "xyz": [1.337372, -0.797297, 2.074932], "properties": {}}, {"name": "S", "species": [{"element": "S", "occu": 1}], "xyz": [-2.121978, -1.744509, 4.901707], "properties": {}}, {"name": "O", "species": [{"element": "O", "occu": 1}], "xyz": [-1.942702, -0.714019, 3.818447], "properties": {}}, {"name": "C", "species": [{"element": "C", "occu": 1}], "xyz": [-0.984471, -1.307379, 6.204472], "properties": {}}, {"name": "C", "species": [{"element": "C", "occu": 1}], "xyz": [-1.277118, -3.207777, 4.332343], "properties": {}}, {"name": "H", "species": [{"element": "H", "occu": 1}], "xyz": [-1.313231, -0.353955, 6.615322], "properties": {}}, {"name": "H", "species": [{"element": "H", "occu": 1}], "xyz": [0.02226, -1.216857, 5.795373], "properties": {}}, {"name": "H", "species": [{"element": "H", "occu": 1}], "xyz": [-1.037924, -2.082806, 6.968488], "properties": {}}, {"name": "H", "species": [{"element": "H", "occu": 1}], "xyz": [-1.242972, -3.91959, 5.156414], "properties": {}}, {"name": "H", "species": [{"element": "H", "occu": 1}], "xyz": [-0.27691, -2.928839, 3.997618], "properties": {}}, {"name": "H", "species": [{"element": "H", "occu": 1}], "xyz": [-1.868835, -3.615119, 3.513284], "properties": {}}, {"name": "O", "species": [{"element": "O", "occu": 1}], "xyz": [-4.388409, -3.59966, 3.186649], "properties": {}}, {"name": "S", "species": [{"element": "S", "occu": 1}], "xyz": [-4.811279, -2.411091, 2.370934], "properties": {}}, {"name": "H", "species": [{"element": "H", "occu": 1}], "xyz": [-2.660444, -1.784215, 1.699896], "properties": {}}, {"name": "C", "species": [{"element": "C", "occu": 1}], "xyz": [-3.534102, -2.146805, 1.157785], "properties": {}}, {"name": "H", "species": [{"element": "H", "occu": 1}], "xyz": [-3.323038, -3.089985, 0.651344], "properties": {}}, {"name": "C", "species": [{"element": "C", "occu": 1}], "xyz": [-6.08172, -2.978463, 1.256439], "properties": {}}, {"name": "H", "species": [{"element": "H", "occu": 1}], "xyz": [-6.955368, -3.230232, 1.855649], "properties": {}}, {"name": "H", "species": [{"element": "H", "occu": 1}], "xyz": [-5.722477, -3.857844, 0.720559], "properties": {}}, {"name": "H", "species": [{"element": "H", "occu": 1}], "xyz": [-3.889846, -1.386858, 0.45869], "properties": {}}, {"name": "H", "species": [{"element": "H", "occu": 1}], "xyz": [-6.311439, -2.161652, 0.569476], "properties": {}}, {"name": "O", "species": [{"element": "O", "occu": 1}], "xyz": [-2.921275, 2.609016, 0.304297], "properties": {}}, {"name": "H", "species": [{"element": "H", "occu": 1}], "xyz": [-0.519749, 2.30088, 1.901053], "properties": {}}, {"name": "S", "species": [{"element": "S", "occu": 1}], "xyz": [-2.638729, 1.523907, 1.305477], "properties": {}}, {"name": "C", "species": [{"element": "C", "occu": 1}], "xyz": [-1.452249, 2.189457, 2.453515], "properties": {}}, {"name": "H", "species": [{"element": "H", "occu": 1}], "xyz": [-1.811661, 3.149661, 2.825401], "properties": {}}, {"name": "C", "species": [{"element": "C", "occu": 1}], "xyz": [-4.04535, 1.453068, 2.395176], "properties": {}}, {"name": "H", "species": [{"element": "H", "occu": 1}], "xyz": [-4.251834, 2.450254, 2.786173], "properties": {}}, {"name": "H", "species": [{"element": "H", "occu": 1}], "xyz": [-4.880077, 1.08449, 1.797576], "properties": {}}, {"name": "H", "species": [{"element": "H", "occu": 1}], "xyz": [-1.328968, 1.466334, 3.261157], "properties": {}}, {"name": "H", "species": [{"element": "H", "occu": 1}], "xyz": [-3.807857, 0.749456, 3.194805], "properties": {}}, {"name": "H", "species": [{"element": "H", "occu": 1}], "xyz": [-4.830201, -3.256002, 5.64049], "properties": {}}, {"name": "C", "species": [{"element": "C", "occu": 1}], "xyz": [-5.11842, -3.671723, 6.607646], "properties": {}}, {"name": "H", "species": [{"element": "H", "occu": 1}], "xyz": [-6.065356, -4.207498, 6.533179], "properties": {}}, {"name": "H", "species": [{"element": "H", "occu": 1}], "xyz": [-5.197596, -2.893313, 7.365093], "properties": {}}, {"name": "H", "species": [{"element": "H", "occu": 1}], "xyz": [-3.681197, -5.182021, 4.804995], "properties": {}}, {"name": "C", "species": [{"element": "C", "occu": 1}], "xyz": [-3.815961, -5.820586, 5.679684], "properties": {}}, {"name": "H", "species": [{"element": "H", "occu": 1}], "xyz": [-4.753041, -6.373903, 5.608543], "properties": {}}, {"name": "O", "species": [{"element": "O", "occu": 1}], "xyz": [-2.569992, -4.049853, 7.192809], "properties": {}}, {"name": "S", "species": [{"element": "S", "occu": 1}], "xyz": [-3.859756, -4.813708, 7.153902], "properties": {}}, {"name": "H", "species": [{"element": "H", "occu": 1}], "xyz": [-2.988328, -6.519476, 5.792421], "properties": {}}, {"name": "H", "species": [{"element": "H", "occu": 1}], "xyz": [-5.081982, 2.697888, -0.63884], "properties": {}}, {"name": "C", "species": [{"element": "C", "occu": 1}], "xyz": [-5.909873, 2.373304, -1.272122], "properties": {}}, {"name": "H", "species": [{"element": "H", "occu": 1}], "xyz": [-5.907563, 2.90224, -2.225662], "properties": {}}, {"name": "H", "species": [{"element": "H", "occu": 1}], "xyz": [-6.867979, 2.520326, -0.775801], "properties": {}}, {"name": "H", "species": [{"element": "H", "occu": 1}], "xyz": [-3.430615, 1.178341, -1.553947], "properties": {}}, {"name": "C", "species": [{"element": "C", "occu": 1}], "xyz": [-4.088693, 0.659702, -2.254325], "properties": {}}, {"name": "H", "species": [{"element": "H", "occu": 1}], "xyz": [-4.111063, 1.168594, -3.218472], "properties": {}}, {"name": "O", "species": [{"element": "O", "occu": 1}], "xyz": [-5.638822, -0.035264, -0.237574], "properties": {}}, {"name": "S", "species": [{"element": "S", "occu": 1}], "xyz": [-5.742181, 0.624555, -1.582934], "properties": {}}, {"name": "H", "species": [{"element": "H", "occu": 1}], "xyz": [-3.779728, -0.37546, -2.396878], "properties": {}}]}, "functional": "wB97X", "basis_set": "Def2TZVP", "route_parameters": {"NMR": "GIAO", "iop(7/33=1)": null, "int": "ultrafine", "NoSymmetry": null, "test": null, "SCRF": "(Solvent=DiMethylSulfoxide)"}, "title": "H36 C12 S6 O6", "charge": 0, "spin_multiplicity": 1, "input_parameters": {}, "link0_parameters": {"%chk": "checkpoint.chk", "%mem": "100GB", "%NProcShared": "28"}, "dieze_tag": "#P", "nbasisfunctions": 996, "pcm_parameters": {}}, "output": {"has_gaussian_completed": true, "is_pcm": true, "errors": [], "Mulliken_charges": {"1": ["S", 0.510011], "2": ["O", -0.645555], "3": ["C", -0.376053], "4": ["C", -0.394036], "5": ["H", 0.175003], "6": ["H", 0.087918], "7": ["H", 0.169532], "8": ["H", 0.169022], "9": ["H", 0.109317], "10": ["H", 0.174394], "11": ["S", 0.515542], "12": ["O", -0.639179], "13": ["C", -0.38336], "14": ["C", -0.409674], "15": ["H", 0.159543], "16": ["H", 0.145054], "17": ["H", 0.157896], "18": ["H", 0.164144], "19": ["H", 0.160933], "20": ["H", 0.159158], "21": ["O", -0.640327], "22": ["S", 0.505077], "23": ["H", 0.115842], "24": ["C", -0.360402], "25": ["H", 0.165498], "26": ["C", -0.368122], "27": ["H", 0.158372], "28": ["H", 0.144283], "29": ["H", 0.12977], "30": ["H", 0.142386], "31": ["O", -0.662247], "32": ["H", 0.153159], "33": ["S", 0.496064], "34": ["C", -0.369918], "35": ["H", 0.15043], "36": ["C", -0.370976], "37": ["H", 0.154551], "38": ["H", 0.143591], "39": ["H", 0.143702], "40": ["H", 0.138833], "41": ["H", 0.132331], "42": ["C", -0.383818], "43": ["H", 0.160478], "44": ["H", 0.159499], "45": ["H", 0.131621], "46": ["C", -0.380083], "47": ["H", 0.163456], "48": ["O", -0.645942], "49": ["S", 0.495658], "50": ["H", 0.160774], "51": ["H", 0.142409], "52": ["C", -0.375374], "53": ["H", 0.159783], "54": ["H", 0.158271], "55": ["H", 0.13705], "56": ["C", -0.393843], "57": ["H", 0.172865], "58": ["O", -0.631173], "59": ["S", 0.49512], "60": ["H", 0.161742]}, "tensor": {"1": {"type": "S", "Isotropic": 161.6267, "Anisotropy": 420.0009, "tensor": [], "eigenvalues": [18.6793, 24.5735, 441.6273]}, "2": {"type": "O", "Isotropic": 303.3715, "Anisotropy": 222.6226, "tensor": [[61.637, 3.1422, 422.1825]], "eigenvalues": [163.4277, 294.9003, 451.7866]}, "3": {"type": "C", "Isotropic": 149.1647, "Anisotropy": 53.2394, "tensor": [[164.8668, 16.305, 25.865], [8.4438, 146.6449, 7.5913], [22.8684, 9.4938, 135.9826]], "eigenvalues": [122.0183, 140.8182, 184.6577]}, "4": {"type": "C", "Isotropic": 147.9929, "Anisotropy": 56.1029, "tensor": [], "eigenvalues": [120.2636, 138.3203, 185.3949]}, "5": {"type": "H", "Isotropic": 29.3636, "Anisotropy": 6.7744, "tensor": [], "eigenvalues": [25.4455, 28.7653, 33.8798]}, "6": {"type": "H", "Isotropic": 28.8352, "Anisotropy": 6.8604, "tensor": [], "eigenvalues": [25.1839, 27.9128, 33.4088]}, "7": {"type": "H", "Isotropic": 29.8974, "Anisotropy": 7.0357, "tensor": [[1.2086, 33.2802, 2.6052]], "eigenvalues": [26.8085, 28.2959, 34.5879]}, "8": {"type": "H", "Isotropic": 29.9284, "Anisotropy": 6.8479, "tensor": [], "eigenvalues": [27.0394, 28.2521, 34.4937]}, "9": {"type": "H", "Isotropic": 28.4737, "Anisotropy": 8.89, "tensor": [], "eigenvalues": [23.9558, 27.0649, 34.4004]}, "10": {"type": "H", "Isotropic": 29.2848, "Anisotropy": 6.2327, "tensor": [[31.6536, 0.2039, 1.6727]], "eigenvalues": [25.5799, 28.8344, 33.4399]}, "11": {"type": "S", "Isotropic": 159.3837, "Anisotropy": 429.9465, "tensor": [], "eigenvalues": [14.0013, 18.135, 446.0147]}, "12": {"type": "O", "Isotropic": 286.806, "Anisotropy": 203.9305, "tensor": [[6.0337, 296.8826, 126.4532], [21.3628, 126.2239, 291.8384]], "eigenvalues": [166.0205, 271.6377, 422.7596]}, "13": {"type": "C", "Isotropic": 149.519, "Anisotropy": 58.2988, "tensor": [[145.3985, 12.3021, 31.968], [15.0593, 137.0835, 5.9515], [24.4539, 2.7901, 166.075]], "eigenvalues": [120.491, 139.6811, 188.3849]}, "14": {"type": "C", "Isotropic": 148.0294, "Anisotropy": 50.6727, "tensor": [], "eigenvalues": [121.2471, 141.0299, 181.8111]}, "15": {"type": "H", "Isotropic": 29.5554, "Anisotropy": 7.2855, "tensor": [[26.9543, 0.7912, 0.4526]], "eigenvalues": [26.8807, 27.3731, 34.4124]}, "16": {"type": "H", "Isotropic": 29.7988, "Anisotropy": 5.0431, "tensor": [[1.8336, 27.8908, 0.173], [1.6673, 1.046, 28.9282]], "eigenvalues": [27.3503, 28.8851, 33.1609]}, "17": {"type": "H", "Isotropic": 29.3547, "Anisotropy": 8.9045, "tensor": [[26.0594, 1.9218, 1.7056]], "eigenvalues": [23.8501, 28.9229, 35.291]}, "18": {"type": "H", "Isotropic": 29.0747, "Anisotropy": 9.479, "tensor": [], "eigenvalues": [25.0209, 26.8092, 35.394]}, "19": {"type": "H", "Isotropic": 30.0325, "Anisotropy": 4.8423, "tensor": [], "eigenvalues": [27.4325, 29.4043, 33.2607]}, "20": {"type": "H", "Isotropic": 28.7585, "Anisotropy": 5.5948, "tensor": [[29.9545, 0.9799, 1.5578], [1.568, 27.4443, 1.3698], [3.469, 0.5416, 28.8768]], "eigenvalues": [26.8203, 26.9669, 32.4884]}, "21": {"type": "O", "Isotropic": 291.3053, "Anisotropy": 201.0892, "tensor": [[57.8033, 247.2084, 22.1395]], "eigenvalues": [170.9092, 277.6419, 425.3648]}, "22": {"type": "S", "Isotropic": 166.348, "Anisotropy": 420.9794, "tensor": [], "eigenvalues": [18.8749, 33.1682, 447.0009]}, "23": {"type": "H", "Isotropic": 28.4149, "Anisotropy": 7.4495, "tensor": [[30.2699, 3.5856, 3.0317], [3.423, 26.3338, 0.2949], [1.6439, 0.5222, 28.6412]], "eigenvalues": [24.1081, 27.7554, 33.3813]}, "24": {"type": "C", "Isotropic": 146.6615, "Anisotropy": 54.2156, "tensor": [], "eigenvalues": [118.9136, 138.2656, 182.8052]}, "25": {"type": "H", "Isotropic": 29.7629, "Anisotropy": 3.0519, "tensor": [[0.8494, 30.0839, 1.2496]], "eigenvalues": [27.7751, 29.7161, 31.7975]}, "26": {"type": "C", "Isotropic": 148.6411, "Anisotropy": 58.1761, "tensor": [[156.1496, 10.7988, 30.8268], [16.6142, 140.7662, 6.253], [31.8234, 0.1321, 149.0075]], "eigenvalues": [118.7404, 139.7577, 187.4252]}, "27": {"type": "H", "Isotropic": 29.4053, "Anisotropy": 8.0236, "tensor": [], "eigenvalues": [26.1428, 27.3187, 34.7544]}, "28": {"type": "H", "Isotropic": 29.6808, "Anisotropy": 5.3941, "tensor": [[28.7078, 2.5427, 0.9721], [0.7322, 31.1357, 2.3373]], "eigenvalues": [27.2609, 28.5047, 33.2768]}, "29": {"type": "H", "Isotropic": 28.577, "Anisotropy": 11.6572, "tensor": [], "eigenvalues": [22.8046, 26.5778, 36.3485]}, "30": {"type": "H", "Isotropic": 28.7589, "Anisotropy": 10.6325, "tensor": [], "eigenvalues": [22.4286, 28.0009, 35.8472]}, "31": {"type": "O", "Isotropic": 297.0797, "Anisotropy": 214.0795, "tensor": [[426.2423, 50.4865, 1.6417], [47.4781, 254.4429, 37.0945]], "eigenvalues": [165.5865, 285.8532, 439.7994]}, "32": {"type": "H", "Isotropic": 28.7356, "Anisotropy": 7.1719, "tensor": [[0.7805, 27.3151, 1.6996]], "eigenvalues": [24.0949, 28.595, 33.5169]}, "33": {"type": "S", "Isotropic": 167.5311, "Anisotropy": 412.625, "tensor": [], "eigenvalues": [20.924, 39.0549, 442.6145]}, "34": {"type": "C", "Isotropic": 149.7121, "Anisotropy": 53.2383, "tensor": [[151.9026, 11.2148, 27.538], [17.1076, 143.7317, 8.5139], [28.9292, 0.658, 153.502]], "eigenvalues": [121.8964, 142.0356, 185.2043]}, "35": {"type": "H", "Isotropic": 29.8978, "Anisotropy": 6.5899, "tensor": [[28.4566, 1.5472, 0.334]], "eigenvalues": [26.9498, 28.4525, 34.2911]}, "36": {"type": "C", "Isotropic": 149.8074, "Anisotropy": 50.577, "tensor": [], "eigenvalues": [122.9335, 142.9632, 183.5254]}, "37": {"type": "H", "Isotropic": 29.8455, "Anisotropy": 5.9477, "tensor": [], "eigenvalues": [27.0755, 28.6504, 33.8107]}, "38": {"type": "H", "Isotropic": 28.5188, "Anisotropy": 7.782, "tensor": [[29.6958, 2.5601, 3.6917], [1.7003, 27.0832, 1.7775], [2.7491, 1.9776, 28.7775]], "eigenvalues": [25.8625, 25.9872, 33.7069]}, "39": {"type": "H", "Isotropic": 29.0333, "Anisotropy": 9.8198, "tensor": [[25.8686, 0.0591, 2.4089]], "eigenvalues": [24.1894, 27.3307, 35.5798]}, "40": {"type": "H", "Isotropic": 28.9654, "Anisotropy": 9.7611, "tensor": [], "eigenvalues": [25.1678, 26.2557, 35.4728]}, "41": {"type": "H", "Isotropic": 28.3155, "Anisotropy": 9.4049, "tensor": [], "eigenvalues": [24.6052, 25.756, 34.5855]}, "42": {"type": "C", "Isotropic": 149.8634, "Anisotropy": 50.4167, "tensor": [], "eigenvalues": [124.0003, 142.1153, 183.4746]}, "43": {"type": "H", "Isotropic": 30.0335, "Anisotropy": 8.5596, "tensor": [], "eigenvalues": [26.715, 27.6455, 35.7398]}, "44": {"type": "H", "Isotropic": 29.5665, "Anisotropy": 6.7184, "tensor": [], "eigenvalues": [26.5802, 28.0737, 34.0454]}, "45": {"type": "H", "Isotropic": 28.4381, "Anisotropy": 9.6159, "tensor": [], "eigenvalues": [24.4321, 26.0335, 34.8487]}, "46": {"type": "C", "Isotropic": 150.1456, "Anisotropy": 51.1427, "tensor": [[4.7059, 146.9077, 25.4124], [0.2983, 30.8123, 163.0389]], "eigenvalues": [124.3904, 141.8057, 184.2407]}, "47": {"type": "H", "Isotropic": 30.0119, "Anisotropy": 8.8262, "tensor": [[30.265, 4.3248, 1.4978], [3.8077, 32.4838, 0.7471], [1.5619, 0.993, 27.2869]], "eigenvalues": [26.3883, 27.7513, 35.896]}, "48": {"type": "O", "Isotropic": 298.0143, "Anisotropy": 226.1884, "tensor": [], "eigenvalues": [155.6402, 289.5962, 448.8066]}, "49": {"type": "S", "Isotropic": 161.0969, "Anisotropy": 434.272, "tensor": [[319.8168, 182.2918, 5.1781], [211.279, 145.1556, 0.6815]], "eigenvalues": [15.2354, 17.4437, 450.6115]}, "50": {"type": "H", "Isotropic": 29.5906, "Anisotropy": 7.5314, "tensor": [], "eigenvalues": [26.5506, 27.6097, 34.6116]}, "51": {"type": "H", "Isotropic": 28.2591, "Anisotropy": 8.9309, "tensor": [[0.5351, 26.9329, 1.5665], [5.5206, 0.6304, 26.9592]], "eigenvalues": [23.3977, 27.1666, 34.2131]}, "52": {"type": "C", "Isotropic": 150.9703, "Anisotropy": 52.2332, "tensor": [], "eigenvalues": [123.2527, 143.8657, 185.7924]}, "53": {"type": "H", "Isotropic": 30.0603, "Anisotropy": 10.3808, "tensor": [], "eigenvalues": [25.9649, 27.2351, 36.9808]}, "54": {"type": "H", "Isotropic": 29.5499, "Anisotropy": 7.8005, "tensor": [], "eigenvalues": [26.8674, 27.0321, 34.7502]}, "55": {"type": "H", "Isotropic": 28.1709, "Anisotropy": 7.2643, "tensor": [[29.2958, 1.6097, 3.8848], [0.2787, 26.0894, 2.1315], [1.9102, 2.9951, 29.1274]], "eigenvalues": [24.5151, 26.9838, 33.0138]}, "56": {"type": "C", "Isotropic": 149.7432, "Anisotropy": 52.8276, "tensor": [], "eigenvalues": [120.6739, 143.5942, 184.9616]}, "57": {"type": "H", "Isotropic": 29.9197, "Anisotropy": 9.9189, "tensor": [], "eigenvalues": [25.9955, 27.2313, 36.5323]}, "58": {"type": "O", "Isotropic": 294.7769, "Anisotropy": 217.0712, "tensor": [], "eigenvalues": [164.2216, 280.6181, 439.491]}, "59": {"type": "S", "Isotropic": 162.9657, "Anisotropy": 427.2409, "tensor": [], "eigenvalues": [18.7975, 22.3066, 447.793]}, "60": {"type": "H", "Isotropic": 29.4831, "Anisotropy": 4.938, "tensor": [], "eigenvalues": [26.7731, 28.901, 32.7751]}}, "output": {"energies": [-3319.56259596], "final_energy": -3319.56259596, "final_energy_per_atom": -55.326043266000006, "molecule": {"charge": 0.0, "spin_multiplicity": 1, "sites": [{"name": "S", "species": [{"element": "S", "occu": 1}], "xyz": [0.800386, -0.32117, -0.162036], "properties": {}}, {"name": "O", "species": [{"element": "O", "occu": 1}], "xyz": [0.622298, 1.152575, 0.032515], "properties": {}}, {"name": "C", "species": [{"element": "C", "occu": 1}], "xyz": [-0.674216, -0.90543, -0.983], "properties": {}}, {"name": "C", "species": [{"element": "C", "occu": 1}], "xyz": [0.513622, -1.089102, 1.424303], "properties": {}}, {"name": "H", "species": [{"element": "H", "occu": 1}], "xyz": [-0.677325, -0.477223, -1.984466], "properties": {}}, {"name": "H", "species": [{"element": "H", "occu": 1}], "xyz": [-1.547715, -0.56932, -0.422494], "properties": {}}, {"name": "H", "species": [{"element": "H", "occu": 1}], "xyz": [-0.643101, -1.993235, -1.048211], "properties": {}}, {"name": "H", "species": [{"element": "H", "occu": 1}], "xyz": [0.517926, -2.172697, 1.297398], "properties": {}}, {"name": "H", "species": [{"element": "H", "occu": 1}], "xyz": [-0.434469, -0.751333, 1.848066], "properties": {}}, {"name": "H", "species": [{"element": "H", "occu": 1}], "xyz": [1.337372, -0.797297, 2.074932], "properties": {}}, {"name": "S", "species": [{"element": "S", "occu": 1}], "xyz": [-2.121978, -1.744509, 4.901707], "properties": {}}, {"name": "O", "species": [{"element": "O", "occu": 1}], "xyz": [-1.942702, -0.714019, 3.818447], "properties": {}}, {"name": "C", "species": [{"element": "C", "occu": 1}], "xyz": [-0.984471, -1.307379, 6.204472], "properties": {}}, {"name": "C", "species": [{"element": "C", "occu": 1}], "xyz": [-1.277118, -3.207777, 4.332343], "properties": {}}, {"name": "H", "species": [{"element": "H", "occu": 1}], "xyz": [-1.313231, -0.353955, 6.615322], "properties": {}}, {"name": "H", "species": [{"element": "H", "occu": 1}], "xyz": [0.02226, -1.216857, 5.795373], "properties": {}}, {"name": "H", "species": [{"element": "H", "occu": 1}], "xyz": [-1.037924, -2.082806, 6.968488], "properties": {}}, {"name": "H", "species": [{"element": "H", "occu": 1}], "xyz": [-1.242972, -3.91959, 5.156414], "properties": {}}, {"name": "H", "species": [{"element": "H", "occu": 1}], "xyz": [-0.27691, -2.928839, 3.997618], "properties": {}}, {"name": "H", "species": [{"element": "H", "occu": 1}], "xyz": [-1.868835, -3.615119, 3.513284], "properties": {}}, {"name": "O", "species": [{"element": "O", "occu": 1}], "xyz": [-4.388409, -3.59966, 3.186649], "properties": {}}, {"name": "S", "species": [{"element": "S", "occu": 1}], "xyz": [-4.811279, -2.411091, 2.370934], "properties": {}}, {"name": "H", "species": [{"element": "H", "occu": 1}], "xyz": [-2.660444, -1.784215, 1.699896], "properties": {}}, {"name": "C", "species": [{"element": "C", "occu": 1}], "xyz": [-3.534102, -2.146805, 1.157785], "properties": {}}, {"name": "H", "species": [{"element": "H", "occu": 1}], "xyz": [-3.323038, -3.089985, 0.651344], "properties": {}}, {"name": "C", "species": [{"element": "C", "occu": 1}], "xyz": [-6.08172, -2.978463, 1.256439], "properties": {}}, {"name": "H", "species": [{"element": "H", "occu": 1}], "xyz": [-6.955368, -3.230232, 1.855649], "properties": {}}, {"name": "H", "species": [{"element": "H", "occu": 1}], "xyz": [-5.722477, -3.857844, 0.720559], "properties": {}}, {"name": "H", "species": [{"element": "H", "occu": 1}], "xyz": [-3.889846, -1.386858, 0.45869], "properties": {}}, {"name": "H", "species": [{"element": "H", "occu": 1}], "xyz": [-6.311439, -2.161652, 0.569476], "properties": {}}, {"name": "O", "species": [{"element": "O", "occu": 1}], "xyz": [-2.921275, 2.609016, 0.304297], "properties": {}}, {"name": "H", "species": [{"element": "H", "occu": 1}], "xyz": [-0.519749, 2.30088, 1.901053], "properties": {}}, {"name": "S", "species": [{"element": "S", "occu": 1}], "xyz": [-2.638729, 1.523907, 1.305477], "properties": {}}, {"name": "C", "species": [{"element": "C", "occu": 1}], "xyz": [-1.452249, 2.189457, 2.453515], "properties": {}}, {"name": "H", "species": [{"element": "H", "occu": 1}], "xyz": [-1.811661, 3.149661, 2.825401], "properties": {}}, {"name": "C", "species": [{"element": "C", "occu": 1}], "xyz": [-4.04535, 1.453068, 2.395176], "properties": {}}, {"name": "H", "species": [{"element": "H", "occu": 1}], "xyz": [-4.251834, 2.450254, 2.786173], "properties": {}}, {"name": "H", "species": [{"element": "H", "occu": 1}], "xyz": [-4.880077, 1.08449, 1.797576], "properties": {}}, {"name": "H", "species": [{"element": "H", "occu": 1}], "xyz": [-1.328968, 1.466334, 3.261157], "properties": {}}, {"name": "H", "species": [{"element": "H", "occu": 1}], "xyz": [-3.807857, 0.749456, 3.194805], "properties": {}}, {"name": "H", "species": [{"element": "H", "occu": 1}], "xyz": [-4.830201, -3.256002, 5.64049], "properties": {}}, {"name": "C", "species": [{"element": "C", "occu": 1}], "xyz": [-5.11842, -3.671723, 6.607646], "properties": {}}, {"name": "H", "species": [{"element": "H", "occu": 1}], "xyz": [-6.065356, -4.207498, 6.533179], "properties": {}}, {"name": "H", "species": [{"element": "H", "occu": 1}], "xyz": [-5.197596, -2.893313, 7.365093], "properties": {}}, {"name": "H", "species": [{"element": "H", "occu": 1}], "xyz": [-3.681197, -5.182021, 4.804995], "properties": {}}, {"name": "C", "species": [{"element": "C", "occu": 1}], "xyz": [-3.815961, -5.820586, 5.679684], "properties": {}}, {"name": "H", "species": [{"element": "H", "occu": 1}], "xyz": [-4.753041, -6.373903, 5.608543], "properties": {}}, {"name": "O", "species": [{"element": "O", "occu": 1}], "xyz": [-2.569992, -4.049853, 7.192809], "properties": {}}, {"name": "S", "species": [{"element": "S", "occu": 1}], "xyz": [-3.859756, -4.813708, 7.153902], "properties": {}}, {"name": "H", "species": [{"element": "H", "occu": 1}], "xyz": [-2.988328, -6.519476, 5.792421], "properties": {}}, {"name": "H", "species": [{"element": "H", "occu": 1}], "xyz": [-5.081982, 2.697888, -0.63884], "properties": {}}, {"name": "C", "species": [{"element": "C", "occu": 1}], "xyz": [-5.909873, 2.373304, -1.272122], "properties": {}}, {"name": "H", "species": [{"element": "H", "occu": 1}], "xyz": [-5.907563, 2.90224, -2.225662], "properties": {}}, {"name": "H", "species": [{"element": "H", "occu": 1}], "xyz": [-6.867979, 2.520326, -0.775801], "properties": {}}, {"name": "H", "species": [{"element": "H", "occu": 1}], "xyz": [-3.430615, 1.178341, -1.553947], "properties": {}}, {"name": "C", "species": [{"element": "C", "occu": 1}], "xyz": [-4.088693, 0.659702, -2.254325], "properties": {}}, {"name": "H", "species": [{"element": "H", "occu": 1}], "xyz": [-4.111063, 1.168594, -3.218472], "properties": {}}, {"name": "O", "species": [{"element": "O", "occu": 1}], "xyz": [-5.638822, -0.035264, -0.237574], "properties": {}}, {"name": "S", "species": [{"element": "S", "occu": 1}], "xyz": [-5.742181, 0.624555, -1.582934], "properties": {}}, {"name": "H", "species": [{"element": "H", "occu": 1}], "xyz": [-3.779728, -0.37546, -2.396878], "properties": {}}]}, "stationary_type": "Minimum", "corrections": {}, "tensor": {"1": {"type": "S", "Isotropic": 161.6267, "Anisotropy": 420.0009, "tensor": [], "eigenvalues": [18.6793, 24.5735, 441.6273]}, "2": {"type": "O", "Isotropic": 303.3715, "Anisotropy": 222.6226, "tensor": [[61.637, 3.1422, 422.1825]], "eigenvalues": [163.4277, 294.9003, 451.7866]}, "3": {"type": "C", "Isotropic": 149.1647, "Anisotropy": 53.2394, "tensor": [[164.8668, 16.305, 25.865], [8.4438, 146.6449, 7.5913], [22.8684, 9.4938, 135.9826]], "eigenvalues": [122.0183, 140.8182, 184.6577]}, "4": {"type": "C", "Isotropic": 147.9929, "Anisotropy": 56.1029, "tensor": [], "eigenvalues": [120.2636, 138.3203, 185.3949]}, "5": {"type": "H", "Isotropic": 29.3636, "Anisotropy": 6.7744, "tensor": [], "eigenvalues": [25.4455, 28.7653, 33.8798]}, "6": {"type": "H", "Isotropic": 28.8352, "Anisotropy": 6.8604, "tensor": [], "eigenvalues": [25.1839, 27.9128, 33.4088]}, "7": {"type": "H", "Isotropic": 29.8974, "Anisotropy": 7.0357, "tensor": [[1.2086, 33.2802, 2.6052]], "eigenvalues": [26.8085, 28.2959, 34.5879]}, "8": {"type": "H", "Isotropic": 29.9284, "Anisotropy": 6.8479, "tensor": [], "eigenvalues": [27.0394, 28.2521, 34.4937]}, "9": {"type": "H", "Isotropic": 28.4737, "Anisotropy": 8.89, "tensor": [], "eigenvalues": [23.9558, 27.0649, 34.4004]}, "10": {"type": "H", "Isotropic": 29.2848, "Anisotropy": 6.2327, "tensor": [[31.6536, 0.2039, 1.6727]], "eigenvalues": [25.5799, 28.8344, 33.4399]}, "11": {"type": "S", "Isotropic": 159.3837, "Anisotropy": 429.9465, "tensor": [], "eigenvalues": [14.0013, 18.135, 446.0147]}, "12": {"type": "O", "Isotropic": 286.806, "Anisotropy": 203.9305, "tensor": [[6.0337, 296.8826, 126.4532], [21.3628, 126.2239, 291.8384]], "eigenvalues": [166.0205, 271.6377, 422.7596]}, "13": {"type": "C", "Isotropic": 149.519, "Anisotropy": 58.2988, "tensor": [[145.3985, 12.3021, 31.968], [15.0593, 137.0835, 5.9515], [24.4539, 2.7901, 166.075]], "eigenvalues": [120.491, 139.6811, 188.3849]}, "14": {"type": "C", "Isotropic": 148.0294, "Anisotropy": 50.6727, "tensor": [], "eigenvalues": [121.2471, 141.0299, 181.8111]}, "15": {"type": "H", "Isotropic": 29.5554, "Anisotropy": 7.2855, "tensor": [[26.9543, 0.7912, 0.4526]], "eigenvalues": [26.8807, 27.3731, 34.4124]}, "16": {"type": "H", "Isotropic": 29.7988, "Anisotropy": 5.0431, "tensor": [[1.8336, 27.8908, 0.173], [1.6673, 1.046, 28.9282]], "eigenvalues": [27.3503, 28.8851, 33.1609]}, "17": {"type": "H", "Isotropic": 29.3547, "Anisotropy": 8.9045, "tensor": [[26.0594, 1.9218, 1.7056]], "eigenvalues": [23.8501, 28.9229, 35.291]}, "18": {"type": "H", "Isotropic": 29.0747, "Anisotropy": 9.479, "tensor": [], "eigenvalues": [25.0209, 26.8092, 35.394]}, "19": {"type": "H", "Isotropic": 30.0325, "Anisotropy": 4.8423, "tensor": [], "eigenvalues": [27.4325, 29.4043, 33.2607]}, "20": {"type": "H", "Isotropic": 28.7585, "Anisotropy": 5.5948, "tensor": [[29.9545, 0.9799, 1.5578], [1.568, 27.4443, 1.3698], [3.469, 0.5416, 28.8768]], "eigenvalues": [26.8203, 26.9669, 32.4884]}, "21": {"type": "O", "Isotropic": 291.3053, "Anisotropy": 201.0892, "tensor": [[57.8033, 247.2084, 22.1395]], "eigenvalues": [170.9092, 277.6419, 425.3648]}, "22": {"type": "S", "Isotropic": 166.348, "Anisotropy": 420.9794, "tensor": [], "eigenvalues": [18.8749, 33.1682, 447.0009]}, "23": {"type": "H", "Isotropic": 28.4149, "Anisotropy": 7.4495, "tensor": [[30.2699, 3.5856, 3.0317], [3.423, 26.3338, 0.2949], [1.6439, 0.5222, 28.6412]], "eigenvalues": [24.1081, 27.7554, 33.3813]}, "24": {"type": "C", "Isotropic": 146.6615, "Anisotropy": 54.2156, "tensor": [], "eigenvalues": [118.9136, 138.2656, 182.8052]}, "25": {"type": "H", "Isotropic": 29.7629, "Anisotropy": 3.0519, "tensor": [[0.8494, 30.0839, 1.2496]], "eigenvalues": [27.7751, 29.7161, 31.7975]}, "26": {"type": "C", "Isotropic": 148.6411, "Anisotropy": 58.1761, "tensor": [[156.1496, 10.7988, 30.8268], [16.6142, 140.7662, 6.253], [31.8234, 0.1321, 149.0075]], "eigenvalues": [118.7404, 139.7577, 187.4252]}, "27": {"type": "H", "Isotropic": 29.4053, "Anisotropy": 8.0236, "tensor": [], "eigenvalues": [26.1428, 27.3187, 34.7544]}, "28": {"type": "H", "Isotropic": 29.6808, "Anisotropy": 5.3941, "tensor": [[28.7078, 2.5427, 0.9721], [0.7322, 31.1357, 2.3373]], "eigenvalues": [27.2609, 28.5047, 33.2768]}, "29": {"type": "H", "Isotropic": 28.577, "Anisotropy": 11.6572, "tensor": [], "eigenvalues": [22.8046, 26.5778, 36.3485]}, "30": {"type": "H", "Isotropic": 28.7589, "Anisotropy": 10.6325, "tensor": [], "eigenvalues": [22.4286, 28.0009, 35.8472]}, "31": {"type": "O", "Isotropic": 297.0797, "Anisotropy": 214.0795, "tensor": [[426.2423, 50.4865, 1.6417], [47.4781, 254.4429, 37.0945]], "eigenvalues": [165.5865, 285.8532, 439.7994]}, "32": {"type": "H", "Isotropic": 28.7356, "Anisotropy": 7.1719, "tensor": [[0.7805, 27.3151, 1.6996]], "eigenvalues": [24.0949, 28.595, 33.5169]}, "33": {"type": "S", "Isotropic": 167.5311, "Anisotropy": 412.625, "tensor": [], "eigenvalues": [20.924, 39.0549, 442.6145]}, "34": {"type": "C", "Isotropic": 149.7121, "Anisotropy": 53.2383, "tensor": [[151.9026, 11.2148, 27.538], [17.1076, 143.7317, 8.5139], [28.9292, 0.658, 153.502]], "eigenvalues": [121.8964, 142.0356, 185.2043]}, "35": {"type": "H", "Isotropic": 29.8978, "Anisotropy": 6.5899, "tensor": [[28.4566, 1.5472, 0.334]], "eigenvalues": [26.9498, 28.4525, 34.2911]}, "36": {"type": "C", "Isotropic": 149.8074, "Anisotropy": 50.577, "tensor": [], "eigenvalues": [122.9335, 142.9632, 183.5254]}, "37": {"type": "H", "Isotropic": 29.8455, "Anisotropy": 5.9477, "tensor": [], "eigenvalues": [27.0755, 28.6504, 33.8107]}, "38": {"type": "H", "Isotropic": 28.5188, "Anisotropy": 7.782, "tensor": [[29.6958, 2.5601, 3.6917], [1.7003, 27.0832, 1.7775], [2.7491, 1.9776, 28.7775]], "eigenvalues": [25.8625, 25.9872, 33.7069]}, "39": {"type": "H", "Isotropic": 29.0333, "Anisotropy": 9.8198, "tensor": [[25.8686, 0.0591, 2.4089]], "eigenvalues": [24.1894, 27.3307, 35.5798]}, "40": {"type": "H", "Isotropic": 28.9654, "Anisotropy": 9.7611, "tensor": [], "eigenvalues": [25.1678, 26.2557, 35.4728]}, "41": {"type": "H", "Isotropic": 28.3155, "Anisotropy": 9.4049, "tensor": [], "eigenvalues": [24.6052, 25.756, 34.5855]}, "42": {"type": "C", "Isotropic": 149.8634, "Anisotropy": 50.4167, "tensor": [], "eigenvalues": [124.0003, 142.1153, 183.4746]}, "43": {"type": "H", "Isotropic": 30.0335, "Anisotropy": 8.5596, "tensor": [], "eigenvalues": [26.715, 27.6455, 35.7398]}, "44": {"type": "H", "Isotropic": 29.5665, "Anisotropy": 6.7184, "tensor": [], "eigenvalues": [26.5802, 28.0737, 34.0454]}, "45": {"type": "H", "Isotropic": 28.4381, "Anisotropy": 9.6159, "tensor": [], "eigenvalues": [24.4321, 26.0335, 34.8487]}, "46": {"type": "C", "Isotropic": 150.1456, "Anisotropy": 51.1427, "tensor": [[4.7059, 146.9077, 25.4124], [0.2983, 30.8123, 163.0389]], "eigenvalues": [124.3904, 141.8057, 184.2407]}, "47": {"type": "H", "Isotropic": 30.0119, "Anisotropy": 8.8262, "tensor": [[30.265, 4.3248, 1.4978], [3.8077, 32.4838, 0.7471], [1.5619, 0.993, 27.2869]], "eigenvalues": [26.3883, 27.7513, 35.896]}, "48": {"type": "O", "Isotropic": 298.0143, "Anisotropy": 226.1884, "tensor": [], "eigenvalues": [155.6402, 289.5962, 448.8066]}, "49": {"type": "S", "Isotropic": 161.0969, "Anisotropy": 434.272, "tensor": [[319.8168, 182.2918, 5.1781], [211.279, 145.1556, 0.6815]], "eigenvalues": [15.2354, 17.4437, 450.6115]}, "50": {"type": "H", "Isotropic": 29.5906, "Anisotropy": 7.5314, "tensor": [], "eigenvalues": [26.5506, 27.6097, 34.6116]}, "51": {"type": "H", "Isotropic": 28.2591, "Anisotropy": 8.9309, "tensor": [[0.5351, 26.9329, 1.5665], [5.5206, 0.6304, 26.9592]], "eigenvalues": [23.3977, 27.1666, 34.2131]}, "52": {"type": "C", "Isotropic": 150.9703, "Anisotropy": 52.2332, "tensor": [], "eigenvalues": [123.2527, 143.8657, 185.7924]}, "53": {"type": "H", "Isotropic": 30.0603, "Anisotropy": 10.3808, "tensor": [], "eigenvalues": [25.9649, 27.2351, 36.9808]}, "54": {"type": "H", "Isotropic": 29.5499, "Anisotropy": 7.8005, "tensor": [], "eigenvalues": [26.8674, 27.0321, 34.7502]}, "55": {"type": "H", "Isotropic": 28.1709, "Anisotropy": 7.2643, "tensor": [[29.2958, 1.6097, 3.8848], [0.2787, 26.0894, 2.1315], [1.9102, 2.9951, 29.1274]], "eigenvalues": [24.5151, 26.9838, 33.0138]}, "56": {"type": "C", "Isotropic": 149.7432, "Anisotropy": 52.8276, "tensor": [], "eigenvalues": [120.6739, 143.5942, 184.9616]}, "57": {"type": "H", "Isotropic": 29.9197, "Anisotropy": 9.9189, "tensor": [], "eigenvalues": [25.9955, 27.2313, 36.5323]}, "58": {"type": "O", "Isotropic": 294.7769, "Anisotropy": 217.0712, "tensor": [], "eigenvalues": [164.2216, 280.6181, 439.491]}, "59": {"type": "S", "Isotropic": 162.9657, "Anisotropy": 427.2409, "tensor": [], "eigenvalues": [18.7975, 22.3066, 447.793]}, "60": {"type": "H", "Isotropic": 29.4831, "Anisotropy": 4.938, "tensor": [], "eigenvalues": [26.7731, 28.901, 32.7751]}}}}, "functional": "wB97X", "basis": "Def2TZVP", "phase": "solution", "type": "scrf;nmr", "smiles": "S(=O)(C)C.S(=O)(C)C.O=S(C)C.O=S(C)C.CS(=O)C.CS(=O)C", "formula": "H36 C12 S6 O6", "formula_pretty": "H6C2SO", "formula_anonymous": "ABC2D6", "formula_alphabetical": "C12 H36 O6 S6", "chemsys": "C-H-O-S", "nsites": 60, "nelements": 4, "is_ordered": true, "is_valid": true, "tag": "oplsd_ref", "wall_time (s)": 1163.903117091395, "last_updated": "2021-01-23T06:55:33.183759", "_id": null}