{"input": {"molecule": {"charge": 0, "spin_multiplicity": 1, "sites": [{"name": "O", "species": [{"element": "O", "occu": 1}], "xyz": [-0.279515, 1.489809, -0.239204], "properties": {}}, {"name": "H", "species": [{"element": "H", "occu": 1}], "xyz": [0.027047, 0.593603, -0.400594], "properties": {}}, {"name": "H", "species": [{"element": "H", "occu": 1}], "xyz": [-1.265199, 1.446652, -0.191491], "properties": {}}, {"name": "O", "species": [{"element": "O", "occu": 1}], "xyz": [-2.96221, 1.520358, 0.133646], "properties": {}}, {"name": "H", "species": [{"element": "H", "occu": 1}], "xyz": [-3.149528, 0.718137, 0.661931], "properties": {}}, {"name": "H", "species": [{"element": "H", "occu": 1}], "xyz": [-3.049764, 2.245038, 0.77605], "properties": {}}, {"name": "O", "species": [{"element": "O", "occu": 1}], "xyz": [-2.820825, 3.163394, 2.497728], "properties": {}}, {"name": "H", "species": [{"element": "H", "occu": 1}], "xyz": [-1.858917, 2.953563, 2.46233], "properties": {}}, {"name": "H", "species": [{"element": "H", "occu": 1}], "xyz": [-3.224829, 2.438003, 3.008921], "properties": {}}, {"name": "H", "species": [{"element": "H", "occu": 1}], "xyz": [0.221564, 2.102925, 3.018412], "properties": {}}, {"name": "O", "species": [{"element": "O", "occu": 1}], "xyz": [-0.14836, 2.65163, 2.308328], "properties": {}}, {"name": "H", "species": [{"element": "H", "occu": 1}], "xyz": [-0.019646, 2.170286, 1.471498], "properties": {}}, {"name": "H", "species": [{"element": "H", "occu": 1}], "xyz": [-2.703066, -1.252148, 1.941362], "properties": {}}, {"name": "O", "species": [{"element": "O", "occu": 1}], "xyz": [-3.407638, -0.60308, 1.876732], "properties": {}}, {"name": "H", "species": [{"element": "H", "occu": 1}], "xyz": [-3.445388, -0.155939, 2.743445], "properties": {}}, {"name": "H", "species": [{"element": "H", "occu": 1}], "xyz": [-0.871823, 1.727063, 5.462004], "properties": {}}, {"name": "H", "species": [{"element": "H", "occu": 1}], "xyz": [-1.866298, 2.920034, 5.576392], "properties": {}}, {"name": "O", "species": [{"element": "O", "occu": 1}], "xyz": [-1.755923, 1.971128, 5.781899], "properties": {}}, {"name": "H", "species": [{"element": "H", "occu": 1}], "xyz": [-2.971716, 1.242061, 4.806921], "properties": {}}, {"name": "O", "species": [{"element": "O", "occu": 1}], "xyz": [-3.646772, 0.99822, 4.128091], "properties": {}}, {"name": "H", "species": [{"element": "H", "occu": 1}], "xyz": [-4.498619, 0.986916, 4.571961], "properties": {}}, {"name": "H", "species": [{"element": "H", "occu": 1}], "xyz": [0.34823, 2.723794, -1.463793], "properties": {}}, {"name": "O", "species": [{"element": "O", "occu": 1}], "xyz": [0.695857, 3.396374, -2.074807], "properties": {}}, {"name": "H", "species": [{"element": "H", "occu": 1}], "xyz": [0.126046, 3.353896, -2.845444], "properties": {}}, {"name": "O", "species": [{"element": "O", "occu": 1}], "xyz": [-2.387545, 4.544223, 4.902458], "properties": {}}, {"name": "H", "species": [{"element": "H", "occu": 1}], "xyz": [-2.590739, 4.271819, 3.987354], "properties": {}}, {"name": "H", "species": [{"element": "H", "occu": 1}], "xyz": [-1.725342, 5.236343, 4.83402], "properties": {}}, {"name": "O", "species": [{"element": "O", "occu": 1}], "xyz": [0.742116, 1.233063, 4.610541], "properties": {}}, {"name": "H", "species": [{"element": "H", "occu": 1}], "xyz": [0.874811, 0.282616, 4.541409], "properties": {}}, {"name": "H", "species": [{"element": "H", "occu": 1}], "xyz": [1.546164, 1.581103, 5.008071], "properties": {}}]}, "functional": "wB97X", "basis_set": "Def2TZVP", "route_parameters": {"NMR": "GIAO", "iop(7/33=1)": null, "int": "ultrafine", "NoSymmetry": null, "test": null, "SCRF": "(Solvent=Water)"}, "title": "H20 O10", "charge": 0, "spin_multiplicity": 1, "input_parameters": {}, "link0_parameters": {"%chk": "checkpoint.chk", "%mem": "100GB", "%NProcShared": "24"}, "dieze_tag": "#P", "nbasisfunctions": 430, "pcm_parameters": {}}, "output": {"has_gaussian_completed": true, "is_pcm": true, "errors": [], "Mulliken_charges": {"1": ["O", -0.738483], "2": ["H", 0.374031], "3": ["H", 0.370975], "4": ["O", -0.727174], "5": ["H", 0.361727], "6": ["H", 0.360767], "7": ["O", -0.753508], "8": ["H", 0.354932], "9": ["H", 0.353794], "10": ["H", 0.354343], "11": ["O", -0.71814], "12": ["H", 0.356948], "13": ["H", 0.365], "14": ["O", -0.721302], "15": ["H", 0.363363], "16": ["H", 0.357491], "17": ["H", 0.355897], "18": ["O", -0.723709], "19": ["H", 0.377205], "20": ["O", -0.740002], "21": ["H", 0.37846], "22": ["H", 0.351751], "23": ["O", -0.73195], "24": ["H", 0.346992], "25": ["O", -0.718763], "26": ["H", 0.361588], "27": ["H", 0.364724], "28": ["O", -0.713236], "29": ["H", 0.38798], "30": ["H", 0.388298]}, "tensor": {"1": {"type": "O", "Isotropic": 303.1736, "Anisotropy": 44.3443, "tensor": [], "eigenvalues": [284.9564, 291.828, 332.7365]}, "2": {"type": "H", "Isotropic": 30.3013, "Anisotropy": 18.3257, "tensor": [], "eigenvalues": [23.2286, 25.1569, 42.5185]}, "3": {"type": "H", "Isotropic": 24.2974, "Anisotropy": 33.9069, "tensor": [[0.8138, 11.9292, 0.5932]], "eigenvalues": [11.729, 14.2613, 46.902]}, "4": {"type": "O", "Isotropic": 302.1132, "Anisotropy": 37.2155, "tensor": [[3.4647, 325.8472, 5.4007]], "eigenvalues": [279.121, 300.2951, 326.9235]}, "5": {"type": "H", "Isotropic": 26.2877, "Anisotropy": 29.6602, "tensor": [], "eigenvalues": [14.7512, 18.0508, 46.0612]}, "6": {"type": "H", "Isotropic": 28.0531, "Anisotropy": 25.3719, "tensor": [], "eigenvalues": [18.8003, 20.3914, 44.9678]}, "7": {"type": "O", "Isotropic": 288.9876, "Anisotropy": 33.3532, "tensor": [[9.1627, 276.6914, 3.9344]], "eigenvalues": [269.2313, 286.5084, 311.223]}, "8": {"type": "H", "Isotropic": 25.0772, "Anisotropy": 30.5492, "tensor": [], "eigenvalues": [13.4968, 16.2914, 45.4433]}, "9": {"type": "H", "Isotropic": 27.2505, "Anisotropy": 26.2232, "tensor": [], "eigenvalues": [17.2598, 19.7591, 44.7326]}, "10": {"type": "H", "Isotropic": 27.448, "Anisotropy": 29.7726, "tensor": [], "eigenvalues": [16.0953, 18.9523, 47.2964]}, "11": {"type": "O", "Isotropic": 311.4911, "Anisotropy": 54.085, "tensor": [[7.707, 1.5511, 345.8976]], "eigenvalues": [277.8026, 309.123, 347.5478]}, "12": {"type": "H", "Isotropic": 26.9, "Anisotropy": 30.9686, "tensor": [], "eigenvalues": [15.5778, 17.5766, 47.5458]}, "13": {"type": "H", "Isotropic": 30.6577, "Anisotropy": 18.4303, "tensor": [[0.196, 0.1933, 24.4024]], "eigenvalues": [24.2677, 24.7608, 42.9445]}, "14": {"type": "O", "Isotropic": 320.0507, "Anisotropy": 49.7141, "tensor": [], "eigenvalues": [290.8437, 316.115, 353.1935]}, "15": {"type": "H", "Isotropic": 26.4384, "Anisotropy": 31.5838, "tensor": [], "eigenvalues": [14.5581, 17.2629, 47.4943]}, "16": {"type": "H", "Isotropic": 27.3911, "Anisotropy": 28.4421, "tensor": [], "eigenvalues": [16.5771, 19.2436, 46.3524]}, "17": {"type": "H", "Isotropic": 26.4622, "Anisotropy": 28.92, "tensor": [], "eigenvalues": [15.8859, 17.7586, 45.7422]}, "18": {"type": "O", "Isotropic": 306.2744, "Anisotropy": 42.5442, "tensor": [], "eigenvalues": [282.4975, 301.6884, 334.6372]}, "19": {"type": "H", "Isotropic": 24.1463, "Anisotropy": 33.9882, "tensor": [[29.8549, 8.8846, 14.0906], [8.8828, 15.5751, 5.8825], [15.2167, 6.2834, 27.0089]], "eigenvalues": [11.1711, 14.4627, 46.8051]}, "20": {"type": "O", "Isotropic": 301.8682, "Anisotropy": 43.7429, "tensor": [[316.5492, 13.8648, 10.1471], [20.2128, 285.5236, 6.5282], [13.6039, 8.0518, 303.5319]], "eigenvalues": [277.832, 296.7426, 331.0302]}, "21": {"type": "H", "Isotropic": 30.0642, "Anisotropy": 19.9479, "tensor": [[1.938, 23.0899, 0.0409]], "eigenvalues": [22.4268, 24.403, 43.3628]}, "22": {"type": "H", "Isotropic": 27.192, "Anisotropy": 34.12, "tensor": [], "eigenvalues": [15.1909, 16.4464, 49.9386]}, "23": {"type": "O", "Isotropic": 334.646, "Anisotropy": 55.9386, "tensor": [[319.7502, 11.652, 2.0064]], "eigenvalues": [304.2325, 327.7672, 371.9384]}, "24": {"type": "H", "Isotropic": 31.3898, "Anisotropy": 19.1834, "tensor": [[29.9106, 0.3907, 8.1916]], "eigenvalues": [23.6626, 26.328, 44.1788]}, "25": {"type": "O", "Isotropic": 316.5681, "Anisotropy": 55.6137, "tensor": [[296.6994, 11.327, 13.9255], [20.0564, 327.4206, 16.1148], [19.6241, 19.6412, 325.5842]], "eigenvalues": [287.3907, 308.6696, 353.6439]}, "26": {"type": "H", "Isotropic": 26.8214, "Anisotropy": 30.0296, "tensor": [[16.6958, 2.1691, 5.2079], [2.1485, 23.5559, 10.3975], [5.8425, 11.6059, 40.2125]], "eigenvalues": [15.4367, 18.1863, 46.8411]}, "27": {"type": "H", "Isotropic": 30.5321, "Anisotropy": 19.4638, "tensor": [[31.0102, 9.4694, 0.4451], [9.5289, 36.1619, 1.5729]], "eigenvalues": [23.2972, 24.7911, 43.5079]}, "28": {"type": "O", "Isotropic": 318.2626, "Anisotropy": 23.2243, "tensor": [[320.3169, 3.8878, 9.7547], [3.9707, 329.5724, 5.6386], [9.418, 5.0642, 304.8986]], "eigenvalues": [299.9596, 321.0828, 333.7455]}, "29": {"type": "H", "Isotropic": 29.7359, "Anisotropy": 19.0052, "tensor": [[0.9028, 0.972, 22.9267]], "eigenvalues": [22.2522, 24.5494, 42.406]}, "30": {"type": "H", "Isotropic": 29.7032, "Anisotropy": 20.5812, "tensor": [[37.388, 6.106, 7.6877], [5.0019, 25.6148, 2.5947], [7.5483, 3.166, 26.1068]], "eigenvalues": [22.2643, 23.4213, 43.424]}}, "output": {"energies": [-764.577619145], "final_energy": -764.577619145, "final_energy_per_atom": -25.485920638166665, "molecule": {"charge": 0.0, "spin_multiplicity": 1, "sites": [{"name": "O", "species": [{"element": "O", "occu": 1}], "xyz": [-0.279515, 1.489809, -0.239204], "properties": {}}, {"name": "H", "species": [{"element": "H", "occu": 1}], "xyz": [0.027047, 0.593603, -0.400594], "properties": {}}, {"name": "H", "species": [{"element": "H", "occu": 1}], "xyz": [-1.265199, 1.446652, -0.191491], "properties": {}}, {"name": "O", "species": [{"element": "O", "occu": 1}], "xyz": [-2.96221, 1.520358, 0.133646], "properties": {}}, {"name": "H", "species": [{"element": "H", "occu": 1}], "xyz": [-3.149528, 0.718137, 0.661931], "properties": {}}, {"name": "H", "species": [{"element": "H", "occu": 1}], "xyz": [-3.049764, 2.245038, 0.77605], "properties": {}}, {"name": "O", "species": [{"element": "O", "occu": 1}], "xyz": [-2.820825, 3.163394, 2.497728], "properties": {}}, {"name": "H", "species": [{"element": "H", "occu": 1}], "xyz": [-1.858917, 2.953563, 2.46233], "properties": {}}, {"name": "H", "species": [{"element": "H", "occu": 1}], "xyz": [-3.224829, 2.438003, 3.008921], "properties": {}}, {"name": "H", "species": [{"element": "H", "occu": 1}], "xyz": [0.221564, 2.102925, 3.018412], "properties": {}}, {"name": "O", "species": [{"element": "O", "occu": 1}], "xyz": [-0.14836, 2.65163, 2.308328], "properties": {}}, {"name": "H", "species": [{"element": "H", "occu": 1}], "xyz": [-0.019646, 2.170286, 1.471498], "properties": {}}, {"name": "H", "species": [{"element": "H", "occu": 1}], "xyz": [-2.703066, -1.252148, 1.941362], "properties": {}}, {"name": "O", "species": [{"element": "O", "occu": 1}], "xyz": [-3.407638, -0.60308, 1.876732], "properties": {}}, {"name": "H", "species": [{"element": "H", "occu": 1}], "xyz": [-3.445388, -0.155939, 2.743445], "properties": {}}, {"name": "H", "species": [{"element": "H", "occu": 1}], "xyz": [-0.871823, 1.727063, 5.462004], "properties": {}}, {"name": "H", "species": [{"element": "H", "occu": 1}], "xyz": [-1.866298, 2.920034, 5.576392], "properties": {}}, {"name": "O", "species": [{"element": "O", "occu": 1}], "xyz": [-1.755923, 1.971128, 5.781899], "properties": {}}, {"name": "H", "species": [{"element": "H", "occu": 1}], "xyz": [-2.971716, 1.242061, 4.806921], "properties": {}}, {"name": "O", "species": [{"element": "O", "occu": 1}], "xyz": [-3.646772, 0.99822, 4.128091], "properties": {}}, {"name": "H", "species": [{"element": "H", "occu": 1}], "xyz": [-4.498619, 0.986916, 4.571961], "properties": {}}, {"name": "H", "species": [{"element": "H", "occu": 1}], "xyz": [0.34823, 2.723794, -1.463793], "properties": {}}, {"name": "O", "species": [{"element": "O", "occu": 1}], "xyz": [0.695857, 3.396374, -2.074807], "properties": {}}, {"name": "H", "species": [{"element": "H", "occu": 1}], "xyz": [0.126046, 3.353896, -2.845444], "properties": {}}, {"name": "O", "species": [{"element": "O", "occu": 1}], "xyz": [-2.387545, 4.544223, 4.902458], "properties": {}}, {"name": "H", "species": [{"element": "H", "occu": 1}], "xyz": [-2.590739, 4.271819, 3.987354], "properties": {}}, {"name": "H", "species": [{"element": "H", "occu": 1}], "xyz": [-1.725342, 5.236343, 4.83402], "properties": {}}, {"name": "O", "species": [{"element": "O", "occu": 1}], "xyz": [0.742116, 1.233063, 4.610541], "properties": {}}, {"name": "H", "species": [{"element": "H", "occu": 1}], "xyz": [0.874811, 0.282616, 4.541409], "properties": {}}, {"name": "H", "species": [{"element": "H", "occu": 1}], "xyz": [1.546164, 1.581103, 5.008071], "properties": {}}]}, "stationary_type": "Minimum", "corrections": {}, "tensor": {"1": {"type": "O", "Isotropic": 303.1736, "Anisotropy": 44.3443, "tensor": [], "eigenvalues": [284.9564, 291.828, 332.7365]}, "2": {"type": "H", "Isotropic": 30.3013, "Anisotropy": 18.3257, "tensor": [], "eigenvalues": [23.2286, 25.1569, 42.5185]}, "3": {"type": "H", "Isotropic": 24.2974, "Anisotropy": 33.9069, "tensor": [[0.8138, 11.9292, 0.5932]], "eigenvalues": [11.729, 14.2613, 46.902]}, "4": {"type": "O", "Isotropic": 302.1132, "Anisotropy": 37.2155, "tensor": [[3.4647, 325.8472, 5.4007]], "eigenvalues": [279.121, 300.2951, 326.9235]}, "5": {"type": "H", "Isotropic": 26.2877, "Anisotropy": 29.6602, "tensor": [], "eigenvalues": [14.7512, 18.0508, 46.0612]}, "6": {"type": "H", "Isotropic": 28.0531, "Anisotropy": 25.3719, "tensor": [], "eigenvalues": [18.8003, 20.3914, 44.9678]}, "7": {"type": "O", "Isotropic": 288.9876, "Anisotropy": 33.3532, "tensor": [[9.1627, 276.6914, 3.9344]], "eigenvalues": [269.2313, 286.5084, 311.223]}, "8": {"type": "H", "Isotropic": 25.0772, "Anisotropy": 30.5492, "tensor": [], "eigenvalues": [13.4968, 16.2914, 45.4433]}, "9": {"type": "H", "Isotropic": 27.2505, "Anisotropy": 26.2232, "tensor": [], "eigenvalues": [17.2598, 19.7591, 44.7326]}, "10": {"type": "H", "Isotropic": 27.448, "Anisotropy": 29.7726, "tensor": [], "eigenvalues": [16.0953, 18.9523, 47.2964]}, "11": {"type": "O", "Isotropic": 311.4911, "Anisotropy": 54.085, "tensor": [[7.707, 1.5511, 345.8976]], "eigenvalues": [277.8026, 309.123, 347.5478]}, "12": {"type": "H", "Isotropic": 26.9, "Anisotropy": 30.9686, "tensor": [], "eigenvalues": [15.5778, 17.5766, 47.5458]}, "13": {"type": "H", "Isotropic": 30.6577, "Anisotropy": 18.4303, "tensor": [[0.196, 0.1933, 24.4024]], "eigenvalues": [24.2677, 24.7608, 42.9445]}, "14": {"type": "O", "Isotropic": 320.0507, "Anisotropy": 49.7141, "tensor": [], "eigenvalues": [290.8437, 316.115, 353.1935]}, "15": {"type": "H", "Isotropic": 26.4384, "Anisotropy": 31.5838, "tensor": [], "eigenvalues": [14.5581, 17.2629, 47.4943]}, "16": {"type": "H", "Isotropic": 27.3911, "Anisotropy": 28.4421, "tensor": [], "eigenvalues": [16.5771, 19.2436, 46.3524]}, "17": {"type": "H", "Isotropic": 26.4622, "Anisotropy": 28.92, "tensor": [], "eigenvalues": [15.8859, 17.7586, 45.7422]}, "18": {"type": "O", "Isotropic": 306.2744, "Anisotropy": 42.5442, "tensor": [], "eigenvalues": [282.4975, 301.6884, 334.6372]}, "19": {"type": "H", "Isotropic": 24.1463, "Anisotropy": 33.9882, "tensor": [[29.8549, 8.8846, 14.0906], [8.8828, 15.5751, 5.8825], [15.2167, 6.2834, 27.0089]], "eigenvalues": [11.1711, 14.4627, 46.8051]}, "20": {"type": "O", "Isotropic": 301.8682, "Anisotropy": 43.7429, "tensor": [[316.5492, 13.8648, 10.1471], [20.2128, 285.5236, 6.5282], [13.6039, 8.0518, 303.5319]], "eigenvalues": [277.832, 296.7426, 331.0302]}, "21": {"type": "H", "Isotropic": 30.0642, "Anisotropy": 19.9479, "tensor": [[1.938, 23.0899, 0.0409]], "eigenvalues": [22.4268, 24.403, 43.3628]}, "22": {"type": "H", "Isotropic": 27.192, "Anisotropy": 34.12, "tensor": [], "eigenvalues": [15.1909, 16.4464, 49.9386]}, "23": {"type": "O", "Isotropic": 334.646, "Anisotropy": 55.9386, "tensor": [[319.7502, 11.652, 2.0064]], "eigenvalues": [304.2325, 327.7672, 371.9384]}, "24": {"type": "H", "Isotropic": 31.3898, "Anisotropy": 19.1834, "tensor": [[29.9106, 0.3907, 8.1916]], "eigenvalues": [23.6626, 26.328, 44.1788]}, "25": {"type": "O", "Isotropic": 316.5681, "Anisotropy": 55.6137, "tensor": [[296.6994, 11.327, 13.9255], [20.0564, 327.4206, 16.1148], [19.6241, 19.6412, 325.5842]], "eigenvalues": [287.3907, 308.6696, 353.6439]}, "26": {"type": "H", "Isotropic": 26.8214, "Anisotropy": 30.0296, "tensor": [[16.6958, 2.1691, 5.2079], [2.1485, 23.5559, 10.3975], [5.8425, 11.6059, 40.2125]], "eigenvalues": [15.4367, 18.1863, 46.8411]}, "27": {"type": "H", "Isotropic": 30.5321, "Anisotropy": 19.4638, "tensor": [[31.0102, 9.4694, 0.4451], [9.5289, 36.1619, 1.5729]], "eigenvalues": [23.2972, 24.7911, 43.5079]}, "28": {"type": "O", "Isotropic": 318.2626, "Anisotropy": 23.2243, "tensor": [[320.3169, 3.8878, 9.7547], [3.9707, 329.5724, 5.6386], [9.418, 5.0642, 304.8986]], "eigenvalues": [299.9596, 321.0828, 333.7455]}, "29": {"type": "H", "Isotropic": 29.7359, "Anisotropy": 19.0052, "tensor": [[0.9028, 0.972, 22.9267]], "eigenvalues": [22.2522, 24.5494, 42.406]}, "30": {"type": "H", "Isotropic": 29.7032, "Anisotropy": 20.5812, "tensor": [[37.388, 6.106, 7.6877], [5.0019, 25.6148, 2.5947], [7.5483, 3.166, 26.1068]], "eigenvalues": [22.2643, 23.4213, 43.424]}}}}, "functional": "wB97X", "basis": "Def2TZVP", "phase": "solution", "type": "scrf;nmr", "smiles": "O.O.O.O.O.O.O.O.O.O", "formula": "H20 O10", "formula_pretty": "H2O", "formula_anonymous": "AB2", "formula_alphabetical": "H20 O10", "chemsys": "H-O", "nsites": 30, "nelements": 2, "is_ordered": true, "is_valid": true, "tag": "unknown", "wall_time (s)": 99.91774081811309, "last_updated": "2021-02-11T20:51:27.997183", "_id": null}