{"input": {"molecule": {"charge": 0, "spin_multiplicity": 1, "sites": [{"name": "O", "species": [{"element": "O", "occu": 1}], "xyz": [-1.025471, 0.700105, -0.941176], "properties": {}}, {"name": "H", "species": [{"element": "H", "occu": 1}], "xyz": [-0.452413, -0.059954, -1.067943], "properties": {}}, {"name": "H", "species": [{"element": "H", "occu": 1}], "xyz": [-1.737569, 0.400997, -0.344808], "properties": {}}, {"name": "O", "species": [{"element": "O", "occu": 1}], "xyz": [-2.981326, 0.213645, 1.007089], "properties": {}}, {"name": "H", "species": [{"element": "H", "occu": 1}], "xyz": [-3.020328, -0.668912, 1.386149], "properties": {}}, {"name": "H", "species": [{"element": "H", "occu": 1}], "xyz": [-2.613428, 0.80615, 1.704704], "properties": {}}, {"name": "O", "species": [{"element": "O", "occu": 1}], "xyz": [-2.096651, 2.153091, 2.658361], "properties": {}}, {"name": "H", "species": [{"element": "H", "occu": 1}], "xyz": [-1.539937, 2.011515, 3.452776], "properties": {}}, {"name": "H", "species": [{"element": "H", "occu": 1}], "xyz": [-2.905305, 2.644646, 2.910421], "properties": {}}, {"name": "H", "species": [{"element": "H", "occu": 1}], "xyz": [2.37436, 2.78228, 2.76227], "properties": {}}, {"name": "O", "species": [{"element": "O", "occu": 1}], "xyz": [1.739835, 2.068924, 2.661535], "properties": {}}, {"name": "H", "species": [{"element": "H", "occu": 1}], "xyz": [1.167005, 2.315566, 1.901125], "properties": {}}, {"name": "H", "species": [{"element": "H", "occu": 1}], "xyz": [-4.641317, 1.016157, 0.865347], "properties": {}}, {"name": "O", "species": [{"element": "O", "occu": 1}], "xyz": [-5.405235, 1.62095, 0.921309], "properties": {}}, {"name": "H", "species": [{"element": "H", "occu": 1}], "xyz": [-6.174983, 1.065532, 1.066704], "properties": {}}, {"name": "H", "species": [{"element": "H", "occu": 1}], "xyz": [0.578935, 1.867549, 3.98766], "properties": {}}, {"name": "H", "species": [{"element": "H", "occu": 1}], "xyz": [-0.127709, 0.926015, 5.000277], "properties": {}}, {"name": "O", "species": [{"element": "O", "occu": 1}], "xyz": [-0.194229, 1.790111, 4.587161], "properties": {}}, {"name": "H", "species": [{"element": "H", "occu": 1}], "xyz": [-4.986561, 2.75223, 2.252606], "properties": {}}, {"name": "O", "species": [{"element": "O", "occu": 1}], "xyz": [-4.560176, 3.324245, 2.923909], "properties": {}}, {"name": "H", "species": [{"element": "H", "occu": 1}], "xyz": [-5.053055, 3.192852, 3.737398], "properties": {}}, {"name": "H", "species": [{"element": "H", "occu": 1}], "xyz": [-0.306494, 2.049597, 0.097175], "properties": {}}, {"name": "O", "species": [{"element": "O", "occu": 1}], "xyz": [-0.110099, 2.730253, 0.76804], "properties": {}}, {"name": "H", "species": [{"element": "H", "occu": 1}], "xyz": [-0.871577, 2.694874, 1.375539], "properties": {}}]}, "functional": "wB97X", "basis_set": "Def2TZVP", "route_parameters": {"NMR": "GIAO", "iop(7/33=1)": null, "int": "ultrafine", "NoSymmetry": null, "test": null, "SCRF": "(Solvent=Water)"}, "title": "H16 O8", "charge": 0, "spin_multiplicity": 1, "input_parameters": {}, "link0_parameters": {"%chk": "checkpoint.chk", "%mem": "100GB", "%NProcShared": "24"}, "dieze_tag": "#P", "nbasisfunctions": 344, "pcm_parameters": {}}, "output": {"has_gaussian_completed": true, "is_pcm": true, "errors": [], "Mulliken_charges": {"1": ["O", -0.721123], "2": ["H", 0.363868], "3": ["H", 0.361358], "4": ["O", -0.730805], "5": ["H", 0.378527], "6": ["H", 0.362538], "7": ["O", -0.745913], "8": ["H", 0.369973], "9": ["H", 0.370907], "10": ["H", 0.363661], "11": ["O", -0.727927], "12": ["H", 0.359286], "13": ["H", 0.362098], "14": ["O", -0.717745], "15": ["H", 0.366276], "16": ["H", 0.359758], "17": ["H", 0.364592], "18": ["O", -0.723204], "19": ["H", 0.361394], "20": ["O", -0.722347], "21": ["H", 0.364272], "22": ["H", 0.361861], "23": ["O", -0.730072], "24": ["H", 0.348764]}, "tensor": {"1": {"type": "O", "Isotropic": 320.378, "Anisotropy": 54.0059, "tensor": [], "eigenvalues": [290.2163, 314.5359, 356.3819]}, "2": {"type": "H", "Isotropic": 30.6592, "Anisotropy": 19.6338, "tensor": [], "eigenvalues": [23.9456, 24.2836, 43.7484]}, "3": {"type": "H", "Isotropic": 26.7006, "Anisotropy": 31.0027, "tensor": [], "eigenvalues": [14.9697, 17.7631, 47.3691]}, "4": {"type": "O", "Isotropic": 304.069, "Anisotropy": 47.535, "tensor": [[293.0326, 13.1574, 3.9202], [10.5935, 324.326, 13.2219], [4.7475, 20.6525, 294.8486]], "eigenvalues": [286.7858, 289.6623, 335.759]}, "5": {"type": "H", "Isotropic": 30.1959, "Anisotropy": 18.9673, "tensor": [], "eigenvalues": [23.7689, 23.9781, 42.8408]}, "6": {"type": "H", "Isotropic": 24.4865, "Anisotropy": 33.4845, "tensor": [[18.4596, 8.4628, 7.1525], [7.8371, 28.2381, 14.5754], [7.1576, 15.7223, 26.7617]], "eigenvalues": [12.2507, 14.3992, 46.8095]}, "7": {"type": "O", "Isotropic": 291.4393, "Anisotropy": 50.1958, "tensor": [[12.5737, 4.7404, 287.5942]], "eigenvalues": [261.869, 287.5458, 324.9032]}, "8": {"type": "H", "Isotropic": 25.2081, "Anisotropy": 33.2718, "tensor": [], "eigenvalues": [12.2143, 16.0206, 47.3892]}, "9": {"type": "H", "Isotropic": 25.3705, "Anisotropy": 33.1206, "tensor": [], "eigenvalues": [12.4383, 16.2222, 47.4509]}, "10": {"type": "H", "Isotropic": 30.6913, "Anisotropy": 20.1322, "tensor": [[35.3521, 9.7322, 2.6246], [9.9337, 32.0511, 1.7597], [2.4283, 1.329, 24.6707]], "eigenvalues": [23.4677, 24.4934, 44.1127]}, "11": {"type": "O", "Isotropic": 316.8008, "Anisotropy": 54.8896, "tensor": [[335.535, 16.7764, 22.5831]], "eigenvalues": [284.2364, 312.7722, 353.3939]}, "12": {"type": "H", "Isotropic": 25.1346, "Anisotropy": 34.1253, "tensor": [], "eigenvalues": [12.0576, 15.4614, 47.8847]}, "13": {"type": "H", "Isotropic": 26.5826, "Anisotropy": 31.4248, "tensor": [], "eigenvalues": [14.4554, 17.7599, 47.5325]}, "14": {"type": "O", "Isotropic": 320.0942, "Anisotropy": 53.3846, "tensor": [[3.8375, 12.6959, 294.0416]], "eigenvalues": [288.1724, 316.4263, 355.684]}, "15": {"type": "H", "Isotropic": 30.6008, "Anisotropy": 20.3759, "tensor": [], "eigenvalues": [23.2443, 24.3734, 44.1847]}, "16": {"type": "H", "Isotropic": 25.5055, "Anisotropy": 32.5413, "tensor": [], "eigenvalues": [12.8386, 16.4782, 47.1997]}, "17": {"type": "H", "Isotropic": 30.6723, "Anisotropy": 19.1632, "tensor": [], "eigenvalues": [23.9424, 24.6266, 43.4477]}, "18": {"type": "O", "Isotropic": 317.096, "Anisotropy": 50.8382, "tensor": [], "eigenvalues": [285.6943, 314.6056, 350.9882]}, "19": {"type": "H", "Isotropic": 25.8911, "Anisotropy": 31.6679, "tensor": [[20.8965, 6.0684, 8.3258], [5.6369, 25.4569, 14.8303], [7.5904, 14.3581, 31.3198]], "eigenvalues": [13.4394, 17.2309, 47.003]}, "20": {"type": "O", "Isotropic": 318.3648, "Anisotropy": 52.4776, "tensor": [], "eigenvalues": [286.7869, 314.9576, 353.3498]}, "21": {"type": "H", "Isotropic": 30.6996, "Anisotropy": 19.5759, "tensor": [[0.1425, 23.8336, 0.1143]], "eigenvalues": [23.7342, 24.6144, 43.7502]}, "22": {"type": "H", "Isotropic": 26.6882, "Anisotropy": 29.9128, "tensor": [[19.1, 6.312, 3.6954], [5.882, 29.6869, 14.442], [3.4727, 14.4409, 31.2777]], "eigenvalues": [14.6838, 18.7507, 46.6301]}, "23": {"type": "O", "Isotropic": 307.7091, "Anisotropy": 45.8614, "tensor": [[3.8205, 287.1634, 17.1922]], "eigenvalues": [277.3905, 307.4534, 338.2833]}, "24": {"type": "H", "Isotropic": 27.1468, "Anisotropy": 29.1346, "tensor": [], "eigenvalues": [15.9697, 18.9009, 46.5699]}}, "output": {"energies": [-611.663194482], "final_energy": -611.663194482, "final_energy_per_atom": -25.48596643675, "molecule": {"charge": 0.0, "spin_multiplicity": 1, "sites": [{"name": "O", "species": [{"element": "O", "occu": 1}], "xyz": [-1.025471, 0.700105, -0.941176], "properties": {}}, {"name": "H", "species": [{"element": "H", "occu": 1}], "xyz": [-0.452413, -0.059954, -1.067943], "properties": {}}, {"name": "H", "species": [{"element": "H", "occu": 1}], "xyz": [-1.737569, 0.400997, -0.344808], "properties": {}}, {"name": "O", "species": [{"element": "O", "occu": 1}], "xyz": [-2.981326, 0.213645, 1.007089], "properties": {}}, {"name": "H", "species": [{"element": "H", "occu": 1}], "xyz": [-3.020328, -0.668912, 1.386149], "properties": {}}, {"name": "H", "species": [{"element": "H", "occu": 1}], "xyz": [-2.613428, 0.80615, 1.704704], "properties": {}}, {"name": "O", "species": [{"element": "O", "occu": 1}], "xyz": [-2.096651, 2.153091, 2.658361], "properties": {}}, {"name": "H", "species": [{"element": "H", "occu": 1}], "xyz": [-1.539937, 2.011515, 3.452776], "properties": {}}, {"name": "H", "species": [{"element": "H", "occu": 1}], "xyz": [-2.905305, 2.644646, 2.910421], "properties": {}}, {"name": "H", "species": [{"element": "H", "occu": 1}], "xyz": [2.37436, 2.78228, 2.76227], "properties": {}}, {"name": "O", "species": [{"element": "O", "occu": 1}], "xyz": [1.739835, 2.068924, 2.661535], "properties": {}}, {"name": "H", "species": [{"element": "H", "occu": 1}], "xyz": [1.167005, 2.315566, 1.901125], "properties": {}}, {"name": "H", "species": [{"element": "H", "occu": 1}], "xyz": [-4.641317, 1.016157, 0.865347], "properties": {}}, {"name": "O", "species": [{"element": "O", "occu": 1}], "xyz": [-5.405235, 1.62095, 0.921309], "properties": {}}, {"name": "H", "species": [{"element": "H", "occu": 1}], "xyz": [-6.174983, 1.065532, 1.066704], "properties": {}}, {"name": "H", "species": [{"element": "H", "occu": 1}], "xyz": [0.578935, 1.867549, 3.98766], "properties": {}}, {"name": "H", "species": [{"element": "H", "occu": 1}], "xyz": [-0.127709, 0.926015, 5.000277], "properties": {}}, {"name": "O", "species": [{"element": "O", "occu": 1}], "xyz": [-0.194229, 1.790111, 4.587161], "properties": {}}, {"name": "H", "species": [{"element": "H", "occu": 1}], "xyz": [-4.986561, 2.75223, 2.252606], "properties": {}}, {"name": "O", "species": [{"element": "O", "occu": 1}], "xyz": [-4.560176, 3.324245, 2.923909], "properties": {}}, {"name": "H", "species": [{"element": "H", "occu": 1}], "xyz": [-5.053055, 3.192852, 3.737398], "properties": {}}, {"name": "H", "species": [{"element": "H", "occu": 1}], "xyz": [-0.306494, 2.049597, 0.097175], "properties": {}}, {"name": "O", "species": [{"element": "O", "occu": 1}], "xyz": [-0.110099, 2.730253, 0.76804], "properties": {}}, {"name": "H", "species": [{"element": "H", "occu": 1}], "xyz": [-0.871577, 2.694874, 1.375539], "properties": {}}]}, "stationary_type": "Minimum", "corrections": {}, "tensor": {"1": {"type": "O", "Isotropic": 320.378, "Anisotropy": 54.0059, "tensor": [], "eigenvalues": [290.2163, 314.5359, 356.3819]}, "2": {"type": "H", "Isotropic": 30.6592, "Anisotropy": 19.6338, "tensor": [], "eigenvalues": [23.9456, 24.2836, 43.7484]}, "3": {"type": "H", "Isotropic": 26.7006, "Anisotropy": 31.0027, "tensor": [], "eigenvalues": [14.9697, 17.7631, 47.3691]}, "4": {"type": "O", "Isotropic": 304.069, "Anisotropy": 47.535, "tensor": [[293.0326, 13.1574, 3.9202], [10.5935, 324.326, 13.2219], [4.7475, 20.6525, 294.8486]], "eigenvalues": [286.7858, 289.6623, 335.759]}, "5": {"type": "H", "Isotropic": 30.1959, "Anisotropy": 18.9673, "tensor": [], "eigenvalues": [23.7689, 23.9781, 42.8408]}, "6": {"type": "H", "Isotropic": 24.4865, "Anisotropy": 33.4845, "tensor": [[18.4596, 8.4628, 7.1525], [7.8371, 28.2381, 14.5754], [7.1576, 15.7223, 26.7617]], "eigenvalues": [12.2507, 14.3992, 46.8095]}, "7": {"type": "O", "Isotropic": 291.4393, "Anisotropy": 50.1958, "tensor": [[12.5737, 4.7404, 287.5942]], "eigenvalues": [261.869, 287.5458, 324.9032]}, "8": {"type": "H", "Isotropic": 25.2081, "Anisotropy": 33.2718, "tensor": [], "eigenvalues": [12.2143, 16.0206, 47.3892]}, "9": {"type": "H", "Isotropic": 25.3705, "Anisotropy": 33.1206, "tensor": [], "eigenvalues": [12.4383, 16.2222, 47.4509]}, "10": {"type": "H", "Isotropic": 30.6913, "Anisotropy": 20.1322, "tensor": [[35.3521, 9.7322, 2.6246], [9.9337, 32.0511, 1.7597], [2.4283, 1.329, 24.6707]], "eigenvalues": [23.4677, 24.4934, 44.1127]}, "11": {"type": "O", "Isotropic": 316.8008, "Anisotropy": 54.8896, "tensor": [[335.535, 16.7764, 22.5831]], "eigenvalues": [284.2364, 312.7722, 353.3939]}, "12": {"type": "H", "Isotropic": 25.1346, "Anisotropy": 34.1253, "tensor": [], "eigenvalues": [12.0576, 15.4614, 47.8847]}, "13": {"type": "H", "Isotropic": 26.5826, "Anisotropy": 31.4248, "tensor": [], "eigenvalues": [14.4554, 17.7599, 47.5325]}, "14": {"type": "O", "Isotropic": 320.0942, "Anisotropy": 53.3846, "tensor": [[3.8375, 12.6959, 294.0416]], "eigenvalues": [288.1724, 316.4263, 355.684]}, "15": {"type": "H", "Isotropic": 30.6008, "Anisotropy": 20.3759, "tensor": [], "eigenvalues": [23.2443, 24.3734, 44.1847]}, "16": {"type": "H", "Isotropic": 25.5055, "Anisotropy": 32.5413, "tensor": [], "eigenvalues": [12.8386, 16.4782, 47.1997]}, "17": {"type": "H", "Isotropic": 30.6723, "Anisotropy": 19.1632, "tensor": [], "eigenvalues": [23.9424, 24.6266, 43.4477]}, "18": {"type": "O", "Isotropic": 317.096, "Anisotropy": 50.8382, "tensor": [], "eigenvalues": [285.6943, 314.6056, 350.9882]}, "19": {"type": "H", "Isotropic": 25.8911, "Anisotropy": 31.6679, "tensor": [[20.8965, 6.0684, 8.3258], [5.6369, 25.4569, 14.8303], [7.5904, 14.3581, 31.3198]], "eigenvalues": [13.4394, 17.2309, 47.003]}, "20": {"type": "O", "Isotropic": 318.3648, "Anisotropy": 52.4776, "tensor": [], "eigenvalues": [286.7869, 314.9576, 353.3498]}, "21": {"type": "H", "Isotropic": 30.6996, "Anisotropy": 19.5759, "tensor": [[0.1425, 23.8336, 0.1143]], "eigenvalues": [23.7342, 24.6144, 43.7502]}, "22": {"type": "H", "Isotropic": 26.6882, "Anisotropy": 29.9128, "tensor": [[19.1, 6.312, 3.6954], [5.882, 29.6869, 14.442], [3.4727, 14.4409, 31.2777]], "eigenvalues": [14.6838, 18.7507, 46.6301]}, "23": {"type": "O", "Isotropic": 307.7091, "Anisotropy": 45.8614, "tensor": [[3.8205, 287.1634, 17.1922]], "eigenvalues": [277.3905, 307.4534, 338.2833]}, "24": {"type": "H", "Isotropic": 27.1468, "Anisotropy": 29.1346, "tensor": [], "eigenvalues": [15.9697, 18.9009, 46.5699]}}}}, "functional": "wB97X", "basis": "Def2TZVP", "phase": "solution", "type": "scrf;nmr", "smiles": "O.O.O.O.O.O.O.O", "formula": "H16 O8", "formula_pretty": "H2O", "formula_anonymous": "AB2", "formula_alphabetical": "H16 O8", "chemsys": "H-O", "nsites": 24, "nelements": 2, "is_ordered": true, "is_valid": true, "tag": "unknown", "wall_time (s)": 66.98132032249123, "last_updated": "2021-02-10T02:01:42.467792", "_id": null}