{"input": {"molecule": {"charge": 0, "spin_multiplicity": 1, "sites": [{"name": "O", "species": [{"element": "O", "occu": 1}], "xyz": [-0.689599, 1.662799, -0.557993], "properties": {}}, {"name": "H", "species": [{"element": "H", "occu": 1}], "xyz": [-1.116543, 2.072486, -1.314576], "properties": {}}, {"name": "H", "species": [{"element": "H", "occu": 1}], "xyz": [-1.394581, 1.236471, -0.026333], "properties": {}}, {"name": "O", "species": [{"element": "O", "occu": 1}], "xyz": [-2.450533, 0.560433, 1.22003], "properties": {}}, {"name": "H", "species": [{"element": "H", "occu": 1}], "xyz": [-3.151188, -0.040672, 0.954371], "properties": {}}, {"name": "H", "species": [{"element": "H", "occu": 1}], "xyz": [-1.954111, 0.114615, 1.942084], "properties": {}}, {"name": "O", "species": [{"element": "O", "occu": 1}], "xyz": [-0.948922, -0.582816, 3.191143], "properties": {}}, {"name": "H", "species": [{"element": "H", "occu": 1}], "xyz": [-1.046915, -1.532756, 3.298914], "properties": {}}, {"name": "H", "species": [{"element": "H", "occu": 1}], "xyz": [-1.080185, -0.180148, 4.089243], "properties": {}}, {"name": "H", "species": [{"element": "H", "occu": 1}], "xyz": [1.077706, 2.029004, 1.861859], "properties": {}}, {"name": "O", "species": [{"element": "O", "occu": 1}], "xyz": [0.729769, 2.904662, 1.594756], "properties": {}}, {"name": "H", "species": [{"element": "H", "occu": 1}], "xyz": [0.18449, 2.710062, 0.816281], "properties": {}}, {"name": "H", "species": [{"element": "H", "occu": 1}], "xyz": [-2.961263, 2.37996, 1.501832], "properties": {}}, {"name": "O", "species": [{"element": "O", "occu": 1}], "xyz": [-3.160084, 3.328101, 1.512115], "properties": {}}, {"name": "H", "species": [{"element": "H", "occu": 1}], "xyz": [-3.117275, 3.593278, 2.443454], "properties": {}}, {"name": "H", "species": [{"element": "H", "occu": 1}], "xyz": [-0.512958, 1.201203, 5.72012], "properties": {}}, {"name": "H", "species": [{"element": "H", "occu": 1}], "xyz": [-2.062225, 1.009161, 5.731211], "properties": {}}, {"name": "O", "species": [{"element": "O", "occu": 1}], "xyz": [-1.225403, 0.540011, 5.586849], "properties": {}}, {"name": "H", "species": [{"element": "H", "occu": 1}], "xyz": [-3.334361, 4.916549, 4.519281], "properties": {}}, {"name": "O", "species": [{"element": "O", "occu": 1}], "xyz": [-2.902946, 4.098885, 4.257638], "properties": {}}, {"name": "H", "species": [{"element": "H", "occu": 1}], "xyz": [-3.212879, 3.411294, 4.87695], "properties": {}}, {"name": "H", "species": [{"element": "H", "occu": 1}], "xyz": [0.663809, 0.460786, -0.748337], "properties": {}}, {"name": "O", "species": [{"element": "O", "occu": 1}], "xyz": [1.42261, -0.135894, -0.603143], "properties": {}}, {"name": "H", "species": [{"element": "H", "occu": 1}], "xyz": [1.164967, -0.987074, -0.964974], "properties": {}}, {"name": "O", "species": [{"element": "O", "occu": 1}], "xyz": [-3.673794, 1.998954, 5.926421], "properties": {}}, {"name": "H", "species": [{"element": "H", "occu": 1}], "xyz": [-4.44842, 1.524827, 5.607597], "properties": {}}, {"name": "H", "species": [{"element": "H", "occu": 1}], "xyz": [-3.864917, 2.22704, 6.841762], "properties": {}}, {"name": "O", "species": [{"element": "O", "occu": 1}], "xyz": [-0.100726, 4.138838, 3.896024], "properties": {}}, {"name": "H", "species": [{"element": "H", "occu": 1}], "xyz": [0.101571, 3.735067, 3.026207], "properties": {}}, {"name": "H", "species": [{"element": "H", "occu": 1}], "xyz": [-1.068831, 4.152856, 3.984802], "properties": {}}, {"name": "O", "species": [{"element": "O", "occu": 1}], "xyz": [0.783814, 2.38753, 5.761274], "properties": {}}, {"name": "H", "species": [{"element": "H", "occu": 1}], "xyz": [0.943711, 2.843691, 6.590495], "properties": {}}, {"name": "H", "species": [{"element": "H", "occu": 1}], "xyz": [0.507012, 3.076428, 5.112712], "properties": {}}, {"name": "O", "species": [{"element": "O", "occu": 1}], "xyz": [1.534102, 0.303016, 2.15234], "properties": {}}, {"name": "H", "species": [{"element": "H", "occu": 1}], "xyz": [0.723013, -0.080617, 2.529591], "properties": {}}, {"name": "H", "species": [{"element": "H", "occu": 1}], "xyz": [1.556894, 0.008439, 1.222302], "properties": {}}]}, "functional": "wB97X", "basis_set": "Def2TZVP", "route_parameters": {"NMR": "GIAO", "iop(7/33=1)": null, "int": "ultrafine", "NoSymmetry": null, "test": null, "SCRF": "(Solvent=Water)"}, "title": "H24 O12", "charge": 0, "spin_multiplicity": 1, "input_parameters": {}, "link0_parameters": {"%chk": "checkpoint.chk", "%mem": "100GB", "%NProcShared": "28"}, "dieze_tag": "#P", "nbasisfunctions": 516, "pcm_parameters": {}}, "output": {"has_gaussian_completed": true, "is_pcm": true, "errors": [], "Mulliken_charges": {"1": ["O", -0.72672], "2": ["H", 0.377906], "3": ["H", 0.367164], "4": ["O", -0.728066], "5": ["H", 0.379691], "6": ["H", 0.371134], "7": ["O", -0.737678], "8": ["H", 0.377413], "9": ["H", 0.381709], "10": ["H", 0.355571], "11": ["O", -0.737261], "12": ["H", 0.347877], "13": ["H", 0.334148], "14": ["O", -0.730271], "15": ["H", 0.339392], "16": ["H", 0.362308], "17": ["H", 0.354653], "18": ["O", -0.72766], "19": ["H", 0.378721], "20": ["O", -0.72123], "21": ["H", 0.368371], "22": ["H", 0.35801], "23": ["O", -0.718601], "24": ["H", 0.363873], "25": ["O", -0.712301], "26": ["H", 0.391039], "27": ["H", 0.390948], "28": ["O", -0.735855], "29": ["H", 0.364293], "30": ["H", 0.350824], "31": ["O", -0.729737], "32": ["H", 0.361772], "33": ["H", 0.35791], "34": ["O", -0.729688], "35": ["H", 0.344282], "36": ["H", 0.356062]}, "tensor": {"1": {"type": "O", "Isotropic": 306.3443, "Anisotropy": 38.1166, "tensor": [], "eigenvalues": [284.913, 302.3645, 331.7554]}, "2": {"type": "H", "Isotropic": 30.0808, "Anisotropy": 20.5508, "tensor": [], "eigenvalues": [22.3204, 24.1406, 43.7813]}, "3": {"type": "H", "Isotropic": 25.2961, "Anisotropy": 31.227, "tensor": [], "eigenvalues": [14.2871, 15.4872, 46.1141]}, "4": {"type": "O", "Isotropic": 304.6938, "Anisotropy": 34.8323, "tensor": [[307.3725, 3.9714, 18.8387]], "eigenvalues": [282.0114, 304.1546, 327.9154]}, "5": {"type": "H", "Isotropic": 30.1186, "Anisotropy": 20.1211, "tensor": [[34.5914, 8.5865, 5.1308], [9.0756, 30.3146, 3.5983], [4.8754, 3.0973, 25.4497]], "eigenvalues": [22.9703, 23.8528, 43.5327]}, "6": {"type": "H", "Isotropic": 24.7207, "Anisotropy": 33.048, "tensor": [], "eigenvalues": [12.8217, 14.5876, 46.7527]}, "7": {"type": "O", "Isotropic": 298.9762, "Anisotropy": 39.2814, "tensor": [], "eigenvalues": [278.7992, 292.9656, 325.1638]}, "8": {"type": "H", "Isotropic": 30.1806, "Anisotropy": 19.4704, "tensor": [], "eigenvalues": [22.719, 24.6619, 43.1609]}, "9": {"type": "H", "Isotropic": 23.1035, "Anisotropy": 37.153, "tensor": [], "eigenvalues": [9.3735, 12.0649, 47.8722]}, "10": {"type": "H", "Isotropic": 26.173, "Anisotropy": 29.655, "tensor": [], "eigenvalues": [14.7744, 17.8016, 45.943]}, "11": {"type": "O", "Isotropic": 306.0668, "Anisotropy": 37.424, "tensor": [[23.708, 1.9438, 315.4265]], "eigenvalues": [270.5911, 316.5932, 331.0161]}, "12": {"type": "H", "Isotropic": 28.009, "Anisotropy": 26.1156, "tensor": [[26.0928, 2.8301, 11.3455], [3.2455, 21.8777, 5.9977], [11.6602, 5.6234, 36.0565]], "eigenvalues": [18.3145, 20.2931, 45.4194]}, "13": {"type": "H", "Isotropic": 28.3209, "Anisotropy": 28.9285, "tensor": [], "eigenvalues": [18.0196, 19.3365, 47.6066]}, "14": {"type": "O", "Isotropic": 329.9731, "Anisotropy": 59.2721, "tensor": [], "eigenvalues": [299.2371, 321.1943, 369.4878]}, "15": {"type": "H", "Isotropic": 28.1235, "Anisotropy": 30.4028, "tensor": [[1.4481, 9.7498, 45.0488]], "eigenvalues": [16.644, 19.3346, 48.3921]}, "16": {"type": "H", "Isotropic": 25.3223, "Anisotropy": 32.0437, "tensor": [[32.6638, 15.3797, 2.4237], [15.9244, 28.2933, 2.3564], [2.7119, 2.6181, 15.0098]], "eigenvalues": [14.4484, 14.8337, 46.6848]}, "17": {"type": "H", "Isotropic": 27.5674, "Anisotropy": 28.832, "tensor": [], "eigenvalues": [17.3025, 18.611, 46.7888]}, "18": {"type": "O", "Isotropic": 307.1962, "Anisotropy": 42.5474, "tensor": [[8.7844, 298.2665, 15.394]], "eigenvalues": [276.0861, 309.9413, 335.5612]}, "19": {"type": "H", "Isotropic": 30.0942, "Anisotropy": 20.7139, "tensor": [], "eigenvalues": [22.4227, 23.9565, 43.9034]}, "20": {"type": "O", "Isotropic": 309.4049, "Anisotropy": 32.2745, "tensor": [], "eigenvalues": [287.4265, 309.8669, 330.9212]}, "21": {"type": "H", "Isotropic": 26.0851, "Anisotropy": 30.9967, "tensor": [], "eigenvalues": [13.958, 17.5478, 46.7496]}, "22": {"type": "H", "Isotropic": 26.486, "Anisotropy": 30.7365, "tensor": [], "eigenvalues": [14.3843, 18.0966, 46.977]}, "23": {"type": "O", "Isotropic": 318.7657, "Anisotropy": 51.3759, "tensor": [[5.8483, 15.7296, 310.1548]], "eigenvalues": [289.4242, 313.8566, 353.0162]}, "24": {"type": "H", "Isotropic": 30.6619, "Anisotropy": 19.8603, "tensor": [[24.691, 2.1707, 0.8559], [1.4813, 39.8424, 7.7398], [0.7203, 8.0854, 27.4524]], "eigenvalues": [23.589, 24.4947, 43.9021]}, "25": {"type": "O", "Isotropic": 316.5922, "Anisotropy": 22.8056, "tensor": [[315.6608, 8.9904, 1.6374], [8.8346, 307.7782, 8.7939], [1.8572, 9.3371, 326.3375]], "eigenvalues": [300.1548, 317.8258, 331.7959]}, "26": {"type": "H", "Isotropic": 29.5899, "Anisotropy": 18.8257, "tensor": [[35.9752, 8.073, 4.5492], [7.6904, 26.8921, 3.4705], [3.5364, 2.9589, 25.9024]], "eigenvalues": [22.0953, 24.534, 42.1404]}, "27": {"type": "H", "Isotropic": 29.6105, "Anisotropy": 20.5788, "tensor": [], "eigenvalues": [22.1549, 23.3468, 43.3297]}, "28": {"type": "O", "Isotropic": 307.8613, "Anisotropy": 49.3169, "tensor": [], "eigenvalues": [277.032, 305.8128, 340.7392]}, "29": {"type": "H", "Isotropic": 25.5939, "Anisotropy": 33.1687, "tensor": [], "eigenvalues": [13.8088, 15.2666, 47.7064]}, "30": {"type": "H", "Isotropic": 27.1765, "Anisotropy": 29.5676, "tensor": [], "eigenvalues": [16.4605, 18.1809, 46.8882]}, "31": {"type": "O", "Isotropic": 314.0645, "Anisotropy": 52.5119, "tensor": [[295.52, 5.5189, 25.4075]], "eigenvalues": [282.0719, 311.0491, 349.0724]}, "32": {"type": "H", "Isotropic": 30.7388, "Anisotropy": 20.5708, "tensor": [[25.0645, 1.9768, 4.9314], [2.1277, 27.1644, 7.0772], [5.1208, 6.5535, 39.9874]], "eigenvalues": [23.5286, 24.235, 44.4527]}, "33": {"type": "H", "Isotropic": 24.6402, "Anisotropy": 34.1884, "tensor": [], "eigenvalues": [11.9685, 14.5196, 47.4324]}, "34": {"type": "O", "Isotropic": 306.4744, "Anisotropy": 45.6282, "tensor": [], "eigenvalues": [285.6154, 296.9146, 336.8932]}, "35": {"type": "H", "Isotropic": 27.1905, "Anisotropy": 28.8889, "tensor": [], "eigenvalues": [17.3449, 17.7767, 46.4498]}, "36": {"type": "H", "Isotropic": 26.8189, "Anisotropy": 30.0763, "tensor": [], "eigenvalues": [15.6627, 17.9244, 46.8698]}}, "output": {"energies": [-917.50240334], "final_energy": -917.50240334, "final_energy_per_atom": -25.486177870555554, "molecule": {"charge": 0.0, "spin_multiplicity": 1, "sites": [{"name": "O", "species": [{"element": "O", "occu": 1}], "xyz": [-0.689599, 1.662799, -0.557993], "properties": {}}, {"name": "H", "species": [{"element": "H", "occu": 1}], "xyz": [-1.116543, 2.072486, -1.314576], "properties": {}}, {"name": "H", "species": [{"element": "H", "occu": 1}], "xyz": [-1.394581, 1.236471, -0.026333], "properties": {}}, {"name": "O", "species": [{"element": "O", "occu": 1}], "xyz": [-2.450533, 0.560433, 1.22003], "properties": {}}, {"name": "H", "species": [{"element": "H", "occu": 1}], "xyz": [-3.151188, -0.040672, 0.954371], "properties": {}}, {"name": "H", "species": [{"element": "H", "occu": 1}], "xyz": [-1.954111, 0.114615, 1.942084], "properties": {}}, {"name": "O", "species": [{"element": "O", "occu": 1}], "xyz": [-0.948922, -0.582816, 3.191143], "properties": {}}, {"name": "H", "species": [{"element": "H", "occu": 1}], "xyz": [-1.046915, -1.532756, 3.298914], "properties": {}}, {"name": "H", "species": [{"element": "H", "occu": 1}], "xyz": [-1.080185, -0.180148, 4.089243], "properties": {}}, {"name": "H", "species": [{"element": "H", "occu": 1}], "xyz": [1.077706, 2.029004, 1.861859], "properties": {}}, {"name": "O", "species": [{"element": "O", "occu": 1}], "xyz": [0.729769, 2.904662, 1.594756], "properties": {}}, {"name": "H", "species": [{"element": "H", "occu": 1}], "xyz": [0.18449, 2.710062, 0.816281], "properties": {}}, {"name": "H", "species": [{"element": "H", "occu": 1}], "xyz": [-2.961263, 2.37996, 1.501832], "properties": {}}, {"name": "O", "species": [{"element": "O", "occu": 1}], "xyz": [-3.160084, 3.328101, 1.512115], "properties": {}}, {"name": "H", "species": [{"element": "H", "occu": 1}], "xyz": [-3.117275, 3.593278, 2.443454], "properties": {}}, {"name": "H", "species": [{"element": "H", "occu": 1}], "xyz": [-0.512958, 1.201203, 5.72012], "properties": {}}, {"name": "H", "species": [{"element": "H", "occu": 1}], "xyz": [-2.062225, 1.009161, 5.731211], "properties": {}}, {"name": "O", "species": [{"element": "O", "occu": 1}], "xyz": [-1.225403, 0.540011, 5.586849], "properties": {}}, {"name": "H", "species": [{"element": "H", "occu": 1}], "xyz": [-3.334361, 4.916549, 4.519281], "properties": {}}, {"name": "O", "species": [{"element": "O", "occu": 1}], "xyz": [-2.902946, 4.098885, 4.257638], "properties": {}}, {"name": "H", "species": [{"element": "H", "occu": 1}], "xyz": [-3.212879, 3.411294, 4.87695], "properties": {}}, {"name": "H", "species": [{"element": "H", "occu": 1}], "xyz": [0.663809, 0.460786, -0.748337], "properties": {}}, {"name": "O", "species": [{"element": "O", "occu": 1}], "xyz": [1.42261, -0.135894, -0.603143], "properties": {}}, {"name": "H", "species": [{"element": "H", "occu": 1}], "xyz": [1.164967, -0.987074, -0.964974], "properties": {}}, {"name": "O", "species": [{"element": "O", "occu": 1}], "xyz": [-3.673794, 1.998954, 5.926421], "properties": {}}, {"name": "H", "species": [{"element": "H", "occu": 1}], "xyz": [-4.44842, 1.524827, 5.607597], "properties": {}}, {"name": "H", "species": [{"element": "H", "occu": 1}], "xyz": [-3.864917, 2.22704, 6.841762], "properties": {}}, {"name": "O", "species": [{"element": "O", "occu": 1}], "xyz": [-0.100726, 4.138838, 3.896024], "properties": {}}, {"name": "H", "species": [{"element": "H", "occu": 1}], "xyz": [0.101571, 3.735067, 3.026207], "properties": {}}, {"name": "H", "species": [{"element": "H", "occu": 1}], "xyz": [-1.068831, 4.152856, 3.984802], "properties": {}}, {"name": "O", "species": [{"element": "O", "occu": 1}], "xyz": [0.783814, 2.38753, 5.761274], "properties": {}}, {"name": "H", "species": [{"element": "H", "occu": 1}], "xyz": [0.943711, 2.843691, 6.590495], "properties": {}}, {"name": "H", "species": [{"element": "H", "occu": 1}], "xyz": [0.507012, 3.076428, 5.112712], "properties": {}}, {"name": "O", "species": [{"element": "O", "occu": 1}], "xyz": [1.534102, 0.303016, 2.15234], "properties": {}}, {"name": "H", "species": [{"element": "H", "occu": 1}], "xyz": [0.723013, -0.080617, 2.529591], "properties": {}}, {"name": "H", "species": [{"element": "H", "occu": 1}], "xyz": [1.556894, 0.008439, 1.222302], "properties": {}}]}, "stationary_type": "Minimum", "corrections": {}, "tensor": {"1": {"type": "O", "Isotropic": 306.3443, "Anisotropy": 38.1166, "tensor": [], "eigenvalues": [284.913, 302.3645, 331.7554]}, "2": {"type": "H", "Isotropic": 30.0808, "Anisotropy": 20.5508, "tensor": [], "eigenvalues": [22.3204, 24.1406, 43.7813]}, "3": {"type": "H", "Isotropic": 25.2961, "Anisotropy": 31.227, "tensor": [], "eigenvalues": [14.2871, 15.4872, 46.1141]}, "4": {"type": "O", "Isotropic": 304.6938, "Anisotropy": 34.8323, "tensor": [[307.3725, 3.9714, 18.8387]], "eigenvalues": [282.0114, 304.1546, 327.9154]}, "5": {"type": "H", "Isotropic": 30.1186, "Anisotropy": 20.1211, "tensor": [[34.5914, 8.5865, 5.1308], [9.0756, 30.3146, 3.5983], [4.8754, 3.0973, 25.4497]], "eigenvalues": [22.9703, 23.8528, 43.5327]}, "6": {"type": "H", "Isotropic": 24.7207, "Anisotropy": 33.048, "tensor": [], "eigenvalues": [12.8217, 14.5876, 46.7527]}, "7": {"type": "O", "Isotropic": 298.9762, "Anisotropy": 39.2814, "tensor": [], "eigenvalues": [278.7992, 292.9656, 325.1638]}, "8": {"type": "H", "Isotropic": 30.1806, "Anisotropy": 19.4704, "tensor": [], "eigenvalues": [22.719, 24.6619, 43.1609]}, "9": {"type": "H", "Isotropic": 23.1035, "Anisotropy": 37.153, "tensor": [], "eigenvalues": [9.3735, 12.0649, 47.8722]}, "10": {"type": "H", "Isotropic": 26.173, "Anisotropy": 29.655, "tensor": [], "eigenvalues": [14.7744, 17.8016, 45.943]}, "11": {"type": "O", "Isotropic": 306.0668, "Anisotropy": 37.424, "tensor": [[23.708, 1.9438, 315.4265]], "eigenvalues": [270.5911, 316.5932, 331.0161]}, "12": {"type": "H", "Isotropic": 28.009, "Anisotropy": 26.1156, "tensor": [[26.0928, 2.8301, 11.3455], [3.2455, 21.8777, 5.9977], [11.6602, 5.6234, 36.0565]], "eigenvalues": [18.3145, 20.2931, 45.4194]}, "13": {"type": "H", "Isotropic": 28.3209, "Anisotropy": 28.9285, "tensor": [], "eigenvalues": [18.0196, 19.3365, 47.6066]}, "14": {"type": "O", "Isotropic": 329.9731, "Anisotropy": 59.2721, "tensor": [], "eigenvalues": [299.2371, 321.1943, 369.4878]}, "15": {"type": "H", "Isotropic": 28.1235, "Anisotropy": 30.4028, "tensor": [[1.4481, 9.7498, 45.0488]], "eigenvalues": [16.644, 19.3346, 48.3921]}, "16": {"type": "H", "Isotropic": 25.3223, "Anisotropy": 32.0437, "tensor": [[32.6638, 15.3797, 2.4237], [15.9244, 28.2933, 2.3564], [2.7119, 2.6181, 15.0098]], "eigenvalues": [14.4484, 14.8337, 46.6848]}, "17": {"type": "H", "Isotropic": 27.5674, "Anisotropy": 28.832, "tensor": [], "eigenvalues": [17.3025, 18.611, 46.7888]}, "18": {"type": "O", "Isotropic": 307.1962, "Anisotropy": 42.5474, "tensor": [[8.7844, 298.2665, 15.394]], "eigenvalues": [276.0861, 309.9413, 335.5612]}, "19": {"type": "H", "Isotropic": 30.0942, "Anisotropy": 20.7139, "tensor": [], "eigenvalues": [22.4227, 23.9565, 43.9034]}, "20": {"type": "O", "Isotropic": 309.4049, "Anisotropy": 32.2745, "tensor": [], "eigenvalues": [287.4265, 309.8669, 330.9212]}, "21": {"type": "H", "Isotropic": 26.0851, "Anisotropy": 30.9967, "tensor": [], "eigenvalues": [13.958, 17.5478, 46.7496]}, "22": {"type": "H", "Isotropic": 26.486, "Anisotropy": 30.7365, "tensor": [], "eigenvalues": [14.3843, 18.0966, 46.977]}, "23": {"type": "O", "Isotropic": 318.7657, "Anisotropy": 51.3759, "tensor": [[5.8483, 15.7296, 310.1548]], "eigenvalues": [289.4242, 313.8566, 353.0162]}, "24": {"type": "H", "Isotropic": 30.6619, "Anisotropy": 19.8603, "tensor": [[24.691, 2.1707, 0.8559], [1.4813, 39.8424, 7.7398], [0.7203, 8.0854, 27.4524]], "eigenvalues": [23.589, 24.4947, 43.9021]}, "25": {"type": "O", "Isotropic": 316.5922, "Anisotropy": 22.8056, "tensor": [[315.6608, 8.9904, 1.6374], [8.8346, 307.7782, 8.7939], [1.8572, 9.3371, 326.3375]], "eigenvalues": [300.1548, 317.8258, 331.7959]}, "26": {"type": "H", "Isotropic": 29.5899, "Anisotropy": 18.8257, "tensor": [[35.9752, 8.073, 4.5492], [7.6904, 26.8921, 3.4705], [3.5364, 2.9589, 25.9024]], "eigenvalues": [22.0953, 24.534, 42.1404]}, "27": {"type": "H", "Isotropic": 29.6105, "Anisotropy": 20.5788, "tensor": [], "eigenvalues": [22.1549, 23.3468, 43.3297]}, "28": {"type": "O", "Isotropic": 307.8613, "Anisotropy": 49.3169, "tensor": [], "eigenvalues": [277.032, 305.8128, 340.7392]}, "29": {"type": "H", "Isotropic": 25.5939, "Anisotropy": 33.1687, "tensor": [], "eigenvalues": [13.8088, 15.2666, 47.7064]}, "30": {"type": "H", "Isotropic": 27.1765, "Anisotropy": 29.5676, "tensor": [], "eigenvalues": [16.4605, 18.1809, 46.8882]}, "31": {"type": "O", "Isotropic": 314.0645, "Anisotropy": 52.5119, "tensor": [[295.52, 5.5189, 25.4075]], "eigenvalues": [282.0719, 311.0491, 349.0724]}, "32": {"type": "H", "Isotropic": 30.7388, "Anisotropy": 20.5708, "tensor": [[25.0645, 1.9768, 4.9314], [2.1277, 27.1644, 7.0772], [5.1208, 6.5535, 39.9874]], "eigenvalues": [23.5286, 24.235, 44.4527]}, "33": {"type": "H", "Isotropic": 24.6402, "Anisotropy": 34.1884, "tensor": [], "eigenvalues": [11.9685, 14.5196, 47.4324]}, "34": {"type": "O", "Isotropic": 306.4744, "Anisotropy": 45.6282, "tensor": [], "eigenvalues": [285.6154, 296.9146, 336.8932]}, "35": {"type": "H", "Isotropic": 27.1905, "Anisotropy": 28.8889, "tensor": [], "eigenvalues": [17.3449, 17.7767, 46.4498]}, "36": {"type": "H", "Isotropic": 26.8189, "Anisotropy": 30.0763, "tensor": [], "eigenvalues": [15.6627, 17.9244, 46.8698]}}}}, "functional": "wB97X", "basis": "Def2TZVP", "phase": "solution", "type": "scrf;nmr", "smiles": "O.O.O.O.O.O.O.O.O.O.O.O", "formula": "H24 O12", "formula_pretty": "H2O", "formula_anonymous": "AB2", "formula_alphabetical": "H24 O12", "chemsys": "H-O", "nsites": 36, "nelements": 2, "is_ordered": true, "is_valid": true, "tag": "unknown", "wall_time (s)": 166.7573778219521, "last_updated": "2021-02-16T21:03:48.476115", "_id": null}