{"input": {"molecule": {"charge": 0, "spin_multiplicity": 1, "sites": [{"name": "O", "species": [{"element": "O", "occu": 1}], "xyz": [-0.642673, 0.872213, -0.292846], "properties": {}}, {"name": "H", "species": [{"element": "H", "occu": 1}], "xyz": [-0.54892, -0.083386, -0.280773], "properties": {}}, {"name": "H", "species": [{"element": "H", "occu": 1}], "xyz": [-1.609827, 1.054257, -0.284133], "properties": {}}, {"name": "O", "species": [{"element": "O", "occu": 1}], "xyz": [-3.267534, 1.580413, 0.009832], "properties": {}}, {"name": "H", "species": [{"element": "H", "occu": 1}], "xyz": [-3.581984, 0.95773, 0.693913], "properties": {}}, {"name": "H", "species": [{"element": "H", "occu": 1}], "xyz": [-3.129661, 2.412553, 0.499116], "properties": {}}, {"name": "O", "species": [{"element": "O", "occu": 1}], "xyz": [-2.564996, 3.720344, 1.746164], "properties": {}}, {"name": "H", "species": [{"element": "H", "occu": 1}], "xyz": [-1.617103, 3.509407, 1.717714], "properties": {}}, {"name": "H", "species": [{"element": "H", "occu": 1}], "xyz": [-2.844887, 3.301707, 2.571596], "properties": {}}, {"name": "H", "species": [{"element": "H", "occu": 1}], "xyz": [0.7819, 2.470062, 2.144921], "properties": {}}, {"name": "O", "species": [{"element": "O", "occu": 1}], "xyz": [-0.139062, 2.260702, 1.973779], "properties": {}}, {"name": "H", "species": [{"element": "H", "occu": 1}], "xyz": [-0.170943, 1.705524, 1.161411], "properties": {}}, {"name": "H", "species": [{"element": "H", "occu": 1}], "xyz": [-3.285342, 0.459264, 2.834285], "properties": {}}, {"name": "O", "species": [{"element": "O", "occu": 1}], "xyz": [-3.833526, -0.04522, 2.202225], "properties": {}}, {"name": "H", "species": [{"element": "H", "occu": 1}], "xyz": [-4.722751, -0.045635, 2.564539], "properties": {}}, {"name": "H", "species": [{"element": "H", "occu": 1}], "xyz": [-1.326587, 1.713836, 3.250599], "properties": {}}, {"name": "H", "species": [{"element": "H", "occu": 1}], "xyz": [-1.986647, 1.465189, 4.638671], "properties": {}}, {"name": "O", "species": [{"element": "O", "occu": 1}], "xyz": [-2.182437, 1.602308, 3.708717], "properties": {}}]}, "functional": "wB97X", "basis_set": "Def2TZVP", "route_parameters": {"NMR": "GIAO", "iop(7/33=1)": null, "int": "ultrafine", "NoSymmetry": null, "test": null, "SCRF": "(Solvent=Water)"}, "title": "H12 O6", "charge": 0, "spin_multiplicity": 1, "input_parameters": {}, "link0_parameters": {"%chk": "checkpoint.chk", "%mem": "100GB", "%NProcShared": "24"}, "dieze_tag": "#P", "nbasisfunctions": 258, "pcm_parameters": {}}, "output": {"has_gaussian_completed": true, "is_pcm": true, "errors": [], "Mulliken_charges": {"1": ["O", -0.723582], "2": ["H", 0.36553], "3": ["H", 0.361218], "4": ["O", -0.733669], "5": ["H", 0.357445], "6": ["H", 0.352658], "7": ["O", -0.70773], "8": ["H", 0.353889], "9": ["H", 0.354967], "10": ["H", 0.376247], "11": ["O", -0.739222], "12": ["H", 0.36821], "13": ["H", 0.357425], "14": ["O", -0.721224], "15": ["H", 0.364519], "16": ["H", 0.365122], "17": ["H", 0.373792], "18": ["O", -0.725596]}, "tensor": {"1": {"type": "O", "Isotropic": 313.7611, "Anisotropy": 53.7553, "tensor": [[0.3457, 18.1586, 292.4224]], "eigenvalues": [282.5736, 309.1117, 349.598]}, "2": {"type": "H", "Isotropic": 30.6006, "Anisotropy": 18.9187, "tensor": [], "eigenvalues": [23.7442, 24.8446, 43.2131]}, "3": {"type": "H", "Isotropic": 25.1454, "Anisotropy": 32.8638, "tensor": [], "eigenvalues": [12.8295, 15.5521, 47.0546]}, "4": {"type": "O", "Isotropic": 303.2454, "Anisotropy": 39.1258, "tensor": [], "eigenvalues": [282.9749, 297.432, 329.3292]}, "5": {"type": "H", "Isotropic": 26.6686, "Anisotropy": 29.1119, "tensor": [], "eigenvalues": [15.5526, 18.3767, 46.0766]}, "6": {"type": "H", "Isotropic": 27.3607, "Anisotropy": 27.1208, "tensor": [[18.7561, 4.0742, 3.3403], [4.2963, 37.2046, 11.1771], [3.6565, 11.6397, 26.1216]], "eigenvalues": [17.3374, 19.3036, 45.4413]}, "7": {"type": "O", "Isotropic": 307.8429, "Anisotropy": 35.2698, "tensor": [], "eigenvalues": [285.9079, 306.2648, 331.3561]}, "8": {"type": "H", "Isotropic": 28.0823, "Anisotropy": 24.0898, "tensor": [], "eigenvalues": [18.5323, 21.5724, 44.1422]}, "9": {"type": "H", "Isotropic": 29.5191, "Anisotropy": 19.0962, "tensor": [], "eigenvalues": [21.1704, 25.137, 42.2499]}, "10": {"type": "H", "Isotropic": 30.1532, "Anisotropy": 21.2514, "tensor": [[42.082, 5.1666, 4.3926], [4.6454, 23.9432, 1.7739], [3.9059, 1.7128, 24.4344]], "eigenvalues": [22.317, 23.8218, 44.3208]}, "11": {"type": "O", "Isotropic": 308.6519, "Anisotropy": 40.5559, "tensor": [[317.3022, 7.95, 6.751], [9.5913, 293.9595, 21.4505], [9.7551, 21.6349, 314.6939]], "eigenvalues": [280.1511, 310.1153, 335.6891]}, "12": {"type": "H", "Isotropic": 24.5908, "Anisotropy": 32.908, "tensor": [[16.5692, 2.0765, 2.9589], [2.7746, 21.6396, 15.8725], [3.9895, 15.8659, 35.5637]], "eigenvalues": [11.2689, 15.9741, 46.5295]}, "13": {"type": "H", "Isotropic": 26.3263, "Anisotropy": 31.1493, "tensor": [[27.5651, 11.299, 10.0346], [11.911, 24.4898, 8.7717], [10.9599, 8.9598, 26.9239]], "eigenvalues": [14.3073, 17.579, 47.0924]}, "14": {"type": "O", "Isotropic": 319.6166, "Anisotropy": 51.8762, "tensor": [[336.9027, 22.4591, 6.3868], [31.8965, 304.4908, 3.3471], [8.2331, 4.4011, 317.4562]], "eigenvalues": [289.0518, 315.5971, 354.2007]}, "15": {"type": "H", "Isotropic": 30.678, "Anisotropy": 20.2111, "tensor": [], "eigenvalues": [23.4764, 24.4055, 44.152]}, "16": {"type": "H", "Isotropic": 26.2612, "Anisotropy": 29.3785, "tensor": [], "eigenvalues": [14.4347, 18.5022, 45.8469]}, "17": {"type": "H", "Isotropic": 30.2405, "Anisotropy": 21.4735, "tensor": [], "eigenvalues": [22.3761, 23.7891, 44.5561]}, "18": {"type": "O", "Isotropic": 313.3532, "Anisotropy": 51.8777, "tensor": [], "eigenvalues": [285.3658, 306.7554, 347.9383]}}, "output": {"energies": [-458.743985514], "final_energy": -458.743985514, "final_energy_per_atom": -25.485776973, "molecule": {"charge": 0.0, "spin_multiplicity": 1, "sites": [{"name": "O", "species": [{"element": "O", "occu": 1}], "xyz": [-0.642673, 0.872213, -0.292846], "properties": {}}, {"name": "H", "species": [{"element": "H", "occu": 1}], "xyz": [-0.54892, -0.083386, -0.280773], "properties": {}}, {"name": "H", "species": [{"element": "H", "occu": 1}], "xyz": [-1.609827, 1.054257, -0.284133], "properties": {}}, {"name": "O", "species": [{"element": "O", "occu": 1}], "xyz": [-3.267534, 1.580413, 0.009832], "properties": {}}, {"name": "H", "species": [{"element": "H", "occu": 1}], "xyz": [-3.581984, 0.95773, 0.693913], "properties": {}}, {"name": "H", "species": [{"element": "H", "occu": 1}], "xyz": [-3.129661, 2.412553, 0.499116], "properties": {}}, {"name": "O", "species": [{"element": "O", "occu": 1}], "xyz": [-2.564996, 3.720344, 1.746164], "properties": {}}, {"name": "H", "species": [{"element": "H", "occu": 1}], "xyz": [-1.617103, 3.509407, 1.717714], "properties": {}}, {"name": "H", "species": [{"element": "H", "occu": 1}], "xyz": [-2.844887, 3.301707, 2.571596], "properties": {}}, {"name": "H", "species": [{"element": "H", "occu": 1}], "xyz": [0.7819, 2.470062, 2.144921], "properties": {}}, {"name": "O", "species": [{"element": "O", "occu": 1}], "xyz": [-0.139062, 2.260702, 1.973779], "properties": {}}, {"name": "H", "species": [{"element": "H", "occu": 1}], "xyz": [-0.170943, 1.705524, 1.161411], "properties": {}}, {"name": "H", "species": [{"element": "H", "occu": 1}], "xyz": [-3.285342, 0.459264, 2.834285], "properties": {}}, {"name": "O", "species": [{"element": "O", "occu": 1}], "xyz": [-3.833526, -0.04522, 2.202225], "properties": {}}, {"name": "H", "species": [{"element": "H", "occu": 1}], "xyz": [-4.722751, -0.045635, 2.564539], "properties": {}}, {"name": "H", "species": [{"element": "H", "occu": 1}], "xyz": [-1.326587, 1.713836, 3.250599], "properties": {}}, {"name": "H", "species": [{"element": "H", "occu": 1}], "xyz": [-1.986647, 1.465189, 4.638671], "properties": {}}, {"name": "O", "species": [{"element": "O", "occu": 1}], "xyz": [-2.182437, 1.602308, 3.708717], "properties": {}}]}, "stationary_type": "Minimum", "corrections": {}, "tensor": {"1": {"type": "O", "Isotropic": 313.7611, "Anisotropy": 53.7553, "tensor": [[0.3457, 18.1586, 292.4224]], "eigenvalues": [282.5736, 309.1117, 349.598]}, "2": {"type": "H", "Isotropic": 30.6006, "Anisotropy": 18.9187, "tensor": [], "eigenvalues": [23.7442, 24.8446, 43.2131]}, "3": {"type": "H", "Isotropic": 25.1454, "Anisotropy": 32.8638, "tensor": [], "eigenvalues": [12.8295, 15.5521, 47.0546]}, "4": {"type": "O", "Isotropic": 303.2454, "Anisotropy": 39.1258, "tensor": [], "eigenvalues": [282.9749, 297.432, 329.3292]}, "5": {"type": "H", "Isotropic": 26.6686, "Anisotropy": 29.1119, "tensor": [], "eigenvalues": [15.5526, 18.3767, 46.0766]}, "6": {"type": "H", "Isotropic": 27.3607, "Anisotropy": 27.1208, "tensor": [[18.7561, 4.0742, 3.3403], [4.2963, 37.2046, 11.1771], [3.6565, 11.6397, 26.1216]], "eigenvalues": [17.3374, 19.3036, 45.4413]}, "7": {"type": "O", "Isotropic": 307.8429, "Anisotropy": 35.2698, "tensor": [], "eigenvalues": [285.9079, 306.2648, 331.3561]}, "8": {"type": "H", "Isotropic": 28.0823, "Anisotropy": 24.0898, "tensor": [], "eigenvalues": [18.5323, 21.5724, 44.1422]}, "9": {"type": "H", "Isotropic": 29.5191, "Anisotropy": 19.0962, "tensor": [], "eigenvalues": [21.1704, 25.137, 42.2499]}, "10": {"type": "H", "Isotropic": 30.1532, "Anisotropy": 21.2514, "tensor": [[42.082, 5.1666, 4.3926], [4.6454, 23.9432, 1.7739], [3.9059, 1.7128, 24.4344]], "eigenvalues": [22.317, 23.8218, 44.3208]}, "11": {"type": "O", "Isotropic": 308.6519, "Anisotropy": 40.5559, "tensor": [[317.3022, 7.95, 6.751], [9.5913, 293.9595, 21.4505], [9.7551, 21.6349, 314.6939]], "eigenvalues": [280.1511, 310.1153, 335.6891]}, "12": {"type": "H", "Isotropic": 24.5908, "Anisotropy": 32.908, "tensor": [[16.5692, 2.0765, 2.9589], [2.7746, 21.6396, 15.8725], [3.9895, 15.8659, 35.5637]], "eigenvalues": [11.2689, 15.9741, 46.5295]}, "13": {"type": "H", "Isotropic": 26.3263, "Anisotropy": 31.1493, "tensor": [[27.5651, 11.299, 10.0346], [11.911, 24.4898, 8.7717], [10.9599, 8.9598, 26.9239]], "eigenvalues": [14.3073, 17.579, 47.0924]}, "14": {"type": "O", "Isotropic": 319.6166, "Anisotropy": 51.8762, "tensor": [[336.9027, 22.4591, 6.3868], [31.8965, 304.4908, 3.3471], [8.2331, 4.4011, 317.4562]], "eigenvalues": [289.0518, 315.5971, 354.2007]}, "15": {"type": "H", "Isotropic": 30.678, "Anisotropy": 20.2111, "tensor": [], "eigenvalues": [23.4764, 24.4055, 44.152]}, "16": {"type": "H", "Isotropic": 26.2612, "Anisotropy": 29.3785, "tensor": [], "eigenvalues": [14.4347, 18.5022, 45.8469]}, "17": {"type": "H", "Isotropic": 30.2405, "Anisotropy": 21.4735, "tensor": [], "eigenvalues": [22.3761, 23.7891, 44.5561]}, "18": {"type": "O", "Isotropic": 313.3532, "Anisotropy": 51.8777, "tensor": [], "eigenvalues": [285.3658, 306.7554, 347.9383]}}}}, "functional": "wB97X", "basis": "Def2TZVP", "phase": "solution", "type": "scrf;nmr", "smiles": "O.O.O.O.O.O", "formula": "H12 O6", "formula_pretty": "H2O", "formula_anonymous": "AB2", "formula_alphabetical": "H12 O6", "chemsys": "H-O", "nsites": 18, "nelements": 2, "is_ordered": true, "is_valid": true, "tag": "unknown", "wall_time (s)": 40.75654877303168, "last_updated": "2021-02-09T22:56:37.211793", "_id": null}