{"input": {"molecule": {"charge": 0, "spin_multiplicity": 1, "sites": [{"name": "O", "species": [{"element": "O", "occu": 1}], "xyz": [-1.115826, 0.952788, -0.010664], "properties": {}}, {"name": "H", "species": [{"element": "H", "occu": 1}], "xyz": [-0.15642, 0.978311, 0.019014], "properties": {}}, {"name": "H", "species": [{"element": "H", "occu": 1}], "xyz": [-1.398714, 1.550981, 0.68513], "properties": {}}]}, "functional": "wB97X", "basis_set": "Def2TZVP", "route_parameters": {"NMR": "GIAO", "iop(7/33=1)": null, "int": "ultrafine", "NoSymmetry": null, "test": null, "SCRF": "(Solvent=Water)"}, "title": "H2 O1", "charge": 0, "spin_multiplicity": 1, "input_parameters": {}, "link0_parameters": {"%chk": "checkpoint.chk", "%mem": "100GB", "%NProcShared": "24"}, "dieze_tag": "#P", "nbasisfunctions": 43, "pcm_parameters": {}}, "output": {"has_gaussian_completed": true, "is_pcm": true, "errors": [], "Mulliken_charges": {"1": ["O", -0.713156], "2": ["H", 0.356582], "3": ["H", 0.356574]}, "tensor": {"1": {"type": "O", "Isotropic": 340.6879, "Anisotropy": 47.3472, "tensor": [], "eigenvalues": [314.7629, 335.0481, 372.2527]}, "2": {"type": "H", "Isotropic": 30.9313, "Anisotropy": 19.8093, "tensor": [], "eigenvalues": [23.6973, 24.9592, 44.1375]}, "3": {"type": "H", "Isotropic": 30.9318, "Anisotropy": 19.8085, "tensor": [], "eigenvalues": [23.6988, 24.9592, 44.1375]}}, "output": {"energies": [-76.4467549921], "final_energy": -76.4467549921, "final_energy_per_atom": -25.48225166403333, "molecule": {"charge": 0.0, "spin_multiplicity": 1, "sites": [{"name": "O", "species": [{"element": "O", "occu": 1}], "xyz": [-1.115826, 0.952788, -0.010664], "properties": {}}, {"name": "H", "species": [{"element": "H", "occu": 1}], "xyz": [-0.15642, 0.978311, 0.019014], "properties": {}}, {"name": "H", "species": [{"element": "H", "occu": 1}], "xyz": [-1.398714, 1.550981, 0.68513], "properties": {}}]}, "stationary_type": "Minimum", "corrections": {}, "tensor": {"1": {"type": "O", "Isotropic": 340.6879, "Anisotropy": 47.3472, "tensor": [], "eigenvalues": [314.7629, 335.0481, 372.2527]}, "2": {"type": "H", "Isotropic": 30.9313, "Anisotropy": 19.8093, "tensor": [], "eigenvalues": [23.6973, 24.9592, 44.1375]}, "3": {"type": "H", "Isotropic": 30.9318, "Anisotropy": 19.8085, "tensor": [], "eigenvalues": [23.6988, 24.9592, 44.1375]}}}}, "functional": "wB97X", "basis": "Def2TZVP", "phase": "solution", "type": "scrf;nmr", "smiles": "O", "formula": "H2 O1", "formula_pretty": "H2O", "formula_anonymous": "AB2", "formula_alphabetical": "H2 O1", "chemsys": "H-O", "nsites": 3, "nelements": 2, "is_ordered": true, "is_valid": true, "tag": "unknown", "wall_time (s)": 13.18747219722718, "last_updated": "2021-01-31T07:40:58.318758", "_id": null}