{"input": {"molecule": {"charge": 2, "spin_multiplicity": 1, "sites": [{"name": "Mg", "species": [{"element": "Mg", "occu": 1}], "xyz": [15.30573, 13.761738, 31.354381], "properties": {}}, {"name": "O", "species": [{"element": "O", "occu": 1}], "xyz": [15.730388, 14.140664, 29.370699], "properties": {}}, {"name": "C", "species": [{"element": "C", "occu": 1}], "xyz": [14.932349, 13.799492, 28.224223], "properties": {}}, {"name": "C", "species": [{"element": "C", "occu": 1}], "xyz": [16.642955, 15.224257, 29.134403], "properties": {}}, {"name": "C", "species": [{"element": "C", "occu": 1}], "xyz": [17.61715, 15.249575, 30.287219], "properties": {}}, {"name": "O", "species": [{"element": "O", "occu": 1}], "xyz": [16.853015, 15.125844, 31.50214], "properties": {}}, {"name": "C", "species": [{"element": "C", "occu": 1}], "xyz": [17.543254, 15.603737, 32.669607], "properties": {}}, {"name": "H", "species": [{"element": "H", "occu": 1}], "xyz": [14.319637, 12.944364, 28.504021], "properties": {}}, {"name": "H", "species": [{"element": "H", "occu": 1}], "xyz": [15.589942, 13.530294, 27.395581], "properties": {}}, {"name": "H", "species": [{"element": "H", "occu": 1}], "xyz": [16.074064, 16.156638, 29.065791], "properties": {}}, {"name": "H", "species": [{"element": "H", "occu": 1}], "xyz": [17.179363, 15.053157, 28.197591], "properties": {}}, {"name": "H", "species": [{"element": "H", "occu": 1}], "xyz": [18.161852, 16.1965, 30.294178], "properties": {}}, {"name": "H", "species": [{"element": "H", "occu": 1}], "xyz": [18.329461, 14.419723, 30.233103], "properties": {}}, {"name": "H", "species": [{"element": "H", "occu": 1}], "xyz": [18.454198, 15.022185, 32.83285], "properties": {}}, {"name": "H", "species": [{"element": "H", "occu": 1}], "xyz": [16.868891, 15.495727, 33.517097], "properties": {}}, {"name": "H", "species": [{"element": "H", "occu": 1}], "xyz": [17.792776, 16.657291, 32.532138], "properties": {}}, {"name": "H", "species": [{"element": "H", "occu": 1}], "xyz": [14.301223, 14.647093, 27.945621], "properties": {}}, {"name": "O", "species": [{"element": "O", "occu": 1}], "xyz": [16.115021, 11.989087, 32.046261], "properties": {}}, {"name": "C", "species": [{"element": "C", "occu": 1}], "xyz": [17.509208, 11.739391, 32.291569], "properties": {}}, {"name": "C", "species": [{"element": "C", "occu": 1}], "xyz": [15.399412, 10.831523, 31.580043], "properties": {}}, {"name": "C", "species": [{"element": "C", "occu": 1}], "xyz": [13.92785, 11.164099, 31.622143], "properties": {}}, {"name": "O", "species": [{"element": "O", "occu": 1}], "xyz": [13.755445, 12.450066, 30.997133], "properties": {}}, {"name": "C", "species": [{"element": "C", "occu": 1}], "xyz": [12.378023, 12.77123, 30.727431], "properties": {}}, {"name": "H", "species": [{"element": "H", "occu": 1}], "xyz": [18.007145, 11.456757, 31.360682], "properties": {}}, {"name": "H", "species": [{"element": "H", "occu": 1}], "xyz": [17.608377, 10.944249, 33.032397], "properties": {}}, {"name": "H", "species": [{"element": "H", "occu": 1}], "xyz": [15.608926, 9.983039, 32.236349], "properties": {}}, {"name": "H", "species": [{"element": "H", "occu": 1}], "xyz": [15.731745, 10.598934, 30.562896], "properties": {}}, {"name": "H", "species": [{"element": "H", "occu": 1}], "xyz": [13.556149, 11.21987, 32.649967], "properties": {}}, {"name": "H", "species": [{"element": "H", "occu": 1}], "xyz": [13.359432, 10.412193, 31.069097], "properties": {}}, {"name": "H", "species": [{"element": "H", "occu": 1}], "xyz": [11.813871, 12.807079, 31.661785], "properties": {}}, {"name": "H", "species": [{"element": "H", "occu": 1}], "xyz": [11.959207, 12.01432, 30.061752], "properties": {}}, {"name": "H", "species": [{"element": "H", "occu": 1}], "xyz": [12.357696, 13.743318, 30.236222], "properties": {}}, {"name": "H", "species": [{"element": "H", "occu": 1}], "xyz": [17.938543, 12.659363, 32.685629], "properties": {}}]}, "functional": "wB97X", "basis_set": "6-311++G**", "route_parameters": {"NMR": "GIAO", "iop(7/33=1)": null, "int": "ultrafine", "NoSymmetry": null, "test": null, "SCRF": "(Solvent=TetraHydroFuran)"}, "title": "Mg1 H20 C8 O4", "charge": 2, "spin_multiplicity": 1, "input_parameters": {}, "link0_parameters": {"%chk": "checkpoint.chk", "%mem": "100GB", "%NProcShared": "24"}, "dieze_tag": "#P", "nbasisfunctions": 434, "pcm_parameters": {}}, "output": {"has_gaussian_completed": true, "is_pcm": true, "errors": [], "Mulliken_charges": {"1": ["Mg", 1.039613], "2": ["O", -0.233166], "3": ["C", -0.295081], "4": ["C", -0.142333], "5": ["C", -0.360507], "6": ["O", -0.297312], "7": ["C", -0.244019], "8": ["H", 0.190459], "9": ["H", 0.181907], "10": ["H", 0.25182], "11": ["H", 0.207617], "12": ["H", 0.204745], "13": ["H", 0.24779], "14": ["H", 0.194849], "15": ["H", 0.181251], "16": ["H", 0.197449], "17": ["H", 0.213987], "18": ["O", -0.219999], "19": ["C", -0.19823], "20": ["C", -0.25015], "21": ["C", -0.334638], "22": ["O", -0.314045], "23": ["C", -0.28394], "24": ["H", 0.198785], "25": ["H", 0.198134], "26": ["H", 0.216619], "27": ["H", 0.254843], "28": ["H", 0.251659], "29": ["H", 0.220821], "30": ["H", 0.20057], "31": ["H", 0.197784], "32": ["H", 0.179129], "33": ["H", 0.14359]}, "tensor": {"1": {"type": "Mg", "Isotropic": 598.4799, "Anisotropy": 33.1946, "tensor": [], "eigenvalues": [580.6812, 594.1489, 620.6097]}, "2": {"type": "O", "Isotropic": 325.7606, "Anisotropy": 38.6111, "tensor": [[315.4292, 16.3446, 10.7779]], "eigenvalues": [291.3896, 334.3909, 351.5014]}, "3": {"type": "C", "Isotropic": 128.5756, "Anisotropy": 93.0655, "tensor": [[129.0004, 18.1676, 37.9841], [14.2367, 101.9141, 19.0155], [40.3738, 21.0476, 154.8122]], "eigenvalues": [94.1792, 100.9283, 190.6192]}, "4": {"type": "C", "Isotropic": 118.4972, "Anisotropy": 70.1108, "tensor": [[123.0602, 41.2979, 1.7662], [37.1842, 128.2749, 2.0469]], "eigenvalues": [86.0085, 104.2452, 165.2377]}, "5": {"type": "C", "Isotropic": 119.0695, "Anisotropy": 71.1203, "tensor": [], "eigenvalues": [86.5014, 104.224, 166.483]}, "6": {"type": "O", "Isotropic": 330.7665, "Anisotropy": 34.259, "tensor": [[9.4361, 303.1222, 13.8415]], "eigenvalues": [298.9879, 339.7058, 353.6059]}, "7": {"type": "C", "Isotropic": 127.9124, "Anisotropy": 94.5111, "tensor": [[111.4866, 16.0877, 35.7086], [18.1404, 107.9791, 23.6148], [30.8961, 25.4521, 164.2716]], "eigenvalues": [91.8322, 100.9852, 190.9198]}, "8": {"type": "H", "Isotropic": 27.7144, "Anisotropy": 6.6887, "tensor": [[27.618, 5.1268, 0.5671], [2.5922, 1.5245, 29.2612]], "eigenvalues": [22.3877, 28.5819, 32.1735]}, "9": {"type": "H", "Isotropic": 28.1379, "Anisotropy": 9.4454, "tensor": [[25.3066, 0.5217, 1.7758]], "eigenvalues": [24.6848, 25.2941, 34.4349]}, "10": {"type": "H", "Isotropic": 27.6121, "Anisotropy": 8.6483, "tensor": [[25.0032, 2.2499, 0.8578]], "eigenvalues": [23.1046, 26.3541, 33.3776]}, "11": {"type": "H", "Isotropic": 28.0621, "Anisotropy": 7.3247, "tensor": [], "eigenvalues": [24.1628, 27.0782, 32.9452]}, "12": {"type": "H", "Isotropic": 28.0678, "Anisotropy": 7.3132, "tensor": [[28.1356, 4.1624, 0.0869]], "eigenvalues": [24.0013, 27.2588, 32.9433]}, "13": {"type": "H", "Isotropic": 27.4888, "Anisotropy": 7.0389, "tensor": [], "eigenvalues": [24.3459, 25.9391, 32.1814]}, "14": {"type": "H", "Isotropic": 27.9521, "Anisotropy": 8.9835, "tensor": [[1.0728, 26.0046, 1.0531]], "eigenvalues": [23.9328, 25.9824, 33.9411]}, "15": {"type": "H", "Isotropic": 27.9446, "Anisotropy": 9.8212, "tensor": [[24.7695, 1.0924, 1.3858], [0.8165, 25.2579, 2.8117]], "eigenvalues": [23.7169, 25.625, 34.4921]}, "16": {"type": "H", "Isotropic": 28.0941, "Anisotropy": 10.0018, "tensor": [[25.7363, 3.1605, 1.6839], [2.3392, 30.9949, 2.3764], [2.9727, 5.0056, 27.551]], "eigenvalues": [24.1316, 25.3888, 34.7619]}, "17": {"type": "H", "Isotropic": 27.9962, "Anisotropy": 9.3311, "tensor": [], "eigenvalues": [24.6496, 25.1221, 34.217]}, "18": {"type": "O", "Isotropic": 325.1485, "Anisotropy": 36.1184, "tensor": [[13.5778, 21.4968, 302.7857]], "eigenvalues": [293.3168, 332.9013, 349.2275]}, "19": {"type": "C", "Isotropic": 128.7699, "Anisotropy": 93.1097, "tensor": [], "eigenvalues": [94.8119, 100.6549, 190.843]}, "20": {"type": "C", "Isotropic": 118.6707, "Anisotropy": 71.324, "tensor": [[123.7785, 23.3295, 16.6883], [31.527, 137.6601, 21.5315], [17.5099, 9.343, 94.5736]], "eigenvalues": [86.4717, 103.3204, 166.2201]}, "21": {"type": "C", "Isotropic": 118.0098, "Anisotropy": 70.7656, "tensor": [], "eigenvalues": [85.5098, 103.3327, 165.1869]}, "22": {"type": "O", "Isotropic": 326.3649, "Anisotropy": 35.3232, "tensor": [], "eigenvalues": [292.237, 336.9439, 349.9137]}, "23": {"type": "C", "Isotropic": 128.9564, "Anisotropy": 93.6505, "tensor": [], "eigenvalues": [95.2048, 100.2743, 191.3901]}, "24": {"type": "H", "Isotropic": 27.9581, "Anisotropy": 8.4911, "tensor": [], "eigenvalues": [24.4115, 25.844, 33.6188]}, "25": {"type": "H", "Isotropic": 28.0637, "Anisotropy": 9.7366, "tensor": [], "eigenvalues": [24.1602, 25.4762, 34.5548]}, "26": {"type": "H", "Isotropic": 28.0085, "Anisotropy": 7.6492, "tensor": [[26.642, 1.8127, 0.5301]], "eigenvalues": [23.9246, 26.993, 33.108]}, "27": {"type": "H", "Isotropic": 27.6292, "Anisotropy": 7.0693, "tensor": [[26.0309, 1.2242, 1.1458]], "eigenvalues": [24.5575, 25.988, 32.3421]}, "28": {"type": "H", "Isotropic": 27.6474, "Anisotropy": 8.3453, "tensor": [], "eigenvalues": [23.3174, 26.4139, 33.2109]}, "29": {"type": "H", "Isotropic": 28.0438, "Anisotropy": 7.3899, "tensor": [[27.7381, 1.0212, 1.2843], [3.7899, 31.7924, 0.8881]], "eigenvalues": [24.1481, 27.0129, 32.9705]}, "30": {"type": "H", "Isotropic": 28.0472, "Anisotropy": 9.8533, "tensor": [], "eigenvalues": [24.3702, 25.1555, 34.6161]}, "31": {"type": "H", "Isotropic": 28.1049, "Anisotropy": 9.5675, "tensor": [[32.1977, 2.9327, 4.1841], [0.3155, 25.1519, 0.6138], [3.1474, 1.498, 26.9652]], "eigenvalues": [24.6651, 25.1664, 34.4832]}, "32": {"type": "H", "Isotropic": 27.9998, "Anisotropy": 8.9846, "tensor": [], "eigenvalues": [23.2877, 26.7221, 33.9895]}, "33": {"type": "H", "Isotropic": 28.0284, "Anisotropy": 7.7349, "tensor": [[31.0235, 3.375, 3.9296], [2.993, 0.3531, 24.7874]], "eigenvalues": [23.1253, 27.775, 33.185]}}, "output": {"energies": [-817.644130723], "final_energy": -817.644130723, "final_energy_per_atom": -24.777094870393938, "molecule": {"charge": 0.0, "spin_multiplicity": 1, "sites": [{"name": "Mg", "species": [{"element": "Mg", "occu": 1}], "xyz": [15.30573, 13.761738, 31.354381], "properties": {}}, {"name": "O", "species": [{"element": "O", "occu": 1}], "xyz": [15.730388, 14.140664, 29.370699], "properties": {}}, {"name": "C", "species": [{"element": "C", "occu": 1}], "xyz": [14.932349, 13.799492, 28.224223], "properties": {}}, {"name": "C", "species": [{"element": "C", "occu": 1}], "xyz": [16.642955, 15.224257, 29.134403], "properties": {}}, {"name": "C", "species": [{"element": "C", "occu": 1}], "xyz": [17.61715, 15.249575, 30.287219], "properties": {}}, {"name": "O", "species": [{"element": "O", "occu": 1}], "xyz": [16.853015, 15.125844, 31.50214], "properties": {}}, {"name": "C", "species": [{"element": "C", "occu": 1}], "xyz": [17.543254, 15.603737, 32.669607], "properties": {}}, {"name": "H", "species": [{"element": "H", "occu": 1}], "xyz": [14.319637, 12.944364, 28.504021], "properties": {}}, {"name": "H", "species": [{"element": "H", "occu": 1}], "xyz": [15.589942, 13.530294, 27.395581], "properties": {}}, {"name": "H", "species": [{"element": "H", "occu": 1}], "xyz": [16.074064, 16.156638, 29.065791], "properties": {}}, {"name": "H", "species": [{"element": "H", "occu": 1}], "xyz": [17.179363, 15.053157, 28.197591], "properties": {}}, {"name": "H", "species": [{"element": "H", "occu": 1}], "xyz": [18.161852, 16.1965, 30.294178], "properties": {}}, {"name": "H", "species": [{"element": "H", "occu": 1}], "xyz": [18.329461, 14.419723, 30.233103], "properties": {}}, {"name": "H", "species": [{"element": "H", "occu": 1}], "xyz": [18.454198, 15.022185, 32.83285], "properties": {}}, {"name": "H", "species": [{"element": "H", "occu": 1}], "xyz": [16.868891, 15.495727, 33.517097], "properties": {}}, {"name": "H", "species": [{"element": "H", "occu": 1}], "xyz": [17.792776, 16.657291, 32.532138], "properties": {}}, {"name": "H", "species": [{"element": "H", "occu": 1}], "xyz": [14.301223, 14.647093, 27.945621], "properties": {}}, {"name": "O", "species": [{"element": "O", "occu": 1}], "xyz": [16.115021, 11.989087, 32.046261], "properties": {}}, {"name": "C", "species": [{"element": "C", "occu": 1}], "xyz": [17.509208, 11.739391, 32.291569], "properties": {}}, {"name": "C", "species": [{"element": "C", "occu": 1}], "xyz": [15.399412, 10.831523, 31.580043], "properties": {}}, {"name": "C", "species": [{"element": "C", "occu": 1}], "xyz": [13.92785, 11.164099, 31.622143], "properties": {}}, {"name": "O", "species": [{"element": "O", "occu": 1}], "xyz": [13.755445, 12.450066, 30.997133], "properties": {}}, {"name": "C", "species": [{"element": "C", "occu": 1}], "xyz": [12.378023, 12.77123, 30.727431], "properties": {}}, {"name": "H", "species": [{"element": "H", "occu": 1}], "xyz": [18.007145, 11.456757, 31.360682], "properties": {}}, {"name": "H", "species": [{"element": "H", "occu": 1}], "xyz": [17.608377, 10.944249, 33.032397], "properties": {}}, {"name": "H", "species": [{"element": "H", "occu": 1}], "xyz": [15.608926, 9.983039, 32.236349], "properties": {}}, {"name": "H", "species": [{"element": "H", "occu": 1}], "xyz": [15.731745, 10.598934, 30.562896], "properties": {}}, {"name": "H", "species": [{"element": "H", "occu": 1}], "xyz": [13.556149, 11.21987, 32.649967], "properties": {}}, {"name": "H", "species": [{"element": "H", "occu": 1}], "xyz": [13.359432, 10.412193, 31.069097], "properties": {}}, {"name": "H", "species": [{"element": "H", "occu": 1}], "xyz": [11.813871, 12.807079, 31.661785], "properties": {}}, {"name": "H", "species": [{"element": "H", "occu": 1}], "xyz": [11.959207, 12.01432, 30.061752], "properties": {}}, {"name": "H", "species": [{"element": "H", "occu": 1}], "xyz": [12.357696, 13.743318, 30.236222], "properties": {}}, {"name": "H", "species": [{"element": "H", "occu": 1}], "xyz": [17.938543, 12.659363, 32.685629], "properties": {}}]}, "stationary_type": "Minimum", "corrections": {}, "tensor": {"1": {"type": "Mg", "Isotropic": 598.4799, "Anisotropy": 33.1946, "tensor": [], "eigenvalues": [580.6812, 594.1489, 620.6097]}, "2": {"type": "O", "Isotropic": 325.7606, "Anisotropy": 38.6111, "tensor": [[315.4292, 16.3446, 10.7779]], "eigenvalues": [291.3896, 334.3909, 351.5014]}, "3": {"type": "C", "Isotropic": 128.5756, "Anisotropy": 93.0655, "tensor": [[129.0004, 18.1676, 37.9841], [14.2367, 101.9141, 19.0155], [40.3738, 21.0476, 154.8122]], "eigenvalues": [94.1792, 100.9283, 190.6192]}, "4": {"type": "C", "Isotropic": 118.4972, "Anisotropy": 70.1108, "tensor": [[123.0602, 41.2979, 1.7662], [37.1842, 128.2749, 2.0469]], "eigenvalues": [86.0085, 104.2452, 165.2377]}, "5": {"type": "C", "Isotropic": 119.0695, "Anisotropy": 71.1203, "tensor": [], "eigenvalues": [86.5014, 104.224, 166.483]}, "6": {"type": "O", "Isotropic": 330.7665, "Anisotropy": 34.259, "tensor": [[9.4361, 303.1222, 13.8415]], "eigenvalues": [298.9879, 339.7058, 353.6059]}, "7": {"type": "C", "Isotropic": 127.9124, "Anisotropy": 94.5111, "tensor": [[111.4866, 16.0877, 35.7086], [18.1404, 107.9791, 23.6148], [30.8961, 25.4521, 164.2716]], "eigenvalues": [91.8322, 100.9852, 190.9198]}, "8": {"type": "H", "Isotropic": 27.7144, "Anisotropy": 6.6887, "tensor": [[27.618, 5.1268, 0.5671], [2.5922, 1.5245, 29.2612]], "eigenvalues": [22.3877, 28.5819, 32.1735]}, "9": {"type": "H", "Isotropic": 28.1379, "Anisotropy": 9.4454, "tensor": [[25.3066, 0.5217, 1.7758]], "eigenvalues": [24.6848, 25.2941, 34.4349]}, "10": {"type": "H", "Isotropic": 27.6121, "Anisotropy": 8.6483, "tensor": [[25.0032, 2.2499, 0.8578]], "eigenvalues": [23.1046, 26.3541, 33.3776]}, "11": {"type": "H", "Isotropic": 28.0621, "Anisotropy": 7.3247, "tensor": [], "eigenvalues": [24.1628, 27.0782, 32.9452]}, "12": {"type": "H", "Isotropic": 28.0678, "Anisotropy": 7.3132, "tensor": [[28.1356, 4.1624, 0.0869]], "eigenvalues": [24.0013, 27.2588, 32.9433]}, "13": {"type": "H", "Isotropic": 27.4888, "Anisotropy": 7.0389, "tensor": [], "eigenvalues": [24.3459, 25.9391, 32.1814]}, "14": {"type": "H", "Isotropic": 27.9521, "Anisotropy": 8.9835, "tensor": [[1.0728, 26.0046, 1.0531]], "eigenvalues": [23.9328, 25.9824, 33.9411]}, "15": {"type": "H", "Isotropic": 27.9446, "Anisotropy": 9.8212, "tensor": [[24.7695, 1.0924, 1.3858], [0.8165, 25.2579, 2.8117]], "eigenvalues": [23.7169, 25.625, 34.4921]}, "16": {"type": "H", "Isotropic": 28.0941, "Anisotropy": 10.0018, "tensor": [[25.7363, 3.1605, 1.6839], [2.3392, 30.9949, 2.3764], [2.9727, 5.0056, 27.551]], "eigenvalues": [24.1316, 25.3888, 34.7619]}, "17": {"type": "H", "Isotropic": 27.9962, "Anisotropy": 9.3311, "tensor": [], "eigenvalues": [24.6496, 25.1221, 34.217]}, "18": {"type": "O", "Isotropic": 325.1485, "Anisotropy": 36.1184, "tensor": [[13.5778, 21.4968, 302.7857]], "eigenvalues": [293.3168, 332.9013, 349.2275]}, "19": {"type": "C", "Isotropic": 128.7699, "Anisotropy": 93.1097, "tensor": [], "eigenvalues": [94.8119, 100.6549, 190.843]}, "20": {"type": "C", "Isotropic": 118.6707, "Anisotropy": 71.324, "tensor": [[123.7785, 23.3295, 16.6883], [31.527, 137.6601, 21.5315], [17.5099, 9.343, 94.5736]], "eigenvalues": [86.4717, 103.3204, 166.2201]}, "21": {"type": "C", "Isotropic": 118.0098, "Anisotropy": 70.7656, "tensor": [], "eigenvalues": [85.5098, 103.3327, 165.1869]}, "22": {"type": "O", "Isotropic": 326.3649, "Anisotropy": 35.3232, "tensor": [], "eigenvalues": [292.237, 336.9439, 349.9137]}, "23": {"type": "C", "Isotropic": 128.9564, "Anisotropy": 93.6505, "tensor": [], "eigenvalues": [95.2048, 100.2743, 191.3901]}, "24": {"type": "H", "Isotropic": 27.9581, "Anisotropy": 8.4911, "tensor": [], "eigenvalues": [24.4115, 25.844, 33.6188]}, "25": {"type": "H", "Isotropic": 28.0637, "Anisotropy": 9.7366, "tensor": [], "eigenvalues": [24.1602, 25.4762, 34.5548]}, "26": {"type": "H", "Isotropic": 28.0085, "Anisotropy": 7.6492, "tensor": [[26.642, 1.8127, 0.5301]], "eigenvalues": [23.9246, 26.993, 33.108]}, "27": {"type": "H", "Isotropic": 27.6292, "Anisotropy": 7.0693, "tensor": [[26.0309, 1.2242, 1.1458]], "eigenvalues": [24.5575, 25.988, 32.3421]}, "28": {"type": "H", "Isotropic": 27.6474, "Anisotropy": 8.3453, "tensor": [], "eigenvalues": [23.3174, 26.4139, 33.2109]}, "29": {"type": "H", "Isotropic": 28.0438, "Anisotropy": 7.3899, "tensor": [[27.7381, 1.0212, 1.2843], [3.7899, 31.7924, 0.8881]], "eigenvalues": [24.1481, 27.0129, 32.9705]}, "30": {"type": "H", "Isotropic": 28.0472, "Anisotropy": 9.8533, "tensor": [], "eigenvalues": [24.3702, 25.1555, 34.6161]}, "31": {"type": "H", "Isotropic": 28.1049, "Anisotropy": 9.5675, "tensor": [[32.1977, 2.9327, 4.1841], [0.3155, 25.1519, 0.6138], [3.1474, 1.498, 26.9652]], "eigenvalues": [24.6651, 25.1664, 34.4832]}, "32": {"type": "H", "Isotropic": 27.9998, "Anisotropy": 8.9846, "tensor": [], "eigenvalues": [23.2877, 26.7221, 33.9895]}, "33": {"type": "H", "Isotropic": 28.0284, "Anisotropy": 7.7349, "tensor": [[31.0235, 3.375, 3.9296], [2.993, 0.3531, 24.7874]], "eigenvalues": [23.1253, 27.775, 33.185]}}}}, "functional": "wB97X", "basis": "6-311++G**", "phase": "solution", "type": "scrf;nmr", "smiles": "[Mg].O(C)CCOC.O(C)CCOC", "formula": "Mg1 H20 C8 O4", "formula_pretty": "MgH20(C2O)4", "formula_anonymous": "AB4C8D20", "formula_alphabetical": "C8 H20 Mg1 O4", "chemsys": "C-H-Mg-O", "nsites": 33, "nelements": 4, "is_ordered": true, "is_valid": true, "tag": "oplsd_4", "wall_time (s)": 162.48791501112282, "last_updated": "2020-12-27T15:01:30.102680", "_id": null}