{"input": {"molecule": {"charge": 2, "spin_multiplicity": 1, "sites": [{"name": "Mg", "species": [{"element": "Mg", "occu": 1}], "xyz": [0.765409, -1.373405, 0.373971], "properties": {}}, {"name": "H", "species": [{"element": "H", "occu": 1}], "xyz": [3.415797, -1.048241, 1.032432], "properties": {}}, {"name": "H", "species": [{"element": "H", "occu": 1}], "xyz": [1.273192, 1.304923, 0.040634], "properties": {}}, {"name": "H", "species": [{"element": "H", "occu": 1}], "xyz": [-1.884992, -1.698562, -0.284465], "properties": {}}, {"name": "H", "species": [{"element": "H", "occu": 1}], "xyz": [0.928332, -1.821627, 3.086948], "properties": {}}, {"name": "H", "species": [{"element": "H", "occu": 1}], "xyz": [1.803383, -3.920784, 0.635849], "properties": {}}, {"name": "H", "species": [{"element": "H", "occu": 1}], "xyz": [0.760911, -2.459352, -2.160128], "properties": {}}, {"name": "O", "species": [{"element": "O", "occu": 1}], "xyz": [0.684213, -1.626362, -1.686065], "properties": {}}, {"name": "H", "species": [{"element": "H", "occu": 1}], "xyz": [0.602491, -0.925178, -2.339003], "properties": {}}, {"name": "O", "species": [{"element": "O", "occu": 1}], "xyz": [0.980493, -3.42379, 0.617946], "properties": {}}, {"name": "H", "species": [{"element": "H", "occu": 1}], "xyz": [0.257626, -4.051731, 0.707318], "properties": {}}, {"name": "O", "species": [{"element": "O", "occu": 1}], "xyz": [0.846605, -1.120444, 2.43401], "properties": {}}, {"name": "H", "species": [{"element": "H", "occu": 1}], "xyz": [0.769896, -0.287455, 2.908072], "properties": {}}, {"name": "O", "species": [{"element": "O", "occu": 1}], "xyz": [-1.294082, -1.609336, 0.469099], "properties": {}}, {"name": "H", "species": [{"element": "H", "occu": 1}], "xyz": [-1.837609, -1.532579, 1.258722], "properties": {}}, {"name": "O", "species": [{"element": "O", "occu": 1}], "xyz": [0.550325, 0.676981, 0.129998], "properties": {}}, {"name": "H", "species": [{"element": "H", "occu": 1}], "xyz": [-0.272565, 1.173975, 0.11209], "properties": {}}, {"name": "O", "species": [{"element": "O", "occu": 1}], "xyz": [2.824901, -1.137477, 0.278859], "properties": {}}, {"name": "H", "species": [{"element": "H", "occu": 1}], "xyz": [3.36844, -1.214238, -0.510756], "properties": {}}]}, "functional": "wB97X", "basis_set": "6-311++G**", "route_parameters": {"NMR": "GIAO", "iop(7/33=1)": null, "int": "ultrafine", "NoSymmetry": null, "test": null, "SCRF": "(Solvent=Water)"}, "title": "Mg1 H12 O6", "charge": 2, "spin_multiplicity": 1, "input_parameters": {}, "link0_parameters": {"%chk": "checkpoint.chk", "%mem": "100GB", "%NProcShared": "24"}, "dieze_tag": "#P", "nbasisfunctions": 246, "pcm_parameters": {}}, "output": {"has_gaussian_completed": true, "is_pcm": true, "errors": [], "Mulliken_charges": {"1": ["Mg", 0.933773], "2": ["H", 0.36462], "3": ["H", 0.365074], "4": ["H", 0.364621], "5": ["H", 0.365659], "6": ["H", 0.364591], "7": ["H", 0.365069], "8": ["O", -0.553288], "9": ["H", 0.365659], "10": ["O", -0.553081], "11": ["H", 0.365074], "12": ["O", -0.553288], "13": ["H", 0.365069], "14": ["O", -0.549554], "15": ["H", 0.364024], "16": ["O", -0.553081], "17": ["H", 0.364591], "18": ["O", -0.549554], "19": ["H", 0.364024]}, "tensor": {"1": {"type": "Mg", "Isotropic": 582.4563, "Anisotropy": 0.6342, "tensor": [[0.2265, 582.3903, 0.0785], [0.1073, 0.1206, 582.2909]], "eigenvalues": [582.181, 582.3088, 582.8791]}, "2": {"type": "H", "Isotropic": 29.0068, "Anisotropy": 20.6554, "tensor": [[32.1085, 1.6297, 9.6302], [1.5272, 20.5982, 1.6958], [8.8838, 1.7167, 34.3138]], "eigenvalues": [20.3541, 23.8894, 42.7771]}, "3": {"type": "H", "Isotropic": 29.01, "Anisotropy": 20.5767, "tensor": [], "eigenvalues": [20.328, 23.9743, 42.7279]}, "4": {"type": "H", "Isotropic": 29.0072, "Anisotropy": 20.6381, "tensor": [[32.1059, 1.6397, 9.6235], [1.5217, 20.5999, 1.6924], [8.8699, 1.7022, 34.3157]], "eigenvalues": [20.3564, 23.8991, 42.7659]}, "5": {"type": "H", "Isotropic": 29.0193, "Anisotropy": 20.7182, "tensor": [], "eigenvalues": [20.3567, 23.8698, 42.8314]}, "6": {"type": "H", "Isotropic": 29.0229, "Anisotropy": 20.8532, "tensor": [], "eigenvalues": [20.3878, 23.7559, 42.9251]}, "7": {"type": "H", "Isotropic": 29.0273, "Anisotropy": 20.736, "tensor": [], "eigenvalues": [20.3848, 23.8459, 42.8513]}, "8": {"type": "O", "Isotropic": 320.689, "Anisotropy": 43.2124, "tensor": [], "eigenvalues": [289.6733, 322.8964, 349.4973]}, "9": {"type": "H", "Isotropic": 29.0268, "Anisotropy": 20.7216, "tensor": [], "eigenvalues": [20.3702, 23.8689, 42.8412]}, "10": {"type": "O", "Isotropic": 320.6387, "Anisotropy": 43.1419, "tensor": [], "eigenvalues": [289.6305, 322.8856, 349.3999]}, "11": {"type": "H", "Isotropic": 29.0079, "Anisotropy": 20.5643, "tensor": [], "eigenvalues": [20.3291, 23.9772, 42.7174]}, "12": {"type": "O", "Isotropic": 320.6936, "Anisotropy": 43.2033, "tensor": [], "eigenvalues": [289.6782, 322.9068, 349.4958]}, "13": {"type": "H", "Isotropic": 29.0324, "Anisotropy": 20.7322, "tensor": [], "eigenvalues": [20.3864, 23.8569, 42.8539]}, "14": {"type": "O", "Isotropic": 320.594, "Anisotropy": 43.1064, "tensor": [[322.6692, 1.9172, 0.3141], [2.3334, 290.4757, 6.3727], [0.3617, 6.3017, 348.6372]], "eigenvalues": [289.6625, 322.788, 349.3316]}, "15": {"type": "H", "Isotropic": 29.0317, "Anisotropy": 20.7269, "tensor": [], "eigenvalues": [20.4074, 23.838, 42.8496]}, "16": {"type": "O", "Isotropic": 320.6339, "Anisotropy": 43.2294, "tensor": [], "eigenvalues": [289.5724, 322.8758, 349.4535]}, "17": {"type": "H", "Isotropic": 29.0335, "Anisotropy": 20.847, "tensor": [], "eigenvalues": [20.4212, 23.7477, 42.9315]}, "18": {"type": "O", "Isotropic": 320.6259, "Anisotropy": 43.1068, "tensor": [[322.6437, 2.0969, 0.3834], [2.3408, 290.5732, 6.4188], [0.4407, 6.2928, 348.6606]], "eigenvalues": [289.7439, 322.77, 349.3637]}, "19": {"type": "H", "Isotropic": 29.0246, "Anisotropy": 20.7376, "tensor": [], "eigenvalues": [20.4037, 23.8204, 42.8496]}}, "output": {"energies": [-658.644882798], "final_energy": -658.644882798, "final_energy_per_atom": -34.66552014726316, "molecule": {"charge": 0.0, "spin_multiplicity": 1, "sites": [{"name": "Mg", "species": [{"element": "Mg", "occu": 1}], "xyz": [0.765409, -1.373405, 0.373971], "properties": {}}, {"name": "H", "species": [{"element": "H", "occu": 1}], "xyz": [3.415797, -1.048241, 1.032432], "properties": {}}, {"name": "H", "species": [{"element": "H", "occu": 1}], "xyz": [1.273192, 1.304923, 0.040634], "properties": {}}, {"name": "H", "species": [{"element": "H", "occu": 1}], "xyz": [-1.884992, -1.698562, -0.284465], "properties": {}}, {"name": "H", "species": [{"element": "H", "occu": 1}], "xyz": [0.928332, -1.821627, 3.086948], "properties": {}}, {"name": "H", "species": [{"element": "H", "occu": 1}], "xyz": [1.803383, -3.920784, 0.635849], "properties": {}}, {"name": "H", "species": [{"element": "H", "occu": 1}], "xyz": [0.760911, -2.459352, -2.160128], "properties": {}}, {"name": "O", "species": [{"element": "O", "occu": 1}], "xyz": [0.684213, -1.626362, -1.686065], "properties": {}}, {"name": "H", "species": [{"element": "H", "occu": 1}], "xyz": [0.602491, -0.925178, -2.339003], "properties": {}}, {"name": "O", "species": [{"element": "O", "occu": 1}], "xyz": [0.980493, -3.42379, 0.617946], "properties": {}}, {"name": "H", "species": [{"element": "H", "occu": 1}], "xyz": [0.257626, -4.051731, 0.707318], "properties": {}}, {"name": "O", "species": [{"element": "O", "occu": 1}], "xyz": [0.846605, -1.120444, 2.43401], "properties": {}}, {"name": "H", "species": [{"element": "H", "occu": 1}], "xyz": [0.769896, -0.287455, 2.908072], "properties": {}}, {"name": "O", "species": [{"element": "O", "occu": 1}], "xyz": [-1.294082, -1.609336, 0.469099], "properties": {}}, {"name": "H", "species": [{"element": "H", "occu": 1}], "xyz": [-1.837609, -1.532579, 1.258722], "properties": {}}, {"name": "O", "species": [{"element": "O", "occu": 1}], "xyz": [0.550325, 0.676981, 0.129998], "properties": {}}, {"name": "H", "species": [{"element": "H", "occu": 1}], "xyz": [-0.272565, 1.173975, 0.11209], "properties": {}}, {"name": "O", "species": [{"element": "O", "occu": 1}], "xyz": [2.824901, -1.137477, 0.278859], "properties": {}}, {"name": "H", "species": [{"element": "H", "occu": 1}], "xyz": [3.36844, -1.214238, -0.510756], "properties": {}}]}, "stationary_type": "Minimum", "corrections": {}, "tensor": {"1": {"type": "Mg", "Isotropic": 582.4563, "Anisotropy": 0.6342, "tensor": [[0.2265, 582.3903, 0.0785], [0.1073, 0.1206, 582.2909]], "eigenvalues": [582.181, 582.3088, 582.8791]}, "2": {"type": "H", "Isotropic": 29.0068, "Anisotropy": 20.6554, "tensor": [[32.1085, 1.6297, 9.6302], [1.5272, 20.5982, 1.6958], [8.8838, 1.7167, 34.3138]], "eigenvalues": [20.3541, 23.8894, 42.7771]}, "3": {"type": "H", "Isotropic": 29.01, "Anisotropy": 20.5767, "tensor": [], "eigenvalues": [20.328, 23.9743, 42.7279]}, "4": {"type": "H", "Isotropic": 29.0072, "Anisotropy": 20.6381, "tensor": [[32.1059, 1.6397, 9.6235], [1.5217, 20.5999, 1.6924], [8.8699, 1.7022, 34.3157]], "eigenvalues": [20.3564, 23.8991, 42.7659]}, "5": {"type": "H", "Isotropic": 29.0193, "Anisotropy": 20.7182, "tensor": [], "eigenvalues": [20.3567, 23.8698, 42.8314]}, "6": {"type": "H", "Isotropic": 29.0229, "Anisotropy": 20.8532, "tensor": [], "eigenvalues": [20.3878, 23.7559, 42.9251]}, "7": {"type": "H", "Isotropic": 29.0273, "Anisotropy": 20.736, "tensor": [], "eigenvalues": [20.3848, 23.8459, 42.8513]}, "8": {"type": "O", "Isotropic": 320.689, "Anisotropy": 43.2124, "tensor": [], "eigenvalues": [289.6733, 322.8964, 349.4973]}, "9": {"type": "H", "Isotropic": 29.0268, "Anisotropy": 20.7216, "tensor": [], "eigenvalues": [20.3702, 23.8689, 42.8412]}, "10": {"type": "O", "Isotropic": 320.6387, "Anisotropy": 43.1419, "tensor": [], "eigenvalues": [289.6305, 322.8856, 349.3999]}, "11": {"type": "H", "Isotropic": 29.0079, "Anisotropy": 20.5643, "tensor": [], "eigenvalues": [20.3291, 23.9772, 42.7174]}, "12": {"type": "O", "Isotropic": 320.6936, "Anisotropy": 43.2033, "tensor": [], "eigenvalues": [289.6782, 322.9068, 349.4958]}, "13": {"type": "H", "Isotropic": 29.0324, "Anisotropy": 20.7322, "tensor": [], "eigenvalues": [20.3864, 23.8569, 42.8539]}, "14": {"type": "O", "Isotropic": 320.594, "Anisotropy": 43.1064, "tensor": [[322.6692, 1.9172, 0.3141], [2.3334, 290.4757, 6.3727], [0.3617, 6.3017, 348.6372]], "eigenvalues": [289.6625, 322.788, 349.3316]}, "15": {"type": "H", "Isotropic": 29.0317, "Anisotropy": 20.7269, "tensor": [], "eigenvalues": [20.4074, 23.838, 42.8496]}, "16": {"type": "O", "Isotropic": 320.6339, "Anisotropy": 43.2294, "tensor": [], "eigenvalues": [289.5724, 322.8758, 349.4535]}, "17": {"type": "H", "Isotropic": 29.0335, "Anisotropy": 20.847, "tensor": [], "eigenvalues": [20.4212, 23.7477, 42.9315]}, "18": {"type": "O", "Isotropic": 320.6259, "Anisotropy": 43.1068, "tensor": [[322.6437, 2.0969, 0.3834], [2.3408, 290.5732, 6.4188], [0.4407, 6.2928, 348.6606]], "eigenvalues": [289.7439, 322.77, 349.3637]}, "19": {"type": "H", "Isotropic": 29.0246, "Anisotropy": 20.7376, "tensor": [], "eigenvalues": [20.4037, 23.8204, 42.8496]}}}}, "functional": "wB97X", "basis": "6-311++G**", "phase": "solution", "type": "scrf;nmr", "smiles": "[Mg].O.O.O.O.O.O", "formula": "Mg1 H12 O6", "formula_pretty": "Mg(H2O)6", "formula_anonymous": "AB6C12", "formula_alphabetical": "H12 Mg1 O6", "chemsys": "H-Mg-O", "nsites": 19, "nelements": 3, "is_ordered": true, "is_valid": true, "tag": "oplsd_ref", "wall_time (s)": 32.31003971816972, "last_updated": "2020-12-27T15:02:52.125007", "_id": null}