{"input": {"molecule": {"charge": 0, "spin_multiplicity": 1, "sites": [{"name": "O", "species": [{"element": "O", "occu": 1}], "xyz": [-1.115036, 0.531752, -1.085538], "properties": {}}, {"name": "H", "species": [{"element": "H", "occu": 1}], "xyz": [-1.288989, -0.404586, -0.965224], "properties": {}}, {"name": "H", "species": [{"element": "H", "occu": 1}], "xyz": [-1.864733, 1.006302, -0.657088], "properties": {}}, {"name": "O", "species": [{"element": "O", "occu": 1}], "xyz": [-3.098404, 1.950409, 0.092182], "properties": {}}, {"name": "H", "species": [{"element": "H", "occu": 1}], "xyz": [-3.73052, 1.443332, 0.635237], "properties": {}}, {"name": "H", "species": [{"element": "H", "occu": 1}], "xyz": [-2.684001, 2.596082, 0.701122], "properties": {}}, {"name": "O", "species": [{"element": "O", "occu": 1}], "xyz": [-1.838947, 3.711583, 1.809267], "properties": {}}, {"name": "H", "species": [{"element": "H", "occu": 1}], "xyz": [-0.880155, 3.710196, 1.61626], "properties": {}}, {"name": "H", "species": [{"element": "H", "occu": 1}], "xyz": [-1.878663, 3.355413, 2.713803], "properties": {}}, {"name": "H", "species": [{"element": "H", "occu": 1}], "xyz": [1.169046, 3.163205, 2.415089], "properties": {}}, {"name": "O", "species": [{"element": "O", "occu": 1}], "xyz": [0.914973, 3.489509, 1.538642], "properties": {}}, {"name": "H", "species": [{"element": "H", "occu": 1}], "xyz": [1.118905, 2.772058, 0.907421], "properties": {}}, {"name": "H", "species": [{"element": "H", "occu": 1}], "xyz": [-5.096192, -0.351351, 1.529623], "properties": {}}, {"name": "O", "species": [{"element": "O", "occu": 1}], "xyz": [-4.84223, 0.545168, 1.760333], "properties": {}}, {"name": "H", "species": [{"element": "H", "occu": 1}], "xyz": [-4.409116, 0.486608, 2.637445], "properties": {}}, {"name": "H", "species": [{"element": "H", "occu": 1}], "xyz": [-0.542319, 2.530342, 4.464285], "properties": {}}, {"name": "H", "species": [{"element": "H", "occu": 1}], "xyz": [-1.955254, 2.67947, 5.145847], "properties": {}}, {"name": "O", "species": [{"element": "O", "occu": 1}], "xyz": [-1.501475, 2.482468, 4.311737], "properties": {}}, {"name": "H", "species": [{"element": "H", "occu": 1}], "xyz": [-2.631056, 0.977892, 3.985406], "properties": {}}, {"name": "O", "species": [{"element": "O", "occu": 1}], "xyz": [-3.471141, 0.510659, 4.128141], "properties": {}}, {"name": "H", "species": [{"element": "H", "occu": 1}], "xyz": [-3.832266, 0.975448, 4.896391], "properties": {}}, {"name": "H", "species": [{"element": "H", "occu": 1}], "xyz": [0.467692, 1.105839, -0.604695], "properties": {}}, {"name": "O", "species": [{"element": "O", "occu": 1}], "xyz": [1.326259, 1.461845, -0.291355], "properties": {}}, {"name": "H", "species": [{"element": "H", "occu": 1}], "xyz": [1.838015, 1.65366, -1.080494], "properties": {}}, {"name": "O", "species": [{"element": "O", "occu": 1}], "xyz": [-3.52045, 2.448441, 6.274415], "properties": {}}, {"name": "H", "species": [{"element": "H", "occu": 1}], "xyz": [-4.147034, 3.177631, 6.304521], "properties": {}}, {"name": "H", "species": [{"element": "H", "occu": 1}], "xyz": [-3.401748, 2.175793, 7.189121], "properties": {}}, {"name": "O", "species": [{"element": "O", "occu": 1}], "xyz": [1.304252, 2.64409, 4.273527], "properties": {}}, {"name": "H", "species": [{"element": "H", "occu": 1}], "xyz": [1.742879, 3.300154, 4.82439], "properties": {}}, {"name": "H", "species": [{"element": "H", "occu": 1}], "xyz": [1.779876, 1.821475, 4.426358], "properties": {}}]}, "functional": "wB97X", "basis_set": "6-311++G**", "route_parameters": {"NMR": "GIAO", "iop(7/33=1)": null, "int": "ultrafine", "NoSymmetry": null, "test": null, "SCRF": "(Solvent=Water)"}, "title": "H20 O10", "charge": 0, "spin_multiplicity": 1, "input_parameters": {}, "link0_parameters": {"%chk": "checkpoint.chk", "%mem": "100GB", "%NProcShared": "24"}, "dieze_tag": "#P", "nbasisfunctions": 360, "pcm_parameters": {}}, "output": {"has_gaussian_completed": true, "is_pcm": true, "errors": [], "Mulliken_charges": {"1": ["O", -0.683245], "2": ["H", 0.30568], "3": ["H", 0.377596], "4": ["O", -0.754496], "5": ["H", 0.368709], "6": ["H", 0.373268], "7": ["O", -0.70553], "8": ["H", 0.359978], "9": ["H", 0.336648], "10": ["H", 0.320506], "11": ["O", -0.709525], "12": ["H", 0.364666], "13": ["H", 0.304309], "14": ["O", -0.672913], "15": ["H", 0.362537], "16": ["H", 0.355223], "17": ["H", 0.348175], "18": ["O", -0.73598], "19": ["H", 0.321268], "20": ["O", -0.63577], "21": ["H", 0.331661], "22": ["H", 0.356336], "23": ["O", -0.671303], "24": ["H", 0.308013], "25": ["O", -0.619409], "26": ["H", 0.317531], "27": ["H", 0.320574], "28": ["O", -0.579467], "29": ["H", 0.317442], "30": ["H", 0.317521]}, "tensor": {"1": {"type": "O", "Isotropic": 306.7363, "Anisotropy": 52.2474, "tensor": [], "eigenvalues": [276.9075, 301.7335, 341.5679]}, "2": {"type": "H", "Isotropic": 30.7079, "Anisotropy": 17.8148, "tensor": [[1.994, 42.2725, 0.3481]], "eigenvalues": [23.7914, 25.7478, 42.5844]}, "3": {"type": "H", "Isotropic": 24.2844, "Anisotropy": 35.6524, "tensor": [], "eigenvalues": [11.4225, 13.378, 48.0526]}, "4": {"type": "O", "Isotropic": 295.9424, "Anisotropy": 45.9505, "tensor": [[24.2861, 301.0152, 10.1383]], "eigenvalues": [268.2182, 293.0328, 326.5761]}, "5": {"type": "H", "Isotropic": 26.2491, "Anisotropy": 31.2971, "tensor": [], "eigenvalues": [14.4661, 17.1673, 47.1138]}, "6": {"type": "H", "Isotropic": 25.4338, "Anisotropy": 32.2665, "tensor": [[21.9589, 10.2368, 8.0083], [10.5872, 27.6829, 12.4351], [8.6757, 12.933, 26.6597]], "eigenvalues": [13.6016, 15.7551, 46.9448]}, "7": {"type": "O", "Isotropic": 296.2176, "Anisotropy": 36.9571, "tensor": [], "eigenvalues": [270.3921, 297.405, 320.8556]}, "8": {"type": "H", "Isotropic": 25.99, "Anisotropy": 30.7462, "tensor": [], "eigenvalues": [14.541, 16.9415, 46.4875]}, "9": {"type": "H", "Isotropic": 27.0513, "Anisotropy": 28.8484, "tensor": [], "eigenvalues": [15.8833, 18.987, 46.2835]}, "10": {"type": "H", "Isotropic": 27.9638, "Anisotropy": 27.6652, "tensor": [], "eigenvalues": [17.5467, 19.9375, 46.4073]}, "11": {"type": "O", "Isotropic": 302.0261, "Anisotropy": 53.2296, "tensor": [[1.0359, 15.4854, 332.5782]], "eigenvalues": [275.9819, 292.5838, 337.5125]}, "12": {"type": "H", "Isotropic": 25.7888, "Anisotropy": 32.6277, "tensor": [], "eigenvalues": [14.3447, 15.4811, 47.5406]}, "13": {"type": "H", "Isotropic": 30.7265, "Anisotropy": 19.2875, "tensor": [[26.5365, 6.4303, 2.3337], [6.7456, 39.051, 5.292], [2.182, 4.4852, 26.5921]], "eigenvalues": [23.6915, 24.9031, 43.5849]}, "14": {"type": "O", "Isotropic": 311.3337, "Anisotropy": 52.8953, "tensor": [[300.8026, 20.3058, 19.5986], [15.6609, 302.7661, 7.1211], [19.6374, 11.256, 330.4322]], "eigenvalues": [282.1006, 305.3032, 346.5972]}, "15": {"type": "H", "Isotropic": 25.3371, "Anisotropy": 33.918, "tensor": [[21.2044, 2.1843, 13.8], [14.1536, 0.7572, 40.5973]], "eigenvalues": [12.4165, 15.6458, 47.9491]}, "16": {"type": "H", "Isotropic": 26.5942, "Anisotropy": 31.1569, "tensor": [[47.204, 1.7574, 0.4724]], "eigenvalues": [13.9151, 18.5021, 47.3655]}, "17": {"type": "H", "Isotropic": 27.5781, "Anisotropy": 27.4875, "tensor": [[0.1641, 17.567, 3.1267]], "eigenvalues": [15.9149, 20.9163, 45.9031]}, "18": {"type": "O", "Isotropic": 296.0401, "Anisotropy": 60.6173, "tensor": [], "eigenvalues": [267.5697, 284.0991, 336.4516]}, "19": {"type": "H", "Isotropic": 27.4674, "Anisotropy": 26.5677, "tensor": [[13.194, 25.9991, 0.3561]], "eigenvalues": [16.1188, 21.1042, 45.1792]}, "20": {"type": "O", "Isotropic": 301.6427, "Anisotropy": 27.6917, "tensor": [[13.7958, 285.9166, 14.2393]], "eigenvalues": [270.8919, 313.9324, 320.1038]}, "21": {"type": "H", "Isotropic": 28.4917, "Anisotropy": 23.6923, "tensor": [], "eigenvalues": [17.5836, 23.6049, 44.2866]}, "22": {"type": "H", "Isotropic": 25.0072, "Anisotropy": 34.1077, "tensor": [[41.1185, 11.2637, 6.3226], [11.2818, 16.9757, 4.3042], [7.6943, 4.801, 16.9274]], "eigenvalues": [11.6824, 15.5936, 47.7456]}, "23": {"type": "O", "Isotropic": 310.2113, "Anisotropy": 50.0145, "tensor": [[19.8202, 294.55, 8.7631]], "eigenvalues": [280.4576, 306.622, 343.5542]}, "24": {"type": "H", "Isotropic": 30.6451, "Anisotropy": 19.6808, "tensor": [], "eigenvalues": [23.1253, 25.0444, 43.7656]}, "25": {"type": "O", "Isotropic": 320.5361, "Anisotropy": 29.1564, "tensor": [], "eigenvalues": [298.808, 322.8265, 339.9737]}, "26": {"type": "H", "Isotropic": 29.9579, "Anisotropy": 19.3572, "tensor": [], "eigenvalues": [22.2427, 24.7684, 42.8627]}, "27": {"type": "H", "Isotropic": 29.9826, "Anisotropy": 20.3625, "tensor": [], "eigenvalues": [22.3481, 24.0421, 43.5577]}, "28": {"type": "O", "Isotropic": 316.4042, "Anisotropy": 25.4785, "tensor": [[7.5519, 7.2929, 307.0684]], "eigenvalues": [299.3386, 316.484, 333.3899]}, "29": {"type": "H", "Isotropic": 29.7548, "Anisotropy": 19.9233, "tensor": [[27.7257, 6.5366, 5.8699], [5.4314, 32.0373, 7.2125], [5.6294, 8.146, 29.5014]], "eigenvalues": [22.6441, 23.5833, 43.037]}, "30": {"type": "H", "Isotropic": 29.7216, "Anisotropy": 18.8477, "tensor": [], "eigenvalues": [22.6477, 24.2304, 42.2867]}}, "output": {"energies": [-764.532763588], "final_energy": -764.532763588, "final_energy_per_atom": -25.484425452933333, "molecule": {"charge": 0.0, "spin_multiplicity": 1, "sites": [{"name": "O", "species": [{"element": "O", "occu": 1}], "xyz": [-1.115036, 0.531752, -1.085538], "properties": {}}, {"name": "H", "species": [{"element": "H", "occu": 1}], "xyz": [-1.288989, -0.404586, -0.965224], "properties": {}}, {"name": "H", "species": [{"element": "H", "occu": 1}], "xyz": [-1.864733, 1.006302, -0.657088], "properties": {}}, {"name": "O", "species": [{"element": "O", "occu": 1}], "xyz": [-3.098404, 1.950409, 0.092182], "properties": {}}, {"name": "H", "species": [{"element": "H", "occu": 1}], "xyz": [-3.73052, 1.443332, 0.635237], "properties": {}}, {"name": "H", "species": [{"element": "H", "occu": 1}], "xyz": [-2.684001, 2.596082, 0.701122], "properties": {}}, {"name": "O", "species": [{"element": "O", "occu": 1}], "xyz": [-1.838947, 3.711583, 1.809267], "properties": {}}, {"name": "H", "species": [{"element": "H", "occu": 1}], "xyz": [-0.880155, 3.710196, 1.61626], "properties": {}}, {"name": "H", "species": [{"element": "H", "occu": 1}], "xyz": [-1.878663, 3.355413, 2.713803], "properties": {}}, {"name": "H", "species": [{"element": "H", "occu": 1}], "xyz": [1.169046, 3.163205, 2.415089], "properties": {}}, {"name": "O", "species": [{"element": "O", "occu": 1}], "xyz": [0.914973, 3.489509, 1.538642], "properties": {}}, {"name": "H", "species": [{"element": "H", "occu": 1}], "xyz": [1.118905, 2.772058, 0.907421], "properties": {}}, {"name": "H", "species": [{"element": "H", "occu": 1}], "xyz": [-5.096192, -0.351351, 1.529623], "properties": {}}, {"name": "O", "species": [{"element": "O", "occu": 1}], "xyz": [-4.84223, 0.545168, 1.760333], "properties": {}}, {"name": "H", "species": [{"element": "H", "occu": 1}], "xyz": [-4.409116, 0.486608, 2.637445], "properties": {}}, {"name": "H", "species": [{"element": "H", "occu": 1}], "xyz": [-0.542319, 2.530342, 4.464285], "properties": {}}, {"name": "H", "species": [{"element": "H", "occu": 1}], "xyz": [-1.955254, 2.67947, 5.145847], "properties": {}}, {"name": "O", "species": [{"element": "O", "occu": 1}], "xyz": [-1.501475, 2.482468, 4.311737], "properties": {}}, {"name": "H", "species": [{"element": "H", "occu": 1}], "xyz": [-2.631056, 0.977892, 3.985406], "properties": {}}, {"name": "O", "species": [{"element": "O", "occu": 1}], "xyz": [-3.471141, 0.510659, 4.128141], "properties": {}}, {"name": "H", "species": [{"element": "H", "occu": 1}], "xyz": [-3.832266, 0.975448, 4.896391], "properties": {}}, {"name": "H", "species": [{"element": "H", "occu": 1}], "xyz": [0.467692, 1.105839, -0.604695], "properties": {}}, {"name": "O", "species": [{"element": "O", "occu": 1}], "xyz": [1.326259, 1.461845, -0.291355], "properties": {}}, {"name": "H", "species": [{"element": "H", "occu": 1}], "xyz": [1.838015, 1.65366, -1.080494], "properties": {}}, {"name": "O", "species": [{"element": "O", "occu": 1}], "xyz": [-3.52045, 2.448441, 6.274415], "properties": {}}, {"name": "H", "species": [{"element": "H", "occu": 1}], "xyz": [-4.147034, 3.177631, 6.304521], "properties": {}}, {"name": "H", "species": [{"element": "H", "occu": 1}], "xyz": [-3.401748, 2.175793, 7.189121], "properties": {}}, {"name": "O", "species": [{"element": "O", "occu": 1}], "xyz": [1.304252, 2.64409, 4.273527], "properties": {}}, {"name": "H", "species": [{"element": "H", "occu": 1}], "xyz": [1.742879, 3.300154, 4.82439], "properties": {}}, {"name": "H", "species": [{"element": "H", "occu": 1}], "xyz": [1.779876, 1.821475, 4.426358], "properties": {}}]}, "stationary_type": "Minimum", "corrections": {}, "tensor": {"1": {"type": "O", "Isotropic": 306.7363, "Anisotropy": 52.2474, "tensor": [], "eigenvalues": [276.9075, 301.7335, 341.5679]}, "2": {"type": "H", "Isotropic": 30.7079, "Anisotropy": 17.8148, "tensor": [[1.994, 42.2725, 0.3481]], "eigenvalues": [23.7914, 25.7478, 42.5844]}, "3": {"type": "H", "Isotropic": 24.2844, "Anisotropy": 35.6524, "tensor": [], "eigenvalues": [11.4225, 13.378, 48.0526]}, "4": {"type": "O", "Isotropic": 295.9424, "Anisotropy": 45.9505, "tensor": [[24.2861, 301.0152, 10.1383]], "eigenvalues": [268.2182, 293.0328, 326.5761]}, "5": {"type": "H", "Isotropic": 26.2491, "Anisotropy": 31.2971, "tensor": [], "eigenvalues": [14.4661, 17.1673, 47.1138]}, "6": {"type": "H", "Isotropic": 25.4338, "Anisotropy": 32.2665, "tensor": [[21.9589, 10.2368, 8.0083], [10.5872, 27.6829, 12.4351], [8.6757, 12.933, 26.6597]], "eigenvalues": [13.6016, 15.7551, 46.9448]}, "7": {"type": "O", "Isotropic": 296.2176, "Anisotropy": 36.9571, "tensor": [], "eigenvalues": [270.3921, 297.405, 320.8556]}, "8": {"type": "H", "Isotropic": 25.99, "Anisotropy": 30.7462, "tensor": [], "eigenvalues": [14.541, 16.9415, 46.4875]}, "9": {"type": "H", "Isotropic": 27.0513, "Anisotropy": 28.8484, "tensor": [], "eigenvalues": [15.8833, 18.987, 46.2835]}, "10": {"type": "H", "Isotropic": 27.9638, "Anisotropy": 27.6652, "tensor": [], "eigenvalues": [17.5467, 19.9375, 46.4073]}, "11": {"type": "O", "Isotropic": 302.0261, "Anisotropy": 53.2296, "tensor": [[1.0359, 15.4854, 332.5782]], "eigenvalues": [275.9819, 292.5838, 337.5125]}, "12": {"type": "H", "Isotropic": 25.7888, "Anisotropy": 32.6277, "tensor": [], "eigenvalues": [14.3447, 15.4811, 47.5406]}, "13": {"type": "H", "Isotropic": 30.7265, "Anisotropy": 19.2875, "tensor": [[26.5365, 6.4303, 2.3337], [6.7456, 39.051, 5.292], [2.182, 4.4852, 26.5921]], "eigenvalues": [23.6915, 24.9031, 43.5849]}, "14": {"type": "O", "Isotropic": 311.3337, "Anisotropy": 52.8953, "tensor": [[300.8026, 20.3058, 19.5986], [15.6609, 302.7661, 7.1211], [19.6374, 11.256, 330.4322]], "eigenvalues": [282.1006, 305.3032, 346.5972]}, "15": {"type": "H", "Isotropic": 25.3371, "Anisotropy": 33.918, "tensor": [[21.2044, 2.1843, 13.8], [14.1536, 0.7572, 40.5973]], "eigenvalues": [12.4165, 15.6458, 47.9491]}, "16": {"type": "H", "Isotropic": 26.5942, "Anisotropy": 31.1569, "tensor": [[47.204, 1.7574, 0.4724]], "eigenvalues": [13.9151, 18.5021, 47.3655]}, "17": {"type": "H", "Isotropic": 27.5781, "Anisotropy": 27.4875, "tensor": [[0.1641, 17.567, 3.1267]], "eigenvalues": [15.9149, 20.9163, 45.9031]}, "18": {"type": "O", "Isotropic": 296.0401, "Anisotropy": 60.6173, "tensor": [], "eigenvalues": [267.5697, 284.0991, 336.4516]}, "19": {"type": "H", "Isotropic": 27.4674, "Anisotropy": 26.5677, "tensor": [[13.194, 25.9991, 0.3561]], "eigenvalues": [16.1188, 21.1042, 45.1792]}, "20": {"type": "O", "Isotropic": 301.6427, "Anisotropy": 27.6917, "tensor": [[13.7958, 285.9166, 14.2393]], "eigenvalues": [270.8919, 313.9324, 320.1038]}, "21": {"type": "H", "Isotropic": 28.4917, "Anisotropy": 23.6923, "tensor": [], "eigenvalues": [17.5836, 23.6049, 44.2866]}, "22": {"type": "H", "Isotropic": 25.0072, "Anisotropy": 34.1077, "tensor": [[41.1185, 11.2637, 6.3226], [11.2818, 16.9757, 4.3042], [7.6943, 4.801, 16.9274]], "eigenvalues": [11.6824, 15.5936, 47.7456]}, "23": {"type": "O", "Isotropic": 310.2113, "Anisotropy": 50.0145, "tensor": [[19.8202, 294.55, 8.7631]], "eigenvalues": [280.4576, 306.622, 343.5542]}, "24": {"type": "H", "Isotropic": 30.6451, "Anisotropy": 19.6808, "tensor": [], "eigenvalues": [23.1253, 25.0444, 43.7656]}, "25": {"type": "O", "Isotropic": 320.5361, "Anisotropy": 29.1564, "tensor": [], "eigenvalues": [298.808, 322.8265, 339.9737]}, "26": {"type": "H", "Isotropic": 29.9579, "Anisotropy": 19.3572, "tensor": [], "eigenvalues": [22.2427, 24.7684, 42.8627]}, "27": {"type": "H", "Isotropic": 29.9826, "Anisotropy": 20.3625, "tensor": [], "eigenvalues": [22.3481, 24.0421, 43.5577]}, "28": {"type": "O", "Isotropic": 316.4042, "Anisotropy": 25.4785, "tensor": [[7.5519, 7.2929, 307.0684]], "eigenvalues": [299.3386, 316.484, 333.3899]}, "29": {"type": "H", "Isotropic": 29.7548, "Anisotropy": 19.9233, "tensor": [[27.7257, 6.5366, 5.8699], [5.4314, 32.0373, 7.2125], [5.6294, 8.146, 29.5014]], "eigenvalues": [22.6441, 23.5833, 43.037]}, "30": {"type": "H", "Isotropic": 29.7216, "Anisotropy": 18.8477, "tensor": [], "eigenvalues": [22.6477, 24.2304, 42.2867]}}}}, "functional": "wB97X", "basis": "6-311++G**", "phase": "solution", "type": "nmr;scrf", "smiles": "O.O.O.O.O.O.O.O.O.O", "formula": "H20 O10", "formula_pretty": "H2O", "formula_anonymous": "AB2", "formula_alphabetical": "H20 O10", "chemsys": "H-O", "nsites": 30, "nelements": 2, "is_ordered": true, "is_valid": true, "tag": "unknown", "wall_time (s)": 75.32495165150613, "last_updated": "2021-02-11T20:49:28.617088", "_id": null}